S00E0000626C696E6B792E737265638D
S3150200000020040022B9DF0002A5DE0002B5DF0002ED
S31502000010B5DF0002B5DF0002B5DF0002B5DF000280
S31502000020000000000000000000000000B5DF000232
S31502000030B5DF000200000000B5DF0002B5DF0002F6
S3150200004000000000000000000000000000000000A8
S315020000500000000000000000000000000000000098
S315020000600000000000000000000000000000000088
S315020000700000000000000000000000000000000078
S315020000800000000000000000000000000000000068
S315020000900000000000000000000000000000000058
S315020000A00000000000000000000000000000000048
S315020000B00000000000000000000000000000000038
S315020000C00000000000000000000000000000000028
S315020000D00000000000000000000000000000000018
S315020000E00000000000000000000000000000000008
S315020000F000000000000000000000000000000000F8
S3150200010000000000000000000000000000000000E7
S3150200011000000000000000000000000000000000D7
S3150200012000000000000000000000000000000000C7
S3150200013000000000000000000000000000000000B7
S31502000140D8F81C00D9F81C4000194FF0000B4BEBF5
S315020001500B0B4FEA4B0B0BEBD07B13270BFB07FB6F
S3150200016020F00047B8E80F00B9E870044FF0010C20
S31502000170ECFB640BECFB651BECFB662BECFB6A3BB6
S3150200018099E8700098E80007ECFB684BECFB695BAA
S31502000190ECFB6A6B5F44704798E8FF00B9E8001D04
S315020001A0B0EB080071EB0A0172EB0B0273EB0C0366
S315020001B099E8000F74EB080475EB090576EB0A065D
S315020001C077EB0B0768EB080828F0250910EB090006
S315020001D051EB080152EB080253EB080354EB0804F7
S315020001E055EB080556EB080657EB080758F10008C9
S315020001F028F0250910EB0900704704B587B03CCA00
S31502000200B1E80144A2FB006BA3FB007CE2FB6A7B24
S31502000210C0B4A4FB0086E3FB6A8BA5FB0097E4FB54
S315020002206A9BE5FB6AB7E2FB6E8CE3FB6E9CE4FB22
S315020002306EBCE5FB6EC7B1E80144E2FB6096E3FBE8
S3150200024060B6E4FB60C6E5FB6067CDE902894FF064
S315020002500009E2FB6AB9E3FB6AC9E4FB6A69E5FBEA
S315020002606A794FF0000AE2FB6ECAE3FB6E6AE4FBB0
S315020002706E7AE5FB6E9A51F8048B4FF0000EE2FBA4
S3150200028068E6E3FB6876E4FB6896E5FB68A651F848
S315020002901C894FF00000E2FB6870E3FB6890E4FB08
S315020002A068A0E5FB686001B40A9A10323CCA51F8AC
S315020002B0048B4FF00000E2FB68B0CDF814B0E3FB0C
S315020002C068C0E4FB68E0E5FB680751F8048B4FF071
S315020002D0000BE2FB68CBCDF818C0E3FB68EBE4FB4E
S315020002E0680BE5FB68B751F8048B4FF0000CE2FB94
S315020002F068ECCDF81CE0E3FB680CE4FB68BCE5FBAC
S3150200030068AC51F8048B4FF0000EE2FB680E0890C1
S31502000310E3FB68BEE4FB68AEE5FB686EB1E801018B
S31502000320E2FB60B9CDF824B0E3FB609AE4FB60A679
S315020003305DF804BBE5FB60B6E2FB6897E3FB68A7E2
S31502000340E4FB68B7E5FB6867B1E80101E2FB60AC74
S31502000350E3FB60BCE4FB606CE5FB607CE2FB68BE31
S31502000360E3FB686EE4FB68E7E5FB687CDDE90745CD
S3150200037026234FF00008E3FB6C484FEA480848EA98
S31502000380D47824F0004C132408FB04F807BCE3FBE2
S315020003906508E3FB6918E3FB6A284FF0260918BCD7
S315020003A0E9FB6B38E9FB664860BCE9FB6E58E9FB82
S315020003B0676808EB0C0703B000BD00B585B0A0FB6B
S315020003C0009AA0FB01BC1BEB0B0B4FF0000EEEFBE1
S315020003D06EAB2DE900064FF00008E0FB628C58EB8D
S315020003E00808E1FB618BA0FB039AE1FB629C59EBD7
S315020003F00909EEFB6E9BCDE902894FF00009E0FB8D
S31502000400649AE1FB639C59EB0909E2FB629BCDF816
S315020004101090A0FB0598E1FB649AE2FB639C59EB02
S315020004200909EEFB6E9BCDF814904FF00009E1FB33
S315020004306598E2FB649CE0FB669A59EB0909E3FBCB
S31502000440639BCDF81890A0FB0709E1FB660AE2FB65
S31502000450650CE3FB64084041EEFB6E0BE1FB67981B
S31502000460E2FB669AE3FB65C95CEB0C0CE4FB64BC3D
S31502000470E2FB6798E3FB66A90022E4FB65A25AEB5E
S315020004800A0AEEFB6ECAE3FB6728E4FB669259EBA7
S315020004900909E5FB65A90023E4FB6738E5FB66323B
S315020004A05B41EEFB6E93E5FB678258EB0808E6FBC1
S315020004B06638AEFB0E45E6FB67426441EEFB6E48CC
S315020004C05241E7FB678252EB0E024FF02606E6FB2D
S315020004D0620E4FEA4E0E4EEAD07E20F000471325FA
S315020004E00EFB05FE03BCE6FB6B0EE6FB6C1E9B4693
S315020004F0A4463CBCE6FB6A2EE6FB693EE6FB6B4E77
S31502000500E6FB6C5E40BC4FF0260CECFB686E774453
S3150200051000BD2DE9004104F065FADDF80080B8F16E
S315020005200108CDF80080F6D101B00DF1040888E883
S31502000530FF0000BD08688A68CB680C694D698E6940
S31502000540CF69496870472DE9F14F9246FFF7F2FFEE
S3150200055020F0070047F08047FFB45FF000082DE95E
S3150200056004015146FFF7E6FF27F00047FFB45FF0AC
S315020005700109A8FB08AB4FF0000C2DE9001D2DE97F
S31502000580001EFFB4A8FB08672DE9C01D2DE9C01D9A
S315020005902DE9001EFE20002341091DF1A80252F892
S315020005A0211000F01F04E14001F00101CDE928010C
S315020005B05940D1F1000E684610A94FF0040B90E89D
S315020005C03C0091E8C003724002EA0E0A96EA0A0665
S315020005D072407B4003EA0E0A97EA0A077B4094EAD6
S315020005E0080404EA0E0A98EA0A0894EA080495EA54
S315020005F0090505EA0E0A99EA0A0995EA09053CC0BF
S31502000600A1E8C003BBF1010BD9D1E8460DF12009DF
S31502000610FFF796FDFFB404F0E5F9FFB40DF14008CB
S315020006200DF16009FFF7B8FDFFB404F0DBF9FFB482
S31502000630694610AA04F0D4F90DF1800888E8FF0093
S315020006400DF14008E946FFF7A7FD0DF1400888E8DD
S31502000650FF00DFF84CE2DDF81CC04FF0000BEEFBAA
S3150200066067CB4FEA4B0B0BEBDC7B13270BFB07FB32
S315020006702CF00047BDE80017EEFB608BEEFB619B9A
S31502000680EEFB62ABEEFB63CB07BCEEFB640BEEFB51
S31502000690651BEEFB662B5F4401B087B42DE900179C
S315020006A0694610AA04F09CF90DF1A00888E8FF003B
S315020006B00DF1C0080DF1E009FFF742FD8DE8FF00DC
S315020006C0694608AA04F08CF90DF1200888E8FF00B3
S315020006D00DF1C0080DF1E009FFF75EFD8DE8FF00A0
S315020006E0694618AA04F07CF98DE8FF00E8460DF188
S315020006F02009FFF725FD04F075F90DF1C00888E819
S31502000700FF00E8460DF12009FFF746FD04F06AF9FD
S315020007108DE8FF00694640AA04F062F90DF1E0088F
S3150200072088E8FF0020B0DDE92823501E7FF534AFAC
S3150200073008A8FFC804F056F9FFB404F053F904F010
S3150200074051F9FFB418A96A4604F04AF98DE8FF0088
S31502000750694608AA04F044F90DF1200888E8FF006A
S3150200076004F040F9FFB4694608AA04F039F90DF11C
S31502000770200888E8FF004FF00508FFF7CAFE694621
S3150200078008AA04F02DF90DF1200888E8FF005FF0B1
S315020007900A08FFF7BEFE694608AA04F021F98DE8A9
S315020007A0FF005FF0140888B0FFF7B3FE694608AA97
S315020007B004F016F908B05FF00A08FFF7AAFE6946C8
S315020007C008AA04F00DF90DF1200888E8FF005FF091
S315020007D03208FFF79EFE694608AA04F001F98DE881
S315020007E0FF005FF0640888B0FFF793FE694608AA27
S315020007F004F0F6F808B05FF03208FFF78AFE6946A1
S3150200080008AA04F0EDF85FF00508FFF782FE6946D4
S3150200081010AA04F0E5F88DE8FF00694618AA04F06C
S31502000820DFF84FEAD7784FF0130908FB09F84FF0C3
S31502000830000A08F1130810EB080851EB0A0852EBFC
S315020008400A0853EB0A0854EB0A0855EB0A0856EB5A
S315020008500A0857EB0A085AEB0A0B4FEAD87848EA15
S315020008604B0808FB09F8DDF8289110EB0800C9F8D7
S31502000870000000204141C9F8041049464241434163
S31502000880444145414641474127F000478A60CB60D3
S315020008900C614D618E61CF614BB0BDE8F08F0000F7
S315020008A042DB0100B2F1000FB0F9003018BF4FEA87
S315020008B00103A0F8003070472DE9F04F40F2190EFF
S315020008C0F8C9B2E8001FD3FA48F3D4FA49F4D5FAC4
S315020008D04AF5D6FA4BF6D7FA4CF7F8C0BEF1010E36
S315020008E07FF4EEAF38C9B2E80007D3FA48F3D4FA78
S315020008F049F4D5FA4AF538C0BDE8F08F2DE9F04F34
S3150200090040F2190EF8C9B2E8001F93FA48F394FAB6
S3150200091049F495FA4AF596FA4BF697FA4CF7F8C067
S31502000920BEF1010E7FF4EEAF38C9B2E8000793FAC2
S3150200093048F394FA49F495FA4AF538C0BDE8F08FBF
S315020009402DE9F04F40F2400E51F8044B52F8046B79
S3150200095051F8045B52F8047BD3F804B053F808CB81
S315020009602CFB06FC40F804CB24FB16FC40F804CB17
S315020009702BFB07FC40F804CB25FB17FC40F804CB05
S31502000980BEF1010E7FF4E0AFBDE8F08F2DE9F04F26
S3150200099040F2400E51F8044B52F8046BD0F8005066
S315020009A053F804CBD0F804702CFB065C40F804CB59
S315020009B024FB167B40F804BB51F8044B52F8046B37
S315020009C0D0F8005053F804CBD0F804702CFB065C28
S315020009D040F804CB24FB167B40F804BBBEF1010EA3
S315020009E07FF4D8AFBDE8F08F2DE9F04F46F608093F
S315020009F0C0F601584FF2013AC6F6A83ADDF824B01D
S31502000A0040F2400E51F8044B52F8046B5BF8045B5B
S31502000A1053F804CB5BF8047B2CFB065505FB0AF561
S31502000A2015FB389524FB167707FB0AF717FB389751
S31502000A30C7EA254540F8045B51F8044B52F8046BAB
S31502000A405BF8045B53F804CB5BF8047B2CFB06557E
S31502000A5005FB0AF515FB389524FB167707FB0AF703
S31502000A6017FB3897C7EA254540F8045BBEF1010E2D
S31502000A707FF4C8AFBDE8F08F2DE9F04F2DED088A5F
S31502000A80C0F6015CB1EC0F4A00F5007E04EE10EAF6
S31502000A900BEE900AD0F82020D0F82430D0F8284067
S31502000AA0D0F82C50D0F83060D0F83470D0F83880B6
S31502000AB0D0F83C9046F6080092FA03FED2FA03F307
S31502000AC094FA05FBD4FA05F596FA07F2D6FA07F771
S31502000AD098FA09F4D8FA09F99EFA0BF8DEFA0BFB32
S31502000AE092FA04F6D2FA04F415EE10AA3AFB05FEBF
S31502000AF03AFB15F51EFB1C0E15FB1C05C5EA2E4E10
S31502000B00D3FA4EF593FA4EF33AFB09FE3AFB19F97C
S31502000B101EFB1C0E19FB1C09C9EA2E4ED7FA4EF90A
S31502000B2097FA4EF798FA06F2D8FA06F616EE10AAD1
S31502000B303AFB07FE3AFB17F71EFB1C0E17FB1C07B8
S31502000B40C7EA2E4ED3FA4EF793FA4EF316EE90AA52
S31502000B503AFB04FE3AFB14F41EFB1C0E14FB1C04A7
S31502000B60C4EA2E4EDBFA0EF89BFA0EF417EE10AA22
S31502000B703AFB09FE3AFB19F91EFB1C0E19FB1C096E
S31502000B80C9EA2E4ED5FA4EF995FA4EF518EE10BA76
S31502000B903BFB03FE3BFB13F31EFB1C0E13FB1C036A
S31502000BA0C3EA2E4318EE90AA19EE10BA3AFB04FED7
S31502000BB03AFB14F41EFB1C0E14FB1C04C4EA2E445E
S31502000BC03BFB05FE3BFB15F51EFB1C0E15FB1C0530
S31502000BD0C5EA2E4519EE90AA1AEE10BA3AFB06FE9F
S31502000BE03AFB16F61EFB1C0E16FB1C06C6EA2E4622
S31502000BF03BFB07FE3BFB17F71EFB1C0E17FB1C07F6
S31502000C00C7EA2E471AEE90AA1BEE10BA3AFB08FE66
S31502000C103AFB18F81EFB1C0E18FB1C08C8EA2E48E5
S31502000C203BFB09FE3BFB19F91EFB1C0E19FB1C09BB
S31502000C30C9EA2E4900EE102A00EE903A01EE104A59
S31502000C4001EE905A02EE106A02EE907A03EE108AD4
S31502000C5003EE909A1BEE900AD0F80020D0F80430EA
S31502000C60D0F80840D0F80C50D0F81060D0F81470C4
S31502000C70D0F81880D0F81C9046F6080092FA03FEC7
S31502000C80D2FA03F394FA05FBD4FA05F596FA07F2BB
S31502000C90D6FA07F798FA09F4D8FA09F99EFA0BF880
S31502000CA0DEFA0BFB92FA04F6D2FA04F415EE10AA57
S31502000CB03AFB05FE3AFB15F51EFB1C0E15FB1C0541
S31502000CC0C5EA2E4ED3FA4EF593FA4EF33AFB09FED7
S31502000CD03AFB19F91EFB1C0E19FB1C09C9EA2E4E1A
S31502000CE0D7FA4EF997FA4EF798FA06F2D8FA06F6B6
S31502000CF016EE10AA3AFB07FE3AFB17F71EFB1C0E6E
S31502000D0017FB1C07C7EA2E4ED3FA4EF793FA4EF399
S31502000D1016EE90AA3AFB04FE3AFB14F41EFB1C0ED6
S31502000D2014FB1C04C4EA2E4EDBFA0EF89BFA0EF4F0
S31502000D3017EE10AA3AFB09FE3AFB19F91EFB1C0E26
S31502000D4019FB1C09C9EA2E4ED5FA4EF995FA4EF54B
S31502000D501BEE900A10EE90BA93FA4BFED3FA4BF3BF
S31502000D60C0F804E0C0F8243011EE90BA95FA4BFEB2
S31502000D70D5FA4BF5C0F80CE0C0F82C5012EE90BA3A
S31502000D8097FA4BFED7FA4BF7C0F814E0C0F8347066
S31502000D9013EE90BA99FA4BFED9FA4BF9C0F81CE059
S31502000DA0C0F83C9011EE105A94FA45FED4FA45FB6F
S31502000DB0C0F808E0C0F828B012EE107A96FA47FE9C
S31502000DC0D6FA47FBC0F810E0C0F830B013EE109A1E
S31502000DD098FA49FED8FA49FBC0F818E0C0F838B0CC
S31502000DE010EE103A92FA43FED2FA43FBC0F820B054
S31502000DF040F840EB14EE10EAB0EB0E0F7FF448AE6B
S31502000E00A0F5007003EE100AD0F80020D0F84030AA
S31502000E10D0F88040D0F8C050D0F80061D0F84071C8
S31502000E20D0F88081D0F8C091B1EC060A46F60800E7
S31502000E304AF6B87AC0F2130A3AFB02FE3AFB12F2FB
S31502000E401EFB1C0E12FB1C02C2EA2E423AFB03FEDA
S31502000E503AFB13F31EFB1C0E13FB1C03C3EA2E43C1
S31502000E603AFB04FE3AFB14F41EFB1C0E14FB1C0494
S31502000E70C4EA2E443AFB05FE3AFB15F51EFB1C0E90
S31502000E8015FB1C05C5EA2E453AFB06FE3AFB16F68D
S31502000E901EFB1C0E16FB1C06C6EA2E463AFB07FE76
S31502000EA03AFB17F71EFB1C0E17FB1C07C7EA2E4759
S31502000EB03AFB08FE3AFB18F81EFB1C0E18FB1C0830
S31502000EC0C8EA2E483AFB09FE3AFB19F91EFB1C0E2C
S31502000ED019FB1C09C9EA2E4992FA03FED2FA03F358
S31502000EE094FA05FBD4FA05F596FA07F2D6FA07F74D
S31502000EF098FA09F4D8FA09F99EFA0BF8DEFA0BFB0E
S31502000F0092FA04F6D2FA04F410EE90AA3AFB05FE1F
S31502000F103AFB15F51EFB1C0E15FB1C05C5EA2E4EEB
S31502000F20D3FA4EF593FA4EF33AFB09FE3AFB19F958
S31502000F301EFB1C0E19FB1C09C9EA2E4ED7FA4EF9E6
S31502000F4097FA4EF798FA06F2D8FA06F611EE90AA32
S31502000F503AFB07FE3AFB17F71EFB1C0E17FB1C0794
S31502000F60C7EA2E4ED3FA4EF793FA4EF312EE10AAB2
S31502000F703AFB04FE3AFB14F41EFB1C0E14FB1C0483
S31502000F80C4EA2E4EDBFA0EF89BFA0EF412EE90AA83
S31502000F903AFB09FE3AFB19F91EFB1C0E19FB1C094A
S31502000FA0C9EA2E4ED5FA4EF995FA4EF5F1E802AB9C
S31502000FB03AFB02FE3AFB12F21EFB1C0E12FB1C024D
S31502000FC0C2EA2E423BFB03FE3BFB13F31EFB1C0E47
S31502000FD013FB1C03C3EA2E43F1E802AB3AFB04FE01
S31502000FE03AFB14F41EFB1C0E14FB1C04C4EA2E442A
S31502000FF03BFB05FE3BFB15F51EFB1C0E15FB1C05FC
S31502001000C5EA2E45F1E802AB3AFB06FE3AFB16F6B6
S315020010101EFB1C0E16FB1C06C6EA2E463BFB07FEF3
S315020010203BFB17F71EFB1C0E17FB1C07C7EA2E47D6
S31502001030F1E802AB3AFB08FE3AFB18F81EFB1C0E5F
S3150200104018FB1C08C8EA2E483BFB09FE3BFB19F9B4
S315020010501EFB1C0E19FB1C09C9EA2E4913EE100AC7
S31502001060C0F80061C0F84071C0F88081C0F8C09134
S31502001070C0F84030C0F88040C0F8C05040F8042B99
S3150200108000F13C0E07EE10EA03EE100AD0F800203B
S31502001090D0F84030D0F88040D0F8C050D0F8006187
S315020010A0D0F84071D0F88081D0F8C09146F6080099
S315020010B051F804AB3AFB03FE3AFB13F31EFB1C0E7C
S315020010C013FB1C03C3EA2E4ED2FA4EF392FA4EF2E9
S315020010D03AFB05FE3AFB15F51EFB1C0E15FB1C051D
S315020010E0C5EA2E4ED4FA4EF594FA4EF43AFB07FEB2
S315020010F03AFB17F71EFB1C0E17FB1C07C7EA2E4E00
S31502001100D6FA4EF796FA4EF63AFB09FE3AFB19F96B
S315020011101EFB1C0E19FB1C09C9EA2E4ED8FA4EF903
S3150200112098FA4EF8F1E802AB3AFB04FE3AFB14F4E5
S315020011301EFB1C0E14FB1C04C4EA2E4ED2FA4EF4FD
S3150200114092FA4EF23BFB05FE3BFB15F51EFB1C0E0F
S3150200115015FB1C05C5EA2E4ED3FA4EF593FA4EF34D
S315020011603AFB08FE3AFB18F81EFB1C0E18FB1C087D
S31502001170C8EA2E4ED6FA4EF896FA4EF63BFB09FE12
S315020011803BFB19F91EFB1C0E19FB1C09C9EA2E4E64
S31502001190D7FA4EF997FA4EF7F1E802AB3AFB06FE9A
S315020011A03AFB16F61EFB1C0E16FB1C06C6EA2E4E54
S315020011B0D2FA4EF692FA4EF23BFB07FE3BFB17F7CC
S315020011C01EFB1C0E17FB1C07C7EA2E4ED3FA4EF760
S315020011D093FA4EF3F1E802AB3AFB08FE3AFB18F833
S315020011E01EFB1C0E18FB1C08C8EA2E4ED4FA4EF83B
S315020011F094FA4EF43BFB09FE3BFB19F91EFB1C0E4F
S3150200120019FB1C09C9EA2E4ED5FA4EF995FA4EF586
S31502001210F1E802AB3AFB02FE3AFB12F21EFB1C0E8F
S3150200122012FB1C02C2EA2E423BFB03FE3BFB13F3FC
S315020012301EFB1C0E13FB1C03C3EA2E43F1E802AB92
S315020012403AFB04FE3AFB14F41EFB1C0E14FB1C04B0
S31502001250C4EA2E443BFB05FE3BFB15F51EFB1C0EAA
S3150200126015FB1C05C5EA2E45F1E802AB3AFB06FE64
S315020012703AFB16F61EFB1C0E16FB1C06C6EA2E468B
S315020012803BFB07FE3BFB17F71EFB1C0E17FB1C075F
S31502001290C7EA2E47F1E802AB3AFB08FE3AFB18F81A
S315020012A01EFB1C0E18FB1C08C8EA2E483BFB09FE57
S315020012B03BFB19F91EFB1C0E19FB1C09C9EA2E4938
S315020012C013EE100AC0F80061C0F84071C0F88081C0
S315020012D0C0F8C091C0F84030C0F88040C0F8C05095
S315020012E040F8042B17EE10EAB0EB0E0F7FF4CCAEEB
S315020012F0BDEC088ABDE8F08F2DE9F04F2DED098A85
S31502001300C0F6015CB1EC0F4A00F1200E0CEE10EAB9
S315020013100BEE900AD0F82020D0F86030D0F8A0402A
S31502001320D0F8E050D0F82061D0F86071D0F8A081F2
S31502001330D0F8E09146F6080014EE10AA3AFB06FE33
S315020013403AFB16F61EFB1C0E16FB1C06C6EA2E4EB2
S31502001350D2FA4EF692FA4EF23AFB07FE3AFB17F72C
S315020013601EFB1C0E17FB1C07C7EA2E4ED3FA4EF7BE
S3150200137093FA4EF33AFB08FE3AFB18F81EFB1C0ED4
S3150200138018FB1C08C8EA2E4ED4FA4EF894FA4EF40C
S315020013903AFB09FE3AFB19F91EFB1C0E19FB1C0946
S315020013A0C9EA2E4ED5FA4EF995FA4EF514EE90AAE2
S315020013B015EE10BA3AFB04FE3AFB14F41EFB1C0EA1
S315020013C014FB1C04C4EA2E4ED2FA4EF492FA4EF2E2
S315020013D03AFB05FE3AFB15F51EFB1C0E15FB1C051A
S315020013E0C5EA2E4ED3FA4EF593FA4EF33BFB08FEB0
S315020013F03BFB18F81EFB1C0E18FB1C08C8EA2E4EF7
S31502001400D6FA4EF896FA4EF63BFB09FE3BFB19F965
S315020014101EFB1C0E19FB1C09C9EA2E4ED7FA4EF901
S3150200142097FA4EF715EE90AA16EE10BA3AFB03FE9D
S315020014303AFB13F31EFB1C0E13FB1C03C3EA2E4ED0
S31502001440D2FA4EF392FA4EF23BFB05FE3BFB15F542
S315020014501EFB1C0E15FB1C05C5EA2E4ED4FA4EF5D4
S3150200146094FA4EF416EE90AA17EE10BA3AFB07FE5D
S315020014703AFB17F71EFB1C0E17FB1C07C7EA2E4E7C
S31502001480D6FA4EF796FA4EF63BFB09FE3BFB19F9E6
S315020014901EFB1C0E19FB1C09C9EA2E4ED8FA4EF980
S315020014A098FA4EF817EE90AA18EE10BA3AFB02FE18
S315020014B03AFB12F21EFB1C0E12FB1C02C2EA2E4261
S315020014C03BFB03FE3BFB13F31EFB1C0E13FB1C0331
S315020014D0C3EA2E4318EE90AA19EE10BA3AFB04FE9E
S315020014E03AFB14F41EFB1C0E14FB1C04C4EA2E4425
S315020014F03BFB05FE3BFB15F51EFB1C0E15FB1C05F7
S31502001500C5EA2E4519EE90AA1AEE10BA3AFB06FE65
S315020015103AFB16F61EFB1C0E16FB1C06C6EA2E46E8
S315020015203BFB07FE3BFB17F71EFB1C0E17FB1C07BC
S31502001530C7EA2E471AEE90AA1BEE10BA3AFB08FE2D
S315020015403AFB18F81EFB1C0E18FB1C08C8EA2E48AC
S315020015503BFB09FE3BFB19F91EFB1C0E19FB1C0982
S31502001560C9EA2E4900EE102A00EE903A01EE104A20
S3150200157001EE905A02EE106A02EE907A03EE108A9B
S3150200158003EE909A1BEE900AD0F80020D0F8403075
S31502001590D0F88040D0F8C050D0F80061D0F8407141
S315020015A0D0F88081D0F8C09146F6080014EE10AA51
S315020015B03AFB06FE3AFB16F61EFB1C0E16FB1C0633
S315020015C0C6EA2E4ED2FA4EF692FA4EF23AFB07FED1
S315020015D03AFB17F71EFB1C0E17FB1C07C7EA2E4E1B
S315020015E0D3FA4EF793FA4EF33AFB08FE3AFB18F893
S315020015F01EFB1C0E18FB1C08C8EA2E4ED4FA4EF827
S3150200160094FA4EF43AFB09FE3AFB19F91EFB1C0E3C
S3150200161019FB1C09C9EA2E4ED5FA4EF995FA4EF572
S3150200162014EE90AA15EE10BA3AFB04FE3AFB14F435
S315020016301EFB1C0E14FB1C04C4EA2E4ED2FA4EF4F8
S3150200164092FA4EF23AFB05FE3AFB15F51EFB1C0E0C
S3150200165015FB1C05C5EA2E4ED3FA4EF593FA4EF348
S315020016603BFB08FE3BFB18F81EFB1C0E18FB1C0876
S31502001670C8EA2E4ED6FA4EF896FA4EF63BFB09FE0D
S315020016803BFB19F91EFB1C0E19FB1C09C9EA2E4E5F
S31502001690D7FA4EF997FA4EF715EE90AA16EE10BA49
S315020016A03AFB03FE3AFB13F31EFB1C0E13FB1C0351
S315020016B0C3EA2E4ED2FA4EF392FA4EF23BFB05FEE7
S315020016C03BFB15F51EFB1C0E15FB1C05C5EA2E4E33
S315020016D0D4FA4EF594FA4EF416EE90AA17EE10BA14
S315020016E03AFB07FE3AFB17F71EFB1C0E17FB1C07FD
S315020016F0C7EA2E4ED6FA4EF796FA4EF63BFB09FE8F
S315020017003BFB19F91EFB1C0E19FB1C09C9EA2E4EDE
S31502001710D8FA4EF998FA4EF81BEE900A10EE90AAF5
S3150200172093FA4AFED3FA4AF3C0F840E0C0F86030B2
S3150200173011EE90AA95FA4AFED5FA4AF5C0F8C0E02B
S31502001740C0F8E05012EE90AA97FA4AFED7FA4AF784
S31502001750C0F840E1C0F8607113EE90AA99FA4AFE09
S31502001760D9FA4AF9C0F8C0E1C0F8E09111EE105A70
S3150200177094FA45FED4FA45FAC0F880E0C0F8A0A073
S3150200178012EE107A96FA47FED6FA47FAC0F800E148
S31502001790C0F820A113EE109A98FA49FED8FA49FA2F
S315020017A0C0F880E1C0F8A0A110EE103A92FA43FE0A
S315020017B0D2FA43FAC0F820A040F804EB1CEE10EA75
S315020017C0B0EB0E0F7FF4A4ADA0F1200000F5007E71
S315020017D006EE90EA0BEE900AD0F80020D0F804301C
S315020017E0D0F80840D0F80C50D0F81060D0F8147039
S315020017F0D0F81880D0F81C9046F6080051F804ABD1
S315020018003AFB06FE3AFB16F61EFB1C0E16FB1C06E0
S31502001810C6EA2E4ED2FA4EF692FA4EF23AFB07FE7E
S315020018203AFB17F71EFB1C0E17FB1C07C7EA2E4EC8
S31502001830D3FA4EF793FA4EF33AFB08FE3AFB18F840
S315020018401EFB1C0E18FB1C08C8EA2E4ED4FA4EF8D4
S3150200185094FA4EF43AFB09FE3AFB19F91EFB1C0EEA
S3150200186019FB1C09C9EA2E4ED5FA4EF995FA4EF520
S31502001870F1E802AB3AFB04FE3AFB14F41EFB1C0E23
S3150200188014FB1C04C4EA2E4ED2FA4EF492FA4EF21D
S315020018903AFB05FE3AFB15F51EFB1C0E15FB1C0555
S315020018A0C5EA2E4ED3FA4EF593FA4EF33BFB08FEEB
S315020018B03BFB18F81EFB1C0E18FB1C08C8EA2E4E32
S315020018C0D6FA4EF896FA4EF63BFB09FE3BFB19F9A1
S315020018D01EFB1C0E19FB1C09C9EA2E4ED7FA4EF93D
S315020018E097FA4EF7F1E802AB3AFB03FE3AFB13F323
S315020018F01EFB1C0E13FB1C03C3EA2E4ED2FA4EF33A
S3150200190092FA4EF23BFB05FE3BFB15F51EFB1C0E47
S3150200191015FB1C05C5EA2E4ED4FA4EF594FA4EF482
S31502001920F1E802AB3AFB07FE3AFB17F71EFB1C0E69
S3150200193017FB1C07C7EA2E4ED6FA4EF796FA4EF654
S315020019403BFB09FE3BFB19F91EFB1C0E19FB1C098E
S31502001950C9EA2E4ED8FA4EF998FA4EF81BEE900ABC
S31502001960C0F81060C0F81470C0F81880C0F81C9057
S31502001970C0F80430C0F80840C0F80C5040F8202BDC
S3150200198016EE90EAB0EB0E0F7FF424AFBDEC098A97
S31502001990BDE8F08F2DE9FF4F46F6080B40F6015AD7
S315020019A04FF2013CC6F6A83C40F20009DDF834408D
S315020019B0DDF838700DEE107ADDF83C700DEE907A97
S315020019C040F2000E08EE903A33F8025B13F8016B10
S315020019D0C5F3033747EA0616C5F30B05C6F30B062E
S315020019E0B5EB0A0F80F04E8022F8025B09F101097D
S315020019F0B9F1040F40F04680A2F1080209EE103A4E
S31502001A0009EE90EA0AEE106A1DEE908A51F8043B3E
S31502001A10D2F8009054F804EB3EFB13F515FB0AB519
S31502001A20C3EA050548F8045B15FB39F613FB09669C
S31502001A3023FB19F5C0F8045040F8086BCEF1000EEE
S31502001A4051F8043BD2F804903EFB13F515FB0AB598
S31502001A50C3EA050548F8045B15FB39F613FB09666C
S31502001A6023FB19F5C0F8045040F8086B0DEE908A76
S31502001A7019EE103A19EE90EA1AEE106A0EF1010EFC
S31502001A8040F20009B6EB0A0F80F04E80BEF1400F1D
S31502001A9080F24A8022F8026B09F10109B9F1040FBA
S31502001AA040F04280A2F1080209EE103A09EE90EAED
S31502001AB01DEE908A51F8043BD2F8009054F804EBDC
S31502001AC03EFB13F515FB0AB5C3EA050548F8045BA8
S31502001AD015FB39F613FB096623FB19F5C0F804500A
S31502001AE040F8086BCEF1000E51F8043BD2F8049090
S31502001AF03EFB13F515FB0AB5C3EA050548F8045B78
S31502001B0015FB39F613FB096623FB19F5C0F80450D9
S31502001B1040F8086B0DEE908A19EE103A19EE90EA2B
S31502001B200EF1010E40F2000918EE907A07F1A807AD
S31502001B3003F10308B8EB070F40F32380BEF1400F11
S31502001B4080F21F8018EE903A08EE10CA09EE100ACB
S31502001B5009EE901A0AEE102A0AEE90EA184640F2A8
S31502001B6001011DEE102A02F03FFF18EE10CA19EE0F
S31502001B70100A19EE901A1AEE102A1AEE90EA18EEC8
S31502001B80903ABEF1400FFFF61FAFBDE8FF8F00BFD0
S31502001B902DE9FF4F46F6080B40F6015A4FF2013C7B
S31502001BA0C6F6A83C40F20009DDF83440DDF838708C
S31502001BB00DEE107ADDF83C700DEE907A40F2000ED2
S31502001BC008EE903A33F8025B13F8016BC5F303375C
S31502001BD047EA0616C5F30B05C6F30B06B5EB0A0F65
S31502001BE080F0548022F8025B09F10109B9F1040F71
S31502001BF040F04C80A2F1080209EE103A09EE90EA92
S31502001C000AEE106A1DEE908A51F8043BD2F8009053
S31502001C10076854F804EB3EFB13F515FB0AB5C3EA55
S31502001C20050548F8045B15FB397513FB095740F89F
S31502001C30047BD0F8007023FB197740F8047BCEF1C1
S31502001C40000E51F8043BD2F8049007683EFB13F5E8
S31502001C5015FB0AB5C3EA050548F8045B15FB397599
S31502001C6013FB095740F8047BD0F8007023FB197761
S31502001C7040F8047B0DEE908A19EE103A19EE90EABE
S31502001C801AEE106A0EF1010E40F20009B6EB0A0FC7
S31502001C9080F05480BEF1400F80F2508022F8026B31
S31502001CA009F10109B9F1040F40F04880A2F10802D6
S31502001CB009EE103A09EE90EA1DEE908A51F8043BBD
S31502001CC0D2F80090076854F804EB3EFB13F515FBB7
S31502001CD00AB5C3EA050548F8045B15FB397513FB1B
S31502001CE0095740F8047BD0F8007023FB197740F8B7
S31502001CF0047BCEF1000E51F8043BD2F8049007683B
S31502001D003EFB13F515FB0AB5C3EA050548F8045B65
S31502001D1015FB397513FB095740F8047BD0F80070A0
S31502001D2023FB197740F8047B0DEE908A19EE103AE0
S31502001D3019EE90EA0EF1010E40F2000918EE907AC1
S31502001D4007F1A80703F10308B8EB070F40F3238056
S31502001D50BEF1400F80F21F8018EE903A08EE10CACC
S31502001D6009EE100A09EE901A0AEE102A0AEE90EA15
S31502001D70184640F201011DEE102A02F035FE18EE59
S31502001D8010CA19EE100A19EE901A1AEE102A1AEE55
S31502001D9090EA18EE903ABEF1400FFFF613AFBDE897
S31502001DA0FF8F00BF2DE9FF4F46F6080B40F6015A9A
S31502001DB04FF2013CC6F6A83C40F20009DDF8344079
S31502001DC0DDF838700DEE107ADDF83C700DEE907A83
S31502001DD00EEE100A0EEE900ADDF8400040F2000EFA
S31502001DE008EE903A33F8025B13F8016BC5F303373A
S31502001DF047EA0616C5F30B05C6F30B06B5EB0A0F43
S31502001E0080F06A8022F8025B09F10109B9F1040F38
S31502001E1040F06280A2F1080209EE103A09EE90EA59
S31502001E200AEE106A1DEE908A51F8043BD2F8009031
S31502001E3050F8047B54F804EB3EFB13F515FB0AB588
S31502001E40C3EA050548F8045B15FB397513FB095609
S31502001E5006FB0CF616FB2AB650F8045B23FB195553
S31502001E6005FB0CF515FB2AB5C5EA26471EEE106AD8
S31502001E7046F8047BCEF1000E51F8043BD2F80490EA
S31502001E803EFB13F515FB0AB5C3EA050550F8047BBC
S31502001E9048F8045B15FB397513FB095505FB0CF570
S31502001EA015FB2AB550F8047B23FB197707FB0CF7C1
S31502001EB017FB2AB7C7EA254746F8047B0EEE106AD7
S31502001EC00DEE908A19EE103A19EE90EA1AEE106AA1
S31502001ED00EF1010E40F20009B6EB0A0F80F06A809D
S31502001EE0BEF1400F80F2668022F8026B09F1010909
S31502001EF0B9F1040F40F05E80A2F1080209EE103A31
S31502001F0009EE90EA1DEE908A51F8043BD2F8009051
S31502001F1050F8047B54F804EB3EFB13F515FB0AB5A7
S31502001F20C3EA050548F8045B15FB397513FB095628
S31502001F3006FB0CF616FB2AB650F8045B23FB195572
S31502001F4005FB0CF515FB2AB5C5EA26471EEE106AF7
S31502001F5046F8047BCEF1000E51F8043BD2F8049009
S31502001F603EFB13F515FB0AB5C3EA050550F8047BDB
S31502001F7048F8045B15FB397513FB095505FB0CF58F
S31502001F8015FB2AB550F8047B23FB197707FB0CF7E0
S31502001F9017FB2AB7C7EA254746F8047B0EEE106AF6
S31502001FA00DEE908A19EE103A19EE90EA0EF1010E34
S31502001FB040F2000918EE907A07F1A80703F1030828
S31502001FC0B8EB070F40F32380BEF1400F80F21F806B
S31502001FD018EE903A08EE10CA09EE100A09EE901AA7
S31502001FE00AEE102A0AEE90EA184640F201011DEEA8
S31502001FF0102A02F0F9FC18EE10CA19EE100A19EEB0
S31502002000901A1AEE102A1AEE90EA18EE903ABEF1DB
S31502002010400FFFF6E7AE1EEE900ABDE8FF8F00BF47
S315020020202DE9FF4F46F6080B40F6015A4FF2013CE6
S31502002030C6F6A83C40F20009DDF834700DEE107ABF
S31502002040DDF838700DEE907A40F2000E08EE903A06
S3150200205033F8025B13F8016BC5F3033747EA06163A
S31502002060C5F30B05C6F30B06B5EB0A0F80F03A80F3
S3150200207022F8025B09F10109B9F1040F40F032803E
S31502002080A2F1080209EE103A09EE90EA0AEE106A87
S315020020901DEE908A51F8043BD2F8009051F8045B89
S315020020A0D2F8046058F804EB2EFB09F723FB19F467
S315020020B040F8047B40F8044B58F8047B27FB06FEE5
S315020020C025FB16F440F804EB40F8044B0DEE908A1B
S315020020D019EE103A19EE90EA1AEE106A0EF1010E96
S315020020E040F20009B6EB0A0F80F03A80BEF1400FCB
S315020020F080F2368022F8026B09F10109B9F1040F68
S3150200210040F02E80A2F1080209EE103A09EE90EA9A
S315020021101DEE908A51F8043BD2F8009051F8045B08
S31502002120D2F8046058F804EB2EFB09F723FB19F4E6
S3150200213040F8047B40F8044B58F8047B27FB06FE64
S3150200214025FB16F440F804EB40F8044B0DEE908A9A
S3150200215019EE103A19EE90EA0EF1010E40F200095C
S3150200216018EE907A07F1A80703F10308B8EB070FF8
S3150200217040F32380BEF1400F80F21F8018EE903AA2
S3150200218008EE10CA09EE100A09EE901A0AEE102A93
S315020021900AEE90EA184640F201011DEE102A02F0FC
S315020021A023FC18EE10CA19EE100A19EE901A1AEE4E
S315020021B0102A1AEE90EA18EE903ABEF1400FFFF698
S315020021C047AFBDE8FF8F00BF2DE9FF4F46F6080B6C
S315020021D040F6015A4FF2013CC6F6A83C40F200090D
S315020021E0DDF834700DEE107ADDF838700DEE907A67
S315020021F040F2000E08EE903A33F8025B13F8016BD8
S31502002200C5F3033747EA0616C5F30B05C6F30B06F5
S31502002210B5EB0A0F80F0418022F8025B09F1010951
S31502002220B9F1040F40F03980A2F1080209EE103A22
S3150200223009EE90EA0AEE106A1DEE908A51F8043B06
S31502002240D2F8009051F8045BD2F80460D0F800701E
S31502002250D0F804E058F8044B24FB097723FB19EE67
S31502002260C0F804E040F8087B58F8044B0768D0F839
S3150200227004E024FB067725FB16EEC0F804E040F8DE
S31502002280087B0DEE908A19EE103A19EE90EA1AEED4
S31502002290106A0EF1010E40F20009B6EB0A0F80F049
S315020022A04180BEF1400F80F23D8022F8026B09F1B7
S315020022B00109B9F1040F40F03580A2F1080209EED6
S315020022C0103A09EE90EA1DEE908A51F8043BD2F8D4
S315020022D0009051F8045BD2F80460D0F80070D0F890
S315020022E004E058F8044B24FB097723FB19EEC0F8E7
S315020022F004E040F8087B58F8044B0768D0F804E07D
S3150200230024FB067725FB16EEC0F804E040F8087BAE
S315020023100DEE908A19EE103A19EE90EA0EF1010EC0
S3150200232040F2000918EE907A07F1A80703F10308B4
S31502002330B8EB070F40F32380BEF1400F80F21F80F7
S3150200234018EE903A08EE10CA09EE100A09EE901A33
S315020023500AEE102A0AEE90EA184640F201011DEE34
S31502002360102A02F041FB18EE10CA19EE100A19EEF5
S31502002370901A1AEE102A1AEE90EA18EE903ABEF168
S31502002380400FFFF639AFBDE8FF8F00BF2DE9FF4FC3
S3150200239046F6080B40F6015A4FF2013CC6F6A83C37
S315020023A040F20009DDF834700DEE107ADDF838706F
S315020023B00DEE907A0EEE100A0EEE900ADDF83C0053
S315020023C040F2000E08EE903A33F8025B13F8016B06
S315020023D0C5F3033747EA0616C5F30B05C6F30B0624
S315020023E0B5EB0A0F80F0568022F8025B09F101096B
S315020023F0B9F1040F40F04E80A2F1080209EE103A3C
S3150200240009EE90EA0AEE106A1DEE908A51F8043B34
S31502002410D2F8009051F8045BD2F80460D0F804E0D8
S3150200242050F8087B58F8044B24FB097707FB0CF796
S3150200243017FB2AB723FB19EE0EFB0CFE1EFB2ABE68
S31502002440CEEA27471EEE103A43F8047B58F8044BAF
S31502002450D0F804E050F8087B24FB067707FB0CF75C
S3150200246017FB2AB725FB16EE0EFB0CFE1EFB2ABE39
S31502002470CEEA274743F8047B0EEE103A0DEE908A19
S3150200248019EE103A19EE90EA1AEE106A0EF1010EE2
S3150200249040F20009B6EB0A0F80F05680BEF1400FFB
S315020024A080F2528022F8026B09F10109B9F1040F98
S315020024B040F04A80A2F1080209EE103A09EE90EACB
S315020024C01DEE908A51F8043BD2F8009051F8045B55
S315020024D0D2F80460D0F804E050F8087B58F8044BB0
S315020024E024FB097707FB0CF717FB2AB723FB19EE28
S315020024F00EFB0CFE1EFB2ABECEEA27471EEE103A44
S3150200250043F8047B58F8044BD0F804E050F8087BF3
S3150200251024FB067707FB0CF717FB2AB725FB16EEFB
S315020025200EFB0CFE1EFB2ABECEEA274743F8047BAF
S315020025300EEE103A0DEE908A19EE103A19EE90EA66
S315020025400EF1010E40F2000918EE907A07F1A80783
S3150200255003F10308B8EB070F40F32380BEF1400FE7
S3150200256080F21F8018EE903A08EE10CA09EE100AA1
S3150200257009EE901A0AEE102A0AEE90EA184640F27E
S3150200258001011DEE102A02F02FFA18EE10CA19EEFA
S31502002590100A19EE901A1AEE102A1AEE90EA18EE9E
S315020025A0903ABEF1400FFFF60FAF1EEE900ABDE85D
S315020025B0FF8F00BF2DE9F04F46F6080AC0F6015913
S315020025C04FF2013BC6F6A83B00F5806E53F804CBEA
S315020025D092F80260B2F8037092F8058032F8064B60
S315020025E0C4F30335C4F30B0445EA061544EA05446D
S315020025F0C7F30335C7F30B0645EA081546EA054550
S3150200260051F8046B51F8047B3CFB14F818FB19A82B
S3150200261016FB38F816FB048840F8048B26FB14F8E0
S3150200262040F8048BCCF1000C3CFB15F818FB19A8FA
S3150200263017FB38F817FB058840F8048B27FB15F8BB
S3150200264040F8048BB0EB0E0F7FF4C0AFBDE8F08FFD
S315020026502DE9F04F46F6080AC0F601594FF2013B42
S31502002660C6F6A83B00F5806E53F804CB92F80260DA
S31502002670B2F8037092F8058032F8064BC4F30335BC
S31502002680C4F30B0445EA061544EA0544C7F30335C9
S31502002690C7F30B0645EA081546EA054551F8048BC9
S315020026A006683CFB14F717FB19A718FB376718FBDC
S315020026B0047740F8047B066828FB146740F8047B1D
S315020026C0CCF1000C51F8048B06683CFB15F717FB9E
S315020026D019A718FB376718FB057740F8047B0668CD
S315020026E028FB156740F8047BB0EB0E0F7FF4BCAFF6
S315020026F0BDE8F08F2DE9F04F46F6080AC0F60159FB
S315020027004FF2013BC6F6A83BDDF8246000EE906A64
S3150200271006F5806E53F804CB92F80260B2F80370A5
S3150200272092F8058032F8064BC4F30335C4F30B0462
S3150200273045EA061544EA0544C7F30335C7F30B0613
S3150200274045EA081546EA054501EE103A10EE903ABA
S3150200275051F8048B53F8046B3CFB14F717FB19A7CB
S3150200276018FB376718FB047707FB0BF717FB39A72C
S3150200277053F8046B28FB146606FB0BF616FB39A608
S31502002780C6EA274640F8046BCCF1000C51F8048BDC
S3150200279053F8046B3CFB15F717FB19A718FB3767B1
S315020027A018FB057707FB0BF717FB39A753F8046BE2
S315020027B028FB156606FB0BF616FB39A6C6EA274664
S315020027C040F8046B00EE903AB3EB0E0F11EE103A9E
S315020027D07FF4A0AFBDE8F08F2DE9F04F44F6BF6A53
S315020027E040F6015B40F2100990E8FE0111FB0AFC7B
S315020027F011FB2AFE4FEAAC6C4FEAAE6E1CFB0BFCD9
S315020028001EFB0BFECCEA0E4CD1FA4CF112FB0AFC73
S3150200281012FB2AFE4FEAAC6C4FEAAE6E1CFB0BFCB7
S315020028201EFB0BFECCEA0E4CD2FA4CF213FB0AFC50
S3150200283013FB2AFE4FEAAC6C4FEAAE6E1CFB0BFC96
S315020028401EFB0BFECCEA0E4CD3FA4CF314FB0AFC2D
S3150200285014FB2AFE4FEAAC6C4FEAAE6E1CFB0BFC75
S315020028601EFB0BFECCEA0E4CD4FA4CF415FB0AFC0A
S3150200287015FB2AFE4FEAAC6C4FEAAE6E1CFB0BFC54
S315020028801EFB0BFECCEA0E4CD5FA4CF516FB0AFCE7
S3150200289016FB2AFE4FEAAC6C4FEAAE6E1CFB0BFC33
S315020028A01EFB0BFECCEA0E4CD6FA4CF617FB0AFCC4
S315020028B017FB2AFE4FEAAC6C4FEAAE6E1CFB0BFC12
S315020028C01EFB0BFECCEA0E4CD7FA4CF718FB0AFCA1
S315020028D018FB2AFE4FEAAC6C4FEAAE6E1CFB0BFCF1
S315020028E01EFB0BFECCEA0E4CD8FA4CF8A0E8FE0111
S315020028F0B9F101097FF478AFBDE8F08F2DE9F04F09
S3150200290046F6080CC0F6015B44F6AC7AC9F2F47AD4
S3150200291040F2100990E8FE013AFB01FE3AFB11F182
S315020029201EFB1BCE11FB1BC1C1EA2E413AFB02FE66
S315020029303AFB12F21EFB1BCE12FB1BC2C2EA2E424E
S315020029403AFB03FE3AFB13F31EFB1BCE13FB1BC320
S31502002950C3EA2E433AFB04FE3AFB14F41EFB1BCEDB
S3150200296014FB1BC4C4EA2E443AFB05FE3AFB15F5DA
S315020029701EFB1BCE15FB1BC5C5EA2E453AFB06FE02
S315020029803AFB16F61EFB1BCE16FB1BC6C6EA2E46E6
S315020029903AFB07FE3AFB17F71EFB1BCE17FB1BC7BC
S315020029A0C7EA2E473AFB08FE3AFB18F81EFB1BCE77
S315020029B018FB1BC8C8EA2E48A0E8FE01B9F10109B6
S315020029C07FF4A8AFBDE8F08F000000000000000011
S315020029D000000000000000000000000000000000EF
S315020029E000000000000000000000000000000000DF
S315020029F000000000000000000000000000000000CF
S31502002A0000000000000000000000000000000000BE
S31502002A1000000000000000000000000000000000AE
S31502002A20000000000000000000000000000000009E
S31502002A30000000000000000000000000000000008E
S31502002A40704700BFAFF30080AFF30080AFF30080A2
S31502002A50AFF30080AFF30080AFF30080AFF30080E6
S31502002A60AFF30080AFF30080AFF30080AFF30080D6
S31502002A70AFF30080AFF30080AFF30080AFF30080C6
S31502002A80000000000000000000000000000000003E
S31502002A90000000000000000000000000000000002E
S31502002AA0000000000000000000000000000000001E
S31502002AB0000000000000000000000000000000000E
S31502002AC000000000000000000000000000000000FE
S31502002AD000000000000000000000000000000000EE
S31502002AE000000000000000000000000000000000DE
S31502002AF000000000000000000000000000000000CE
S31502002B0000000000000000000000000000000000BD
S31502002B1000000000000000000000000000000000AD
S31502002B20000000000000000000000000000000009D
S31502002B30000000000000000000000000000000008D
S31502002B4003B32DE9F04122F00704001912F007023F
S31502002B500BD01C00C2F10805AC4200DD2C00A3EB31
S31502002B600408230000F0ECF84346DA0804D098463D
S31502002B7000F066F808F0070313B1002200F0E0F84F
S31502002B80BDE8F081704700BFAFF30080AFF300806D
S31502002B90AFF30080AFF30080AFF30080AFF30080A5
S31502002BA0AFF30080AFF30080AFF30080AFF3008095
S31502002BB0AFF30080AFF30080AFF30080AFF3008085
S31502002BC000000000000000000000000000000000FD
S31502002BD000000000000000000000000000000000ED
S31502002BE000000000000000000000000000000000DD
S31502002BF000000000000000000000000000000000CD
S31502002C0000000000000000000000000000000000BC
S31502002C1000000000000000000000000000000000AC
S31502002C20000000000000000000000000000000009C
S31502002C30000000000000000000000000000000008C
S31502002C4051F8044B51F8045BD0E9006704F05533A0
S31502002C5043EA530303F0333343EA930303F00F3398
S31502002C6043EA131303F0FF1363F30F2386EA1326D3
S31502002C7005F0553343EA530303F0333343EA930330
S31502002C8003F00F3343EA131303F0FF1343EA13234C
S31502002C9086EA034604F0AA3343EA430303F0CC333D
S31502002CA043EA830303F0F03343EA031303F0FF23FB
S31502002CB043EA032387EA134705F0AA3343EA4303A9
S31502002CC003F0CC3343EA830303F0F03343EA0313FE
S31502002CD003F0FF2343EA03236FF30F035F40E0E8A9
S31502002CE00267013AACD17047AFF30080AFF30080C0
S31502002CF0AFF30080AFF30080AFF30080AFF3008044
S31502002D0000000000000000000000000000000000BB
S31502002D1000000000000000000000000000000000AB
S31502002D20000000000000000000000000000000009B
S31502002D30000000000000000000000000000000008B
S31502002D400024002530B46A4411F8015B02F8015BE5
S31502002D50013BF9D130BCD0E9006704F0553343EAB0
S31502002D60530303F0333343EA930303F00F3343EA87
S31502002D70131303F0FF1363F30F2386EA132605F0FA
S31502002D80553343EA530303F0333343EA930303F021
S31502002D900F3343EA131303F0FF1343EA132386EABE
S31502002DA0034604F0AA3343EA430303F0CC3343EA6F
S31502002DB0830303F0F03343EA031303F0FF2343EAEA
S31502002DC0032387EA134705F0AA3343EA430303F0D2
S31502002DD0CC3343EA830303F0F03343EA031303F0ED
S31502002DE0FF2343EA03236FF30F035F40E0E8026722
S31502002DF0704700BFAFF30080AFF30080AFF30080EF
S31502002E0000000000000000000000000000000000BA
S31502002E1000000000000000000000000000000000AA
S31502002E20000000000000000000000000000000009A
S31502002E30000000000000000000000000000000008A
S31502002E4003B32DE9F04122F00704001912F007023C
S31502002E500BD01C00C2F10805AC4200DD2C00A3EB2E
S31502002E600408230000F0ECF84346DA0804D098463A
S31502002E7000F066F808F0070313B1002200F0E0F84C
S31502002E80BDE8F081704700BFAFF30080AFF300806A
S31502002E90AFF30080AFF30080AFF30080AFF30080A2
S31502002EA0AFF30080AFF30080AFF30080AFF3008092
S31502002EB0AFF30080AFF30080AFF30080AFF3008082
S31502002EC000000000000000000000000000000000FA
S31502002ED000000000000000000000000000000000EA
S31502002EE000000000000000000000000000000000DA
S31502002EF000000000000000000000000000000000CA
S31502002F0000000000000000000000000000000000B9
S31502002F1000000000000000000000000000000000A9
S31502002F200000000000000000000000000000000099
S31502002F300000000000000000000000000000000089
S31502002F40F0E80245230065F31F446FF30F0545EAD7
S31502002F50134584EA142303F47F435C4084EA032482
S31502002F6084EA141303F0F0135C4084EA031484EA3F
S31502002F70940303F00C335C4084EA830484EA54032A
S31502002F8003F022335C4084EA430485EA152303F402
S31502002F907F435D4085EA032585EA151303F0F013A6
S31502002FA05D4085EA031585EA950303F00C335D401F
S31502002FB085EA830585EA550303F022335D4085EAF7
S31502002FC0430541F8044B013A41F8045BB8D1704716
S31502002FD0AFF30080AFF30080AFF30080AFF3008061
S31502002FE0AFF30080AFF30080AFF30080AFF3008051
S31502002FF0AFF30080AFF30080AFF30080AFF3008041
S3150200300000000000000000000000000000000000B8
S3150200301000000000000000000000000000000000A8
S315020030200000000000000000000000000000000098
S315020030300000000000000000000000000000000088
S31502003040F0E80245260065F31F446FF30F0545EAD3
S31502003050164584EA142606F47F46744084EA06245A
S3150200306084EA141606F0F016744084EA061484EA1A
S31502003070940606F00C36744084EA860484EA540602
S3150200308006F02236744084EA460485EA152606F4DA
S315020030907F46754085EA062585EA151606F0F0167E
S315020030A0754085EA061585EA950606F00C367540E2
S315020030B085EA860585EA550606F02236754085EAD2
S315020030C0460530B46A4412F8014B013B01F8014B44
S315020030D0F9D102B0704700BFAFF30080AFF30080B2
S315020030E0AFF30080AFF30080AFF30080AFF3008050
S315020030F0AFF30080AFF30080AFF30080AFF3008040
S3150200310000000000000000000000000000000000B7
S3150200311000000000000000000000000000000000A7
S315020031200000000000000000000000000000000097
S315020031300000000000000000000000000000000087
S3150200314001000000000000000000000089000000ED
S31502003150000000008B0000800000000080800080DC
S31502003160010000008B00000001000000008000004A
S3150200317001000000888000800100000082000080BB
S31502003180000000000B000000000000000A00000022
S3150200319001000000828000000000000003800000A1
S315020031A0010000008B800000010000000B0000807F
S315020031B0010000008A0000800100000081000080FA
S315020031C0000000008100008000000000080000806E
S315020031D00000000083000000000000000380008061
S315020031E00100000088800080000000008800008046
S315020031F001000000008000000000000082800080C4
S31502003200FF000000AFF30080AFF30080AFF3008051
S31502003210AFF30080AFF30080AFF30080AFF300801E
S31502003220AFF30080AFF30080AFF30080AFF300800E
S31502003230AFF30080AFF30080AFF30080AFF30080FE
S31502003240AFF204112DE9F05F86B00591D0F8203077
S31502003250D0F84810D0F87050D0F898B0D0F8C0C066
S3150200326083EA010383EA050383EA0B0383EA0C0379
S31502003270D0F80C70D0F83410D0F85C50D0F884B086
S31502003280D0F8ACC087EA010787EA050787EA0B0789
S3150200329087EA0C0783EAF776D0F81440D0F83C1098
S315020032A0D0F86450D0F88CB0D0F8B4C0CDF8006035
S315020032B084EA010484EA050484EA0B0484EA0C0421
S315020032C083EA0406D0F81830D0F84010D0F86850D7
S315020032D0D0F890B0D0F8B8C0CDF80C6083EA0103FC
S315020032E083EA050383EA0B0383EA0C0387EA0302F4
S315020032F0D0F80070D0F82810D0F85050D0F878B036
S31502003300D0F8A0C087EA010787EA050787EA0B0714
S3150200331087EA0C0787EAF47AD0F81C40D0F8441002
S31502003320D0F86C50D0F894B0D0F8BCC084EA01044E
S3150200333084EA050484EA0B0484EA0C0484EA070E90
S31502003340D0F80870D0F83010D0F85850D0F880B0C5
S31502003350D0F8A8C087EA010787EA050787EA0B07BC
S3150200336087EA0C0787EAF476D0F82440D0F84C10A6
S31502003370D0F87450D0F89CB0D0F8C4C0CDF8106024
S3150200338084EA010484EA050484EA0B0484EA0C0450
S3150200339084EA0708D0F81070D0F83810D0F86050D8
S315020033A0D0F888B0D0F8B0C0CDF8048087EA01071B
S315020033B087EA050787EA0B0787EA0C0787EAF479A3
S315020033C0D0F80440D0F82C10D0F85450D0F87CB085
S315020033D0D0F8A4C0CDF8089084EA010484EA050472
S315020033E084EA0B0484EA0C0484EA070B83EAF47C7D
S315020033F0D0F81830D0F84840D0F85450D0F884604D
S31502003400D0F8B470C0F8541089EA03038CEA0404B5
S3150200341088EA05058BEA060682EA070725EA346189
S3150200342081EA3351C0F8541026EA755181EA7431A3
S31502003430C0F8841027EA362181EA7571C0F8B41003
S3150200344023EAF73181EAF651C0F8181024EA3371FB
S3150200345081EAF721D0F80830D0F83C40D0F868501D
S31502003460D0F89C60D0F8A470C0F848108AEA03032A
S3150200347082EA040489EA05058EEA060688EA07074F
S3150200348025EA742181EA3331C0F8A41026EA3561AF
S3150200349081EA7401C0F8081027EA761181EA75718B
S315020034A0C0F83C1023EAF75181EA3671C0F8681079
S315020034B024EAF30181EAB761DDF80080D0F824300E
S315020034C0D0F82840D0F85850D0F88C60D0F8B870B0
S315020034D0C0F89C108EEA030388EA04048AEA05050A
S315020034E082EA060689EA070725EAF44181EAF351E8
S315020034F0C0F8281026EAF50181EAB451C0F858103E
S3150200350027EA365181EAF551C0F88C1023EAB74111
S3150200351081EAB611C0F8B81024EA331181EAB7512C
S31502003520D0F81430D0F84040D0F87050D0F8786017
S31502003530D0F8AC70C0F8241082EA030389EA0404C6
S315020035408CEA050588EA06068BEA070725EA34614E
S3150200355081EA3351C0F8781026EA750181EA74616E
S31502003560C0F8AC1027EA763181EAB531C0F81410FA
S3150200357023EAB77181EAF621C0F8401024EA3371D2
S3150200358081EAB761DDF80C90D0F80030046B456E25
S31502003590D0F89460D0F8C070C0F8701088EA0303BF
S315020035A08AEA040482EA050589EA06068CEA07071E
S315020035B026EA755181EA7451C0F8301027EA36714D
S315020035C081EA7541C0F8641023EA776181EA76518F
S315020035D0C0F8941024EAB35181EAF731C0F8C0105A
S315020035E025EA040505990C6883EAB52384EA0301F2
S315020035F0DDF81020D0F81C30D0F84C40D0F85050EE
S31502003600D0F88060D0F8B070C0F8001089EA0303E1
S315020036108EEA040488EA05058AEA060682EA0707AC
S3150200362025EAF45181EAF341C0F8501026EA7551B1
S3150200363081EA3431C0F8801027EA362181EA7571B1
S31502003640C0F8B01023EA374181EA3661C0F81C108F
S3150200365024EA337181EA3731D0F80C30D0F8384099
S31502003660D0F86C50D0F89860D0F8A070C0F84C1022
S315020036708BEA030382EA040489EA05058CEA060654
S3150200368088EA070725EAB42181EA3331C0F8A01097
S3150200369026EAF55181EA7401C0F80C1027EA761180
S315020036A081EA3571C0F8381023EA376181EA76710A
S315020036B0C0F86C1024EAB30181EAB761DDF8048030
S315020036C0D0F82030D0F82C40D0F85C50D0F8886082
S315020036D0D0F8BC70C0F898108CEA030388EA040498
S315020036E08BEA050582EA060689EA070725EAF44116
S315020036F081EA3361C0F82C1026EAB50181EA7451D9
S31502003700C0F85C1027EA765181EAF551C0F88810B4
S3150200371023EA774181EAB611C0F8BC1024EA731194
S3150200372081EAB751D0F81030D0F84440D0F874503E
S31502003730D0F87C60D0F8A870C0F8201082EA0303A3
S3150200374089EA04048EEA050588EA06068AEA070774
S3150200375025EA346181EA7351C0F87C1026EA7501C4
S3150200376081EA7461C0F8A81027EA363181EA753118
S31502003770C0F8101023EAB77181EAB621C0F84410E6
S3150200378024EA737181EAF761DDF80890D0F8043013
S31502003790446B056ED0F89060D0F8C470C0F874100F
S315020037A088EA03038BEA040482EA050589EA060627
S315020037B08EEA070726EA755181EA3451C0F83410B9
S315020037C027EA767181EAB541C0F8601023EA77618B
S315020037D081EAB651C0F8901024EAB35181EAF73172
S315020037E0C0F8C41025EAF47505994C6883EAF523F6
S315020037F084EA030ED0F8C030D0F84810D0F89850BA
S31502003800D0F824B0D0F874C0C0F804E083EA3133AB
S3150200381083EAF54383EA3B1383EABC63D0F8347048
S31502003820D0F88010D0F80850D0F85CB0D0F8ACC010
S3150200383087EA315787EAB51787EAFB0787EABC5753
S315020038404FEAB32383EA7756D0F86040D0F8B01037
S31502003850D0F83C50D0F888B0D0F814C0CDF800604B
S3150200386084EA712484EAB57484EAFB2484EABC14EB
S3150200387083EA7466D0F89430D0F81810D0F86C50F9
S31502003880D0F8B8B0D0F844C0CDF80C6083EAB143A2
S3150200389083EAF57383EABB4383EA7C0383EAB7527E
S315020038A0D0F80070D0F85410D0F8A050D0F828B054
S315020038B0D0F87CC087EAB17787EAF54787EAFB67E3
S315020038C087EA3C3787EA346AD0F89040D0F81C1071
S315020038D0D0F86850D0F8BCB0D0F840C084EAB14401
S315020038E084EA050484EAFB4484EA7C0484EA070E3B
S315020038F0D0F83070D0F88410D0F80C50D0F858B008
S31502003900D0F8A8C087EA315787EAF51787EAFB0796
S3150200391087EABC574FEA775787EAF476D0F8C4406D
S31502003920D0F84C10D0F89C50D0F820B0D0F870C027
S31502003930CDF8106084EA313484EAF54484EA3B1413
S3150200394084EAFC6487EAB428D0F86470D0F8B4102C
S31502003950D0F83850D0F88CB0D0F810C0CDF804802A
S3150200396087EA312787EAB57787EAFB2787EABC1712
S315020039704FEA776787EA7429D0F80440D0F85010E6
S31502003980D0F8A450D0F82CB0D0F878C0CDF8089072
S3150200399084EAF17484EA355484EAFB6484EA7C346A
S315020039A084EA070B83EAF47CD0F89430D0F84840D6
S315020039B0D0F8A450D0F85C60D0F81470C0F8A41007
S315020039C089EA03038CEAB45488EA35558BEA7666AB
S315020039D082EAF77725EA346181EA3351C0F8A41006
S315020039E026EA755181EA7431C0F85C1027EA36215D
S315020039F081EA7571C0F8141023EAF73181EAF651AB
S31502003A00C0F8941024EA337181EAF721D0F83030F5
S31502003A10D0F8B040D0F86C50D0F82060D0F878706A
S31502003A20C0F848108AEA735382EAB40489EAF57543
S31502003A308EEAB63688EA773725EA742181EA333187
S31502003A40C0F8781026EA356181EA7401C0F83010B0
S31502003A5027EA761181EA7571C0F8B01023EAF751A8
S31502003A6081EA3671C0F86C1024EAF30181EAB76183
S31502003A70DDF80080D0F8C430D0F85440D0F80C50AD
S31502003A80D0F88860D0F84470C0F820108EEAB323CC
S31502003A9088EAB4748AEA357582EA361689EA7707BD
S31502003AA025EAF44181EAF351C0F8541026EAF501F9
S31502003AB081EAB451C0F80C1027EA365181EAF55171
S31502003AC0C0F8881023EAB74181EAB611C0F844105B
S31502003AD024EA331181EAB751D0F86030D0F81840A1
S31502003AE0D0F89850D0F82860D0F8AC70C0F8C4105E
S31502003AF082EA736389EAB4448CEA757588EAF666E3
S31502003B008BEA373725EA346181EA3351C0F8281047
S31502003B1026EA750181EA7461C0F8AC1027EA7631AB
S31502003B2081EAB531C0F8601023EAB77181EAF6215D
S31502003B30C0F8181024EA337181EAB761DDF80C90F7
S31502003B40D0F80030D0F88440C56BD0F8BC60476F1F
S31502003B50C0F8981088EA03038AEA742482EAF555C3
S31502003B6089EAF6468CEA371726EA755181EA7451D4
S31502003B70C0F8841027EA367181EA7541C0F83C1014
S31502003B8023EA776181EA7651C0F8BC1024EAB35180
S31502003B9081EAF731C0F8741025EA040505998C68A4
S31502003BA083EAB52384EA0301DDF81020D0F89030C9
S31502003BB0D0F84C40D0F8A050D0F85860D0F8107029
S31502003BC0C0F8001089EA03038EEAB45488EAF54580
S31502003BD08AEA366682EAF77725EAF45181EAF34100
S31502003BE0C0F8A01026EA755181EA3431C0F858109F
S31502003BF027EA362181EA7571C0F8101023EA3741A7
S31502003C0081EA3661C0F8901024EA337181EA3731CD
S31502003C10D0F83430D0F8B440D0F86850D0F82460E8
S31502003C20D0F87C70C0F84C108BEAB35382EA740465
S31502003C3089EA05058CEAB63688EA373725EAB421D9
S31502003C4081EA3331C0F87C1026EAF55181EA740123
S31502003C50C0F8341027EA761181EA3571C0F8B4103B
S31502003C6023EA376181EA7671C0F8681024EAB30163
S31502003C7081EAB761DDF80480D0F8C030D0F8504050
S31502003C80D0F80850D0F88C60D0F84070C0F82410F4
S31502003C908CEAB32388EAF4748BEA357582EA36161F
S31502003CA089EA770725EAF44181EA3361C0F85010C0
S31502003CB026EAB50181EA7451C0F8081027EA76515E
S31502003CC081EAF551C0F88C1023EA774181EAB611F0
S31502003CD0C0F8401024EA731181EAB751D0F8643073
S31502003CE0D0F81C40D0F89C50D0F82C60D0F8A870C0
S31502003CF0C0F8C01082EA736389EAB4448EEA757525
S31502003D0088EAF6668AEAF72725EA346181EA735178
S31502003D10C0F82C1026EA750181EA7461C0F8A81071
S31502003D2027EA363181EA7531C0F8641023EAB771A1
S31502003D3081EAB621C0F81C1024EA737181EAF761A0
S31502003D40DDF80890D0F80430D0F88040856BD0F8C2
S31502003D50B860076FC0F89C1088EA03038BEAB424A4
S31502003D6082EAF55589EAB6468EEA771726EA75514A
S31502003D7081EA3451C0F8801027EA767181EAB541AA
S31502003D80C0F8381023EA776181EAB651C0F8B81054
S31502003D9024EAB35181EAF731C0F8701025EAF475C6
S31502003DA00599CC6883EAF52384EA030ED0F87430C9
S31502003DB0D0F84810D0F82450D0F8C4B0D0F89CC03F
S31502003DC0C0F804E083EA313383EAF54383EA3B131E
S31502003DD083EABC63D0F88070D0F85810D0F830501F
S31502003DE0D0F808B0D0F8ACC087EA315787EAB517E1
S31502003DF087EAFB0787EABC574FEAB32383EA77567B
S31502003E00D0F83840D0F81010D0F8B050D0F88CB0B6
S31502003E10D0F860C0CDF8006084EA712484EAB574F3
S31502003E2084EAFB2484EABC1483EA7466D0F8BC30C4
S31502003E30D0F89410D0F86850D0F844B0D0F81CC02E
S31502003E40CDF80C6083EAB14383EAF57383EABB4398
S31502003E5083EA7C0383EAB752D0F80070D0F8A41044
S31502003E60D0F87C50D0F854B0D0F82CC087EAB1779D
S31502003E7087EAF54787EAFB6787EA3C3787EA346AC7
S31502003E80D0F8B840D0F89010D0F86C50D0F840B0C6
S31502003E90D0F818C084EAB14484EA050484EAFB44F3
S31502003EA084EA7C0484EA070ED0F88470D0F85C10A9
S31502003EB0D0F83450D0F80CB0D0F8A8C087EA315701
S31502003EC087EAF51787EAFB0787EABC574FEA77576F
S31502003ED087EAF476D0F87040D0F84C10D0F820502B
S31502003EE0D0F8C0B0D0F898C0CDF8106084EA31346A
S31502003EF084EAF54484EA3B1484EAFC6487EAB4283B
S31502003F00D0F83C70D0F81410D0F8B450D0F888B07D
S31502003F10D0F864C0CDF8048087EA312787EAB577FE
S31502003F2087EAFB2787EABC174FEA776787EA74298D
S31502003F30D0F80440D0F8A010D0F87850D0F850B09D
S31502003F40D0F828C0CDF8089084EAF17484EA355492
S31502003F5084EAFB6484EA7C3484EA070B83EAF47C11
S31502003F60D0F8BC30D0F84840D0F87850D0F8086085
S31502003F70D0F86070C0F8781089EA03038CEAB4546A
S31502003F8088EA35558BEA766682EAF77725EA34615E
S31502003F9081EA3351C0F8781026EA755181EA743104
S31502003FA0C0F8081027EA362181EA7571C0F8601058
S31502003FB023EAF73181EAF651C0F8BC1024EA3371DC
S31502003FC081EAF721D0F88430D0F81040D0F8685052
S31502003FD0D0F8C060D0F82870C0F848108AEA735347
S31502003FE082EAB40489EAF5758EEAB63688EA773744
S31502003FF025EA742181EA3331C0F8281026EA3561B0
S3150200400081EA7401C0F8841027EA761181EA757193
S31502004010C0F8101023EAF75181EA3671C0F8681029
S3150200402024EAF30181EAB761DDF80080D0F8703046
S31502004030D0F8A440D0F83450D0F88C60D0F81C7078
S31502004040C0F8C0108EEAB32388EAB4748AEA3575DA
S3150200405082EA361689EA770725EAF44181EAF351BC
S31502004060C0F8A41026EAF50181EAB451C0F834106A
S3150200407027EA365181EAF551C0F88C1023EAB74196
S3150200408081EAB611C0F81C1024EA331181EAB7514D
S31502004090D0F83830D0F89440D0F82450D0F8546094
S315020040A0D0F8AC70C0F8701082EA736389EAB4443F
S315020040B08CEA757588EAF6668BEA373725EA346143
S315020040C081EA3351C0F8541026EA750181EA746117
S315020040D0C0F8AC1027EA763181EAB531C0F838105B
S315020040E023EAB77181EAF621C0F8941024EA337103
S315020040F081EAB761DDF80C90D0F80030C46DD0F8D3
S31502004100B050066CD0F89C70C0F8241088EA0303FD
S315020041108AEA742482EAF55589EAF6468CEA371762
S3150200412026EA755181EA7451C0F85C1027EA3671A5
S3150200413081EA7541C0F8B01023EA776181EA7651C7
S31502004140C0F8401024EAB35181EAF731C0F89C1056
S3150200415025EA040505990C6983EAB52384EA030175
S31502004160DDF81020D0F8B830D0F84C40D0F87C50AA
S31502004170D0F80C60D0F86470C0F8001089EA030326
S315020041808EEAB45488EAF5458AEA366682EAF77711
S3150200419025EAF45181EAF341C0F87C1026EA75510A
S315020041A081EA3431C0F80C1027EA362181EA7571AA
S315020041B0C0F8641023EA374181EA3661C0F8B810C4
S315020041C024EA337181EA3731D0F88030D0F81440CE
S315020041D0D0F86C50D0F8C460D0F82C70C0F84C10EF
S315020041E08BEAB35382EA740489EA05058CEAB63689
S315020041F088EA373725EAB42181EA3331C0F82C1030
S3150200420026EAF55181EA7401C0F8801027EA761190
S3150200421081EA3571C0F8141023EA376181EA7671B2
S31502004220C0F86C1024EAB30181EAB761DDF80480B4
S31502004230D0F87430D0F8A040D0F83050D0F888606A
S31502004240D0F81870C0F8C4108CEAB32388EAF47464
S315020042508BEA357582EA361689EA770725EAF4414A
S3150200426081EA3361C0F8A01026EAB50181EA7451E9
S31502004270C0F8301027EA765181EAF551C0F8881065
S3150200428023EA774181EAB611C0F8181024EA7311BD
S3150200429081EAB751D0F83C30D0F89040D0F820509F
S315020042A0D0F85060D0F8A870C0F8741082EA736330
S315020042B089EAB4448EEA757588EAF6668AEAF727C9
S315020042C025EA346181EA7351C0F8501026EA750175
S315020042D081EA7461C0F8A81027EA363181EA75319D
S315020042E0C0F83C1023EAB77181EAB621C0F89010F3
S315020042F024EA737181EAF761DDF80890D0F8043098
S31502004300846DD0F8B450466CD0F89870C0F820107E
S3150200431088EA03038BEAB42482EAF55589EAB646AB
S315020043208EEA771726EA755181EA3451C0F8581099
S3150200433027EA767181EAB541C0F8B41023EA7761BB
S3150200434081EAB651C0F8441024EAB35181EAF73142
S31502004350C0F8981025EAF47505994C6983EAF523A5
S3150200436084EA030ED0F89C30D0F84810D0F8C45036
S31502004370D0F870B0D0F820C0C0F804E083EA313338
S3150200438083EAF54383EA3B1383EABC63D0F85870A9
S31502004390D0F80C10D0F88450D0F830B0D0F8ACC0B9
S315020043A087EA315787EAB51787EAFB0787EABC57D8
S315020043B04FEAB32383EA7756D0F8B440D0F86410B4
S315020043C0D0F81050D0F888B0D0F838C0CDF80060D8
S315020043D084EA712484EAB57484EAFB2484EABC1470
S315020043E083EA7466D0F84030D0F8BC10D0F86C502E
S315020043F0D0F81CB0D0F890C0CDF80C6083EAB14377
S3150200440083EAF57383EABB4383EA7C0383EAB75202
S31502004410D0F80070D0F87810D0F82C50D0F8A4B0AC
S31502004420D0F850C087EAB17787EAF54787EAFB6793
S3150200443087EA3C3787EA346AD0F84440D0F8B810A5
S31502004440D0F86850D0F818B0D0F894C084EAB144D5
S3150200445084EA050484EAFB4484EA7C0484EA070EBF
S31502004460D0F85C70D0F80810D0F88050D0F834B08C
S31502004470D0F8A8C087EA315787EAF51787EAFB071B
S3150200448087EABC574FEA775787EAF476D0F898401E
S31502004490D0F84C10D0F8C050D0F874B0D0F824C080
S315020044A0CDF8106084EA313484EAF54484EA3B1498
S315020044B084EAFC6487EAB428D0F8B070D0F86010B9
S315020044C0D0F81450D0F88CB0D0F83CC0CDF80480A7
S315020044D087EA312787EAB57787EAFB2787EABC1797
S315020044E04FEA776787EA7429D0F80440D0F87C103F
S315020044F0D0F82850D0F8A0B0D0F854C0CDF8089023
S3150200450084EAF17484EA355484EAFB6484EA7C34EE
S3150200451084EA070B83EAF47CD0F84030D0F84840AE
S31502004520D0F82850D0F83060D0F83870C0F828108B
S3150200453089EA03038CEAB45488EA35558BEA76662F
S3150200454082EAF77725EA346181EA33514FEAB1719B
S31502004550C0F8281026EA755181EA74314FEA7121B2
S31502004560C0F8301027EA362181EA75714FEA7101E7
S31502004570C0F8381023EAF73181EAF6514FEAB14121
S31502004580C0F8401024EA337181EAF7214FEAB151AB
S31502004590D0F85C30D0F86440D0F86C50D0F8746033
S315020045A0D0F85470C0F848108AEA735382EAB40409
S315020045B089EAF5758EEAB63688EA773725EA7421EE
S315020045C081EA33314FEA3151C0F8541026EA356197
S315020045D081EA74014FEA3171C0F85C1027EA76115C
S315020045E081EA75714FEAF151C0F8641023EAF75176
S315020045F081EA3671C0F86C1024EAF30181EAB761E8
S315020046004FEA7171DDF80080D0F89830D0F8784022
S31502004610D0F88050D0F88860D0F89070C0F8741046
S315020046208EEAB32388EAB4748AEA357582EA3616C4
S3150200463089EA770725EAF44181EAF3514FEAF16103
S31502004640C0F8781026EAF50181EAB4514FEA3161E1
S31502004650C0F8801027EA365181EAF5514FEA311146
S31502004660C0F8881023EAB74181EAB6114FEAB14190
S31502004670C0F8901024EA331181EAB7514FEAB131FA
S31502004680D0F8B430D0F8BC40D0F8C450D0F8A4600A
S31502004690D0F8AC70C0F8981082EA736389EAB44421
S315020046A08CEA757588EAF6668BEA373725EA34614D
S315020046B081EA33514FEA7131C0F8A41026EA750136
S315020046C081EA74614FEA3131C0F8AC1027EA7631DB
S315020046D081EAB5314FEAF171C0F8B41023EAB77135
S315020046E081EAF6214FEA7101C0F8BC1024EA33715F
S315020046F081EAB7614FEA7111DDF80C90D0F800300B
S31502004700846805698669076AC0F8C41088EA0303E3
S315020047108AEA742482EAF55589EAF6468CEA37175C
S3150200472026EA755181EA74514FEA7151C0F80810B0
S3150200473027EA367181EA75414FEA7161C0F81010B5
S3150200474023EA776181EA7651C0F8181024EAB35158
S3150200475081EAF7314FEAB121C0F8201025EA0405B3
S3150200476005998C6983EAB52384EA0301DDF81020F2
S31502004770D0F84430D0F84C40D0F82C50D0F8346001
S31502004780D0F83C70C0F8001089EA03038EEAB454EC
S3150200479088EAF5458AEA366682EAF77725EAF45127
S315020047A081EAF3414FEAF171C0F82C1026EA7551FD
S315020047B081EA34314FEAB121C0F8341027EA3621B2
S315020047C081EA75714FEAB101C0F83C1023EA37411C
S315020047D081EA36614FEAB141C0F8441024EA3371E6
S315020047E081EA37314FEAB151D0F85830D0F86040FB
S315020047F0D0F86850D0F87060D0F85070C0F84C10FD
S315020048008BEAB35382EA740489EA05058CEAB63662
S3150200481088EA373725EAB42181EA33314FEAF14192
S31502004820C0F8501026EAF55181EA74014FEA317157
S31502004830C0F8581027EA761181EA35714FEAF1512C
S31502004840C0F8601023EA376181EA76714FEAF171A6
S31502004850C0F8681024EAB30181EAB7614FEA7171C0
S31502004860DDF80480D0F89C30D0F87C40D0F8845033
S31502004870D0F88C60D0F89470C0F870108CEAB3232C
S3150200488088EAF4748BEA357582EA361689EA77077E
S3150200489025EAF44181EA33614FEAF161C0F87C10FE
S315020048A026EAB50181EA74514FEA7161C0F88410B3
S315020048B027EA765181EAF5514FEA3111C0F88C1098
S315020048C023EA774181EAB6114FEAF141C0F8941022
S315020048D024EA731181EAB7514FEAB131D0F8B03008
S315020048E0D0F8B840D0F8C050D0F8A060D0F8A87080
S315020048F0C0F89C1082EA736389EAB4448EEA75753D
S3150200490088EAF6668AEAF72725EA346181EA73516C
S315020049104FEA3131C0F8A01026EA750181EA7461C6
S315020049204FEAF121C0F8A81027EA363181EA75313B
S315020049304FEAF171C0F8B01023EAB77181EAB621E5
S315020049404FEA7101C0F8B81024EA737181EAF7617F
S315020049504FEA3111DDF80890D0F80430C468456991
S31502004960C669476AC0F8C01088EA03038BEAB42412
S3150200497082EAF55589EAB6468EEA771726EA75512E
S3150200498081EA34514FEAB151C0F80C1027EA767128
S3150200499081EAB5414FEA7161C0F8141023EA7761E2
S315020049A081EAB651C0F81C1024EAB35181EAF73104
S315020049B04FEAB121C0F8241025EAF4750599CC69AD
S315020049C051F8207F0591FF2F83EAF52384EA03013C
S315020049D0C0F804107EF43AAC06B0BDE8F09F00BF02
S315020049E0FBF70BBCFBF7E9BC5FF800F00D600002B9
S309020049F042424242B3
S31502004A000348044B834202D0034B03B11847704755
S31502004A10040000220400002200000000064B0749A1
S31502004A20C91A891048BF0131491003D0044B0BB192
S31502004A3001481847704700BF040000220400002204
S31502004A400000000010B5064C237843B9FFF7D8FFE3
S31502004A50044B13B10448AFF300800123237010BD49
S31502004A60500400220000000084A2000308B5054B92
S31502004A701BB105490548AFF30080BDE80840FFF7C2
S31502004A80CDBF00BF000000005404002284A2000330
S31502004A90F0B5002706460D46144632464FF0020E82
S31502004AA008212B68580800F0553003F05533184496
S31502004AB0AEF1020320FA0EFC20FA03F303F003031D
S31502004AC00CF0030C0EF1040EA3EB0C0304B91480D4
S31502004AD0B2F900C00139634422F8023BE8D1083733
S31502004AE0B7F5807F05F1040506F11006D5D1F0BDB4
S31502004AF02DE9F0419646ADF6486D02ACA4464FF05C
S31502004B000308DEF80C3005460F46106851689268B5
S31502004B100026ACE80F00DEF81000DEF81410DEF80E
S31502004B201820DEF81C30ACE80F0021462046212270
S31502004B308DF8288001F0E0FA00230AA91A4692A805
S31502004B4000F054FF0AA90DF589600023012200F046
S31502004B504DFF0AA9002302220DF5C96000F046FFA7
S31502004B6092A800F0DBFF33460DF6480292A912A87E
S31502004B70CDE9004600F036FB12A800F053FF42468C
S31502004B8001230AA912A800F031FF12A800F048FF7B
S31502004B90284612A900F0D0FE0DF6480292A901237A
S31502004BA012A8CDE9004600F0E5FB12A800F03AFF94
S31502004BB0012304220AA912A800F018FF12A800F085
S31502004BC02FFF12A905F5C07000F0B6FE0DF64802D9
S31502004BD092A9022312A80196009400F0CBFB12A818
S31502004BE000F020FF012305220AA912A800F0FEFE0A
S31502004BF012A800F015FF12A905F5407000F09CFE00
S31502004C00384692A900F062FFA446BCE80F00C5F838
S31502004C108004C5F88414C5F88824C5F88C34BCE829
S31502004C200F00C5F89004C5F89414C5F89824C5F881
S31502004C309C340DF6486DBDE8F08100BF2DE9F04FBA
S31502004C401D460023174601240646ADF5905D83B046
S31502004C501A460DF5C1608946294600F0C7FE0023B3
S31502004C60012229460DF6080000F0C0FE00230222AA
S31502004C7029460DF6082000F0B9FE07F5906A0DF5F3
S31502004C80C16000F04BFF00230DF608420DF5C1612D
S31502004C9002A8CDE900A400F0A5FA02A800F0C2FE1F
S31502004CA023460322294602A800F0A0FE02A800F02D
S31502004CB0BBFE0022304602A900F0C6FCA3465FFAFC
S31502004CC084F843460DF608420DF5C16102A8CDE906
S31502004CD000AB00F04FFB02A800F0A4FE0123294618
S31502004CE008F1030202A800F081FE02A800F09CFE71
S31502004CF02246304602A900F0A7FC012C01D102246B
S31502004D00DDE782AC394602A800F03AFE0DF608430A
S31502004D1002AA20460DF5C16100F07CFE02A807F545
S31502004D20C07100F02DFE02AA0DF6086320460DF6AC
S31502004D30080100F071FE07F5407102A800F020FE9E
S31502004D400DF580530DF6082102AA0DF5C160083350
S31502004D50009400F063FE0DF5C16000F063FE0123CE
S31502004D60062229460DF5C16000F040FE494602A81A
S31502004D7000F060FE0DF5C161084602AA00F056FE7B
S31502004D800DF5C16000F050FE0DF5C16106F57070BB
S31502004D9000F0B2FB0DF5905D03B0BDE8F08F00BFE9
S31502004DA02DE9F04F1F460023914601258046ADF5B9
S31502004DB0905D85B01A468A460DF5C260394600F006
S31502004DC015FE0023012239460DF5016000F00EFEA4
S31502004DD00023022239460DF5216000F007FE09F58F
S31502004DE0906B0DF5C26000F099FE00230DF541624D
S31502004DF00DF5C26104A8CDE900B500F0F3F904A8E7
S31502004E0000F010FE2B460322394604A800F0EEFD00
S31502004E1004A800F009FE0022404604A900F018FD8D
S31502004E200446C617CDF80CA001215FFA85FA53464F
S31502004E300DF54162CDE900B104A80DF5C26100F09D
S31502004E4099FA04A800F0EEFD012339460AF103029D
S31502004E5004A800F0CBFD04A800F0E6FD2A46404671
S31502004E6004A900F0F5FC012D44EA000446EAE076C6
S31502004E7001D10225D8E784AD494604A8DDF80CA085
S31502004E8000F07EFD0DF5416304AA28460DF5C261C8
S31502004E9000F0C0FD04A809F5C07100F071FD04AA76
S31502004EA00DF5616328460DF5016100F0B5FD09F5C2
S31502004EB0407104A800F064FD0DF580530DF52161E3
S31502004EC004AA0DF5C2601033009500F0A7FD0DF59A
S31502004ED0C26000F0A7FD0123062239460DF5C26025
S31502004EE000F084FD514604A800F0A4FD0DF5C26150
S31502004EF0084604AA00F09AFD0DF5C26000F094FD82
S31502004F000DF5C26108F5707000F044FC044364427A
S31502004F1046EAE07060EB4000C00F0DF5905D05B00B
S31502004F20BDE8F08F70B515460C460646ADF5006D28
S31502004F300022684600F0E2FB684600F071FD2A4650
S31502004F4069460DF5806000F039FD2146012280A8F0
S31502004F5000F0D4FB80A800F063FD80A90DF5806007
S31502004F6005F5C07200F030FD2146022280A800F04D
S31502004F70C5FB80A800F054FD0DF5806305F540726F
S31502004F8080A9684600F026FD684600F04BFD80A821
S31502004F9004F5707100F0FEFA6A4680A9684600F0D0
S31502004FA047FD684600F040FD6946304600F064FD64
S31502004FB00DF5006D70BD00BFF8B50C4606464FF400
S31502004FC094671546FFF794FD31463A4604F590601C
S31502004FD009F022F93A46314604F5126001F066F804
S31502004FE02E6A696AAA6AEB6AC4F84069C4F8441967
S31502004FF0C4F84829C4F84C392E6B696BAA6BEB6B63
S31502005000C4F85069C4F85419C4F85829C4F85C396C
S315020050100020F8BD70B5A0B0EC469E4615460C467B
S315020050209A68596806461868DB68ACE80F00DEF82D
S315020050301000DEF81410DEF81820DEF81C30ACE89A
S315020050400F00294660464FF4946201F02FF8402281
S3150200505069460DEB020001F04FF82A4669463046D2
S3150200506018ABFFF7EBFD0DF1400CBCE80F0020601A
S315020050706160A260E360BCE80F002061002061610C
S31502005080A261E36120B070BD70B514460E46A0B0B1
S3150200509005466846FFF746FFD4F82009D4F82419D6
S315020050A0D4F82829D4F82C390DF1200CACE80F00DD
S315020050B0D4F83009D4F83419D4F83829D4F83C395C
S315020050C0ACE80F0069466046402201F015F86946D1
S315020050D018AB04F590623046FFF762FE034604F50C
S315020050E014611C463246284600F0F4FDC4F1010361
S315020050F02846202210A9DBB200F00CFE002020B0C8
S3150200510070BD00BF2DE9F04F0F461969ADF56F7DF1
S31502005110039700244FF0040E0F460290D3F800B016
S31502005120D3F804A0D3F80890D3F80C805E699D6981
S31502005130D8690DF1100CF89BCCF800B0002BE3B245
S3150200514016BF194611461346BEF1010ECCF804A04D
S31502005150CCF80890CCF80C80CCF81070CCF814601F
S31502005160CCF81850CCF81C008CF821108CF82030A2
S3150200517004F101040CF1220CDDD1222426AD0DF13D
S315020051807603284604A900930DF1320215AB019469
S31502005190039F08F0DDFB012300263846CDE90035E2
S315020051A007F5AA7207F5FF7307F1AA0108F0E2FBF9
S315020051B0029B3C4607F52A7729461846C82209F07B
S315020051C02BF8034684F8A86084F8A960AA34A7429B
S315020051D003F1C80305F1C805EED10DF56F7DBDE8F3
S315020051E0F08F00BF2DE9F04F2DED068B2DED04DB80
S315020051F05E4CADF6E41D256880460E4614461F46F3
S31502005200DDF8349A002D76D1B9F1000F5AD1B0AD3E
S315020052104A462846DDF8301A00F0A8FC2A46012143
S3150200522006A800F0F3FEDFF848A10DF5BC6B314687
S315020052305846CDE90154CDF800A006AB04AA09F000
S315020052403BF8B9F1000F4ED001233A462846DDF865
S31502005250301A00F08BFC2A46012106A800F0D6FE81
S3150200526004F5007302935846CDE900A506AB04AADD
S3150200527006F5007109F004F8B9F1000F2BD03A4691
S3150200528002232846DDF8301A00F070FC2A46012176
S3150200529006A800F0BBFE04F580644046CDF80CB0CB
S315020052A00195029406AB04AACDF800A006F580612A
S315020052B008F0EEFF0DF6E41DBDEC04DBBDEC068B3B
S315020052C0BDE8F08F2B46B0AD3A462846DDF8301AD7
S315020052D000F04CFCA2E73B4602222846DDF8301AD3
S315020052E000F044FCD2E73B4601222846DDF8301A9C
S315020052F000F03CFCAFE7B0AD3A462846DDF8303A5E
S31502005300CDF8009006A9FFF7FDFE0195184D0DF5A3
S31502005310BC673146384606AB04AA0294009508F0EB
S31502005320CBFF04F500730293E2AB01933846009576
S3150200533004AA0DF1C20306F5007108F0A1FF0DF5EE
S315020053408A6304F58064CDE90134404604AA0397D2
S3150200535000955BAB06F5806108F09AFF0DF6E41D39
S31502005360BDEC04DBBDEC068BBDE8F08F7C050022AC
S31502005370E8E800022DE9F04F2DED068B2DED04DB5A
S31502005380564CADF6E41D256880460E4614461F4669
S31502005390DDF830AADDF8349A002D69D1B9F1000F93
S315020053A050D1B0AD4A465146284600F0DFFB2A46A8
S315020053B0012106A800F02AFE0DF5BC6B31465846BF
S315020053C0CDE9005406AB04AA08F06EFFB9F1000F4E
S315020053D047D001233A465146284600F0C7FB2A46E3
S315020053E0012106A800F012FE04F500730193584647
S315020053F0009506AB04AA06F5007108F071FFB9F133
S31502005400000F27D03A4651460223284600F0AEFB4B
S315020054102A46012106A800F0F9FD04F580644046FB
S31502005420CDE90054CDF808B006AB04AA06F58061B2
S3150200543008F01AFF0DF6E41DBDEC04DBBDEC068B8D
S31502005440BDE8F08F2B46B0AD3A465146284600F0ED
S315020054508DFBACE73B4651460222284600F086FB0E
S31502005460D6E73B4601225146284600F07FFBB6E7C7
S31502005470B0AD53463A462846CDF8009006A9FFF746
S3150200548041FE00950DF5BC653146284606AB0194F2
S3150200549004AA08F009FF04F500730193E2AB009336
S315020054A028460DF1C20304AA06F5007108F018FF9A
S315020054B00DF58A6304F5806400934046CDE9014503
S315020054C004AA5BAB06F5806108F0CEFE0DF6E41D7C
S315020054D0BDEC04DBBDEC068BBDE8F08F7C0500223B
S315020054E0014908F0DDBE00BFE8E60002014908F006
S315020054F0EFBE00BFE8E200022DE9F04340F6015C90
S3150200550000250C4683B0011D4FF0080E22464EF0D0
S3150200551001E00DF1FF3032F9026B0CEAE673334417
S315020055201BB21B0103F28163C3EB8316C3EB062393
S3150200553003EB83031B0F00F8013F0FF015C09DF824
S3150200554001909DF800609DF803809DF802009DF889
S3150200555005709DF804209DF807E09DF80630083591
S3150200556046EA091640EA081042EA071243EA0E130F
S31502005570B5F5807F01F8046C01F8030C01F8022CE2
S3150200558001F8013C04F1100401F10401BCD103B09D
S31502005590BDE8F08300B54FF0200E40F601524EF002
S315020055A001E0043111F8043C103003F00F0302FB52
S315020055B003F308331B11043120F8103C11F8083CA0
S315020055C01B0902FB03F308331B1120F80E3C11F8EA
S315020055D0073C03F00F0302FB03F308331B1120F809
S315020055E00C3C11F8073C1B0902FB03F308331B11A1
S315020055F020F80A3C11F8063C03F00F0302FB03F302
S3150200560008331B1120F8083C11F8063C1B0902FB63
S3150200561003F308331B1120F8063C11F8053C03F08E
S315020056200F0302FB03F308331B1120F8043C11F8A5
S31502005630053C1B0902FB03F308331B1120F8023C4D
S315020056400FF051C05DF804FB2DE9F04F884640F695
S315020056500157002640F2816402EB8202DFF898C00D
S3150200566083B000EB8215083108F502784FF0040E7C
S3150200567068464EF001E00839B34631F9023B07EAC3
S31502005680E37999441FFA89FA5AEA8F2B1AEB040234
S31502005690A2FB0C924BF100030CFB0323C3F3090399
S315020056A020F8023B0FF019C00023BDF80200BDF836
S315020056B00090BDF804B0BDF806204FEA800E4EEA0F
S315020056C0192E4FEA0B1A69F307034AEA901A6EF388
S315020056D00F239001083140EA1B1092086AF3174320
S315020056E02A7160F31F63884505F1050545F8053CF7
S315020056F0BCD103B0BDE8F08FB7AF130000B54FF0D1
S31502005700400E40F6015C4EF001E002EB820201EB34
S315020057108212537811781B0203F440730B430CFB7D
S3150200572003F303F5007308309B0A053220F8083CA0
S3150200573012F8033C12F8041C9B0103F4707343EA4B
S3150200574091030CFB03F303F500739B0A20F8063C56
S3150200575012F8023C12F8031C1B0103F47C7343EAA1
S3150200576011130CFB03F303F500739B0A20F8043CA8
S3150200577012F8013C12F8021C9B0043EA91130CFB3F
S3150200578003F303F500739B0A20F8023C0FF03FC8AF
S315020057905DF804FB2DE9F04700250C462E4640F63F
S315020057A0015182B04FF0080E22464EF001E00DF193
S315020057B0FF3C32F9027B01EAE7733B441BB21B0151
S315020057C003F28163C3EB8317C3EB072303EB830364
S315020057D01B0F0CF8013F0FF015C09DF805A09DF8B0
S315020057E004C087789DF803909DF8023090F801E096
S315020057F09DF801809DF800204CEA0A1C43EA091331
S315020058008CEA070C9DF807909DF8067042EA08128A
S3150200581083EA0E0390F8008090F803E047EA09173E
S3150200582082EA080243EA0C0387EA0E0732433B4345
S3150200583008351343B5F5807F03F0FF0600F1040037
S3150200584004F11004AED1304602B0BDE8F08700BFC5
S315020058502DE9F04F4FF00008894640F6015740F215
S315020058608164464602EB8202DFF8C8C085B000EBCF
S315020058708215083109F502794FF0040E4EF001E067
S3150200588002A8083931F9023B07EAE37A9A441FFA79
S315020058908AF3CDE90036DDE9002352EA8F23CDE90A
S315020058A000231219A2FB0CA2019B43F100030CFB7D
S315020058B00323C3F3090320F8023B0FF01DC8BDF80A
S315020058C00AE0BDF808B0BDF80CA02A784FEA8E03AC
S315020058D043EA1B2382EA0B024FEA0A1BBDF80E00BB
S315020058E048EA02024BEA9E1B95F8018095F802E00F
S315020058F083EA08038BEA0E0B95F803804FEA801EB3
S315020059004EEA1A1E8EEA080E95F8048043EA0B0345
S3150200591088EA900043EA0E0308310343134389459C
S3150200592003F0FF0805F10505A6D1404605B0BDE81E
S31502005930F08F00BFB7AF130038B50D4604460846D0
S3150200594008F07EFC284608F07BFC4FF0800E4FF0F4
S31502005950000C23464EF001E0A81C35F92C1030F954
S315020059602C20C1F3072444EA0214C2F30B12197065
S315020059705C709A700CF1010C03330FF013C038BD42
S3150200598010B54FF0800E00224EF001E0841C4B78D9
S3150200599091F800C01B0203F470634CEA030320F87B
S315020059A022308B7891F801C01B0143EA1C1324F8BC
S315020059B02230033101320FF017C010BD014B08F03F
S315020059C07FBC00BFE8E80002014B08F035BC00BF0F
S315020059D0E8E8000210B51C4682B0034B009408F0BA
S315020059E073FC02B010BD00BFE8E8000230B5944671
S315020059F08E4604461D46A1B072466846634680211D
S31502005A0000F044F92A4669462046FFF741F821B0DC
S31502005A1030BD00BF08F04CBC08F016BC08F018BC3C
S31502005A20FFF75EBDFFF762BD08F00ABC08F018BCBE
S31502005A3008F01EBC2DE9F8434FF000080E46C14699
S31502005A40871E3D46002425F8029F327840F2816186
S31502005A502241284602F00102013408F03DFC082CDE
S31502005A60F1D108F10808B8F5807F07F1100706F1B1
S31502005A700106E6D1BDE8F883F0B50024254600F11B
S31502005A80FF3C00264FF0080E084632464EF001E073
S31502005A900CF8015F30F9023B5B0003F28163C3EB52
S31502005AA08317C3EB072303EB8303C3F3007393400C
S31502005AB03343DEB28CF8006001320FF015C80834A9
S31502005AC0B4F5807F01F11001DBD1F0BD38B5044693
S31502005AD00D46FFF731FF05F5007104F5C070FFF7BB
S31502005AE02BFF05F5806104F54070BDE83840FFF7ED
S31502005AF023BF00BF38B504460D46FFF741FF05F543
S31502005B00C07104F50070FFF73BFF05F5407104F51F
S31502005B108060BDE83840FFF733BF00BF10B50446CA
S31502005B20FFF77EFF04F50070FFF77AFF04F5806049
S31502005B30BDE81040FFF774BF99B100B541F001E02E
S31502005B40094A0138136883EA433383EA534383EAF3
S31502005B50431300F8013F0FF00BC0136000205DF8FD
S31502005B6004FB0020704700BF000000222DE9F04729
S31502005B70414C0546266891460C4698468AB0002E48
S31502005B8062D03E4EB1EC047F3346B3EC041F91ED76
S31502005B90005F93ED003F06FF506104FF524126EF7E
S31502005BA0546116EE103A36EE101B354F0B433A6827
S31502005BB00DF1040A002A08BF43F0010317EE102B69
S31502005BC0134337EE102B134319D14FF0190E4EF033
S31502005BD001E02C4CA5F10801F4E90267E1E902674C
S31502005BE00FF007C002232022514628468DF8049062
S31502005BF08DF8058008F050FB0AB0BDE8F087D44660
S31502005C004FF0000E20686168A268E368043EACE8C3
S31502005C100F0020696169A269E369043CACE80F00E0
S31502005C20222251461848ADF824E000F0DBF94FF085
S31502005C30080E4EF001E054F8043F46F8043F0FF018
S31502005C4007C001233B60C0E70868A268E3684968A9
S31502005C5001AE0FC620696169A269E3690FC62222F5
S31502005C60284601A98DF824908DF8258000F0BAF90E
S31502005C700AB0BDE8F08700BF580500227004002272
S31502005C806C040022880400229004002270B5964615
S31502005C9005460E461C468AB010685168DEF80C307E
S31502005CA092680DF1040CACE80F00DEF81000DEF885
S31502005CB01410DEF81820DEF81C30ACE80F002123A1
S31502005CC03146284601AA8DF8244000F0CDF90AB0E3
S31502005CD070BD00BF70B50E4615460446B4B06846A0
S31502005CE000F03AF931466846202200F041F9294689
S31502005CF04FF48862684600F03BF9684600F03EF9C8
S31502005D006A462021204600F067F9684600F068F9E5
S31502005D1034B070BDAAB100B542F001E05B42DBB21D
S31502005D200139013810F801CF11F8012F8CEA02026D
S31502005D301A408CEA020C80F800C00FF00DC85DF81C
S31502005D4004FB704730B54D1E83B08DF80720D0E9AD
S31502005D503223002B08BFAA42044615D001230DF1B7
S31502005D60070108F099FA4FF0800C01232A462046D3
S31502005D700DF107018DF807C008F08EFA0022002304
S31502005D80C4E9322303B030BD9DF80750012365F004
S31502005D907F050DF107018DF8075008F07DFAEDE752
S31502005DA02DE9F0471D4688469146D0E93223A918C7
S31502005DB043F10003414573F10003044624D3002650
S31502005DC00027DFF860A04946A8EB0203204608F048
S31502005DD063FAD4F8C830DAF80020A3EB08010132DE
S31502005DE0A8EB03030D442046C4E932679944CAF876
S31502005DF0002008F049FAD4E93223A91843F1000336
S31502005E00414573F10003DED22B464946204608F08F
S31502005E1043FAD4E932325B1942F10002C4E9323262
S31502005E20BDE8F0875C0500228B422DE9F8430C465B
S31502005E301E468046174613D3DFF878903946234626
S31502005E400022404608F028FAD9F8005040460135AB
S31502005E50361BC9F8005008F017FAB4422744EDD9A8
S31502005E60013C86B980253246404608A9012308F03E
S31502005E7013FA01232246404608A98DF8205008F05D
S31502005E800BFABDE8F883334600223946404608F04D
S31502005E9003FAB442E6D19DF82040012364F07F0460
S31502005EA03246404608A98DF8204008F0F5F9BDE8CB
S31502005EB0F88300BF5C0500222DE9F0474FF0000A87
S31502005EC0D2E93249A14215469846A3EB04027AEB7F
S31502005ED009030E4607460DD20B460146284608F030
S31502005EE0BBF9D5E932329B1B62F10002C5E93232B7
S31502005EF0BDE8F08723460146284608F0ADF9D5F8F5
S31502005F00C83027441B1BC5F8C830D5F8CC3063EB24
S31502005F100903361BC5F8CC30EAD0DFF83890D9F839
S31502005F20002028460132C9F8002008F0ADF9B04534
S31502005F30444628BF3446394623460022284608F0FE
S31502005F408BF9A8EB0403361BC5E9323A2744E6D19E
S31502005F50BDE8F0875C050022C82210B50021044680
S31502005F6008F052F900220023C4E9322310BD00BF13
S31502005F708C46134688216246FFF712BF1F2310B5CF
S31502005F8082B0D0E932218DF80730A2F187030B43A4
S31502005F90044615D001230DF1070108F07DF94FF0F3
S31502005FA0800C0123872220460DF107018DF807C0D8
S31502005FB008F072F900220023C4E9322302B010BDB0
S31502005FC04FF09F0C012387220DF107018DF807C0C0
S31502005FD008F062F9EEE700BF8823FFF76DBF00BF46
S31502005FE0704700BFF0B50D46164604461F2783B01C
S31502005FF0C822002108F008F9A82133462A4620467D
S315020060000097FFF711FF03B0F0BD00BF31B32DE9D2
S31502006010F04105460C461646114FDFF8488008E067
S3150200602029461522304605F0E3FC013C05F1A80598
S3150200603012D03B68304601333B6008F025F9D8F8A8
S315020060400020002AECD12946A823304608F004F99C
S31502006050013C05F1A805ECD1BDE8F081704700BF0F
S315020060605C0500226C050022F0B5B5B004460D466B
S3150200607016460021C82268461F4608F0C5F80022C7
S3150200608000236846CDE9322388213B463246FFF794
S3150200609087FE68461F228821FFF754FE88236A4638
S315020060A029462046FFF708FF35B0F0BD2DE97043BB
S315020060B00D4616464FF000084FF000090446B4B0EC
S315020060C0C8220021684608F09FF833462A466846E9
S315020060D08821CDE93289FFF763FE684606228821C8
S315020060E0FFF730FE882320216A462046FFF7E4FEAA
S315020060F034B0BDE8708300BF2DE970430D461646E5
S315020061004FF000084FF000090446B4B0C82200213F
S31502006110684608F079F833462A4668464821CDE9AA
S315020061203289FFF73DFE684606224821FFF70AFE3E
S31502006130482340216A462046FFF7BEFE34B0BDE83A
S31502006140708300BF00000000000000000000000095
S315020061502DE9F84FA4B04FF0260C96465368176AFD
S315020061609468D2680CFB02F615900A92DEF81000CB
S315020061708A691E960292DEF8146000EBC00200EBFA
S315020061804208CDF86080DEF81C200CFB06F80D965E
S315020061900E691B9704960F6A16464D6A1497DEF827
S315020061A0187019953A462546CDF874800CFB06F808
S315020061B007EBC70704EBC40402EB470A0B9505EB92
S315020061C0440410930CFB03F51390CB6948691C92A7
S315020061D01296CDF85880CF68DEF8242006978F688D
S315020061E00CFB02FC0597DEF800701A924A680897C3
S315020061F01B9F01920A680A99CDF844C007EBC70CA7
S3150200620007EB4C0C01EBC10E149F01EB4E0ECDF8C1
S3150200621024C0AEFB07EC1999189EE1FB04ECA4FB23
S3150200622007411893E6FB03EC199B059FE3FB054127
S31502006230A046189B1E9D029CE5FB0381E6FB04819A
S315020062401D9C049DE4FB0081EAFB0581169C1896C1
S31502006250069EE4FB0681099E019CE6FB0781119ED0
S31502006260E6FB0481089E029CE6FB02810D9E0F91CD
S3150200627006EBC60106EB4101E1FB04EC129CEAFBCC
S3150200628000ECCDF8388028F07C48CDF8848004EB09
S31502006290C40804EB4808E8FB05EC069E099D1F901E
S315020062A0E5FB06ECDDE90E6756EA9F6740461A9D56
S315020062B0CDE90E6705EBC508059F05EB4808E8FB27
S315020062C007EC089C019D0C92E5FB04EC109D0E9CCC
S315020062D0E5FB02EC6A00149F17920F9A1EEB040468
S315020062E046464CEB0209A046DDE9182524F07E4C11
S315020062F0A7FB0141E5FB02410246EAFB034120906E
S315020063000298CDF888C0E2FB00411F98099A1F96B1
S31502006310E2FB00413246049E58EA5F69E2FB06410F
S31502006320069E089AE6FB0241109E059AE2FB06418A
S315020063300B9E019AE2FB0641A4460C9A0A9C049E15
S31502006340E4FB02C1189CCDF88CC0A4FB07EC1E9C92
S31502006350169AE5FB04EC1D9C059FE4FB03EC029CEC
S31502006360EAFB04ECE2FB00EC099AE2FB06EC069E71
S31502006370119AE2FB06EC089AE7FB02EC179A019FD8
S31502006380E7FB02ECDDE90B72E7FB02EC1EEB080E03
S315020063904CEB0902CDF838E00F920A9ADDE90E8934
S315020063A058EA9F692EF07C4C5200CDF878C01992BB
S315020063B0209A149FCDE90E89A7FB02ECE5FB0AECB5
S315020063C0099AE2FB03EC1F9AE2FB04EC089A049C8E
S315020063D0E0FB02EC109AE4FB02EC0B9C019AE6FB52
S315020063E004EC0A9C059EE6FB04EC4446239E341903
S315020063F0A0460F9E24F07E4441EB0609139958EA03
S315020064005F69E2FB01ECDDE90C16E6FB01EC159A8D
S31502006410CDF838E0AAFB07E1D4601D9C099AE5FB9A
S3150200642004E1169C119EE4FB03E1029CE2FB04E1FB
S31502006430E6FB00E1089A049EE6FB02E1069E179A35
S31502006440E6FB02E1059E0B9AE6FB02E1019A199E22
S31502006450E2FB06E1139E0C9AE6FB02E11EEB080E36
S3150200646041EB0901CDF808E00391DDE9028958EA1A
S315020064709F691F9E159A2EF07C41A7FB06AE1161FD
S31502006480099A109EE5FB02AE089A0294E3FB02AE5D
S31502006490E4FB06AE0B9C049EE0FB04AE0A9C059A46
S315020064A0E6FB04AE069E139C0D99E6FB04AE44463B
S315020064B00E9E490034190D9E0E94E2FB06AE159A05
S315020064C024F07E4454611C9C019A4CEB090CE2FBBD
S315020064D004AE129C0C9ACDF83CC0E4FB02AEDDE998
S315020064E00E89CDF850A0099A58EA5F69A2FB074CBB
S315020064F0169A1893E5FB024C119A049EE2FB034C92
S31502006500029B089ACDE90E89E3FB024C179B059A7A
S31502006510E0FB034C0B9BE6FB034C069E199BE6FB3A
S31502006520034C139BE2FB034C019B0C9AE3FB014CCD
S315020065301C9BE3FB024C14EB08080F9CCDF8188059
S315020065404CEB04040794DDE9062352EA9F63CDE986
S315020065500623159B109A28F07C48C3F81880129BD4
S31502006560A7FB02C84FEA4309089B119AE5FB03C839
S31502006570A7FB033AE5FB023ADDE917240B9DE4FB90
S31502006580023AE4FB05C8029C059AE4FB053A0A9D19
S31502006590E4FB05C8199D139CE0FB053AE0FB04C821
S315020065A004981A9DE0FB043A0D9CE6FB013AE0FBD7
S315020065B004C81C98129CE6FB00C8E2FB003AE2FB08
S315020065C004C81B98019A149EE2FB093AE2FB00C832
S315020065D00C9AE0FB023AE2FB05C8069A079DB4183C
S315020065E0224619464EEB050352EA5F63159889184F
S315020065F024F07E44C4610C464AEB030554EA9F65C7
S315020066001CEB040C624648EB050352EA5F63144630
S315020066101D4654EACF0521F07C4101622CF07E41F1
S315020066204162A11845EB030449186441891844EBF9
S315020066300304219BC9180A4644F1000352EA9F63E8
S3150200664021F07C41016022998B181E9923F07E422B
S3150200665001EB5363C0E9012324B0BDE8F88F00BF04
S315020066602DE9F84FA4B007B440F2785BC2F2002BD2
S31502006670DBF800B00BF5FE7B01A309E0AFF3008067
S315020066800000000004000000080000000C000000EA
S3150200669093ED00FF40F27853C2F200231B6803F227
S315020066A0F4532FEE43EF07BC4FF0260C1BED7F1F72
S315020066B0964653681BED6B3F176A9468D26800FFD3
S315020066C052010CFB02F615900A921BED573FDEF8BB
S315020066D010008A691E9600FF52010292DEF81460CB
S315020066E000EBC0021BED433F00EB4208CDF8608091
S315020066F0DEF81C2000FF52010CFB06F80D960E690F
S315020067001BED2F3F1B97049600FF52010F6A164698
S315020067104D6A8EFD2F1E1497DEF8187019951BED23
S315020067207B1F3A462546CDF874801BED673F0CFB6E
S3150200673006F807EBC70704EBC40400FF520102EB9D
S31502006740470A0B9505EB44041BED533F10930CFBD4
S3150200675003F5139000FF5201CB6948691C921BEDA9
S315020067603F3F1296CDF8588000FF5201CF68DEF8FF
S31502006770242006971BED2B3F8F680CFB02FC059726
S3150200678000FF5201DEF800701A924A688EFD331E2F
S3150200679008971B9F01921BED771F0A680A99CDF88D
S315020067A044C01BED633F07EBC70C07EB4C0C01EB38
S315020067B0C10E00FF5201149F01EB4E0E1BED4F3F1F
S315020067C0CDF824C0AEFB07EC199900FF5201189EC2
S315020067D0E1FB04ECA4FB07411BED3B3F1893E6FBF0
S315020067E003EC199B00FF5201059FE3FB0541A046FE
S315020067F01BED273F189B1E9D029C00FF5201E5FBE5
S315020068000381E6FB04811D9C8EFD371E049DE4FB7D
S315020068100081EAFB05811BED731F169C18961BED82
S315020068205F3F069EE4FB0681099E00FF5201019C22
S31502006830E6FB0781119E1BED4B3FE6FB0481089E9A
S31502006840029C00FF5201E6FB02810D9E0F911BED99
S31502006850373F06EBC60106EB4101E1FB04EC00FF04
S315020068605201129CEAFB00ECCDF838801BED233F67
S3150200687028F07C48CDF8848004EBC40800FF52015E
S3150200688004EB4808E8FB05EC8EFD3B1E069E099DBF
S315020068901F901BED6F1FE5FB06ECDDE90E6756EA5E
S315020068A09F671BED5B3F40461A9DCDE90E6700FFD1
S315020068B0520105EBC508059F05EB48081BED473F4E
S315020068C0E8FB07EC089C019D00FF52010C92E5FBD8
S315020068D004EC109D1BED333F0E9CE5FB02EC00FF22
S315020068E052016A00149F17921BED1F3F0F9A1EEB6F
S315020068F00404464600FF52014CEB0209A046DDE9BC
S3150200690018258EFD3F1E24F07E4CA7FB0141E5FBB8
S3150200691002419BED011F0246EAFB034120909BEDDB
S31502006920153F0298CDF888C0E2FB004100FF5201F4
S315020069301F98099A1F969BED293FE2FB00413246BA
S3150200694000FF5201049E58EA5F69E2FB06419BED95
S315020069503D3F069E089AE6FB024100FF5201109E49
S31502006960059AE2FB06419BED513F0B9E019AE2FB23
S31502006970064100FF5201A4460C9A0A9C8EFD431E54
S31502006980049EE4FB02C1189C9BED051FCDF88CC04A
S31502006990A4FB07EC1E9C9BED193F169AE5FB04EC43
S315020069A000FF52011D9C059FE4FB03EC9BED2D3F6E
S315020069B0029CEAFB04ECE2FB00EC00FF5201099A9E
S315020069C0E2FB06EC069E9BED413F119AE2FB06ECCA
S315020069D0089A00FF5201E7FB02EC179A019F9BED12
S315020069E0553FE7FB02ECDDE90B72E7FB02EC00FF29
S315020069F052011EEB080E4CEB09028EFD471ECDF826
S31502006A0038E00F920A9A9BED091FDDE90E8958EAD2
S31502006A109F692EF07C4C9BED1D3F5200CDF878C04D
S31502006A20199200FF5201209A149FCDE90E899BED1F
S31502006A30313FA7FB02ECE5FB0AEC099A00FF520183
S31502006A40E2FB03EC1F9AE2FB04EC9BED453F089A3E
S31502006A50049CE0FB02EC00FF5201109AE4FB02ECFC
S31502006A609BED593F0B9C019AE6FB04EC00FF520199
S31502006A700A9C059EE6FB04EC8EFD4B1E4446239EB5
S31502006A8034199BED0D1FA0460F9E24F07E449BED0C
S31502006A90213F41EB0609139958EA5F6900FF52014B
S31502006AA0E2FB01ECDDE90C16E6FB01EC9BED353F62
S31502006AB0159ACDF838E0AAFB07E100FF5201D4602F
S31502006AC01D9C9BED493F099AE5FB04E1169C00FFDC
S31502006AD05201119EE4FB03E1029C9BED5D3FE2FB4A
S31502006AE004E1E6FB00E1089A00FF5201049EE6FB80
S31502006AF002E1069E8EFD4F1E179AE6FB02E1059EF7
S31502006B009BED111F0B9AE6FB02E1019A9BED253FD5
S31502006B10199EE2FB06E100FF5201139E0C9AE6FB68
S31502006B2002E19BED393F1EEB080E41EB0901CDF860
S31502006B3008E000FF52010391DDE9028958EA9F69E4
S31502006B409BED4D3F1F9E159A2EF07C4100FF520190
S31502006B50A7FB06AE1161099A9BED613F109EE5FB0C
S31502006B6002AE089A00FF52010294E3FB02AEE4FB76
S31502006B7006AE8EFD531E0B9C049E9EFD471EE0FB39
S31502006B8004AE0A9C059AA1EF5025E6FB04AE069ECA
S31502006B90139CA1FF50240D99E6FB04AE44469EFDCC
S31502006BA03F5E0E9E4900341902FF54210D9E0E943B
S31502006BB0E2FB06AE8EFD573E159A24F07E445461E2
S31502006BC09EFD331E1C9C019A4CEB090C9EFD535EE6
S31502006BD0E2FB04AE129C00FF54010C9ACDF83CC0B5
S31502006BE0E4FB02AE8EFD6B1EDDE90E89CDF850A0E8
S31502006BF0099A9EFD4B1E58EA5F69A2FB074C169A3C
S31502006C00A1EF50251893E5FB024C119AA1FF5024DF
S31502006C10049EE2FB034C029B9EFD2F5E089ACDE981
S31502006C200E89E3FB024C02FF5421179B059A8EFD47
S31502006C305B3EE0FB034C0B9BE6FB034C9EFD371EC3
S31502006C40069E199BE6FB034C9EFD435E139BE2FBED
S31502006C50034C019B00FF54010C9AE3FB014C1C9B65
S31502006C608EFD6F1EE3FB024C14EB08080F9C9EFD83
S31502006C704F1ECDF818804CEB04040794A1EF502563
S31502006C80DDE9062352EA9F63CDE90623A1FF5024DC
S31502006C90159B109A9EFD335E28F07C48C3F8188037
S31502006CA0129B02FF5421A7FB02C84FEA4309089B25
S31502006CB08EFD5F3E119AE5FB03C8A7FB033A9EFDD4
S31502006CC03B1EE5FB023ADDE917240B9D9EFD475E5E
S31502006CD0E4FB023AE4FB05C8029C00FF5401059A54
S31502006CE0E4FB053A0A9D8EFD731EE4FB05C8199D59
S31502006CF0139C9EFD531EE0FB053AE0FB04C8A1EF80
S31502006D00502504981A9DE0FB043AA1FF50240D9CDD
S31502006D10E6FB013AE0FB04C89EFD375E1C98129C16
S31502006D20E6FB00C802FF5421E2FB003AE2FB04C87C
S31502006D301B988EFD633E019A149EE2FB093A9EFD64
S31502006D403F1EE2FB00C80C9AE0FB023A9EFD4B5E38
S31502006D50E2FB05C8069A00FF5401079DB4182246B5
S31502006D608EFD771E19464EEB050352EA5F639EFDC2
S31502006D70431E1598891824F07E44A1EF5025C4615C
S31502006D800C464AEB0305A1FF502454EA9F651CEB0F
S31502006D90040C62469EFD3B5E48EB050352EA5F63C6
S31502006DA0144602FF54211D4654EACF0521F07C41C8
S31502006DB08EFD673E01622CF07E419EFD2F1E4162D2
S31502006DC0A11845EB03049EFD4F5E491864418918DC
S31502006DD000FF540144EB0304219BC9188EFD7B1E60
S31502006DE00A4644F1000352EA9F639EFD577E21F054
S31502006DF07C41016022999EFD6B9E8B181E9923F0A1
S31502006E007E421BED7F1F01EB5363C0E9012324B0D1
S31502006E10BDE8F88FAFF30080AFF30080AFF30080D8
S31502006E202DE9F84FA4B007B440F2785BC2F2002B0A
S31502006E30DBF800B00BF5FE7B01A309E0AFF300809F
S31502006E400000000004000000080000000C00000022
S31502006E5093ED00FF40F27853C2F200231B6803F25F
S31502006E60F4532FEE43EF07BC4FF0260C9BED013F88
S31502006E709646536800FF5601176A9468D26802FF65
S31502006E8058210CFB02F615900A9220EF5041DEF8CB
S31502006E9010008A691E968BED655F0292DEF8146019
S31502006EA000EBC00222EF52A100EB4208CDF860804F
S31502006EB0DEF81C200EFD35BE0CFB06F80D961BED0A
S31502006EC06B1F0E691B9704969BED153F0F6A1646BC
S31502006ED04D6A00FF56011497DEF81870199502FFE5
S31502006EE058213A462546CDF87480B2EF50450CFB40
S31502006EF006F807EBC70704EBC404B2FF504402EBE3
S31502006F00470A0B9505EB44040EFD595E10930CFBE4
S31502006F1003F5B2EF52A51390CB694869B2FF52A4AA
S31502006F201C921296CDF858808EFD0BBECF68DEF805
S31502006F30242006971BED571F8F680CFB02FC059752
S31502006F409BED293FDEF800701A924A6800FF56014F
S31502006F5008971B9F019202FF58210A680A99A2EF1D
S31502006F605245CDF844C007EBC70C07EB4C0CA2FF09
S31502006F70524401EBC10E149F01EB4E0E0EFD7D5ED7
S31502006F80CDF824C0AEFB07EC1999A1EF50A5189EC7
S31502006F90E1FB04ECA4FB0741A1FF50A41893E6FB16
S31502006FA003EC199B0EFD19BE059FE3FB05411BED84
S31502006FB0431FA046189B1E9D9BED3D3F029CE5FB91
S31502006FC00381E6FB048100FF56011D9C049DE4FB40
S31502006FD0008102FF5821EAFB0581169C1896B5EF3F
S31502006FE05245069EE4FB0681099EB5FF5244019C6A
S31502006FF0E6FB0781119E0EFD3D5EE6FB0481089EBF
S31502007000B4EF50A5029CE6FB02810D9EB4FF50A48C
S315020070100F9106EBC60106EB41018EFD27BEE1FB91
S3150200702004EC129CEAFB00EC1BED2F1FCDF8388016
S3150200703028F07C48CDF884809BED513F04EBC408D0
S3150200704004EB4808E8FB05EC00FF5601069E099D85
S315020070501F9002FF5821E5FB06ECDDE90E67A9EF5A
S31502007060504556EA9F6740461A9DA9FF5044CDE90E
S315020070700E6705EBC508059F0EFD615E05EB480828
S31502007080E8FB07EC089CA9EF52A5019D0C92E5FBD3
S3150200709004ECA9FF52A4109D0E9CE5FB02EC8EFDAA
S315020070A003BE6A00149F9EFD5B7E17920F9A1EEB2B
S315020070B004049EFD6F9E46464CEB0209A0461BED5C
S315020070C07B1FDDE9182524F07E4CA7FB01419BEDD1
S315020070D0053FE5FB02410246EAFB034100FF56017A
S315020070E020900298CDF888C002FF5821E2FB0041A9
S315020070F01F98099AA1EF52451F96E2FB0041A1FF94
S3150200710052443246049E58EA5F690EFD715EE2FB06
S315020071100641069E089A20EF50A1E6FB0241109E08
S31502007120059A0EFD0DBEE2FB06410B9E019A1BED72
S31502007130671FE2FB0641A4460C9A9BED193F0A9C87
S31502007140049EE4FB02C100FF5601189CCDF88CC0D8
S3150200715002FF5821A4FB07EC1E9C169AB6EF504577
S31502007160E5FB04EC1D9C059FB6FF5044E4FB03ECD3
S31502007170029CEAFB04EC8BED695FE2FB00EC099AE8
S31502007180E2FB06ECB6EF52A5069E119AE2FB06EC6E
S31502007190B6FF52A4089AE7FB02EC0EFD31BE179A1F
S315020071A0019FE7FB02EC1BED531FDDE90B72E7FBC8
S315020071B002EC1EEB080E9BED2D3F4CEB0902CDF8BF
S315020071C038E00F9200FF56010A9ADDE90E8958EA65
S315020071D09F6902FF58212EF07C4C5200CDF878C0F0
S315020071E0A5EF50451992209A149FA5FF5044CDE968
S315020071F00E89A7FB02EC0EFD555EE5FB0AEC099A29
S31502007200E2FB03ECA5EF52A51F9AE2FB04EC089AF7
S31502007210A5FF52A4049CE0FB02EC109A8EFD0FBE61
S31502007220E4FB02EC0B9C019A1BED3F1FE6FB04EC10
S315020072300A9C059E9BED413FE6FB04EC4446239ED9
S3150200724000FF56013419A04602FF58210F9E24F072
S315020072507E4441EB0609B7EF5245139958EA5F6936
S31502007260E2FB01ECB7FF5244DDE90C16E6FB01EC4A
S31502007270159A0EFD795ECDF838E0AAFB07E1D460D7
S31502007280B6EF50A51D9C099AE5FB04E1B6FF50A492
S31502007290169C119EE4FB03E10EFD15BE029CE2FB69
S315020072A004E11BED2B1FE6FB00E1089A049E9BED11
S315020072B0553FE6FB02E1069E179A00FF5601E6FBE2
S315020072C002E1059E0B9A02FF5821E6FB02E1019AB2
S315020072D0199EA1EF5045E2FB06E1139E0C9AA1FF0F
S315020072E05044E6FB02E11EEB080E0EFD395E41EB51
S315020072F00901CDF808E00391A1EF52A5DDE9028963
S3150200730058EA9F691F9EA1FF52A4159A2EF07C414E
S31502007310A7FB06AE8EFD2BBE1161099A109E9EFD3D
S315020073205F7EE5FB02AE089A02949EFD739EE3FB26
S3150200733002AEE4FB06AE0B9C1BED771F049EE0FB40
S3150200734004AE9BED093F0A9C059AE6FB04AE00FFDC
S315020073505601069E139C0D9902FF5821E6FB04AEC8
S3150200736044460E9EBFEF5045490034190D9EBFFF9D
S3150200737050440E94E2FB06AE159A0EFD495E24F0C9
S315020073807E4454611C9CBFEF52A5019A4CEB090C3A
S31502007390BFFF52A4E2FB04AE129C0C9A8EFD1BBEEA
S315020073A0CDF83CC0E4FB02AEDDE90E891BED631F9E
S315020073B0CDF850A0099A58EA5F699BED1D3FA2FBE2
S315020073C0074C169A189300FF5601E5FB024C119AD8
S315020073D0049E02FF5821E2FB034C029BA3EF504599
S315020073E0089ACDE90E89E3FB024CA3FF5044179B92
S315020073F0059AE0FB034C0EFD6D5E0B9BE6FB034C10
S31502007400069EA3EF52A5199BE6FB034C139BA3FF13
S3150200741052A4E2FB034C019B0C9A0EFD09BEE3FB50
S31502007420014C1C9BE3FB024C1BED4F1F14EB08089F
S315020074300F9C9BED313FCDF818804CEB040407946A
S3150200744000FF5601DDE9062352EA9F63CDE90623D2
S3150200745002FF5821159B109A28F07C48B6EF524538
S31502007460C3F81880129BA7FB02C8B6FF52444FEA24
S315020074704309089B119A8BED6D5FE5FB03C8A7FBD9
S31502007480033AE5FB023AB5EF50A5DDE917240B9D59
S31502007490B5FF50A4E4FB023AE4FB05C8029C0EFDCC
S315020074A02DBE059AE4FB053A0A9D1BED3B1FE4FB44
S315020074B005C8199D139C9BED453FE0FB053AE0FB91
S315020074C004C8049800FF56011A9DE0FB043A0D9C7D
S315020074D002FF5821E6FB013AE0FB04C8A8EF524539
S315020074E01C98129CE6FB00C8A8FF5244E2FB003A35
S315020074F0E2FB04C81B980EFD515E019A149EE2FB44
S31502007500093AA7EF50A5E2FB00C80C9AE0FB023A43
S31502007510A7FF50A4E2FB05C8069A079D8EFD13BE7F
S31502007520B418224619461BED271F4EEB050352EAF5
S315020075305F639BED593F1598891824F07E4400FF3E
S315020075405601C4610C464AEB030502FF582154EA70
S315020075509F651CEB040C6246BFEF524548EB0503E0
S3150200756052EA5F631446BFFF52441D4654EACF05F2
S3150200757021F07C410EFD755E01622CF07E41416276
S31502007580BEEF50A5A11845EB0304BEFF50A449184F
S31502007590644189180EFD11BE44EB0304219BC918F0
S315020075A09EFD637E0A4644F1000352EA9F639EFDF6
S315020075B0779E21F07C41016022991BED731F8B1887
S315020075C01E9923F07E429BED0D3F01EB5363C0E90A
S315020075D0012324B0BDE8F88FAFF30080AFF300803B
S315020075E02DE9F84FA4B007B440F2785BC2F2002B43
S315020075F0DBF800B00BF5FE7B01A309E0AFF30080D8
S315020076000000000004000000080000000C0000005A
S3150200761093ED00FF40F27853C2F200231B6803F297
S31502007620F4532FEE43EF07BC4FF0260C00FF560132
S315020076309646536802FF5821176A9468D268AEEFDD
S3150200764050450CFB02F615900A92AEFF5044DEF846
S3150200765010008A691E968BED795F0292DEF814603D
S3150200766000EBC002AEEF52A500EB4208CDF86080F7
S31502007670DEF81C20AEFF52A40CFB06F80D960EFD9A
S3150200768021BE0E691B9704961BED5F1F0F6A1646F5
S315020076904D6A9BED213F1497DEF81870199500FF8D
S315020076A056013A462546CDF8748002FF58210CFB56
S315020076B006F807EBC70704EBC404BCEF524502EB1E
S315020076C0470A0B9505EB4404BCFF524410930CFB8E
S315020076D003F50EFD455E1390CB694869BBEF50A5D5
S315020076E01C921296CDF85880BBFF50A4CF68DEF8E4
S315020076F0242006978EFD1FBE8F680CFB02FC0597A1
S315020077001BED4B1FDEF800701A924A689BED353F5F
S3150200771008971B9F019200FF56010A680A9902FF09
S315020077205821CDF844C007EBC70C07EB4C0CADEF64
S31502007730524501EBC10E149F01EB4E0EADFF5244B2
S31502007740CDF824C0AEFB07EC19990EFD695E189EB2
S31502007750E1FB04ECA4FB0741ACEF50A51893E6FB52
S3150200776003EC199BACFF50A4059FE3FB05410EFDFC
S3150200777005BEA046189B1E9D1BED371F029CE5FB0E
S315020077800381E6FB04819BED493F1D9C049DE4FBBE
S31502007790008100FF5601EAFB0581169C189602FF3E
S315020077A05821069EE4FB0681099EABEF5245019CD9
S315020077B0E6FB0781119EABFF5244E6FB0481089E5D
S315020077C08BED715F029CE6FB02810D9EAAEF50A52E
S315020077D00F9106EBC60106EB4101AAFF50A4E1FB9D
S315020077E004EC129CEAFB00EC0EFD29BECDF83880B3
S315020077F028F07C48CDF884801BED231F04EBC408D7
S3150200780004EB4808E8FB05EC9BED5D3F069E099DEF
S315020078101F9000FF5601E5FB06ECDDE90E6702FF4D
S31502007820582156EA9F6740461A9DBCEF5045CDE95E
S315020078300E6705EBC508059FBCFF504405EB4808DB
S31502007840E8FB07EC089C0EFD4D5E019D0C92E5FBE4
S3150200785004ECBCEF52A5109D0E9CE5FB02ECBCFFAE
S3150200786052A46A00149F8EFD17BE17920F9A1EEB42
S3150200787004049EFD677E46464CEB0209A0469EFD29
S315020078807B9EDDE9182524F07E4CA7FB01411BED0A
S315020078906F1FE5FB02410246EAFB03419BED113FE6
S315020078A020900298CDF888C000FF5601E2FB004105
S315020078B01F98099A02FF58211F96E2FB0041AEEF7C
S315020078C052453246049E58EA5F69AEFF5244E2FBD5
S315020078D00641069E089A0EFD5D5EE6FB0241109E7B
S315020078E0059AADEF50A5E2FB06410B9E019AADFF4C
S315020078F050A4E2FB0641A4460C9A8EFD07BE0A9CE2
S31502007900049EE4FB02C11BED5B1F189CCDF88CC0E4
S315020079109BED253FA4FB07EC1E9C169A00FF560121
S31502007920E5FB04EC1D9C059F02FF5821E4FB03ECDA
S31502007930029CEAFB04ECAAEF5045E2FB00EC099A32
S31502007940E2FB06ECAAFF5044069E119AE2FB06EC05
S315020079508BED7D5F089AE7FB02ECAAEF52A5179A18
S31502007960019FE7FB02ECAAFF52A4DDE90B72E7FBDB
S3150200797002EC1EEB080E0EFD1DBE4CEB0902CDF805
S3150200798038E00F921BED471F0A9ADDE90E8958EA85
S315020079909F699BED393F2EF07C4C5200CDF878C0A2
S315020079A000FF56011992209A149F02FF5821CDE931
S315020079B00E89A7FB02ECB4EF5245E5FB0AEC099AE5
S315020079C0E2FB03ECB4FF52441F9AE2FB04EC089A72
S315020079D00EFD415E049CE0FB02EC109AB3EF50A54B
S315020079E0E4FB02EC0B9C019AB3FF50A4E6FB04EC09
S315020079F00A9C059E8EFD23BEE6FB04EC4446239EAE
S31502007A001BED331F3419A0469BED4D3F0F9E24F00C
S31502007A107E4441EB060900FF5601139958EA5F6955
S31502007A20E2FB01EC02FF5821DDE90C16E6FB01EC54
S31502007A30159AA4EF5045CDF838E0AAFB07E1D460C9
S31502007A40A4FF50441D9C099AE5FB04E10EFD655E08
S31502007A50169C119EE4FB03E1A4EF52A5029CE2FBF5
S31502007A6004E1A4FF52A4E6FB00E1089A049E0EFD7F
S31502007A7001BEE6FB02E1069E179A1BED1F1FE6FBFF
S31502007A8002E1059E0B9A9BED613FE6FB02E1019A3C
S31502007A90199E00FF5601E2FB06E1139E0C9A02FFB5
S31502007AA05821E6FB02E11EEB080EA7EF504541EB1B
S31502007AB00901CDF808E00391A7FF5044DDE90289E8
S31502007AC058EA9F691F9E8BED755F159A2EF07C41D1
S31502007AD0A7FB06AEA7EF52A51161099A109EA7FF52
S31502007AE052A4E5FB02AE089A02940EFD25BEE3FB04
S31502007AF002AEE4FB06AE0B9C9BED651F049EE0FB0B
S31502007B0004AE9BED693F0A9C059AE6FB04AE9BED2B
S31502007B106D5F069E139C0D999BED71BFE6FB04AE4D
S31502007B2044460E9E9BED75DF490034190D9E14EFF7
S31502007B3052610E94E2FB06AE159A06FF506124F0DE
S31502007B407E4454611C9C0BED7F7F019A4CEB090C21
S31502007B501AEF5461E2FB04AE129C0C9A06FF5261C4
S31502007B60CDF83CC0E4FB02AEDDE90E890BED7B7F6E
S31502007B70CDF850A0099A58EA5F691CEF5A61A2FB38
S31502007B80074C169A189306FF5461E5FB024C119AAC
S31502007B90049E0BED777FE2FB034C029B10EF5C61C8
S31502007BA0089ACDE90E89E3FB024C06FF5A61179B40
S31502007BB0059AE0FB034C0BED737F0B9BE6FB034C34
S31502007BC0069E12EF5061199BE6FB034C139B06FFC0
S31502007BD05C61E2FB034C019B0C9A0BED6F7FE3FBAE
S31502007BE0014C1C9BE3FB024C9BED791F14EB08082E
S31502007BF00F9C9BED7D3FCDF818804CEB0404079457
S31502007C001EFD7D5EDDE9062352EA9F63CDE906236A
S31502007C101EFD79BE159B109A28F07C481EFD75DE66
S31502007C20C3F81880129BA7FB02C814EF52614FEAF1
S31502007C304309089B119A06FF5061E5FB03C8A7FB9F
S31502007C40033AE5FB023A0BED6B7FDDE917240B9D48
S31502007C501AEF5461E4FB023AE4FB05C8029C06FFF4
S31502007C605261059AE4FB053A0A9D0BED677FE4FB38
S31502007C7005C8199D139C1CEF5A61E0FB053AE0FB0F
S31502007C8004C8049806FF54611A9DE0FB043A0D9C51
S31502007C900BED637FE6FB013AE0FB04C810EF5C6183
S31502007CA01C98129CE6FB00C806FF5A61E2FB003AEA
S31502007CB0E2FB04C81B980BED5F7F019A149EE2FB60
S31502007CC0093A12EF5061E2FB00C80C9AE0FB023A55
S31502007CD006FF5C61E2FB05C8069A079D0BED5B7F1A
S31502007CE0B418224619461EFD711E4EEB050352EAD2
S31502007CF05F631EFD6D3E1598891824F07E441EFDB5
S31502007D00695EC4610C464AEB03051EFD65BE54EA74
S31502007D109F651CEB040C62461EFD61DE48EB050303
S31502007D2052EA5F63144614EF52611D4654EACF05C8
S31502007D3021F07C4106FF506101622CF07E414162D6
S31502007D400BED577FA11845EB03041AEF546149184E
S31502007D506441891806FF526144EB0304219BC9184A
S31502007D600BED537F0A4644F1000352EA9F631CEF70
S31502007D705A6121F07C410160229906FF54618B18F9
S31502007D801E9923F07E420BED4F7F01EB5363C0E950
S31502007D90012324B0BDE8F88FAFF30080AFF3008073
S31502007DA02DE9F84FA4B007B440F2785BC2F2002B7B
S31502007DB0DBF800B00BF5FE7B01A309E0AFF3008010
S31502007DC00000000004000000080000000C00000093
S31502007DD093ED00FF40F27853C2F200231B6803F2D0
S31502007DE0F4532FEE43EF07BC4FF0260C10EF5C6105
S31502007DF09646536806FF5A61176A9468D2680BED75
S31502007E004B7F0CFB02F615900A9212EF5061DEF8D8
S31502007E1010008A691E9606FF5C610292DEF8146003
S31502007E2000EBC0020BED477F00EB4208CDF8608005
S31502007E30DEF81C201EFD5D1E0CFB06F80D961EFDCF
S31502007E40593E0E691B9704961EFD555E0F6A16462D
S31502007E504D6A1EFD51BE1497DEF8187019951EFD67
S31502007E604DDE3A462546CDF8748014EF52610CFB7E
S31502007E7006F807EBC70704EBC40406FF506102EBE2
S31502007E80470A0B9505EB44040BED437F10930CFB5D
S31502007E9003F51AEF54611390CB69486906FF5261E4
S31502007EA01C921296CDF858800BED3F7FCF68DEF814
S31502007EB0242006971CEF5A618F680CFB02FC05977B
S31502007EC006FF5461DEF800701A924A680BED3B7F9A
S31502007ED008971B9F019210EF5C610A680A9906FFD8
S31502007EE05A61CDF844C007EBC70C07EB4C0C0BEDFF
S31502007EF0377F01EBC10E149F01EB4E0E12EF50615C
S31502007F00CDF824C0AEFB07EC199906FF5C61189EFA
S31502007F10E1FB04ECA4FB07410BED337F1893E6FB70
S31502007F2003EC199B1EFD491E059FE3FB05411EFD41
S31502007F30453EA046189B1E9D1EFD415E029CE5FB2A
S31502007F400381E6FB04811EFD3DBE1D9C049DE4FBF0
S31502007F5000811EFD39DEEAFB0581169C189614EF98
S31502007F605261069EE4FB0681099E06FF5061019C52
S31502007F70E6FB0781119E0BED2F7FE6FB0481089E2F
S31502007F801AEF5461029CE6FB02810D9E06FF5261C6
S31502007F900F9106EBC60106EB41010BED2B7FE1FBD0
S31502007FA004EC129CEAFB00EC1CEF5A61CDF8388017
S31502007FB028F07C48CDF8848006FF546104EBC4089F
S31502007FC004EB4808E8FB05EC0BED277F069E099DAE
S31502007FD01F9010EF5C61E5FB06ECDDE90E6706FF1C
S31502007FE05A6156EA9F6740461A9D0BED237FCDE9FB
S31502007FF00E6705EBC508059F12EF506105EB4808B1
S31502008000E8FB07EC089C06FF5C61019D0C92E5FB10
S3150200801004EC0BED1F7F109D0E9CE5FB02EC1EFD92
S31502008020351E6A00149F1EFD313E17920F9A1EEBF3
S3150200803004041EFD2D5E46464CEB0209A0461EFDBB
S3150200804029BEDDE9182524F07E4CA7FB01411EFD61
S3150200805025DEE5FB02410246EAFB034114EF5261CB
S3150200806020900298CDF888C006FF5061E2FB0041DD
S315020080701F98099A8BED017F1F96E2FB00411AEFCA
S3150200808054613246049E58EA5F6906FF5261E2FB7A
S315020080900641069E089A8BED057FE6FB0241109E7D
S315020080A0059A1CEF5A61E2FB06410B9E019A06FFF6
S315020080B05461E2FB0641A4460C9A8BED097F0A9CA9
S315020080C0049EE4FB02C110EF5C61189CCDF88CC0E3
S315020080D006FF5A61A4FB07EC1E9C169A8BED0D7FD8
S315020080E0E5FB04EC1D9C059F12EF5061E4FB03ECDB
S315020080F0029CEAFB04EC06FF5C61E2FB00EC099AD7
S31502008100E2FB06EC8BED117F069E119AE2FB06EC72
S315020081101EFD211E089AE7FB02EC1EFD1D3E179A64
S31502008120019FE7FB02EC1EFD195EDDE90B72E7FB20
S3150200813002EC1EEB080E1EFD15BE4CEB0902CDF835
S3150200814038E00F921EFD11DE0A9ADDE90E8958EA21
S315020081509F6914EF52612EF07C4C5200CDF878C024
S3150200816006FF50611992209A149F8BED157FCDE977
S315020081700E89A7FB02EC1AEF5461E5FB0AEC099A99
S31502008180E2FB03EC06FF52611F9AE2FB04EC089A3B
S315020081908BED197F049CE0FB02EC109A1CEF5A61EE
S315020081A0E4FB02EC0B9C019A06FF5461E6FB04EC2D
S315020081B00A9C059E8BED1D7FE6FB04EC4446239E3E
S315020081C010EF5C613419A04606FF5A610F9E24F037
S315020081D07E4441EB06098BED217F139958EA5F69CC
S315020081E0E2FB01EC12EF5061DDE90C16E6FB01EC55
S315020081F0159A06FF5C61CDF838E0AAFB07E1D46068
S315020082008BED257F1D9C099AE5FB04E11EFD0D1EE3
S31502008210169C119EE4FB03E11EFD093E029CE2FB55
S3150200822004E11EFD055EE6FB00E1089A049E1EFDC2
S3150200823001BEE6FB02E1069E179A9EFD03DEE6FB01
S3150200824002E1059E0B9A14EF5261E6FB02E1019AE6
S31502008250199E06FF5061E2FB06E1139E0C9A8BED16
S31502008260297FE6FB02E11EEB080E1AEF546141EB91
S315020082700901CDF808E0039106FF5261DDE90289A2
S3150200828058EA9F691F9E8BED2D7F159A2EF07C4131
S31502008290A7FB06AE1CEF5A611161099A109E06FFF2
S315020082A05461E5FB02AE089A02948BED317FE3FB43
S315020082B002AEE4FB06AE0B9C10EF5C61049EE0FB93
S315020082C004AE06FF5A610A9C059AE6FB04AE8BEDE4
S315020082D0357F069E139C0D9912EF5061E6FB04AEA4
S315020082E044460E9E06FF5C61490034190D9E8BEDD5
S315020082F0397F0E94E2FB06AE159A9EFD071E24F008
S315020083007E4454611C9C9EFD0B3E019A4CEB090C6B
S315020083109EFD0F5EE2FB04AE129C0C9A9EFD13BEFE
S31502008320CDF83CC0E4FB02AEDDE90E899EFD17DE08
S31502008330CDF850A0099A58EA5F6914EF5261A2FB80
S31502008340074C169A189306FF5061E5FB024C119AE8
S31502008350049E8BED3D7FE2FB034C029B1AEF5461B8
S31502008360089ACDE90E89E3FB024C06FF5261179B80
S31502008370059AE0FB034C8BED417F0B9BE6FB034C1E
S31502008380069E1CEF5A61199BE6FB034C139B06FFE4
S315020083905461E2FB034C019B0C9A8BED457FE3FB98
S315020083A0014C1C9BE3FB024C10EF5C6114EB0808CA
S315020083B00F9C06FF5A61CDF818804CEB0404079413
S315020083C08BED497FDDE9062352EA9F63CDE9062359
S315020083D012EF5061159B109A28F07C4806FF5C61EB
S315020083E0C3F81880129BA7FB02C88BED4D7F4FEA9C
S315020083F04309089B119A9EFD1B1EE5FB03C8A7FBBA
S31502008400033AE5FB023A9EFD1F3EDDE917240B9D6A
S315020084109EFD235EE4FB023AE4FB05C8029C9EFD38
S3150200842027BE059AE4FB053A0A9D9EFD2BDEE4FB78
S3150200843005C8199D139C14EF5261E0FB053AE0FB57
S3150200844004C8049806FF50611A9DE0FB043A0D9C8D
S315020084508BED517FE6FB013AE0FB04C81AEF54614B
S315020084601C98129CE6FB00C806FF5261E2FB003A2A
S31502008470E2FB04C81B988BED557F019A149EE2FB22
S31502008480093A1CEF5A61E2FB00C80C9AE0FB023A79
S3150200849006FF5461E2FB05C8069A079D8BED597FDC
S315020084A0B4182246194610EF5C614EEB050352EAF8
S315020084B05F6306FF5A611598891824F07E448BED96
S315020084C05D7FC4610C464AEB030512EF506154EA24
S315020084D09F651CEB040C624606FF5C6148EB0503D4
S315020084E052EA5F6314468BED617F1D4654EACF055F
S315020084F021F07C411BED1B1F01622CF07E41416283
S315020085001BED7F3FA11845EB030402FF50214918DA
S31502008510644189180BED7F3F44EB0304219BC91884
S315020085201BED171F0A4644F1000352EA9F639BEDB7
S31502008530013F21F07C410160229902FF50218B18F4
S315020085401E9923F07E428BED013F01EB5363C0E996
S31502008550012324B0BDE8F88FAFF30080AFF30080AB
S315020085602DE9F84FA4B007B440F2785BC2F2002BB3
S31502008570DBF800B00BF5FE7B01A309E0AFF3008048
S315020085800000000004000000080000000C000000CB
S3150200859093ED00FF40F27853C2F200231B6803F208
S315020085A0F4532FEE43EF07BC4FF0260C1BED7F1F53
S315020085B096465368176A9468D2681BED6B3F0CFBAC
S315020085C002F615900A92DEF810008A691E9600FFDE
S315020085D052010292DEF8146000EBC00200EB420880
S315020085E0CDF86080DEF81C201BED573F0CFB06F829
S315020085F00D960E691B9704960F6A00FF52011646E6
S315020086004D6A1497DEF8187019951BED433F3A46EA
S315020086102546CDF874800CFB06F807EBC70704EB7A
S31502008620C40400FF520102EB470A0B9505EB440412
S3150200863010930CFB03F513901BED2F3FCB69486992
S315020086401C921296CDF85880CF6800FF5201DEF8D0
S31502008650242006978F680CFB02FC05978EFD2F1EC1
S31502008660DEF800701A924A6808971B9F01921BED6A
S315020086707B1F0A680A99CDF844C007EBC70C07EBC3
S315020086804C0C01EBC10E1BED673F149F01EB4E0E26
S31502008690CDF824C0AEFB07EC1999189E00FF5201D3
S315020086A0E1FB04ECA4FB07411893E6FB03EC199BE0
S315020086B0059F1BED533FE3FB0541A046189B1E9DFC
S315020086C0029C00FF5201E5FB0381E6FB04811D9C2F
S315020086D0049DE4FB0081EAFB05811BED3F3F169CEE
S315020086E01896069EE4FB0681099E019C00FF520134
S315020086F0E6FB0781119EE6FB0481089E029CE6FBCF
S3150200870002811BED2B3F0D9E0F9106EBC60106EB78
S315020087104101E1FB04EC00FF5201129CEAFB00EC72
S31502008720CDF8388028F07C48CDF8848004EBC40864
S315020087308EFD331E04EB4808E8FB05EC069E099DF8
S315020087401F90E5FB06EC1BED771FDDE90E6756EA87
S315020087509F6740461A9DCDE90E6705EBC5081BEDDE
S31502008760633F059F05EB4808E8FB07EC089C019D63
S315020087700C9200FF5201E5FB04EC109D0E9CE5FBFA
S3150200878002EC6A001BED4F3F149F17920F9A1EEBE5
S31502008790040446464CEB020900FF5201A046DDE9FD
S315020087A0182524F07E4CA7FB0141E5FB0241024657
S315020087B01BED3B3FEAFB034120900298CDF888C0AF
S315020087C0E2FB00411F9800FF5201099A1F96E2FB45
S315020087D000413246049E1BED273F58EA5F69E2FBE1
S315020087E00641069E089AE6FB0241109E00FF5201D0
S315020087F0059AE2FB06410B9E019AE2FB0641A4465C
S315020088008EFD371E0C9A0A9C049EE4FB02C1189C3C
S31502008810CDF88CC01BED731FA4FB07EC1E9C169AA9
S31502008820E5FB04EC1D9C059F1BED5F3FE4FB03EC9F
S31502008830029CEAFB04ECE2FB00EC099A00FF5201FF
S31502008840E2FB06EC069E119AE2FB06EC089AE7FBAF
S3150200885002EC1BED4B3F179A019FE7FB02ECDDE9A9
S315020088600B72E7FB02EC1EEB080E00FF52014CEB0B
S315020088700902CDF838E00F920A9ADDE90E8958EA24
S315020088809F691BED373F2EF07C4C5200CDF878C025
S315020088901992209A00FF5201149FCDE90E89A7FB77
S315020088A002ECE5FB0AEC099AE2FB03EC1BED233F23
S315020088B01F9AE2FB04EC089A049CE0FB02EC109A75
S315020088C000FF5201E4FB02EC0B9C019AE6FB04EC6E
S315020088D00A9C059E8EFD3B1EE6FB04EC4446239E47
S315020088E03419A0460F9E1BED6F1F24F07E4441EB08
S315020088F00609139958EA5F69E2FB01EC1BED5B3F3F
S31502008900DDE90C16E6FB01EC159ACDF838E0AAFB78
S3150200891007E1D46000FF52011D9C099AE5FB04E1C0
S31502008920169C119EE4FB03E11BED473F029CE2FB12
S3150200893004E1E6FB00E1089A049EE6FB02E100FF81
S315020089405201069E179AE6FB02E1059E0B9A1BED63
S31502008950333FE6FB02E1019A199EE2FB06E1139E12
S315020089600C9A00FF5201E6FB02E11EEB080E41EBF8
S315020089700901CDF808E00391DDE902891BED1F3FED
S3150200898058EA9F691F9E159A2EF07C41A7FB06AEF8
S31502008990116100FF5201099A109EE5FB02AE089A88
S315020089A00294E3FB02AE8EFD3F1EE4FB06AE0B9C79
S315020089B0049EE0FB04AE0A9C9BED011F059AE6FBB2
S315020089C004AE069E139C0D99E6FB04AE9BED153F85
S315020089D044460E9E490034190D9E0E9400FF520124
S315020089E0E2FB06AE159A24F07E4454611C9C019A61
S315020089F09BED293F4CEB090CE2FB04AE129C0C9A50
S31502008A00CDF83CC000FF5201E4FB02AEDDE90E895F
S31502008A10CDF850A0099A58EA5F69A2FB074C9BED74
S31502008A203D3F169A1893E5FB024C119A049EE2FB0F
S31502008A30034C00FF5201029B089ACDE90E89E3FB23
S31502008A40024C179B059A9BED513FE0FB034C0B9B97
S31502008A50E6FB034C069E199BE6FB034C00FF520104
S31502008A60139BE2FB034C019B0C9AE3FB014C8EFD2C
S31502008A70431E1C9BE3FB024C14EB08080F9CCDF82B
S31502008A8018804CEB04049BED051F0794DDE90623D1
S31502008A9052EA9F63CDE90623159B109A9BED193F77
S31502008AA028F07C48C3F81880129BA7FB02C84FEA3D
S31502008AB04309089B00FF5201119AE5FB03C8A7FB75
S31502008AC0033AE5FB023ADDE917249BED2D3F0B9DA8
S31502008AD0E4FB023AE4FB05C8029C059AE4FB053A6C
S31502008AE000FF52010A9DE4FB05C8199D139CE0FB99
S31502008AF0053AE0FB04C89BED413F04981A9DE0FB52
S31502008B00043A0D9CE6FB013AE0FB04C800FF520161
S31502008B101C98129CE6FB00C8E2FB003AE2FB04C882
S31502008B201B989BED553F019A149EE2FB093AE2FB24
S31502008B3000C80C9A00FF5201E0FB023AE2FB05C8AC
S31502008B40069A079DB41822468EFD471E19464EEB1D
S31502008B50050352EA5F631598891824F07E449BED5B
S31502008B60091FC4610C464AEB030554EA9F651CEBD8
S31502008B70040C62469BED1D3F48EB050352EA5F6318
S31502008B8014461D4654EACF0500FF520121F07C41EE
S31502008B9001622CF07E414162A11845EB03049BED74
S31502008BA0313F49186441891844EB0304219BC918D3
S31502008BB000FF52010A4644F1000352EA9F6321F084
S31502008BC07C41016022999BED453F8B181E9923F04B
S31502008BD07E4201EB5363C0E9012324B0BDE8F88F5E
S31502008BE02DE9F84FA4B007B440F2785BC2F2002B2D
S31502008BF0DBF800B00BF5FE7B01A309E0AFF30080C2
S31502008C000000000004000000080000000C00000044
S31502008C1093ED00FF40F27853C2F200231B6803F281
S31502008C20F4532FEE43EF07BC4FF0260C00FF520120
S31502008C3096465368176A9468D2689BED593F0CFBB7
S31502008C4002F615900A92DEF810008A691E9600FF57
S31502008C5052010292DEF8146000EBC00200EB4208F9
S31502008C60CDF86080DEF81C208EFD4B1E0CFB06F84C
S31502008C700D960E691B9704969BED0D1F0F6A1646FD
S31502008C804D6A1497DEF8187019959BED213F3A4606
S31502008C902546CDF874800CFB06F807EBC70704EBF4
S31502008CA0C40400FF520102EB470A0B9505EB44048C
S31502008CB010930CFB03F59BED353F1390CB69486986
S31502008CC01C921296CDF8588000FF5201CF68DEF84A
S31502008CD0242006978F680CFB02FC05979BED493F03
S31502008CE0DEF800701A924A6808971B9F019200FFED
S31502008CF052010A680A99CDF844C007EBC70C07EB84
S31502008D004C0C9BED5D3F01EBC10E149F01EB4E0E29
S31502008D10CDF824C0AEFB07EC199900FF5201189E4C
S31502008D20E1FB04ECA4FB07411893E6FB03EC199B59
S31502008D308EFD4F1E059FE3FB0541A046189B1E9D17
S31502008D409BED111F029CE5FB0381E6FB04811D9C42
S31502008D50049DE4FB00819BED253FEAFB0581169C01
S31502008D601896069EE4FB0681099E00FF5201019CAD
S31502008D70E6FB0781119EE6FB0481089E9BED393FC7
S31502008D80029CE6FB02810D9E0F9106EBC60106EBE5
S31502008D90410100FF5201E1FB04EC129CEAFB00ECEC
S31502008DA0CDF8388028F07C48CDF884809BED4D3F85
S31502008DB004EBC40804EB4808E8FB05EC069E099D93
S31502008DC01F9000FF5201E5FB06ECDDE90E6756EA4D
S31502008DD09F6740461A9D9BED613FCDE90E6705EB05
S31502008DE0C508059F05EB4808E8FB07EC089C00FF51
S31502008DF05201019D0C92E5FB04EC109D0E9CE5FBD5
S31502008E0002EC8EFD531E6A00149F17920F9A1EEBF8
S31502008E1004049EFD471E46464CEB0209A046DDE9C8
S31502008E20182524F07E4CA7FB0141A1EF5025E5FB56
S31502008E3002410246EAFB034120900298CDF888C01F
S31502008E40A1FF5024E2FB00411F98099A1F96E2FBFC
S31502008E5000419EFD3F5E3246049E58EA5F69E2FB90
S31502008E600641069E089A02FF5421E6FB0241109E25
S31502008E70059AE2FB06410B9E019A8EFD573EE2FBE6
S31502008E800641A4460C9A0A9C049EE4FB02C19EFD7E
S31502008E90331E189CCDF88CC0A4FB07EC1E9C169AB8
S31502008EA09EFD535EE5FB04EC1D9C059FE4FB03EC73
S31502008EB0029CEAFB04EC00FF5401E2FB00EC099A77
S31502008EC0E2FB06EC069E119AE2FB06EC8EFD6B1E99
S31502008ED0089AE7FB02EC179A019FE7FB02EC9EFD5C
S31502008EE04B1EDDE90B72E7FB02EC1EEB080E4CEBA8
S31502008EF00902CDF838E00F92A1EF50250A9ADDE972
S31502008F000E8958EA9F692EF07C4C5200CDF878C043
S31502008F10A1FF50241992209A149FCDE90E89A7FB2E
S31502008F2002EC9EFD2F5EE5FB0AEC099AE2FB03ECDE
S31502008F301F9AE2FB04EC089A02FF5421049CE0FB10
S31502008F4002EC109AE4FB02EC0B9C019A8EFD5B3E4E
S31502008F50E6FB04EC0A9C059EE6FB04EC4446239ED3
S31502008F609EFD371E3419A0460F9E24F07E4441EB27
S31502008F7006099EFD435E139958EA5F69E2FB01EC1E
S31502008F80DDE90C16E6FB01EC159A00FF5401CDF85B
S31502008F9038E0AAFB07E1D4601D9C099AE5FB04E1CF
S31502008FA08EFD6F1E169C119EE4FB03E1029CE2FB02
S31502008FB004E19EFD4F1EE6FB00E1089A049EE6FBD5
S31502008FC002E1069E179AA1EF5025E6FB02E1059EF5
S31502008FD00B9AE6FB02E1019A199EA1FF5024E2FBDD
S31502008FE006E1139E0C9AE6FB02E11EEB080E9EFDBD
S31502008FF0335E41EB0901CDF808E00391DDE9028910
S3150200900058EA9F691F9E02FF5421159A2EF07C4151
S31502009010A7FB06AE1161099A109E8EFD5F3EE5FB27
S3150200902002AE089A0294E3FB02AEE4FB06AE0B9C88
S315020090309EFD3B1E049EE0FB04AE0A9C059AE6FBDF
S3150200904004AE9EFD475E069E139C0D99E6FB04AE9A
S3150200905044460E9E00FF5401490034190D9E0E949B
S31502009060E2FB06AE159A8EFD731E24F07E44546111
S315020090701C9C019A4CEB090C9EFD531EE2FB04AEAE
S31502009080129C0C9ACDF83CC0E4FB02AEDDE90E89D7
S31502009090A1EF5025CDF850A0099A58EA5F69A2FBC4
S315020090A0074C169A1893A1FF5024E5FB024C119A1D
S315020090B0049EE2FB034C029B9EFD375E089ACDE9B5
S315020090C00E89E3FB024C179B059AE0FB034C02FF59
S315020090D054210B9BE6FB034C069E199BE6FB034CB5
S315020090E0139B8EFD633EE2FB034C019B0C9AE3FB52
S315020090F0014C1C9BE3FB024C9EFD3F1E14EB080831
S315020091000F9CCDF818804CEB040407949EFD4B5E31
S31502009110DDE9062352EA9F63CDE90623159B109AE1
S3150200912028F07C4800FF5401C3F81880129BA7FB65
S3150200913002C84FEA4309089B119A8EFD771EE5FB8A
S3150200914003C8A7FB033AE5FB023ADDE917240B9DA8
S315020091509EFD431EE4FB023AE4FB05C8029C059A07
S31502009160E4FB053A0A9DA1EF5025E4FB05C8199DCB
S31502009170139CE0FB053AE0FB04C80498A1FF5024C7
S315020091801A9DE0FB043A0D9CE6FB013AE0FB04C89B
S315020091909EFD3B5E1C98129CE6FB00C8E2FB003A71
S315020091A0E2FB04C81B9802FF5421019A149EE2FBBB
S315020091B0093AE2FB00C80C9AE0FB023A8EFD673ED2
S315020091C0E2FB05C8069A079DB418224619469EFD7B
S315020091D02F1E4EEB050352EA5F631598891824F099
S315020091E07E449EFD4F5EC4610C464AEB030554EA7B
S315020091F09F651CEB040C624600FF540148EB050315
S3150200920052EA5F6314461D4654EACF0521F07C41BB
S315020092108EFD7B1E01622CF07E414162A11845EB58
S3150200922003049EFD577E49186441891844EB0304E2
S31502009230219BC9189EFD6B9E0A4644F1000352EA21
S315020092409F6321F07C41016022991BED7F1F8B18E1
S315020092501E9923F07E4201EB5363C0E9012324B039
S31502009260BDE8F88FAFF30080AFF30080AFF3008064
S315020092702DE9F84FA4B007B440F2785BC2F2002B96
S31502009280DBF800B00BF5FE7B01A309E0AFF300802B
S315020092900000000004000000080000000C000000AE
S315020092A093ED00FF40F27853C2F200231B6803F2EB
S315020092B0F4532FEE43EF07BC4FF0260C9BED013F14
S315020092C096465368176A9468D26800FF56010CFBEB
S315020092D002F615900A92DEF810008A691E9602FFBF
S315020092E058210292DEF8146000EBC00200EB42083D
S315020092F0CDF86080DEF81C2020EF50410CFB06F80A
S315020093000D960E691B9704968BED655F0F6A1646DE
S315020093104D6A1497DEF81870199522EF52A13A4653
S315020093202546CDF874800CFB06F807EBC70704EB5D
S31502009330C4040EFD35BE02EB470A0B9505EB440449
S3150200934010930CFB03F51BED6B1F1390CB69486959
S315020093501C921296CDF858809BED153FCF68DEF829
S31502009360242006978F680CFB02FC059700FF560126
S31502009370DEF800701A924A6808971B9F019202FF54
S3150200938058210A680A99CDF844C007EBC70C07EBC7
S315020093904C0CB2EF504501EBC10E149F01EB4E0E81
S315020093A0CDF824C0AEFB07EC1999B2FF5044189EC3
S315020093B0E1FB04ECA4FB07411893E6FB03EC199BC3
S315020093C00EFD595E059FE3FB0541A046189B1E9DB7
S315020093D0B2EF52A5029CE5FB0381E6FB04811D9CCC
S315020093E0049DE4FB0081B2FF52A4EAFB0581169CB0
S315020093F01896069EE4FB0681099E8EFD0BBE019C15
S31502009400E6FB0781119EE6FB0481089E1BED571FB2
S31502009410029CE6FB02810D9E0F9106EBC60106EB4E
S3150200942041019BED293FE1FB04EC129CEAFB00ECB7
S31502009430CDF8388028F07C48CDF8848000FF5601AC
S3150200944004EBC40804EB4808E8FB05EC069E099DFC
S315020094501F9002FF5821E5FB06ECDDE90E6756EA8E
S315020094609F6740461A9DA2EF5245CDE90E6705EB6E
S31502009470C508059F05EB4808E8FB07EC089CA2FF18
S315020094805244019D0C92E5FB04EC109D0E9CE5FBFB
S3150200949002EC0EFD7D5E6A00149F17920F9A1EEB78
S315020094A00404A1EF50A546464CEB0209A046DDE9AD
S315020094B0182524F07E4CA7FB0141A1FF50A4E5FB31
S315020094C002410246EAFB034120900298CDF888C089
S315020094D00EFD19BEE2FB00411F98099A1F96E2FB98
S315020094E000411BED431F3246049E58EA5F69E2FBC8
S315020094F00641069E089A9BED3D3FE6FB0241109E01
S31502009500059AE2FB06410B9E019A00FF5601E2FB19
S315020095100641A4460C9A0A9C049EE4FB02C102FF81
S315020095205821189CCDF88CC0A4FB07EC1E9C169AF9
S31502009530B5EF5245E5FB04EC1D9C059FE4FB03ECED
S31502009540029CEAFB04ECB5FF5244E2FB00EC099AEA
S31502009550E2FB06EC069E119AE2FB06EC0EFD3D5E70
S31502009560089AE7FB02EC179A019FE7FB02ECB4EFBD
S3150200957050A5DDE90B72E7FB02EC1EEB080E4CEB85
S315020095800902CDF838E00F92B4FF50A40A9ADDE939
S315020095900E8958EA9F692EF07C4C5200CDF878C0AD
S315020095A08EFD27BE1992209A149FCDE90E89A7FB3C
S315020095B002EC1BED2F1FE5FB0AEC099AE2FB03EC1A
S315020095C01F9AE2FB04EC089A9BED513F049CE0FBD8
S315020095D002EC109AE4FB02EC0B9C019A00FF560186
S315020095E0E6FB04EC0A9C059EE6FB04EC4446239E3D
S315020095F002FF58213419A0460F9E24F07E4441EB07
S315020096000609A9EF5045139958EA5F69E2FB01EC96
S31502009610DDE90C16E6FB01EC159AA9FF5044CDF8DC
S3150200962038E0AAFB07E1D4601D9C099AE5FB04E138
S315020096300EFD615E169C119EE4FB03E1029CE2FBB9
S3150200964004E1A9EF52A5E6FB00E1089A049EE6FBB7
S3150200965002E1069E179AA9FF52A4E6FB02E1059EC5
S315020096600B9AE6FB02E1019A199E8EFD03BEE2FB0E
S3150200967006E1139E0C9AE6FB02E11EEB080E9EFD26
S315020096805B7E41EB0901CDF808E00391DDE9028931
S3150200969058EA9F691F9E9EFD6F9E159A2EF07C4189
S315020096A0A7FB06AE1161099A109E1BED7B1FE5FB17
S315020096B002AE089A0294E3FB02AEE4FB06AE0B9CF2
S315020096C09BED053F049EE0FB04AE0A9C059AE6FB71
S315020096D004AE00FF5601069E139C0D99E6FB04AEEE
S315020096E044460E9E02FF5821490034190D9E0E94DF
S315020096F0E2FB06AE159AA1EF524524F07E44546170
S315020097001C9C019A4CEB090CA1FF5244E2FB04AEED
S31502009710129C0C9ACDF83CC0E4FB02AEDDE90E8940
S315020097200EFD715ECDF850A0099A58EA5F69A2FB58
S31502009730074C169A189320EF50A1E5FB024C119A9A
S31502009740049EE2FB034C029B0EFD0DBE089ACDE978
S315020097500E89E3FB024C179B059AE0FB034C1BEDBB
S31502009760671F0B9BE6FB034C069E199BE6FB034C0D
S31502009770139B9BED193FE2FB034C019B0C9AE3FB07
S31502009780014C1C9BE3FB024C00FF560114EB08083C
S315020097900F9CCDF818804CEB0404079402FF582165
S315020097A0DDE9062352EA9F63CDE90623159B109A4B
S315020097B028F07C48B6EF5045C3F81880129BA7FBE9
S315020097C002C84FEA4309089B119AB6FF5044E5FBCB
S315020097D003C8A7FB033AE5FB023ADDE917240B9D12
S315020097E08BED695FE4FB023AE4FB05C8029C059A2D
S315020097F0E4FB053A0A9DB6EF52A5E4FB05C8199D9E
S31502009800139CE0FB053AE0FB04C80498B6FF52A499
S315020098101A9DE0FB043A0D9CE6FB013AE0FB04C804
S315020098200EFD31BE1C98129CE6FB00C8E2FB003A14
S31502009830E2FB04C81B981BED531F019A149EE2FB20
S31502009840093AE2FB00C80C9AE0FB023A9BED2D3F77
S31502009850E2FB05C8069A079DB4182246194600FF80
S3150200986056014EEB050352EA5F631598891824F0F8
S315020098707E4402FF5821C4610C464AEB030554EAB2
S315020098809F651CEB040C6246A5EF504548EB0503A9
S3150200989052EA5F6314461D4654EACF0521F07C4125
S315020098A0A5FF504401622CF07E414162A11845EBAE
S315020098B003040EFD555E49186441891844EB0304FE
S315020098C0219BC918A5EF52A50A4644F1000352EAA4
S315020098D09F6321F07C4101602299A5FF52A48B1857
S315020098E01E9923F07E4201EB5363C0E9012324B0A3
S315020098F0BDE8F88FAFF30080AFF30080AFF30080CE
S315020099002DE9F84FA4B007B440F2785BC2F2002BFF
S31502009910DBF800B00BF5FE7B01A309E0AFF3008094
S315020099200000000004000000080000000C00000017
S3150200993093ED00FF40F27853C2F200231B6803F254
S31502009940F4532FEE43EF07BC4FF0260C8EFD0FBEED
S3150200995096465368176A9468D2681BED3F1F0CFB44
S3150200996002F615900A92DEF810008A691E969BEDA1
S31502009970413F0292DEF8146000EBC00200EB42089F
S31502009980CDF86080DEF81C2000FF56010CFB06F8BD
S315020099900D960E691B97049602FF58210F6A16460A
S315020099A04D6A1497DEF818701995B7EF52453A4684
S315020099B02546CDF874800CFB06F807EBC70704EBC7
S315020099C0C404B7FF524402EB470A0B9505EB440465
S315020099D010930CFB03F50EFD795E1390CB69486973
S315020099E01C921296CDF85880B6EF50A5CF68DEF8D5
S315020099F0242006978F680CFB02FC0597B6FF50A43D
S31502009A00DEF800701A924A6808971B9F01920EFDB3
S31502009A1015BE0A680A99CDF844C007EBC70C07EBD6
S31502009A204C0C1BED2B1F01EBC10E149F01EB4E0ECE
S31502009A30CDF824C0AEFB07EC19999BED553F189E55
S31502009A40E1FB04ECA4FB07411893E6FB03EC199B2C
S31502009A5000FF5601059FE3FB0541A046189B1E9D8C
S31502009A6002FF5821029CE5FB0381E6FB04811D9C53
S31502009A70049DE4FB0081A1EF5045EAFB0581169C9B
S31502009A801896069EE4FB0681099EA1FF5044019C9E
S31502009A90E6FB0781119EE6FB0481089E0EFD395EF8
S31502009AA0029CE6FB02810D9E0F9106EBC60106EBB8
S31502009AB04101A1EF52A5E1FB04EC129CEAFB00EC8A
S31502009AC0CDF8388028F07C48CDF88480A1FF52A4D6
S31502009AD004EBC40804EB4808E8FB05EC069E099D66
S31502009AE01F908EFD2BBEE5FB06ECDDE90E6756EAFE
S31502009AF09F6740461A9D9EFD5F7ECDE90E6705EB88
S31502009B00C508059F05EB4808E8FB07EC089C9EFD87
S31502009B10739E019D0C92E5FB04EC109D0E9CE5FBE9
S31502009B2002EC1BED771F6A00149F17920F9A1EEB29
S31502009B3004049BED093F46464CEB0209A046DDE9CB
S31502009B40182524F07E4CA7FB014100FF5601E5FBD8
S31502009B5002410246EAFB034120900298CDF888C0F2
S31502009B6002FF5821E2FB00411F98099A1F96E2FB69
S31502009B700041BFEF50453246049E58EA5F69E2FB58
S31502009B800641069E089ABFFF5044E6FB0241109E1C
S31502009B90059AE2FB06410B9E019A0EFD495EE2FB27
S31502009BA00641A4460C9A0A9C049EE4FB02C1BFEF3E
S31502009BB052A5189CCDF88CC0A4FB07EC1E9C169AE5
S31502009BC0BFFF52A4E5FB04EC1D9C059FE4FB03ECDE
S31502009BD0029CEAFB04EC8EFD1BBEE2FB00EC099A3A
S31502009BE0E2FB06EC069E119AE2FB06EC1BED631FF6
S31502009BF0089AE7FB02EC179A019FE7FB02EC9BED42
S31502009C001D3FDDE90B72E7FB02EC1EEB080E4CEB87
S31502009C100902CDF838E00F9200FF56010A9ADDE9F3
S31502009C200E8958EA9F692EF07C4C5200CDF878C016
S31502009C3002FF58211992209A149FCDE90E89A7FB9B
S31502009C4002ECA3EF5045E5FB0AEC099AE2FB03ECB2
S31502009C501F9AE2FB04EC089AA3FF5044049CE0FB23
S31502009C6002EC109AE4FB02EC0B9C019A0EFD6D5E6F
S31502009C70E6FB04EC0A9C059EE6FB04EC4446239EA6
S31502009C80A3EF52A53419A0460F9E24F07E4441EB61
S31502009C900609A3FF52A4139958EA5F69E2FB01EC95
S31502009CA0DDE90C16E6FB01EC159A0EFD09BECDF8B0
S31502009CB038E0AAFB07E1D4601D9C099AE5FB04E1A2
S31502009CC01BED4F1F169C119EE4FB03E1029CE2FB77
S31502009CD004E19BED313FE6FB00E1089A049EE6FBB8
S31502009CE002E1069E179A00FF5601E6FB02E1059E77
S31502009CF00B9AE6FB02E1019A199E02FF5821E2FB4A
S31502009D0006E1139E0C9AE6FB02E11EEB080EB6EF85
S31502009D10524541EB0901CDF808E00391DDE90289DC
S31502009D2058EA9F691F9EB6FF5244159A2EF07C414F
S31502009D30A7FB06AE1161099A109E8BED6D5FE5FBDE
S31502009D4002AE089A0294E3FB02AEE4FB06AE0B9C5B
S31502009D50B5EF50A5049EE0FB04AE0A9C059AE6FB0D
S31502009D6004AEB5FF50A4069E139C0D99E6FB04AE05
S31502009D7044460E9E0EFD2DBE490034190D9E0E94CC
S31502009D80E2FB06AE159A1BED3B1F24F07E4454619E
S31502009D901C9C019A4CEB090C9BED453FE2FB04AE81
S31502009DA0129C0C9ACDF83CC0E4FB02AEDDE90E89AA
S31502009DB000FF5601CDF850A0099A58EA5F69A2FB46
S31502009DC0074C169A189302FF5821E5FB024C119A8A
S31502009DD0049EE2FB034C029BA8EF5245089ACDE98A
S31502009DE00E89E3FB024C179B059AE0FB034CA8FF86
S31502009DF052440B9BE6FB034C069E199BE6FB034C67
S31502009E00139B0EFD515EE2FB034C019B0C9AE3FB96
S31502009E10014C1C9BE3FB024CA7EF50A514EB080870
S31502009E200F9CCDF818804CEB04040794A7FF50A4AE
S31502009E30DDE9062352EA9F63CDE90623159B109AB4
S31502009E4028F07C488EFD13BEC3F81880129BA7FB30
S31502009E5002C84FEA4309089B119A1BED271FE5FB2F
S31502009E6003C8A7FB033AE5FB023ADDE917240B9D7B
S31502009E709BED593FE4FB023AE4FB05C8029C059AB6
S31502009E80E4FB053A0A9D00FF5601E4FB05C8199D4D
S31502009E90139CE0FB053AE0FB04C8049802FF582134
S31502009EA01A9DE0FB043A0D9CE6FB013AE0FB04C86E
S31502009EB0BFEF52451C98129CE6FB00C8E2FB003A33
S31502009EC0E2FB04C81B98BFFF5244019A149EE2FBB0
S31502009ED0093AE2FB00C80C9AE0FB023A0EFD755EF7
S31502009EE0E2FB05C8069A079DB41822461946BEEF3C
S31502009EF050A54EEB050352EA5F631598891824F0C4
S31502009F007E44BEFF50A4C4610C464AEB030554EAE4
S31502009F109F651CEB040C62460EFD11BE48EB050361
S31502009F2052EA5F6314461D4654EACF0521F07C418E
S31502009F309EFD637E01622CF07E414162A11845EBD3
S31502009F4003049EFD779E49186441891844EB030475
S31502009F50219BC9181BED731F0A4644F1000352EAFE
S31502009F609F6321F07C41016022999BED0D3F8B1886
S31502009F701E9923F07E4201EB5363C0E9012324B00C
S31502009F80BDE8F88FAFF30080AFF30080AFF3008037
S31502009F902DE9F84FA4B007B440F2785BC2F2002B69
S31502009FA0DBF800B00BF5FE7B01A309E0AFF30080FE
S31502009FB00000000004000000080000000C00000081
S31502009FC093ED00FF40F27853C2F200231B6803F2BE
S31502009FD0F4532FEE43EF07BC4FF0260C00FF560159
S31502009FE096465368176A9468D26802FF58210CFB9A
S31502009FF002F615900A92DEF810008A691E96AEEFF6
S3150200A00050450292DEF8146000EBC00200EB4208F3
S3150200A010CDF86080DEF81C20AEFF50440CFB06F83B
S3150200A0200D960E691B9704968BED795F0F6A16469D
S3150200A0304D6A1497DEF818701995AEEF52A53A4696
S3150200A0402546CDF874800CFB06F807EBC70704EB30
S3150200A050C404AEFF52A402EB470A0B9505EB440477
S3150200A06010930CFB03F50EFD21BE1390CB694869D4
S3150200A0701C921296CDF858801BED5F1FCF68DEF852
S3150200A080242006978F680CFB02FC05979BED213F67
S3150200A090DEF800701A924A6808971B9F019200FF29
S3150200A0A056010A680A99CDF844C007EBC70C07EBBC
S3150200A0B04C0C02FF582101EBC10E149F01EB4E0E10
S3150200A0C0CDF824C0AEFB07EC1999BCEF5245189E99
S3150200A0D0E1FB04ECA4FB07411893E6FB03EC199B96
S3150200A0E0BCFF5244059FE3FB0541A046189B1E9DFB
S3150200A0F00EFD455E029CE5FB0381E6FB04811D9C89
S3150200A100049DE4FB0081BBEF50A5EAFB0581169C8A
S3150200A1101896069EE4FB0681099EBBFF50A4019C8D
S3150200A120E6FB0781119EE6FB0481089E8EFD1FBE9B
S3150200A130029CE6FB02810D9E0F9106EBC60106EB21
S3150200A14041011BED4B1FE1FB04EC129CEAFB00EC08
S3150200A150CDF8388028F07C48CDF884809BED353FD9
S3150200A16004EBC40804EB4808E8FB05EC069E099DCF
S3150200A1701F9000FF5601E5FB06ECDDE90E6756EA85
S3150200A1809F6740461A9D02FF5821CDE90E6705EBEF
S3150200A190C508059F05EB4808E8FB07EC089CADEFF0
S3150200A1A05245019D0C92E5FB04EC109D0E9CE5FBCD
S3150200A1B002ECADFF52446A00149F17920F9A1EEBEF
S3150200A1C004040EFD695E46464CEB0209A046DDE933
S3150200A1D0182524F07E4CA7FB0141ACEF50A5E5FB08
S3150200A1E002410246EAFB034120900298CDF888C05C
S3150200A1F0ACFF50A4E2FB00411F98099A1F96E2FBAE
S3150200A20000410EFD05BE3246049E58EA5F69E2FB36
S3150200A2100641069E089A1BED371FE6FB0241109E79
S3150200A220059AE2FB06410B9E019A9BED493FE2FB32
S3150200A2300641A4460C9A0A9C049EE4FB02C100FF56
S3150200A2405601189CCDF88CC0A4FB07EC1E9C169AEE
S3150200A25002FF5821E5FB04EC1D9C059FE4FB03EC81
S3150200A260029CEAFB04ECABEF5245E2FB00EC099AD6
S3150200A270E2FB06EC069E119AE2FB06ECABFF5244A9
S3150200A280089AE7FB02EC179A019FE7FB02EC8BEDBB
S3150200A290715FDDE90B72E7FB02EC1EEB080E4CEB7D
S3150200A2A00902CDF838E00F92AAEF50A50A9ADDE925
S3150200A2B00E8958EA9F692EF07C4C5200CDF878C080
S3150200A2C0AAFF50A41992209A149FCDE90E89A7FBE2
S3150200A2D002EC0EFD29BEE5FB0AEC099AE2FB03EC51
S3150200A2E01F9AE2FB04EC089A1BED231F049CE0FB79
S3150200A2F002EC109AE4FB02EC0B9C019A9BED5D3F8B
S3150200A300E6FB04EC0A9C059EE6FB04EC4446239E0F
S3150200A31000FF56013419A0460F9E24F07E4441EBFD
S3150200A320060902FF5821139958EA5F69E2FB01EC1C
S3150200A330DDE90C16E6FB01EC159ABCEF5045CDF8AB
S3150200A34038E0AAFB07E1D4601D9C099AE5FB04E10B
S3150200A350BCFF5044169C119EE4FB03E1029CE2FB07
S3150200A36004E10EFD4D5EE6FB00E1089A049EE6FB63
S3150200A37002E1069E179ABCEF52A5E6FB02E1059E94
S3150200A3800B9AE6FB02E1019A199EBCFF52A4E2FB7C
S3150200A39006E1139E0C9AE6FB02E11EEB080E8EFD09
S3150200A3A017BE41EB0901CDF808E00391DDE9028908
S3150200A3B058EA9F691F9E9EFD677E159A2EF07C4184
S3150200A3C0A7FB06AE1161099A109E9EFD7B9EE5FBD8
S3150200A3D002AE089A0294E3FB02AEE4FB06AE0B9CC5
S3150200A3E01BED6F1F049EE0FB04AE0A9C059AE6FB7A
S3150200A3F004AE9BED113F069E139C0D99E6FB04AE3F
S3150200A40044460E9E00FF5601490034190D9E0E94D5
S3150200A410E2FB06AE159A02FF582124F07E445461EF
S3150200A4201C9C019A4CEB090CAEEF5245E2FB04AEC2
S3150200A430129C0C9ACDF83CC0E4FB02AEDDE90E8913
S3150200A440AEFF5244CDF850A0099A58EA5F69A2FBC2
S3150200A450074C169A18930EFD5D5EE5FB024C119AA7
S3150200A460049EE2FB034C029BADEF50A5089ACDE990
S3150200A4700E89E3FB024C179B059AE0FB034CADFFEA
S3150200A48050A40B9BE6FB034C069E199BE6FB034C72
S3150200A490139B8EFD07BEE2FB034C019B0C9AE3FB6A
S3150200A4A0014C1C9BE3FB024C1BED5B1F14EB0808E3
S3150200A4B00F9CCDF818804CEB040407949BED253FC6
S3150200A4C0DDE9062352EA9F63CDE90623159B109A1E
S3150200A4D028F07C4800FF5601C3F81880129BA7FBA0
S3150200A4E002C84FEA4309089B119A02FF5821E5FB6D
S3150200A4F003C8A7FB033AE5FB023ADDE917240B9DE5
S3150200A500AAEF5045E4FB023AE4FB05C8029C059A11
S3150200A510E4FB053A0A9DAAFF5044E4FB05C8199DCF
S3150200A520139CE0FB053AE0FB04C804988BED7D5FC3
S3150200A5301A9DE0FB043A0D9CE6FB013AE0FB04C8D7
S3150200A540AAEF52A51C98129CE6FB00C8E2FB003A51
S3150200A550E2FB04C81B98AAFF52A4019A149EE2FBCE
S3150200A560093AE2FB00C80C9AE0FB023A0EFD1DBE58
S3150200A570E2FB05C8069A079DB418224619461BED4A
S3150200A580471F4EEB050352EA5F631598891824F0BC
S3150200A5907E449BED393FC4610C464AEB030554EAFF
S3150200A5A09F651CEB040C624600FF560148EB05034F
S3150200A5B052EA5F6314461D4654EACF0521F07C41F8
S3150200A5C002FF582101622CF07E414162A11845EB3F
S3150200A5D00304B4EF524549186441891844EB030455
S3150200A5E0219BC918B4FF52440A4644F1000352EAB9
S3150200A5F09F6321F07C41016022990EFD415E8B181A
S3150200A6001E9923F07E4201EB5363C0E9012324B075
S3150200A610BDE8F88FAFF30080AFF30080AFF30080A0
S3150200A6202DE9F84FA4B007B440F2785BC2F2002BD2
S3150200A630DBF800B00BF5FE7B01A309E0AFF3008067
S3150200A6400000000004000000080000000C000000EA
S3150200A65093ED00FF40F27853C2F200231B6803F227
S3150200A660F4532FEE43EF07BC4FF0260CB3EF50A581
S3150200A67096465368176A9468D268B3FF50A40CFBD7
S3150200A68002F615900A92DEF810008A691E968EFD71
S3150200A69023BE0292DEF8146000EBC00200EB420811
S3150200A6A0CDF86080DEF81C201BED331F0CFB06F88C
S3150200A6B00D960E691B9704969BED4D3F0F6A164643
S3150200A6C04D6A1497DEF81870199500FF56013A463E
S3150200A6D02546CDF874800CFB06F807EBC70704EB9A
S3150200A6E0C40402FF582102EB470A0B9505EB44040A
S3150200A6F010930CFB03F5A4EF50451390CB69486900
S3150200A7001C921296CDF85880A4FF5044CF68DEF80A
S3150200A710242006978F680CFB02FC05970EFD655EEA
S3150200A720DEF800701A924A6808971B9F0192A4EFFE
S3150200A73052A50A680A99CDF844C007EBC70C07EB85
S3150200A7404C0CA4FF52A401EBC10E149F01EB4E0E5A
S3150200A750CDF824C0AEFB07EC19990EFD01BE189E7A
S3150200A760E1FB04ECA4FB07411893E6FB03EC199BFF
S3150200A7701BED1F1F059FE3FB0541A046189B1E9D6F
S3150200A7809BED613F029CE5FB0381E6FB04811D9C78
S3150200A790049DE4FB008100FF5601EAFB0581169C3D
S3150200A7A01896069EE4FB0681099E02FF5821019C2B
S3150200A7B0E6FB0781119EE6FB0481089EA7EF504542
S3150200A7C0029CE6FB02810D9E0F9106EBC60106EB8B
S3150200A7D04101A7FF5044E1FB04EC129CEAFB00ECAA
S3150200A7E0CDF8388028F07C48CDF884808BED755FF3
S3150200A7F004EBC40804EB4808E8FB05EC069E099D39
S3150200A8001F90A7EF52A5E5FB06ECDDE90E6756EAB7
S3150200A8109F6740461A9DA7FF52A4CDE90E6705EB36
S3150200A820C508059F05EB4808E8FB07EC089C0EFDEA
S3150200A83025BE019D0C92E5FB04EC109D0E9CE5FBEA
S3150200A84002EC9BED651F6A00149F17920F9A1EEB8E
S3150200A85004049BED693F46464CEB0209A046DDE93E
S3150200A860182524F07E4CA7FB01419BED6D5FE5FBAD
S3150200A87002410246EAFB034120900298CDF888C0C5
S3150200A8809BED71BFE2FB00411F98099A1F96E2FBFE
S3150200A89000419BED75DF3246049E58EA5F69E2FB92
S3150200A8A00641069E089A14EF5261E6FB0241109E8B
S3150200A8B0059AE2FB06410B9E019A06FF5061E2FBF6
S3150200A8C00641A4460C9A0A9C049EE4FB02C10BEDC7
S3150200A8D07F7F189CCDF88CC0A4FB07EC1E9C169AB1
S3150200A8E01AEF5461E5FB04EC1D9C059FE4FB03ECA7
S3150200A8F0029CEAFB04EC06FF5261E2FB00EC099AB9
S3150200A900E2FB06EC069E119AE2FB06EC0BED7B7F60
S3150200A910089AE7FB02EC179A019FE7FB02EC1CEF91
S3150200A9205A61DDE90B72E7FB02EC1EEB080E4CEBFB
S3150200A9300902CDF838E00F9206FF54610A9ADDE962
S3150200A9400E8958EA9F692EF07C4C5200CDF878C0E9
S3150200A9500BED777F1992209A149FCDE90E89A7FBFA
S3150200A96002EC10EF5C61E5FB0AEC099AE2FB03ECF0
S3150200A9701F9AE2FB04EC089A06FF5A61049CE0FB6C
S3150200A98002EC109AE4FB02EC0B9C019A0BED737F2E
S3150200A990E6FB04EC0A9C059EE6FB04EC4446239E79
S3150200A9A012EF50613419A0460F9E24F07E4441EB0B
S3150200A9B0060906FF5C61139958EA5F69E2FB01EC3E
S3150200A9C0DDE90C16E6FB01EC159A0BED6F7FCDF86F
S3150200A9D038E0AAFB07E1D4601D9C099AE5FB04E175
S3150200A9E09BED791F169C119EE4FB03E1029CE2FBA0
S3150200A9F004E19BED7D3FE6FB00E1089A049EE6FB3F
S3150200AA0002E1069E179A1EFD7D5EE6FB02E1059EA9
S3150200AA100B9AE6FB02E1019A199E1EFD79BEE2FB44
S3150200AA2006E1139E0C9AE6FB02E11EEB080E1EFDE2
S3150200AA3075DE41EB0901CDF808E00391DDE90289F3
S3150200AA4058EA9F691F9E14EF5261159A2EF07C41B7
S3150200AA50A7FB06AE1161099A109E06FF5061E5FB3F
S3150200AA6002AE089A0294E3FB02AEE4FB06AE0B9C2E
S3150200AA700BED6B7F049EE0FB04AE0A9C059AE6FB97
S3150200AA8004AE1AEF5461069E139C0D99E6FB04AEC2
S3150200AA9044460E9E06FF5261490034190D9E0E94DD
S3150200AAA0E2FB06AE159A0BED677F24F07E445461F5
S3150200AAB01C9C019A4CEB090C1CEF5A61E2FB04AE9A
S3150200AAC0129C0C9ACDF83CC0E4FB02AEDDE90E897D
S3150200AAD006FF5461CDF850A0099A58EA5F69A2FBB5
S3150200AAE0074C169A18930BED637FE5FB024C119AFD
S3150200AAF0049EE2FB034C029B10EF5C61089ACDE9CF
S3150200AB000E89E3FB024C179B059AE0FB034C06FFFA
S3150200AB105A610B9BE6FB034C069E199BE6FB034C14
S3150200AB20139B0BED5F7FE2FB034C019B0C9AE3FB4D
S3150200AB30014C1C9BE3FB024C12EF506114EB08081C
S3150200AB400F9CCDF818804CEB0404079406FF5C6159
S3150200AB50DDE9062352EA9F63CDE90623159B109A87
S3150200AB6028F07C480BED5B7FC3F81880129BA7FB8D
S3150200AB7002C84FEA4309089B119A1EFD711EE5FBA6
S3150200AB8003C8A7FB033AE5FB023ADDE917240B9D4E
S3150200AB901EFD6D3EE4FB023AE4FB05C8029C059AE3
S3150200ABA0E4FB053A0A9D1EFD695EE4FB05C8199D94
S3150200ABB0139CE0FB053AE0FB04C804981EFD65BE43
S3150200ABC01A9DE0FB043A0D9CE6FB013AE0FB04C841
S3150200ABD01EFD61DE1C98129CE6FB00C8E2FB003AF1
S3150200ABE0E2FB04C81B9814EF5261019A149EE2FB21
S3150200ABF0093AE2FB00C80C9AE0FB023A06FF5061F2
S3150200AC00E2FB05C8069A079DB418224619460BEDC3
S3150200AC10577F4EEB050352EA5F631598891824F0B5
S3150200AC207E441AEF5461C4610C464AEB030554EAAA
S3150200AC309F651CEB040C624606FF526148EB050356
S3150200AC4052EA5F6314461D4654EACF0521F07C4161
S3150200AC500BED537F01622CF07E414162A11845EB58
S3150200AC6003041CEF5A6149186441891844EB030432
S3150200AC70219BC91806FF54610A4644F1000352EAB1
S3150200AC809F6321F07C41016022990BED4F7F8B1867
S3150200AC901E9923F07E4201EB5363C0E9012324B0DF
S3150200ACA0BDE8F88FAFF30080AFF30080AFF300800A
S3150200ACB02DE9F84FA4B007B440F2785BC2F2002B3C
S3150200ACC0DBF800B00BF5FE7B01A309E0AFF30080D1
S3150200ACD00000000004000000080000000C00000054
S3150200ACE093ED00FF40F27853C2F200231B6803F291
S3150200ACF0F4532FEE43EF07BC4FF0260C10EF5C61C6
S3150200AD0096465368176A9468D26806FF5A610CFB26
S3150200AD1002F615900A92DEF810008A691E960BED6D
S3150200AD204B7F0292DEF8146000EBC00200EB420891
S3150200AD30CDF86080DEF81C2012EF50610CFB06F89D
S3150200AD400D960E691B97049606FF5C610F6A1646FE
S3150200AD504D6A1497DEF8187019950BED477F3A463F
S3150200AD602546CDF874800CFB06F807EBC70704EB03
S3150200AD70C4041EFD5D1E02EB470A0B9505EB440457
S3150200AD8010930CFB03F51EFD593E1390CB694869DF
S3150200AD901C921296CDF858801EFD555ECF68DEF8DD
S3150200ADA0242006978F680CFB02FC05971EFD51BEF8
S3150200ADB0DEF800701A924A6808971B9F01921EFDE0
S3150200ADC04DDE0A680A99CDF844C007EBC70C07EBBB
S3150200ADD04C0C14EF526101EBC10E149F01EB4E0EA7
S3150200ADE0CDF824C0AEFB07EC199906FF5061189EF8
S3150200ADF0E1FB04ECA4FB07411893E6FB03EC199B69
S3150200AE000BED437F059FE3FB0541A046189B1E9D64
S3150200AE101AEF5461029CE5FB0381E6FB04811D9C4B
S3150200AE20049DE4FB008106FF5261EAFB0581169C44
S3150200AE301896069EE4FB0681099E0BED3F7F019C58
S3150200AE40E6FB0781119EE6FB0481089E1CEF5A6110
S3150200AE50029CE6FB02810D9E0F9106EBC60106EBF4
S3150200AE60410106FF5461E1FB04EC129CEAFB00EC93
S3150200AE70CDF8388028F07C48CDF884800BED3B7FF6
S3150200AE8004EBC40804EB4808E8FB05EC069E099DA2
S3150200AE901F9010EF5C61E5FB06ECDDE90E6756EAF2
S3150200AEA09F6740461A9D06FF5A61CDE90E6705EB7C
S3150200AEB0C508059F05EB4808E8FB07EC089C0BED67
S3150200AEC0377F019D0C92E5FB04EC109D0E9CE5FB81
S3150200AED002EC12EF50616A00149F17920F9A1EEB52
S3150200AEE0040406FF5C6146464CEB0209A046DDE916
S3150200AEF0182524F07E4CA7FB01410BED337FE5FBC1
S3150200AF0002410246EAFB034120900298CDF888C02E
S3150200AF101EFD491EE2FB00411F98099A1F96E2FB9D
S3150200AF2000411EFD453E3246049E58EA5F69E2FB39
S3150200AF300641069E089A1EFD415EE6FB0241109EF0
S3150200AF40059AE2FB06410B9E019A1EFD3DBEE2FBFF
S3150200AF500641A4460C9A0A9C049EE4FB02C11EFD0D
S3150200AF6039DE189CCDF88CC0A4FB07EC1E9C169A01
S3150200AF7014EF5261E5FB04EC1D9C059FE4FB03EC18
S3150200AF80029CEAFB04EC06FF5061E2FB00EC099A24
S3150200AF90E2FB06EC069E119AE2FB06EC0BED2F7F16
S3150200AFA0089AE7FB02EC179A019FE7FB02EC1AEFFD
S3150200AFB05461DDE90B72E7FB02EC1EEB080E4CEB6B
S3150200AFC00902CDF838E00F9206FF52610A9ADDE9CE
S3150200AFD00E8958EA9F692EF07C4C5200CDF878C053
S3150200AFE00BED2B7F1992209A149FCDE90E89A7FBB0
S3150200AFF002EC1CEF5A61E5FB0AEC099AE2FB03EC50
S3150200B0001F9AE2FB04EC089A06FF5461049CE0FBDB
S3150200B01002EC109AE4FB02EC0B9C019A0BED277FE3
S3150200B020E6FB04EC0A9C059EE6FB04EC4446239EE2
S3150200B03010EF5C613419A0460F9E24F07E4441EB6A
S3150200B040060906FF5A61139958EA5F69E2FB01ECA9
S3150200B050DDE90C16E6FB01EC159A0BED237FCDF824
S3150200B06038E0AAFB07E1D4601D9C099AE5FB04E1DE
S3150200B07012EF5061169C119EE4FB03E1029CE2FB77
S3150200B08004E106FF5C61E6FB00E1089A049EE6FB2A
S3150200B09002E1069E179A0BED1F7FE6FB02E1059E73
S3150200B0A00B9AE6FB02E1019A199E1EFD351EE2FB92
S3150200B0B006E1139E0C9AE6FB02E11EEB080E1EFD4C
S3150200B0C0313E41EB0901CDF808E00391DDE9028941
S3150200B0D058EA9F691F9E1EFD2D5E159A2EF07C4131
S3150200B0E0A7FB06AE1161099A109E1EFD29BEE5FB5D
S3150200B0F002AE089A0294E3FB02AEE4FB06AE0B9C98
S3150200B1001EFD25DE049EE0FB04AE0A9C059AE6FBC4
S3150200B11004AE14EF5261069E139C0D99E6FB04AE33
S3150200B12044460E9E06FF5061490034190D9E0E9448
S3150200B130E2FB06AE159A8BED017F24F07E44546144
S3150200B1401C9C019A4CEB090C1AEF5461E2FB04AE0B
S3150200B150129C0C9ACDF83CC0E4FB02AEDDE90E89E6
S3150200B16006FF5261CDF850A0099A58EA5F69A2FB20
S3150200B170074C169A18938BED057FE5FB024C119A44
S3150200B180049EE2FB034C029B1CEF5A61089ACDE92E
S3150200B1900E89E3FB024C179B059AE0FB034C06FF64
S3150200B1A054610B9BE6FB034C069E199BE6FB034C84
S3150200B1B0139B8BED097FE2FB034C019B0C9AE3FB8D
S3150200B1C0014C1C9BE3FB024C10EF5C6114EB08087C
S3150200B1D00F9CCDF818804CEB0404079406FF5A61C5
S3150200B1E0DDE9062352EA9F63CDE90623159B109AF1
S3150200B1F028F07C488BED0D7FC3F81880129BA7FBC5
S3150200B20002C84FEA4309089B119A12EF5061E5FB07
S3150200B21003C8A7FB033AE5FB023ADDE917240B9DB7
S3150200B22006FF5C61E4FB023AE4FB05C8029C059A50
S3150200B230E4FB053A0A9D8BED117FE4FB05C8199DD7
S3150200B240139CE0FB053AE0FB04C804981EFD211E90
S3150200B2501A9DE0FB043A0D9CE6FB013AE0FB04C8AA
S3150200B2601EFD1D3E1C98129CE6FB00C8E2FB003A3E
S3150200B270E2FB04C81B981EFD195E019A149EE2FBAE
S3150200B280093AE2FB00C80C9AE0FB023A1EFD15BE23
S3150200B290E2FB05C8069A079DB418224619461EFD0A
S3150200B2A011DE4EEB050352EA5F631598891824F006
S3150200B2B07E4414EF5261C4610C464AEB030554EA1C
S3150200B2C09F651CEB040C624606FF506148EB0503C2
S3150200B2D052EA5F6314461D4654EACF0521F07C41CB
S3150200B2E08BED157F01622CF07E414162A11845EB80
S3150200B2F003041AEF546149186441891844EB0304A4
S3150200B300219BC91806FF52610A4644F1000352EA1C
S3150200B3109F6321F07C41016022998BED197F8B1886
S3150200B3201E9923F07E4201EB5363C0E9012324B048
S3150200B330BDE8F88FAFF30080AFF30080AFF3008073
S3150200B3402DE9F84FA4B007B440F2785BC2F2002BA5
S3150200B350DBF800B00BF5FE7B01A309E0AFF300803A
S3150200B3600000000004000000080000000C000000BD
S3150200B37093ED00FF40F27853C2F200231B6803F2FA
S3150200B380F4532FEE43EF07BC4FF0260C1CEF5A6125
S3150200B39096465368176A9468D26806FF54610CFB96
S3150200B3A002F615900A92DEF810008A691E968BED57
S3150200B3B01D7F0292DEF8146000EBC00200EB420829
S3150200B3C0CDF86080DEF81C2010EF5C610CFB06F8FD
S3150200B3D00D960E691B97049606FF5A610F6A16466A
S3150200B3E04D6A1497DEF8187019958BED217F3A464F
S3150200B3F02546CDF874800CFB06F807EBC70704EB6D
S3150200B400C40412EF506102EB470A0B9505EB4404A4
S3150200B41010930CFB03F506FF5C611390CB69486938
S3150200B4201C921296CDF858808BED257FCF68DEF8F8
S3150200B430242006978F680CFB02FC05971EFD0D1E45
S3150200B440DEF800701A924A6808971B9F01921EFD49
S3150200B450093E0A680A99CDF844C007EBC70C07EB08
S3150200B4604C0C1EFD055E01EBC10E149F01EB4E0E48
S3150200B470CDF824C0AEFB07EC19991EFD01BE189E3D
S3150200B480E1FB04ECA4FB07411893E6FB03EC199BD2
S3150200B4909EFD03DE059FE3FB0541A046189B1E9D0C
S3150200B4A014EF5261029CE5FB0381E6FB04811D9CBD
S3150200B4B0049DE4FB008106FF5061EAFB0581169CB0
S3150200B4C01896069EE4FB0681099E8BED297F019C58
S3150200B4D0E6FB0781119EE6FB0481089E1AEF546182
S3150200B4E0029CE6FB02810D9E0F9106EBC60106EB5E
S3150200B4F0410106FF5261E1FB04EC129CEAFB00ECFF
S3150200B500CDF8388028F07C48CDF884808BED2D7FED
S3150200B51004EBC40804EB4808E8FB05EC069E099D0B
S3150200B5201F901CEF5A61E5FB06ECDDE90E6756EA51
S3150200B5309F6740461A9D06FF5461CDE90E6705EBEB
S3150200B540C508059F05EB4808E8FB07EC089C8BED50
S3150200B550317F019D0C92E5FB04EC109D0E9CE5FBF0
S3150200B56002EC10EF5C616A00149F17920F9A1EEBB1
S3150200B570040406FF5A6146464CEB0209A046DDE981
S3150200B580182524F07E4CA7FB01418BED357FE5FBA8
S3150200B59002410246EAFB034120900298CDF888C098
S3150200B5A012EF5061E2FB00411F98099A1F96E2FBD7
S3150200B5B0004106FF5C613246049E58EA5F69E2FB7F
S3150200B5C00641069E089A8BED397FE6FB0241109EE4
S3150200B5D0059AE2FB06410B9E019A9EFD071EE2FBBF
S3150200B5E00641A4460C9A0A9C049EE4FB02C19EFDF7
S3150200B5F00B3E189CCDF88CC0A4FB07EC1E9C169A39
S3150200B6009EFD0F5EE5FB04EC1D9C059FE4FB03EC2F
S3150200B610029CEAFB04EC9EFD13BEE2FB00EC099AD7
S3150200B620E2FB06EC069E119AE2FB06EC9EFD17DE95
S3150200B630089AE7FB02EC179A019FE7FB02EC14EF6C
S3150200B6405261DDE90B72E7FB02EC1EEB080E4CEBD6
S3150200B6500902CDF838E00F9206FF50610A9ADDE939
S3150200B6600E8958EA9F692EF07C4C5200CDF878C0BC
S3150200B6708BED3D7F1992209A149FCDE90E89A7FB87
S3150200B68002EC1AEF5461E5FB0AEC099AE2FB03ECC1
S3150200B6901F9AE2FB04EC089A06FF5261049CE0FB47
S3150200B6A002EC109AE4FB02EC0B9C019A8BED417FB3
S3150200B6B0E6FB04EC0A9C059EE6FB04EC4446239E4C
S3150200B6C01CEF5A613419A0460F9E24F07E4441EBCA
S3150200B6D0060906FF5461139958EA5F69E2FB01EC19
S3150200B6E0DDE90C16E6FB01EC159A8BED457FCDF8EC
S3150200B6F038E0AAFB07E1D4601D9C099AE5FB04E148
S3150200B70010EF5C61169C119EE4FB03E1029CE2FBD6
S3150200B71004E106FF5A61E6FB00E1089A049EE6FB95
S3150200B72002E1069E179A8BED497FE6FB02E1059E32
S3150200B7300B9AE6FB02E1019A199E12EF5061E2FBB7
S3150200B74006E1139E0C9AE6FB02E11EEB080E06FFCB
S3150200B7505C6141EB0901CDF808E00391DDE902895C
S3150200B76058EA9F691F9E8BED4D7F159A2EF07C41FC
S3150200B770A7FB06AE1161099A109E9EFD1B1EE5FBF4
S3150200B78002AE089A0294E3FB02AEE4FB06AE0B9C01
S3150200B7909EFD1F3E049EE0FB04AE0A9C059AE6FB54
S3150200B7A004AE9EFD235E069E139C0D99E6FB04AE37
S3150200B7B044460E9E9EFD27BE490034190D9E0E94E8
S3150200B7C0E2FB06AE159A9EFD2BDE24F07E44546102
S3150200B7D01C9C019A4CEB090C14EF5261E2FB04AE7D
S3150200B7E0129C0C9ACDF83CC0E4FB02AEDDE90E8950
S3150200B7F006FF5061CDF850A0099A58EA5F69A2FB8C
S3150200B800074C169A18938BED517FE5FB024C119A61
S3150200B810049EE2FB034C029B1AEF5461089ACDE99F
S3150200B8200E89E3FB024C179B059AE0FB034C06FFCD
S3150200B83052610B9BE6FB034C069E199BE6FB034CEF
S3150200B840139B8BED557FE2FB034C019B0C9AE3FBAA
S3150200B850014C1C9BE3FB024C1CEF5A6114EB0808DB
S3150200B8600F9CCDF818804CEB0404079406FF546134
S3150200B870DDE9062352EA9F63CDE90623159B109A5A
S3150200B88028F07C488BED597FC3F81880129BA7FBE2
S3150200B89002C84FEA4309089B119A10EF5C61E5FB67
S3150200B8A003C8A7FB033AE5FB023ADDE917240B9D21
S3150200B8B006FF5A61E4FB023AE4FB05C8029C059ABC
S3150200B8C0E4FB053A0A9D8BED5D7FE4FB05C8199DF5
S3150200B8D0139CE0FB053AE0FB04C8049812EF5061A2
S3150200B8E01A9DE0FB043A0D9CE6FB013AE0FB04C814
S3150200B8F006FF5C611C98129CE6FB00C8E2FB003A5C
S3150200B900E2FB04C81B988BED617F019A149EE2FB51
S3150200B910093AE2FB00C80C9AE0FB023A1BED1B1F38
S3150200B920E2FB05C8069A079DB418224619461BED86
S3150200B9307F3F4EEB050352EA5F631598891824F0A0
S3150200B9407E4402FF5021C4610C464AEB030554EAC9
S3150200B9509F651CEB040C62460BED7F3F48EB05032B
S3150200B96052EA5F6314461D4654EACF0521F07C4134
S3150200B9701BED171F01622CF07E414162A11845EBB7
S3150200B98003049BED013F49186441891844EB030403
S3150200B990219BC91802FF50210A4644F1000352EACC
S3150200B9A09F6321F07C41016022998BED013F8B1848
S3150200B9B01E9923F07E4201EB5363C0E9012324B0B2
S3150200B9C0BDE8F88F80ED009F80ED04BF80ED08DFB3
S3150200B9D080ED0CFF704790ED009F90ED04BF90ED57
S3150200B9E008DF90ED0CFF7047000000000000000029
S3150200B9F070B5F0E80245230065F31F446FF30F05A7
S3150200BA0045EA134584EA142385EA152603F47F439F
S3150200BA1006F47F465C40754084EA032485EA0625DF
S3150200BA2084EA141385EA151603F0F01306F0F016ED
S3150200BA305C40754084EA031485EA061584EA940399
S3150200BA4085EA950603F00C3306F00C365C40754029
S3150200BA5084EA830485EA860584EA540385EA550660
S3150200BA6003F0223306F022365C40754084EA430432
S3150200BA7085EA460541F8044B013A41F8045BB8D120
S3150200BA8070BD00BF000000000000000000000000C2
S3150200BA902DE9F04F2DED108B00F5FE7A00F2F45BE6
S3150200BAA01AED7F1F1AED6B3F00FF52011AED573F49
S3150200BAB000FF52011AED433F00FF52011AED2F3FDC
S3150200BAC000FF52018BED2F1F1AED7B1F1AED673F08
S3150200BAD000FF52011AED533F00FF52011AED3F3F9C
S3150200BAE000FF52011AED2B3F00FF52018BED331F6F
S3150200BAF01AED771F1AED633F00FF52011AED4F3F11
S3150200BB0000FF52011AED3B3F00FF52011AED273F9B
S3150200BB1000FF52018BED371F1AED731F1AED5F3FBF
S3150200BB2000FF52011AED4B3F00FF52011AED373F5B
S3150200BB3000FF52011AED233F00FF52018BED3B1F1E
S3150200BB401AED6F1F1AED5B3F00FF52011AED473FD8
S3150200BB5000FF52011AED333F00FF52011AED1F3F5B
S3150200BB6000FF52018BED3F1F9AED011F9AED153F23
S3150200BB7000FF52019AED293F00FF52019AED3D3F27
S3150200BB8000FF52019AED513F00FF52018BED431F18
S3150200BB909AED051F9AED193F00FF52019AED2D3FCE
S3150200BBA000FF52019AED413F00FF52019AED553FC7
S3150200BBB000FF52018BED471F9AED091F9AED1D3FBB
S3150200BBC000FF52019AED313F00FF52019AED453FC7
S3150200BBD000FF52019AED593F00FF52018BED4B1FB8
S3150200BBE09AED0D1F9AED213F00FF52019AED353F66
S3150200BBF000FF52019AED493F00FF52019AED5D3F67
S3150200BC0000FF52018BED4F1F9AED111F9AED253F52
S3150200BC1000FF52019AED393F00FF52019AED4D3F66
S3150200BC2000FF52019AED613F00FF52018BED531F57
S3150200BC309BED471FA1EF5025A1FF50249BED3F5FCF
S3150200BC4002FF54218BED573F9BED331F9BED535F54
S3150200BC5000FF54018BED6B1F9BED4B1FA1EF50258F
S3150200BC60A1FF50249BED2F5F02FF54218BED5B3F1A
S3150200BC709BED371F9BED435F00FF54018BED6F1F5A
S3150200BC809BED4F1FA1EF5025A1FF50249BED335F83
S3150200BC9002FF54218BED5F3F9BED3B1F9BED475F00
S3150200BCA000FF54018BED731F9BED531FA1EF50252F
S3150200BCB0A1FF50249BED375F02FF54218BED633FBA
S3150200BCC09BED3F1F9BED4B5F00FF54018BED771FF2
S3150200BCD09BED431FA1EF5025A1FF50249BED3B5F37
S3150200BCE002FF54218BED673F9BED2F1F9BED4F5FAC
S3150200BCF000FF54018BED7B1F9BED57DF9BED6BFF26
S3150200BD001AED7F1F9AED013F00FF5C0102FF5E21E3
S3150200BD1020EF50418AED655F22EF52610BED357FD0
S3150200BD201AED6B1F9AED153F00FF5C0102FF5E21C3
S3150200BD30B2EF5045B2FF50440BED595FB2EF526578
S3150200BD40B2FF52648BED0B7F1AED571F9AED293F16
S3150200BD5000FF5C0102FF5E21A2EF5245A2FF5244A0
S3150200BD600BED7D5FA1EF5065A1FF50640BED197FCE
S3150200BD701AED431F9AED3D3F00FF5C0102FF5E2173
S3150200BD80B5EF5245B5FF52440BED3D5FB4EF50653A
S3150200BD90B4FF50648BED277F1AED2F1F9AED513FAA
S3150200BDA000FF5C0102FF5E21A9EF5045A9FF504446
S3150200BDB00BED615FA9EF5265A9FF52648BED037F1C
S3150200BDC09BED5BDF9BED6FFF1AED7B1F9AED053F47
S3150200BDD000FF5C0102FF5E21A1EF5245A1FF524422
S3150200BDE00BED715F20EF50610BED0D7F1AED671FB2
S3150200BDF09AED193F00FF5C0102FF5E21B6EF504546
S3150200BE00B6FF50448AED695FB6EF5265B6FF5264DB
S3150200BE100BED317F1AED531F9AED2D3F00FF5C01AA
S3150200BE2002FF5E21A5EF5045A5FF50440BED555F7D
S3150200BE30A5EF5265A5FF52648BED0F7F1AED3F1FEA
S3150200BE409AED413F00FF5C0102FF5E21B7EF5245CA
S3150200BE50B7FF52440BED795FB6EF5065B6FF5064FB
S3150200BE600BED157F1AED2B1F9AED553F00FF5C0176
S3150200BE7002FF5E21A1EF5045A1FF50440BED395F51
S3150200BE80A1EF5265A1FF52648BED2B7F9BED5FDF25
S3150200BE909BED73FF1AED771F9AED093F00FF5C01D8
S3150200BEA002FF5E21BFEF5045BFFF50440BED495FD5
S3150200BEB0BFEF5265BFFF52648BED1B7F1AED631F06
S3150200BEC09AED1D3F00FF5C0102FF5E21A3EF504584
S3150200BED0A3FF50440BED6D5FA3EF5265A3FF5264BF
S3150200BEE00BED097F1AED4F1F9AED313F00FF5C0102
S3150200BEF002FF5E21B6EF5245B6FF52448AED6D5FF0
S3150200BF00B5EF5065B5FF50640BED2D7F1AED3B1F63
S3150200BF109AED453F00FF5C0102FF5E21A8EF524504
S3150200BF20A8FF52440BED515FA7EF5065A7FF50647F
S3150200BF308BED137F1AED271F9AED593F00FF5C0127
S3150200BF4002FF5E21BFEF5245BFFF52440BED755F04
S3150200BF50BEEF5065BEFF50640BED117F9BED63DFB4
S3150200BF609BED77FF1AED731F9AED0D3F00FF5C0103
S3150200BF7002FF5E21AEEF5045AEFF50448AED795F77
S3150200BF80AEEF5265AEFF52640BED217F1AED5F1FD5
S3150200BF909AED213F00FF5C0102FF5E21BCEF524594
S3150200BFA0BCFF52440BED455FBBEF5065BBFF5064CF
S3150200BFB08BED1F7F1AED4B1F9AED353F00FF5C019B
S3150200BFC002FF5E21ADEF5245ADFF52440BED695FB4
S3150200BFD0ACEF5065ACFF50640BED057F1AED371FD1
S3150200BFE09AED493F00FF5C0102FF5E21ABEF52452D
S3150200BFF0ABFF52448AED715FAAEF5065AAFF506407
S3150200C0000BED297F1AED231F9AED5D3F00FF5C01C0
S3150200C01002FF5E21BCEF5045BCFF50440BED4D5F65
S3150200C020BCEF5265BCFF52648BED177F9BED67DF59
S3150200C0309BED7BFF1AED6F1F9AED113F00FF5C012E
S3150200C04002FF5E21AEEF5245AEFF52440BED5D5F3D
S3150200C050ADEF5065ADFF50648BED077F1AED5B1FA8
S3150200C0609AED253F00FF5C0102FF5E21AAEF5045D3
S3150200C070AAFF50448AED7D5FAAEF5265AAFF526479
S3150200C0800BED1D7F1AED471F9AED393F00FF5C014C
S3150200C09002FF5E21B4EF5245B4FF52440BED415FFD
S3150200C0A0B3EF5065B3FF50648BED237F1AED331F58
S3150200C0B09AED4D3F00FF5C0102FF5E21A4EF504561
S3150200C0C0A4FF50440BED655FA4EF5265A4FF5264D2
S3150200C0D00BED017F1AED1F1F9AED613F00FF5C0118
S3150200C0E002FF5E21A7EF5045A7FF50448AED755F18
S3150200C0F0A7EF5265A7FF52640BED257F9AED651FE8
S3150200C1009AED693F9AED6D5F9AED717F9AED759F93
S3150200C11014EF52A10AFF50A10AED7FBF16EF54A1F8
S3150200C1200AFF52A10AED7BBF18EF56A10AFF54A1DE
S3150200C1300AED77BF10EF58A10AFF56A10AED73BFA9
S3150200C14012EF50A10AFF58A10AED6FBF9AED791FAF
S3150200C1509AED7D3F1BED7D5F1BED797F1BED759F94
S3150200C16014EF52A10AFF50A10AED6BBF16EF54A1BC
S3150200C1700AFF52A10AED67BF18EF56A10AFF54A1A2
S3150200C1800AED63BF10EF58A10AFF56A10AED5FBF81
S3150200C19012EF50A10AFF58A10AED5BBF1BED711FFA
S3150200C1A01BED6D3F1BED695F1BED657F1BED619F0F
S3150200C1B014EF52A10AFF50A10AED57BF16EF54A180
S3150200C1C00AFF52A10AED53BF18EF56A10AFF54A166
S3150200C1D00AED4FBF10EF58A10AFF56A10AED4BBF59
S3150200C1E012EF50A10AFF58A10AED47BF1BED5D1FD2
S3150200C1F01BED593F1BED555F1BED517F1BED4D9F0F
S3150200C20014EF52A10AFF50A10AED43BF16EF54A143
S3150200C2100AFF52A10AED3FBF18EF56A10AFF54A129
S3150200C2200AED3BBF10EF58A10AFF56A10AED37BF30
S3150200C23012EF50A10AFF58A10AED33BF1BED491FA9
S3150200C2401BED453F1BED415F1BED3D7F1BED399F0E
S3150200C25014EF52A10AFF50A10AED2FBF16EF54A107
S3150200C2600AFF52A10AED2BBF18EF56A10AFF54A1ED
S3150200C2700AED27BF10EF58A10AFF56A10AED23BF08
S3150200C28012EF50A10AFF58A10AED1FBF1BED351F81
S3150200C2901BED313F1BED2D5F1BED297F1BED259F0E
S3150200C2A014EF52A10AFF50A18AED01BF16EF54A165
S3150200C2B00AFF52A18AED05BF18EF56A10AFF54A143
S3150200C2C08AED09BF10EF58A10AFF56A18AED0DBFEC
S3150200C2D012EF50A10AFF58A18AED11BF1BED211FD3
S3150200C2E01BED1D3F1BED195F1BED157F1BED119F0E
S3150200C2F014EF52A10AFF50A18AED15BF16EF54A101
S3150200C3000AFF52A18AED19BF18EF56A10AFF54A1DE
S3150200C3108AED1DBF10EF58A10AFF56A18AED21BF73
S3150200C32012EF50A10AFF58A18AED25BF1BED0D1F82
S3150200C3301BED093F1BED055F1BED017F9BED039F87
S3150200C34014EF52A10AFF50A18AED29BF16EF54A19C
S3150200C3500AFF52A18AED2DBF18EF56A10AFF54A17A
S3150200C3608AED31BF10EF58A10AFF56A18AED35BFFB
S3150200C37012EF50A10AFF58A18AED39BF9BED071FA4
S3150200C3809BED0B3F9BED0F5F9BED137F9BED179F85
S3150200C39014EF52A10AFF50A18AED3DBF16EF54A138
S3150200C3A00AFF52A18AED41BF18EF56A10AFF54A116
S3150200C3B08AED45BF10EF58A10AFF56A18AED49BF83
S3150200C3C012EF50A10AFF58A18AED4DBF9BED1B1F2C
S3150200C3D09BED1F3F9BED235F9BED277F9BED2B9FE5
S3150200C3E014EF52A10AFF50A18AED51BF16EF54A1D4
S3150200C3F00AFF52A18AED55BF18EF56A10AFF54A1B2
S3150200C4008AED59BF10EF58A10AFF56A18AED5DBF0A
S3150200C41012EF50A10AFF58A18AED61BF1AED1B1F48
S3150200C4201AED7F3F02FF50210AED7F3F1AED171FDB
S3150200C4309AED013F02FF50218AED013FBDEC108BC0
S3150200C440BDE8F08F2DE9F04F4FF02608D1E90843F9
S3150200C450A1B00B9308FB03F304EBC40500934B69ED
S3150200C46004EB450901938F694B464FF0000A3A46A1
S3150200C470D1F81CC00894CDF84890DC18D1F8049085
S3150200C4804AEB0A0B07EBC7070D6802EB4707119049
S3150200C490059288680A690694CDF81CB0CC68CB462A
S3150200C4A008FB0CF18E46049515466246019BCDF8B3
S3150200C4B00CB008FB03F8A300A3FB0B3BECFB0E3B03
S3150200C4C0F9194AEB0A069218E0FB003B1792019A09
S3150200C4D0CDF830C04AEB0A0C92184AEB0A0ACDF89C
S3150200C4E064A09A46CDF860C0F4460E9202956A00A0
S3150200C4F0049D1092E2FB05ABCDE91CAB019B059AAC
S3150200C5009B000F9353000A930C9BA5FB05BA9B0055
S3150200C5101393089BCDF824E05B000D930B9BDDF88B
S3150200C52008E05B001493019B4FEA4909E3FB08BA52
S3150200C530009BA3FB0038ECFB0E389C46DDF80CE0B2
S3150200C540E9FB05C8AEFB0939E7FB02391F46CDF800
S3150200C55054C04FEA400CECFB0579029D1A97A5FBE5
S3150200C5600173019A05FB06331BEB070BA2FB017154
S3150200C57043EB0A03DDF818A002FB0611A0FB0A6AC8
S3150200C5801BEB060B079E159A00FB06AA4AEB030A4B
S3150200C590009BDDF814C0A3FB0E36DDF824E0EEFBAB
S3150200C5A00436DB1876411BEB03034AEB0606D71962
S3150200C5B041EB08014FEA936A23F07C48009BCDF8D1
S3150200C5C05480A3FB0538EEFB0C38DDF80CB04FEABD
S3150200C5D0400CEBFB0C389B46049D4FEA440CECFBEB
S3150200C5E005B8069ACDF86CB0A4FB023BDDF81CE058
S3150200C5F04AEA861A04FB0EBBFB18DDF808C04BEBB1
S3150200C600010B13EB0A0323F07E411691ACFB0217D2
S3150200C6100CFB0E771A9A4BEB966B5E0E009B51182B
S3150200C62047EB0907A3FB0439DDF824C0019A46EA61
S3150200C630CB16ECFB0239DB1849EB0909CB184FEA9A
S3150200C640440C47EB09079B1923F07C4E4FEA936A89
S3150200C650A4FB0C31DDF84890089E47EB5B67E9FBCB
S3150200C6600631DDF840B0DDF80C90EBFB0031CDF879
S3150200C67024E0DDF83CE00A9AEEFB0931E2FB0531E3
S3150200C6801093ACFB0036009DDDF814C01291E5FB59
S3150200C6900C361946EBFB09160591A4FB0E310F96D3
S3150200C6A00B9EDDF84CE0E6FB0531029D1646E5FBE6
S3150200C6B00531E2FB0031E9FB0E319946049A0D9BE6
S3150200C6C0DDF800E0E3FB02911391A4FB0B318B46EC
S3150200C6D00899CDF82C90EEFB013B0E990293A1FB33
S3150200C6E0052ECDF820B0CDF878E0069B1A92019A75
S3150200C6F0DDF81CE0A2FB0312A4FB0696019C4AEAA3
S3150200C700871A04FB0E251B9C1F966118119E45EB8A
S3150200C710080511EB0A014FEA516821F07E4145EB0B
S3150200C7209765F160ACFB03170CFB0E77DDF830C0A2
S3150200C7301C9CACFB03A26118009B1D9C0CFB0E22E9
S3150200C740DDF838C047EB0407A3FB0CB411EB0B0171
S3150200C750B346DDF864E048EAC51803FB0E44049BC1
S3150200C76044EB070411EB080144EB55648D0E21F0EE
S3150200C7707C413161ACFB0317059EDDF85CE0711864
S3150200C7800F9E45EA841546EB070611EB0A0142EBBA
S3150200C7900602ACFB00A8A0FB0E67491900984FEAF7
S3150200C7A0516521F07E4142EB9462CBF81410A0FB56
S3150200C7B00E14DDF860C045EAC21500FB0C44109861
S3150200C7C0DDF820C04118129844EB0004491944EBE5
S3150200C7D05264029A0B9812EB0A054CEB080CDDF830
S3150200C7E028A0DDF80C80EAFB085CF2469E46A3FB15
S3150200C7F00A23AA184FEA916545EA84154CEB030C05
S3150200C80021F07C4152194CEB946CCBF81810510E66
S3150200C810139C41EACC11411844EB5C64DDF868C014
S3150200C820DDE91E051CEB090340EB05059B190D9876
S3150200C83045EB0705E8FB0035149822F07E42EEFB35
S3150200C8400035CBF81C208A0E42EA84129B1845EB6F
S3150200C85094625C0E44EAC21421F07C41520E23F02B
S3150200C8607E43CBF82010CBF82430D100E3001B190D
S3150200C87041EA547142EB0101DB1849411B1942EBB3
S3150200C88001021599DDF824E05B1842F10002990EC7
S3150200C89041EA8211169A23F07C430A4422F07E4131
S3150200C8A00EEB5262CBE90031CBF8082021B0BDE88D
S3150200C8B0F08F00BF2DE9F04F8046131E18BF0123EB
S3150200C8C0D8E90176D8E90354D8F814908FB0D8F88D
S3150200C8D018A00068CDF80090C446D8E907B9D8F880
S3150200C8E02480CDF80890D1F800905B42CDF804A0E0
S3150200C8F0CDF80C80DA4309EA030A00EA020802EAE2
S3150200C90009094AEA080A1840D1F8048040EA0900EF
S3150200C910086007EA020908EA03001F4002EA08085B
S3150200C92047EA08074F60D1F808808F6840EA090095
S3150200C93005901F4002EA080006EA020847EA0807CD
S3150200C9400697D1F80C80CF681E4006431F4002EAC4
S3150200C950080005EA020847EA08070797D1F8108097
S3150200C9600F691D4005431F4002EA080004EA020857
S3150200C97047EA08071C4044EA0008CDF810A04C69B3
S3150200C98008974F69DDF8009002EA07001C4009EAA1
S3150200C99002073C43DDF804A08F69099403EA0904FF
S3150200C9A0D1F8189004431F4002EA09000AEA020974
S3150200C9B047EA09070A9703EA0A07D1F81CA00743C0
S3150200C9C002EA0A090AEA03000BEA020A40EA0A0034
S3150200C9D00B9003EA0B0040EA0900D1F820B0D1F827
S3150200C9E020A00090029802EA0B090AEA030A00EA6A
S3150200C9F0020B4AEA0B0ACDF830A003EA000A4AEA19
S3150200CA0009090398D1F824A000EA020B0AEA030AEC
S3150200CA100340486A4AEA0B0A02401343009ACDF8D9
S3150200CA2034A00DF1100EC1E90265C1E90484C1E921
S3150200CA3007298F614B62BEE80F00ACE80F00BEE823
S3150200CA400F00ACE80F009EE803008CE803000FB06D
S3150200CA50BDE8F08F2DE9F04F90F8F73291B0044619
S3150200CA600191032B00F2B782DFE813F0EE00E0003B
S3150200CA7011000400019B00F5157200F50B714C3094
S3150200CA809847042384F8F73211B0BDE8F08FD4F842
S3150200CA90B852D4F89462D0F87C22D0F8A412D0F816
S3150200CAA080320395D0F8A802D4F8C0520D96D4F875
S3150200CAB0C86202900595D4F89C52CDE908610F929E
S3150200CAC05118029AD4F8ACC2D4F884B2D4F8BC7223
S3150200CAD00695D4F8C452D4F8B0E2D4F888A2C4F8C1
S3150200CAE0B4119918D4F8B402D4F88C92D4F890827E
S3150200CAF004970795D4F89872D4F8A0520E93C4F806
S3150200CB00B8110BEB0C01039BC4F8BC110AEB0E0126
S3150200CB10C4F8C01109EB0001C4F8C41108EB030103
S3150200CB200D9EC4F8C81104990C9005987118C4F8A2
S3150200CB30CC113918DDE90623C4F8D011D118089AA8
S3150200CB40C4F8D411A918C4F8D81104F19C0004F54C
S3150200CB50DA71CDF828C0CDF82CE0FFF773FC069801
S3150200CB600F9A06F1006102F1006200F1006609986F
S3150200CB700E9B263A121AC4F8DC2103F18063029A4C
S3150200CB80DDF828C00BF1006B023BDDF82CE09B1AA6
S3150200CB90ABF1020B0AF1806AC4F8E031AAF1020A8B
S3150200CBA0ABEB0C0309F10069DDF830C0C4F8E431DF
S3150200CBB0A9F10209AAEB0E03C4F8E83108F180686C
S3150200CBC0A9EB0C03DDF80CC0A8F10208C4F8EC319D
S3150200CBD0A8EB0C03C4F8F031049B059807F18067B3
S3150200CBE00239089AC91A05F18065079B023F3F1A66
S3150200CBF0023E023DF61AAD1AC4F8F87104F533770F
S3150200CC003846C4F8F411C4E97F6504F5EE71FFF7FE
S3150200CC1019FC019B3A4604F1240104F1C400984729
S3150200CC20032384F8F73211B0BDE8F08F019B00F5BB
S3150200CC308A7200F59E7100F529709847022384F8DE
S3150200CC40F73211B0BDE8F08FB0F9F43290F8F6621F
S3150200CC50C3F3CC020244157903F007031D4105F024
S3150200CC6001056E40324600F19C014C30FFF722FE70
S3150200CC70324604F1C40104F17400FFF71BFEA06FF3
S3150200CC8084F8F652D4F88450E26C616FD4F8886066
S3150200CC9002900395D4F88C50236D09910E92511887
S3150200CCA0029AD4F87CE0D4F854B0676E04960695DE
S3150200CCB0D4F89060D4F89450D4F88000D4F858A0F0
S3150200CCC0C4F8EC109918D4F898C0D4F85C90D4F84B
S3150200CCD0608005970796A76EE66E0895256F0D93F9
S3150200CCE0039AC4F8F0100BEB0E01C4F8F4100AEB29
S3150200CCF00001C4F8F81009EB0201C4F8FC1004990B
S3150200CD00DDE905324144C4F800119918C4F804114A
S3150200CD100799089A7918C4F80811B118C4F80C11C1
S3150200CD20614669180B90C4F8101104F50B7004F1F2
S3150200CD30EC01CDF828E0CDF830C0FFF783FB0E9A60
S3150200CD4009980D9B02F10062263A121A03F18063DA
S3150200CD500298DDF828E00BF1006B023B1B1AABF1DF
S3150200CD60020B0B980AF1806AC4F81831AAF1020A7A
S3150200CD70ABEB0E03C4F81C3109F10069AAEB000300
S3150200CD800398A9F10209C4F8203108F18068A9EBD9
S3150200CD9000030498DDF814C0A8F10208C4F824318F
S3150200CDA0A8EB00030CF10061C4F82831069B023996
S3150200CDB0C91A07F18067079B023FFF1A06F1006650
S3150200CDC0089B023EF61A05F180650C9B023DED1AA0
S3150200CDD0C4F81421C4F82C11C4F83071C4F83461B3
S3150200CDE0C4F8385104F58A7104F51570FFF72AFB69
S3150200CDF0D4F83032D4F8582203F18063023B9B1AEE
S3150200CE00C4F89031D4F83432D4F85C2203F10063CA
S3150200CE10023B9B1AC4F89431D4F83832D4F8602213
S3150200CE2003F18063023B9B1AC4F89831D4F83C3272
S3150200CE30D4F8642203F10063023B9B1AC4F89C31C6
S3150200CE40D4F84032D4F8682203F18063023B9B1A7D
S3150200CE50C4F8A031D4F84432D4F86C2203F100634A
S3150200CE60023B9B1AC4F8A431D4F84832D4F8702293
S3150200CE7003F18063023B9B1AC4F8A831D4F84C3202
S3150200CE80D4F8742203F10063023B9B1AC4F8AC3156
S3150200CE90D4F85032D4F8782203F18063023B9B1A0D
S3150200CEA0C4F8B031D4F82C32D4F8542203F100631A
S3150200CEB0D4F89C60263B9B1AD4F8C4A0C4F88C31E3
S3150200CEC006F10063263BA3EB0A03D4E92850C4F813
S3150200CED0643105F18063023BD4E93298A3EB09037E
S3150200CEE0C4F8683100F10063D4F8A810023B40444C
S3150200CEF0A3EB0803C4F84401C4F86C31D4F8D0009B
S3150200CF0001F18063023B1B1AC4F87031D4F8AC30CD
S3150200CF100144D4F8D4C0C4F8481103F10063D4F82C
S3150200CF20AC10023B6144A3EB0C0CD4F8B0304D4478
S3150200CF301846D4E939B7C4F84051C4F84C11D4F8AC
S3150200CF40D85003F18061D4F8B43002392844491B21
S3150200CF501D465644C4F83C61C4F85001D4F8DC605E
S3150200CF6003F10060D4F8B83002383544861B1846FF
S3150200CF70C4F8545103F18065D4F8E030D4F8BCE02B
S3150200CF801844023DED1AC4F85801D4F8C0300EF127
S3150200CF9000600238DE44A0EB0B0B03F1806002381E
S3150200CFA0C4F85CE1C01B03EB070EC4F860E104F1B0
S3150200CFB0EC02C4E95DC1C4E961B0019BC4E95F65E5
S3150200CFC004F5B27104F51F709847012384F8F7320D
S3150200CFD011B0BDE8F08FD0F88C316A4AD0E9640608
S3150200CFE0A3FB02834FEA986141EA83119B0EE0FBA1
S3150200CFF002131F46D4E967034FEA516C4CEAC71C79
S3150200D0007F0EE6FB02C7BE46D4F898514FEA9C67EC
S3150200D01047EA8E174FEA9E6EE5FB027E7D0E45EAD3
S3150200D020CE154FEA5E6EE0FB025E4FEA956949EA6B
S3150200D0308E194FEA9E6EE3FB029ED4F8A4614FEA74
S3150200D040596040EACE104FEA5E6EE6FB020EF246E9
S3150200D050D4F8603227F07E47C4F8D8724FEA906E51
S3150200D0601F44D4F8A8314EEA8A1E4FEA9A66E3FBB9
S3150200D07002E6D4F8643225F07C454FEA5E6AC4F8CB
S3150200D080DC524AEAC61A1D44730ED4F8AC6129F082
S3150200D0907E49E6FB02A3D4F86862C4F8E09209EB83
S3150200D0A0060BD4F8B0614FEA9A6949EA83199B0ED6
S3150200D0B0E6FB02931E46D4F86C3220F07C40C4F89C
S3150200D0C0E40218444FEA596343EAC61329F07E463E
S3150200D0D003EBC30903EB490328F07C48984421F08B
S3150200D0E07E4101EB98612CF07C4C0CEB5163D4F839
S3150200D0F058C221F07E418C44C4F8D012D4F85C1296
S3150200D1002AF07C4203EB010AD4F87412C4F8EC222A
S3150200D1101144D4F87822C4F8F062C4F8D432164422
S3150200D120D4F87032D4F854222EF07E4E28F07C4881
S3150200D13073444244C4F8E8E2C4F808C2C4F80422BC
S3150200D140C4F8CC8204F50172C4E983A7C4E9870353
S3150200D150C4E98916019BC4E9855B04F5C67104F12D
S3150200D160740098470022B4F8F43284F8F722013B9F
S3150200D1701BB29342A4F8F432BCBF012384F8F832FE
S3150200D18082E400BF42DB010070B51B4B86461B687A
S3150200D190012B26D0022B06D0184A7346BDE87040F2
S3150200D1A01146174818474FF43F73164C1648226823
S3150200D1B003FB020191F8F81282F0010541B103FB6B
S3150200D1C0050393F8F832002BE6D12A4685F00105CD
S3150200D1D04FF43F73714603FB0200FFF73BFC2560E9
S3150200D1E070BD094890F8F832002BD5D17146BDE8DA
S3150200D1F07040FFF72FBC00BF64050022E8E9000279
S3150200D200000000206005002228000020094B186853
S3150200D21078B1094A012892F8F932B3FA83F34FEA50
S3150200D220531305D092F8F525002A53EA1390704756
S3150200D2301846704764050022280000202DE9F047B1
S3150200D24000F000FA2A4A1388002B4FD000254FF02F
S3150200D250010A5768274EDFF8A890274C07EB4308C8
S3150200D260EFF310828AF31088336823B9402189F8D4
S3150200D270143089F8141033680133336082F310884E
S3150200D280A8EB070EAEF1020E4FEA5E0E0EF1010E8C
S3150200D29039464EF001E0194831F8022B130A1B01F8
S3150200D2A053FA82F254F8223003402B4343F004032C
S3150200D2B044F822300FF011C0EFF310828AF310887F
S3150200D2C0336813B13368013B3360336823B9802175
S3150200D2D089F8143089F8141082F310884FF47A71A1
S3150200D2E0642085F0010500F099FDB9E7FEE700BF6D
S3150200D2F0B4EE0002C805002200084040FE3FFEFFD1
S3150200D300000D4040022800D070470249024800F052
S3150200D3102BBC00BF10EB000280050022202310B5B3
S3150200D3200446A0B00DEB03000A466021F8F79CFE06
S3150200D330214608AA04F51A60F7F73EFE0DF1600CC5
S3150200D340BCE80F00C4F86009C4F86419C4F8682977
S3150200D350C4F86C39BCE80F00EC46C4F87009C4F88E
S3150200D3607419D4F86009D4F86419C4F87829C4F891
S3150200D3707C39D4F86829D4F86C39ACE80F00D4F8B3
S3150200D3807009D4F87419D4F87829D4F87C39ACE841
S3150200D3900F009DF800C09DF81F302CF0070C03F01B
S3150200D3A07F0343F040036946054A04F518608DF889
S3150200D3B000C08DF81F3000F05FFF20B010BD00BF27
S3150200D3C030EA000230B50D460446ADF6446D202122
S3150200D3D02846F8F7B1FB29466846FFF79FFF0DF589
S3150200D3E01A614FF49462204600F016FF0DF5186C90
S3150200D3F0BCE80F00C4F8A004C4F8A414C4F8A82416
S3150200D400C4F8AC34BCE80F00C4F8B004C4F8B414D1
S3150200D410C4F8B824C4F8BC340DF6446D30BD00BF60
S3150200D42010B50446ADF5286D21460DF59060F8F766
S3150200D43061FB68460DF59061F8F748FB4FF4906280
S3150200D4402146684600F0D0FE003818BF012040424F
S3150200D4500DF5286D10BD00BF2DE9F04F8846A3B02B
S3150200D4606D4617461E468346D8F808200868D8F83F
S3150200D4700C30496808AC0FC5D8F81000D8F814105B
S3150200D480D8F81820D8F81C30DDF8B0900FC53868E7
S3150200D4907968BA68FB680DF1400E0FC4386979697C
S3150200D4A0BA69FB690DF1600C0FC430687168B26825
S3150200D4B0F368DFF854A0AEE80F0030697169B2690B
S3150200D4C0F369AEE80F00D9F80000D9F80410D9F8CC
S3150200D4D00820D9F80C30ACE80F00D9F81000D9F8BA
S3150200D4E01820D9F81410D9F81C30ACE80F009AE8C5
S3150200D4F0030086222090ADF8841058466946F8F754
S3150200D500D5FD23B0BDE8F08F10EA0002F0B505465E
S3150200D510ABB0104614460F46FFF782FF00283CD1F7
S3150200D520402106461AA8F8F707FB224628461AABF8
S3150200D53002A9F7F76FFD0DF1480C0DF1880EBEE852
S3150200D5400F00ACE80F009DF8483005F5886523F01A
S3150200D55007038DF848309EE80F008CE80F009DF80F
S3150200D5606730284603F07F0343F040030C4A12A9B2
S3150200D57004F594648DF8673000F07EFE224612A907
S3150200D5800AA800F079FE2B4638460AAA02A9009498
S3150200D590FFF762FF30462BB0F0BD4FF0FF36F9E7DA
S3150200D5A030EA000270B514460D4606469AB002A845
S3150200D5B0F7F76AFDD4F86009D4F86419D4F8682933
S3150200D5C0D4F86C390DF1480CACE80F00D4F87009A8
S3150200D5D0D4F87419D4F87829D4F87C3905F5886515
S3150200D5E0ACE80F009DF848302A4623F007038DF871
S3150200D5F048309DF867300AA803F07F0343F04003E2
S3150200D60012A904F518648DF8673000F035FE2B4632
S3150200D61030460AAA02A90094FFF71EFF1AB070BD8F
S3150200D62030B504460D46ADF6446D68461146FFF721
S3150200D63075FE6A4629462046FFF7B4FF0DF6446D8D
S3150200D64030BD00BF0E480F4A38B5904207D2013AA4
S3150200D650121A22F007020C49083200F0DDFDBFF370
S3150200D6604F8FBFF36F8F00200122084B084D094CE4
S3150200D6702D7809491C60094B08601A6038BD00BF45
S3150200D68000000000B04900004000000268050022C8
S3150200D6900000000018EA000270050022740500224C
S3150200D6A030B500250F4A011D02F500744FF0190E20
S3150200D6B000234EF001E0081F50F823C042F833C0A1
S3150200D6C051F823C044F833C002330FF00BC80135BA
S3150200D6D0042D02F1040201F1C80104F10404E5D1AA
S3150200D6E030BD00BF6006002030B500250F4A011D7F
S3150200D6F002F500744FF0190E00234EF001E0081FE8
S3150200D70052F823C040F813C054F823C041F813C09E
S3150200D71004330FF00BC80135042D02F1040204F1A3
S3150200D720040401F1C801E5D130BD00BF6006002046
S3150200D73008B50D48FFF728FD0C48FFF725FD0C48F4
S3150200D740FFF722FD0B48FFF71FFD0B48FFF71CFDF5
S3150200D7500A48FFF719FD0A48FFF716FDBDE808401B
S3150200D7600848FFF711BD00BF61850002E18B000288
S3150200D7707192000201990002919F000221A6000205
S3150200D780B1AC000241B300022DE9F04F83B0019023
S3150200D790FFF786FF2F4A136804331360FFF736FD3F
S3150200D7A0E0B92D4C2D4DA0462D4E05F1600955F8D8
S3150200D7B0042F56F8043F4046C4E96422C4E96622AF
S3150200D7C0C4E96833C4E96A33FEF762F9A945EED1C2
S3150200D7D0019803B0BDE8F04FFFF786BF214B1E4C00
S3150200D7E0DFF878B0054620481C601D4FFEF7EAF8C0
S3150200D7F0DFF878A0DFF87890DFF878800BF1600622
S3150200D80003E0FFF795FFB3451BD05BF8042F57F8EB
S3150200D810043F012DC4E96422C4E96622C4E96833DF
S3150200D820C4E96A33EDD15046FFF7AEFC4846FFF72E
S3150200D830ABFC4046FFF7A8FC0F48FFF7A5FCB34533
S3150200D840E3D10948FEF7C7F8019803B0BDE8F04FE7
S3150200D850FFF74ABF5C05002260060020ACEA000220
S3150200D8604CEA0002780500222006002061660002CA
S3150200D870216E0002E1750002A17D00022DE9F04F42
S3150200D88014468A461F460646636887B00393A36812
S3150200D8904FF448720493E36800210593236802ADAE
S3150200D8A0029300F0B1FC574528BF06F5487825D308
S3150200D8B0A9463446AB462046534600225BF8041B73
S3150200D8C0C83400F0E9FC4445F5D13046FFF75CFF69
S3150200D8D006ABA3EB050EAEF1040E4FEA9E0E0EF159
S3150200D8E0010E4EF001E0D9F80030534449F8043BEA
S3150200D8F00FF007C8A7EB0A07BA45D9D94FF01F0898
S3150200D90080240DF118090AF1FF3A8DF806808DF888
S3150200D9100740AFB9304601233A460DF1060100F041
S3150200D920BBFC04353046012352460DF1070100F0D7
S3150200D930B3FC4D4506F1C806E7D107B0BDE8F08F46
S3150200D9403B4600223046296800F0A6FCE2E700BF0B
S3150200D95070B50E4615461C4684B0089BA821039353
S3150200D9606A46099BCDE900650294FFF787FF04B07A
S3150200D97070BD00BF2DE9F04385B00C9CCDE90001D6
S3150200D980CDE90223DDF83490C4B104F1FF3809F57C
S3150200D99048774846FFF7F8FE6E464D4634682846F5
S3150200D9A02146A8230022C83500F056FCA834BD4201
S3150200D9B046F8044BF2D1B8F10108EAD205B0BDE847
S3150200D9C0F08300BF08B5FFF739FC002008BD00BF91
S3150200D9D02DE9F84F0388DBB14FF0000A80464FF07D
S3150200D9E00109DFF8D4B00024314D4FEACA07D8F84E
S3150200D9F0043035F8022BD919898891420AD00134AC
S3150200DA00032CF4D1B8F800300AF1010A5345EAD8DA
S3150200DA10BDE8F88FDB5909FA04F603F0B853B3F1FF
S3150200DA20807F244BF6B293F84C2C12D0324230D17E
S3150200DA3004F120021BF81230DB09E0D01BF8123089
S3150200DA40012123F08003C8200BF8123000F0E6F91A
S3150200DA50D5E7324210D004F120021BF81230DB095E
S3150200DA60CDD11BF81230012143F08003C8200BF8F8
S3150200DA70123000F0D3F9C2E7012000F071FA0D4B23
S3150200DA80012093F84C2C324383F84C2C00F038FAE0
S3150200DA90E1E7012000F064FA064B012093F84C2CD2
S3150200DAA022EA060283F84C2C00F02AFAC0E700BFED
S3150200DAB01CED000200E0014000202040F8B50646B9
S3150200DAC0FFF786FFEFF31082012383F31088234FBB
S3150200DAD03B681BB9402022490B7508753B68013328
S3150200DAE03B6082F31088338800211BB31D4D08E08A
S3150200DAF01B01134445F82340328801318BB29A4206
S3150200DB0018D9736853F8314003EBC1029288E003D7
S3150200DB104FEA1223D2B2EBD502EB031055F820E0FE
S3150200DB2024F4803C2EF4803E45F820E01B0145F8A3
S3150200DB3020C0DEE7EFF31082012383F310883B68EF
S3150200DB4013B13B68013B3B603B681BB9802004492B
S3150200DB500B75087582F31088F8BD00BFC805002250
S3150200DB60000D40400008404008B5034B03600846DC
S3150200DB70FFF7A4FF002008BD54524F501E4A92F8E8
S3150200DB80263092F82420DBB202F00F02A2F108013D
S3150200DB9003292BD8DFE801F020160C021749184A90
S3150200DBA051F82330A2FB03231B09164A1360704760
S3150200DBB01249134A51F82330A2FB0323114ADB0808
S3150200DBC0136070470D490E4A51F82330A2FB032316
S3150200DBD00C4A9B08136070470849094A51F82330DA
S3150200DBE0A2FB0323074A5B0813607047034951F8F7
S3150200DBF02330D340D9E700BF00E0014020040022D1
S3150200DC00ABAAAAAAD8050022704700BF00000000EE
S3150200DC10F8B54AF2035001234B494C4AA1F8FA03DC
S3150200DC20938093889BB2002BFBD101244FF40040D2
S3150200DC309FED416B9FED427B454B4649C3E9071178
S3150200DC405961148083ED007F1861FFF797FF09225F
S3150200DC5006213D4B83F8501A83F8A22093F8002C34
S3150200DC601AB993F8013C980760D0374C94F8003CF7
S3150200DC70002B50D00022344B83F8012C83F8002C61
S3150200DC800023314A82F8323092F83C301907FBD52C
S3150200DC9045F6017040F2111100232B4C1085A2F8B3
S3150200DCA04C1082F82A3094F83C309B06FBD50422AD
S3150200DCB001250526254B284F1A77276284F824501A
S3150200DCC084F82660FFF75AFF2946962000F0A6F848
S3150200DCD0002384F824302762FFF750FF2946962056
S3150200DCE000F09CF884F82660FFF748FF4AF20152DA
S3150200DCF01A4B1A80BFF35F8F1D72BFF35F8F4FF40B
S3150200DD0025421A8084F8305084F8525084F85350D1
S3150200DD10A4F8FA23F8BD0121C82084F8001C00F0FB
S3150200DD207DF894F8003C012BFBD1A3E74FF47A70FF
S3150200DD30FFF76AFFA4E700BF006CDC0200127A005C
S3150200DD4000800000002D310100E0014000C10140C9
S3150200DD502004002200389C1C32231231002000408D
S3150200DD6038B50025284C0121C82084F8285000F037
S3150200DD7055F884F8245094F82430002BFBD194F8FB
S3150200DD802430214943F0020384F8243091F82430E8
S3150200DD90C3F340009B07F9D41B4A81F8220092F88C
S3150200DDA0223003F0FF00002BF9D192F840301649D9
S3150200DDB060F3C71382F8403091F84030DB09FBD19B
S3150200DDC091F84200104A63F3C71081F8420092F8B4
S3150200DDD04230DB09FBD192F844000B4963F3C710CA
S3150200DDE082F8440091F84430C3F3C014DB09F9D138
S3150200DDF0012000F0B5F8054B012083F84C4CBDE834
S3150200DE00384000F07DB800BF0020204000E001400D
S3150200DE10A0F101000028FBD1704700BF1E4B1F4A2C
S3150200DE201B6800FB01F1934213D302F1854202F50E
S3150200DE30071203F5742302F6834203F23F23A2FB81
S3150200DE4003239B0CA3FB01314FF0FF30E1B1FFF737
S3150200DE50DFBF4FF47A7210B4114C4FF0FF30B4FBAF
S3150200DE60F3F3A1FB02C434B9BCFBF3F080B15DF855
S3150200DE70044BFFF7CDBFB1FBF3F1A1FB0212002A5F
S3150200DE80F5D1084620B1F2E71846002BDFD17047DC
S3150200DE905DF8044B704700BFD805002200127A00D5
S3150200DEA000CA9A3B70B500240D4B0E4EB3F8002102
S3150200DEB0B3F82051ADB2154025FA04F3DB0704D5B9
S3150200DEC056F82430E0B203B198470134102CF3D14E
S3150200DED0034AA2F81051B2F820311D42FBD170BD9F
S3150200DEE000C0004088050022034B1A8812B1034B7A
S3150200DEF0C3F80023704700BFA4EE000200C0004032
S3150200DF00EFF31081012383F31088124B33F81020AC
S3150200DF1092B22AB133F81020013A92B223F81020B5
S3150200DF2033F810309BB293B910B40B4A0B4CB2F8CB
S3150200DF30FA3334F810009BB243F4254323EA000374
S3150200DF40A2F8FA3381F310885DF8044B704781F327
S3150200DF5010887047CC05002200E00140A8EE0002BE
S3150200DF6030B4EFF31081012383F310880E4A32F89E
S3150200DF7010309BB26BB90D4C0D4DB4F8FA3335F82F
S3150200DF8010C09BB243EA0C0343F425439BB2A4F8A8
S3150200DF90FA3332F8103001339BB222F8103081F393
S3150200DFA0108830BC704700BFCC05002200E001405B
S3150200DFB0A8EE000200BE704708B500F035F8FFF77C
S3150200DFC001FDFEE7F8B5174F05463E68A6B17C6827
S3150200DFD006EB460604EB860602E00C34B4420BD08E
S3150200DFE0637AAB42F9D1D4E900020021121A0C3449
S3150200DFF000F00AF9B442F3D1BE6896B1FC6804EBAC
S3150200E000061602E01034A6420BD0637BAB42F9D16E
S3150200E010D4E90002A168121A103400F0FDF8A642F3
S3150200E020F3D1F8BD24ED0002F8B5644A644B5A6197
S3150200E030BFF34F8FBFF36F8F1B6803F47002B2F505
S3150200E040801F00F0928013F4600F7AD05D4A136845
S3150200E05043F004031360BFF34F8FBFF36F8F4FF488
S3150200E0607002594B564C0020C4F88820A360FFF773
S3150200E07049F90025FFF7CCFD4AF202514FF4254239
S3150200E080524B0120A3F8FA1383F8B05AA3F8FA23E5
S3150200E090FFF738F94E4B83F30A884A4B1A68920700
S3150200E0A003D5A268B2F1007F63D00020FFF78AFF92
S3150200E0B0FFF764FDFFF754FE0320FFF751FF00232D
S3150200E0C04FF00C0E1C464EF001E0424903F10C02E1
S3150200E0D021F8224001330FF007C80320FFF710FF93
S3150200E0E00320FFF73DFF3C4B03205C609C60DC6035
S3150200E0F01C61FFF705FF0120FFF764FFBFF34F8F97
S3150200E100BFF36F8F2E4BC3F85042BFF34F8FBFF34F
S3150200E1106F8F324B324D5B1B002B4FEAA30606DD97
S3150200E120002455F8043B01349847A642F9DC022044
S3150200E130FFF7E8F8FFF7D8FEBDE8F840002000F048
S3150200E14051B8204A136843F004031360BFF34F8F9C
S3150200E150BFF36F8F4FF0E022936843F480339360EE
S3150200E160BFF34F8FBFF36F8F79E719077FF46EAF57
S3150200E17069E701211A695869C2F3C302093201FA31
S3150200E18002F300260027DB0843F007C0AFF3008046
S3150200E190E5E802670FF005C0C0F3C303093301FACD
S3150200E1A003F34FF00052DB0843F007C0AFF30080E1
S3150200E1B0E2E802670FF005C077E700BF01020E0032
S3150200E1C000ED00E000E001E00000000200E0014096
S3150200E1D020000022000D40400040204020EF0002B7
S3150200E1E01CEF0002704700BF0139024410B590428D
S3150200E1F001D1002005E0037811F8014FA34201D0B6
S3150200E200181B10BD0130F2E702440346934200D1C7
S3150200E210704703F8011BF9E70A44431E914200D1F5
S3150200E220704710B511F8014B914203F8014FF9D12D
S3150200E23010BD0000000000005FF800F0112600008B
S3150200E2405FF800F0992700005FF800F04D09000022
S3150200E2505FF800F0A90900005FF800F0012E000047
S3150200E2605FF800F0BD0800005FF800F04D230000E3
S3150200E2705FF800F0790800005FF800F0070500007B
S3150200E2805FF800F0511B00005FF800F00132000059
S3150200E2905FF800F0651D00005FF800F0012B00003A
S3150200E2A05FF800F0B91200005FF800F0E11F00000D
S3150200E2B05FF800F0010900005FF800F05519000050
S3150200E2C05FF800F0752500005FF800F0B526000043
S3150200E2D05FF800F0390A00005FF800F065080000F8
S3150200E2E05FF800F089210000B8AF1300B8AF130041
S3150200E2F04B3A0A7BB8AF1300A97413034B3A0A7B55
S3150200E3009C1B9939B8AF130078F0C9BEA9741303E0
S3150200E310A6928DCF4B3A0A7BEFE91E6E9C1B99396A
S3150200E320318DD434B8AF13004B3A0A7BB8AF130021
S3150200E330A97413034B3A0A7B9C1B9939A0E82F91C7
S3150200E34033704D11E6587CAFE28719B4DBE36D6B8F
S3150200E3504B3BFD23309A2BC99943919F1D8FBB7965
S3150200E360D078DDC0C40F33680D6205BAE751D71005
S3150200E370F1CBA4A18DDDBF4155B3E4628BF76D6A83
S3150200E3803B05BC73A4AD2EA12BD160159B214B2F4F
S3150200E390B8AE20573740BD6378F0C9BE1D8FBB7932
S3150200E3A05A713ED4D078DDC065E09A22C40F336834
S3150200E3B09576FA479C19B3E7AE2CBB7E4F00FC3329
S3150200E3C028FB3ECD4E0C601F373ED71129EC01E7E4
S3150200E3D07CB8A1C902F2B5C2000A7E99327BBE534D
S3150200E3E0098FBC6C5C5976FD50F67D9A6D7CAE2326
S3150200E3F00A890A77B0111AAD6F69A5997BC3120C07
S3150200E4003279D801318BEEE2C7EFD2498FBF45751B
S3150200E410A974130378F0C9BEEFE91E6E1D8FBB798E
S3150200E420705C4E055A713ED406B6C12901F95A618D
S3150200E430382EA78216E83636AD381F6A5E439478C0
S3150200E44003DBE09494862AD772382243705C4E0529
S3150200E4503FD15F22B6C7DBD622494947476D7323B0
S3150200E460FF12098AC6F76A9179E18CD8D72055AD91
S3150200E470D53A03D674214D1524318170103A0D54C4
S3150200E48091AD2F9462121122A6928DCF02F2B5C2DD
S3150200E490BB8628F1000A7E99E28FB1FB327BBE531E
S3150200E4A0C13FC31517E09EEEA4B6B9917603D348D1
S3150200E4B0808904C56C8AF860E37BB5C8CDA0D526F1
S3150200E4C0705B5B5C2CD06D6C8DE27E8EB3EB079934
S3150200E4D0BC76F861588DD24EB015E6506F63F3A341
S3150200E4E0A785363BFB4665DB16E284402617D347F3
S3150200E4F07053C314E19DFB387609853E07AB50E79E
S3150200E5004B3A0A7BA97413039C1B993978F0C9BE4E
S3150200E510A6928DCFEFE91E6E318DD43447713FC777
S3150200E520F1C7D8FDF3B2E921993DDFA9DAF5834CAB
S3150200E530E19FE18AF8699EF401FB40B35A713ED429
S3150200E54065E09A229576FA47C1372BCE1AB6C036BF
S3150200E550F8731C8E9C1E72348CE8308469B1FD1DE2
S3150200E560D355A4A755B8A3AFD168AD312CCD9471BC
S3150200E570976018C3C40E40BFEFE91E6E705C4E056D
S3150200E58006B6C1293FD15F22CBB1F85EB6C7DBD64C
S3150200E5905F345792FA587BBCAC4669A7EFE64573DF
S3150200E5A0D80A73283A15EC02B8B1F951FA50E37455
S3150200E5B0A3C403CFBB8628F1E28FB1FBC13FC315CB
S3150200E5C0383366CF9E00F8679C18C03E52D803CEF9
S3150200E5D0975F251A835E336478EFD61568C406A85A
S3150200E5E0AA6A95691AB00E416AAA587F0A844B2A0A
S3150200E5F09C1B9939A6928DCF318DD43402F2B5C2C5
S3150200E6002CD06D6CBB8628F1270D55AE55BA890103
S3150200E61053C9C6E7261D853DF8740F37CE8DCC9CAF
S3150200E62099466A9A2528F67FC5079B2006B6C12910
S3150200E630CBB1F85E5F3457922DC03DDDEC06A69154
S3150200E640D814F1C19941AB4D2438260FD80B66D1A7
S3150200E6507BC5F85DB5D9F1B72BDBDEAE2804CABDA2
S3150200E660993ED2521BA690A7318DD4342CD06D6C14
S3150200E670270D55AE8DE27E8EE565D343B3EB079942
S3150200E680F0D33CE9F4A86B880D5B601BF965D250A8
S3150200E690FC390E47C7EEDFA04E0F391AFA4EFD229D
S3150200E6A02064EA18270D55AEE565D343F0D33CE95D
S3150200E6B0F3B1F678DDCD8BE6732AD805F4A1C6E967
S3150200E6C05A7324263DE741A70006B2F588214C225B
S3150200E6D0EEEFD063233DE55B1E7DA5986C8DD15B85
S3150200E6E00000000000000000B6C5F58465E466C6B9
S3150200E6F0588BECFCD0722BCB5B6D72301216E1910B
S3150200E700890F3641DAF2AA51D52F92934679D70E5E
S3150200E710FF0D4A3DFB493ED691A3B1FAA78EC12B06
S3150200E720E4704486112CC3160D5E39162432741910
S3150200E7302EAB4E01122152D4AE2AD52CD440B5CBE3
S3150200E7401C9A2CBC8ED527FA0E4E0987CD9FE27DE8
S3150200E750FB4299373277F2AF140897544E14F86693
S3150200E760929C0C5CA9722DB174205A6C242DB5CCE6
S3150200E7709D0D4FFCEEEDEA11741D817151EA19AF40
S3150200E7804589079EA0E9223AA1DCCBA50B79DAE7F7
S3150200E7901E7F8BEA40C03CEAAF27FC3163FF079835
S3150200E7A016EDF582D53BF67E215979D6B3F49289D8
S3150200E7B01F704E0465E73FC1C9CC993040C4088E2C
S3150200E7C00B723549B5D159700E56A1CECF8441ACE4
S3150200E7D0948351DCA5A68902BB85354887317CB175
S3150200E7E0F2BC67BBD71AA3B701F68166B109826587
S3150200E7F0F870439325205E384D19B7B301F49B1484
S3150200E8003CFA4A31A2CBA86D68BE54B215F9596ECC
S3150200E810D43ECF795C54B7B05F2EA59CE92E9EF705
S3150200E820364E07A129EB0E3ED43FC222AA65D61C5C
S3150200E8302F9D04C4588FB8A0881D807E4B3824298A
S3150200E8403B08956EBA928CDC92A2BE518BF5871864
S3150200E850AB5D3ED55799363AC22EA0DD02EDF6756E
S3150200E860DFB6B6B8CBBC69A1EC10242BB9A4A2BD05
S3150200E8706D807AC76C8905B865E18DCBE7493FC9DA
S3150200E880E0A4A0D7588AF953B99DFD1E0F3DE64E66
S3150200E8909C1F65DD098CE37140C8D431E28BE557D4
S3150200E8A054BE55A519BD65D5C32422443DF0CC9767
S3150200E8B0742240BE1AAE28EFB2F76B8451E8335D7C
S3150200E8C0984C1C90364C214F3187223F10345B5EA8
S3150200E8D0F49DFA45AC4942A2BA8FB3E10B750E44D8
S3150200E8E0327DA4A5000000002EAB4E01122152D4A7
S3150200E8F0AE2AD52CD440B5CBCD9FE27DFB429937CB
S3150200E9003277F2AF1408975474205A6C242DB5CC82
S3150200E9109D0D4FFCEEEDEA11A0E9223AA1DCCBA552
S3150200E9200B79DAE71E7F8BEA16EDF582D53BF67E8A
S3150200E930215979D6B3F4928940C4088E0B723549AF
S3150200E940B5D159700E56A1CEBB85354887317CB1FB
S3150200E950F2BC67BBD71AA3B725205E384D19B7B3E9
S3150200E96001F49B143CFA4A31D43ECF795C54B7B0D9
S3150200E9705F2EA59CE92E9EF7AA65D61C2F9D04C480
S3150200E980588FB8A0881D807E92A2BE518BF587183B
S3150200E990AB5D3ED55799363ACBBC69A1EC10242B18
S3150200E9A0B9A4A2BD6D807AC7E0A4A0D7588AF9534C
S3150200E9B0B99DFD1E0F3DE64EE28BE55754BE55A5A9
S3150200E9C019BD65D5C3242244B2F76B8451E8335D81
S3150200E9D0984C1C90364C214FAC4942A2BA8FB3E1F7
S3150200E9E00B750E44327DA4A5010000000000000054
S3150200E9F0000000000000000000000000000000000F
S3150200EA0000000000000000000000000000000000FE
S3150200EA105C2E2F2F5E5C00001DD30002C5D30002C0
S3150200EA200DD50002A5D5000221D600020000000085
S3150200EA3009000000000000000000000000000000C5
S3150200EA4000000000000000000000000000000000BE
S3150200EA5000000000890000008B000080808000809A
S3150200EA608B00000000800000888000808200008009
S3150200EA700B0000000A0000008280000003800000F4
S3150200EA808B8000000B0000808A00008081000080DD
S3150200EA90810000800800008083000000038000805F
S3150200EAA088800080880000800080000082800080CC
S3150200EAB0010000000000000000000000000000004D
S3150200EAC0010000000100000001000000010000003A
S3150200EAD0000000000000000001000000000000002D
S3150200EAE0010000000100000001000000010000001A
S3150200EAF0000000000000000000000000000000000E
S3150200EB0001000000000000000100000000000000FB
S3150200EB10400000001CEB00020000000000000000A4
S3150200EB2000000000008000000200000000800000DB
S3150200EB3003000000008000000400000000800000C6
S3150200EB4005000000008000000700000000400000F1
S3150200EB5008000000004000000900000000800000DC
S3150200EB600B000000008000000E0000000080000084
S3150200EB700F0000000008011C000100000008011C33
S3150200EB80010100000008011C020100000008011C2E
S3150200EB9003010000000C011C040100000000011C1E
S3150200EBA0050100000000011C06010000040000002F
S3150200EBB007010000000C01170C01000000000117FC
S3150200EBC00E01000000000100080200000000010022
S3150200EBD009020000000001000A0200000000010014
S3150200EBE00B020000000C011700030000000C0117C5
S3150200EBF001030000000C011702030000000C0117BC
S3150200EC0003030000000C011704030000000C0117A7
S3150200EC1005030000000C011706030000000401179B
S3150200EC200703000000040117080300000000011397
S3150200EC30070400000000011408040000000001148B
S3150200EC4009040000000C01060A040000000C01067B
S3150200EC500B040000000C01060C040000000C010667
S3150200EC600D040000040000000E0400000000011361
S3150200EC700005000000000113010500000004010761
S3150200EC800B050000000401070C050000040000004B
S3150200EC90000600000008011C000800000008011C14
S3150200ECA0010800000008011C020800000008011CFF
S3150200ECB0030800000008011C040800000008011CEB
S3150200ECC00808000004000000090800000000011303
S3150200ECD00E080000000001130F080000000C0104DA
S3150200ECE0020A0000000C0104030A0000000C0104E1
S3150200ECF0040A0000000C0104050A000000000000DE
S3150200ED00060A0000000C01050E0A0000000C0105AF
S3150200ED100F0A0000000C0114010B00000204030498
S3150200ED20040400000800000044EE00020F00000088
S3150200ED3054ED0002030000003CED000200000068F2
S3150200ED400000006800000080000000802000002211
S3150200ED502000002200000068000000680000009009
S3150200ED600001090D0000006800000068000000278D
S3150200ED700001020D00000068000000684000000269
S3150200ED800001010D000000800000008000000090DC
S3150200ED900001090800000080000000800000002732
S3150200EDA0000102080000008000000080400000020E
S3150200EDB000010108000000000000000000000090B1
S3150200EDC00101090500000000000000000000002704
S3150200EDD00100020500000000B049000040000002E8
S3150200EDE00100010500000020000000200000009044
S3150200EDF00101090400000020000000200000002795
S3150200EE00010002040000002000000020F049000278
S3150200EE100100010400000022000000220000009010
S3150200EE200001090300000022000000220000002762
S3150200EE30000002030000002204000022F049000242
S3150200EE400000010300000068000000680001000DD8
S3150200EE5000000068000000680001000D000000804C
S3150200EE600000008000010008000000800000008011
S3150200EE7000010008B0490000B04900000100000589
S3150200EE8000000020500E00200100000404000022B1
S3150200EE90200000220000000350040022DC050022AC
S3150200EEA0000000030000000001000200080010003C
S3150200EEB02000000003000000BCEE000200060E0463
S3150200EEC0070100004275696C7420776974682052E4
S3150200EED0656E6573617320416476616E6365642055
S3150200EEE0466C657869626C6520536F6674776172E9
S3150200EEF065205061636B6167652076657273696F21
S3150200EF006E20362E352E3000362E352E300000007D
S3090200EF1000000506EA
S3090200EF14F8B500BF85
S3090200EF18F8B500BF81
S3090200EF1C6D4A000230
S3090200EF20454A000254
S3090300A100FFFFFFFF56
S3090300A104FFFFFFFF52
S3090300A200FFFFFFFD57
S3090300A28000000000D1
S7050200DFB960
