S00E0000626C696E6B792E737265638D
S3150200000000100022812B01026D2A01027D2B0102C2
S315020000107D2B01027D2B01027D2B01027D2B01022C
S315020000200000000000000000000000007D2B01021D
S315020000307D2B0102000000007D2B01027D2B0102B7
S3150200004000000000000000000000000000000000A8
S315020000500000000000000000000000000000000098
S315020000600000000000000000000000000000000088
S315020000700000000000000000000000000000000078
S315020000800000000000000000000000000000000068
S315020000900000000000000000000000000000000058
S315020000A00000000000000000000000000000000048
S315020000B00000000000000000000000000000000038
S315020000C00000000000000000000000000000000028
S315020000D00000000000000000000000000000000018
S315020000E00000000000000000000000000000000008
S315020000F000000000000000000000000000000000F8
S3150200010000000000000000000000000000000000E7
S3150200011000000000000000000000000000000000D7
S3150200012000000000000000000000000000000000C7
S3150200013000000000000000000000000000000000B7
S31502000140D8F81C00D9F81C4000194FF0000B4BEBF5
S315020001500B0B4FEA4B0B0BEBD07B13270BFB07FB6F
S3150200016020F00047B8E80F00B9E870044FF0010C20
S31502000170ECFB640BECFB651BECFB662BECFB6A3BB6
S3150200018099E8700098E80007ECFB684BECFB695BAA
S31502000190ECFB6A6B5F44704798E8FF00B9E8001D04
S315020001A0B0EB080071EB0A0172EB0B0273EB0C0366
S315020001B099E8000F74EB080475EB090576EB0A065D
S315020001C077EB0B0768EB080828F0250910EB090006
S315020001D051EB080152EB080253EB080354EB0804F7
S315020001E055EB080556EB080657EB080758F10008C9
S315020001F028F0250910EB0900704704B587B03CCA00
S31502000200B1E80144A2FB006BA3FB007CE2FB6A7B24
S31502000210C0B4A4FB0086E3FB6A8BA5FB0097E4FB54
S315020002206A9BE5FB6AB7E2FB6E8CE3FB6E9CE4FB22
S315020002306EBCE5FB6EC7B1E80144E2FB6096E3FBE8
S3150200024060B6E4FB60C6E5FB6067CDE902894FF064
S315020002500009E2FB6AB9E3FB6AC9E4FB6A69E5FBEA
S315020002606A794FF0000AE2FB6ECAE3FB6E6AE4FBB0
S315020002706E7AE5FB6E9A51F8048B4FF0000EE2FBA4
S3150200028068E6E3FB6876E4FB6896E5FB68A651F848
S315020002901C894FF00000E2FB6870E3FB6890E4FB08
S315020002A068A0E5FB686001B40A9A10323CCA51F8AC
S315020002B0048B4FF00000E2FB68B0CDF814B0E3FB0C
S315020002C068C0E4FB68E0E5FB680751F8048B4FF071
S315020002D0000BE2FB68CBCDF818C0E3FB68EBE4FB4E
S315020002E0680BE5FB68B751F8048B4FF0000CE2FB94
S315020002F068ECCDF81CE0E3FB680CE4FB68BCE5FBAC
S3150200030068AC51F8048B4FF0000EE2FB680E0890C1
S31502000310E3FB68BEE4FB68AEE5FB686EB1E801018B
S31502000320E2FB60B9CDF824B0E3FB609AE4FB60A679
S315020003305DF804BBE5FB60B6E2FB6897E3FB68A7E2
S31502000340E4FB68B7E5FB6867B1E80101E2FB60AC74
S31502000350E3FB60BCE4FB606CE5FB607CE2FB68BE31
S31502000360E3FB686EE4FB68E7E5FB687CDDE90745CD
S3150200037026234FF00008E3FB6C484FEA480848EA98
S31502000380D47824F0004C132408FB04F807BCE3FBE2
S315020003906508E3FB6918E3FB6A284FF0260918BCD7
S315020003A0E9FB6B38E9FB664860BCE9FB6E58E9FB82
S315020003B0676808EB0C0703B000BD00B585B0A0FB6B
S315020003C0009AA0FB01BC1BEB0B0B4FF0000EEEFBE1
S315020003D06EAB2DE900064FF00008E0FB628C58EB8D
S315020003E00808E1FB618BA0FB039AE1FB629C59EBD7
S315020003F00909EEFB6E9BCDE902894FF00009E0FB8D
S31502000400649AE1FB639C59EB0909E2FB629BCDF816
S315020004101090A0FB0598E1FB649AE2FB639C59EB02
S315020004200909EEFB6E9BCDF814904FF00009E1FB33
S315020004306598E2FB649CE0FB669A59EB0909E3FBCB
S31502000440639BCDF81890A0FB0709E1FB660AE2FB65
S31502000450650CE3FB64084041EEFB6E0BE1FB67981B
S31502000460E2FB669AE3FB65C95CEB0C0CE4FB64BC3D
S31502000470E2FB6798E3FB66A90022E4FB65A25AEB5E
S315020004800A0AEEFB6ECAE3FB6728E4FB669259EBA7
S315020004900909E5FB65A90023E4FB6738E5FB66323B
S315020004A05B41EEFB6E93E5FB678258EB0808E6FBC1
S315020004B06638AEFB0E45E6FB67426441EEFB6E48CC
S315020004C05241E7FB678252EB0E024FF02606E6FB2D
S315020004D0620E4FEA4E0E4EEAD07E20F000471325FA
S315020004E00EFB05FE03BCE6FB6B0EE6FB6C1E9B4693
S315020004F0A4463CBCE6FB6A2EE6FB693EE6FB6B4E77
S31502000500E6FB6C5E40BC4FF0260CECFB686E774453
S3150200051000BD2DE9004105F031FFDDF80080B8F19C
S315020005200108CDF80080F6D101B00DF1040888E883
S31502000530FF0000BD08688A68CB680C694D698E6940
S31502000540CF69496870472DE9F14F9246FFF7F2FFEE
S3150200055020F0070047F08047FFB45FF000082DE95E
S3150200056004015146FFF7E6FF27F00047FFB45FF0AC
S315020005700109A8FB08AB4FF0000C2DE9001D2DE97F
S31502000580001EFFB4A8FB08672DE9C01D2DE9C01D9A
S315020005902DE9001EFE20002341091DF1A80252F892
S315020005A0211000F01F04E14001F00101CDE928010C
S315020005B05940D1F1000E684610A94FF0040B90E89D
S315020005C03C0091E8C003724002EA0E0A96EA0A0665
S315020005D072407B4003EA0E0A97EA0A077B4094EAD6
S315020005E0080404EA0E0A98EA0A0894EA080495EA54
S315020005F0090505EA0E0A99EA0A0995EA09053CC0BF
S31502000600A1E8C003BBF1010BD9D1E8460DF12009DF
S31502000610FFF796FDFFB405F0B1FEFFB40DF14008F9
S315020006200DF16009FFF7B8FDFFB405F0A7FEFFB4B0
S31502000630694610AA05F094FE0DF1800888E8FF00CD
S315020006400DF14008E946FFF7A7FD0DF1400888E8DD
S31502000650FF00DFF84CE2DDF81CC04FF0000BEEFBAA
S3150200066067CB4FEA4B0B0BEBDC7B13270BFB07FB32
S315020006702CF00047BDE80017EEFB608BEEFB619B9A
S31502000680EEFB62ABEEFB63CB07BCEEFB640BEEFB51
S31502000690651BEEFB662B5F4401B087B42DE900179C
S315020006A0694610AA05F05CFE0DF1A00888E8FF0075
S315020006B00DF1C0080DF1E009FFF742FD8DE8FF00DC
S315020006C0694608AA05F04CFE0DF1200888E8FF00ED
S315020006D00DF1C0080DF1E009FFF75EFD8DE8FF00A0
S315020006E0694618AA05F03CFE8DE8FF00E8460DF1C2
S315020006F02009FFF725FD05F041FE0DF1C00888E847
S31502000700FF00E8460DF12009FFF746FD05F036FE2B
S315020007108DE8FF00694640AA05F022FE0DF1E008C9
S3150200072088E8FF0020B0DDE92823501E7FF534AFAC
S3150200073008A8FFC805F022FEFFB405F01FFE05F06B
S315020007401DFEFFB418A96A4605F00AFE8DE8FF00F1
S31502000750694608AA05F004FE0DF1200888E8FF00A4
S3150200076005F00CFEFFB4694608AA05F0F9FD0DF185
S31502000770200888E8FF004FF00508FFF7CAFE694621
S3150200078008AA05F0EDFD0DF1200888E8FF005FF0EC
S315020007900A08FFF7BEFE694608AA05F0E1FD8DE8E4
S315020007A0FF005FF0140888B0FFF7B3FE694608AA97
S315020007B005F0D6FD08B05FF00A08FFF7AAFE694603
S315020007C008AA05F0CDFD0DF1200888E8FF005FF0CC
S315020007D03208FFF79EFE694608AA05F0C1FD8DE8BC
S315020007E0FF005FF0640888B0FFF793FE694608AA27
S315020007F005F0B6FD08B05FF03208FFF78AFE6946DB
S3150200080008AA05F0ADFD5FF00508FFF782FE69460E
S3150200081010AA05F0A5FD8DE8FF00694618AA05F0A5
S315020008209FFD4FEAD7784FF0130908FB09F84FF0FE
S31502000830000A08F1130810EB080851EB0A0852EBFC
S315020008400A0853EB0A0854EB0A0855EB0A0856EB5A
S315020008500A0857EB0A085AEB0A0B4FEAD87848EA15
S315020008604B0808FB09F8DDF8289110EB0800C9F8D7
S31502000870000000204141C9F8041049464241434163
S31502000880444145414641474127F000478A60CB60D3
S315020008900C614D618E61CF614BB0BDE8F08F0000F7
S315020008A042DB0100B2F1000FB0F9003018BF4FEA87
S315020008B00103A0F8003070472DE9F04F40F2190EFF
S315020008C0F8C9B2E8001FD3FA48F3D4FA49F4D5FAC4
S315020008D04AF5D6FA4BF6D7FA4CF7F8C0BEF1010E36
S315020008E07FF4EEAF38C9B2E80007D3FA48F3D4FA78
S315020008F049F4D5FA4AF538C0BDE8F08F2DE9F04F34
S3150200090040F2190EF8C9B2E8001F93FA48F394FAB6
S3150200091049F495FA4AF596FA4BF697FA4CF7F8C067
S31502000920BEF1010E7FF4EEAF38C9B2E8000793FAC2
S3150200093048F394FA49F495FA4AF538C0BDE8F08FBF
S315020009402DE9F04F40F2400E51F8044B52F8046B79
S3150200095051F8045B52F8047BD3F804B053F808CB81
S315020009602CFB06FC40F804CB24FB16FC40F804CB17
S315020009702BFB07FC40F804CB25FB17FC40F804CB05
S31502000980BEF1010E7FF4E0AFBDE8F08F2DE9F04F26
S3150200099040F2400E51F8044B52F8046BD0F8005066
S315020009A053F804CBD0F804702CFB065C40F804CB59
S315020009B024FB167B40F804BB51F8044B52F8046B37
S315020009C0D0F8005053F804CBD0F804702CFB065C28
S315020009D040F804CB24FB167B40F804BBBEF1010EA3
S315020009E07FF4D8AFBDE8F08F2DE9F04F46F608093F
S315020009F0C0F601584FF2013AC6F6A83ADDF824B01D
S31502000A0040F2400E51F8044B52F8046B5BF8045B5B
S31502000A1053F804CB5BF8047B2CFB065505FB0AF561
S31502000A2015FB389524FB167707FB0AF717FB389751
S31502000A30C7EA254540F8045B51F8044B52F8046BAB
S31502000A405BF8045B53F804CB5BF8047B2CFB06557E
S31502000A5005FB0AF515FB389524FB167707FB0AF703
S31502000A6017FB3897C7EA254540F8045BBEF1010E2D
S31502000A707FF4C8AFBDE8F08F2DE9F04F2DED088A5F
S31502000A80C0F6015CB1EC0F4A00F5007E04EE10EAF6
S31502000A900BEE900AD0F82020D0F82430D0F8284067
S31502000AA0D0F82C50D0F83060D0F83470D0F83880B6
S31502000AB0D0F83C9046F6080092FA03FED2FA03F307
S31502000AC094FA05FBD4FA05F596FA07F2D6FA07F771
S31502000AD098FA09F4D8FA09F99EFA0BF8DEFA0BFB32
S31502000AE092FA04F6D2FA04F415EE10AA3AFB05FEBF
S31502000AF03AFB15F51EFB1C0E15FB1C05C5EA2E4E10
S31502000B00D3FA4EF593FA4EF33AFB09FE3AFB19F97C
S31502000B101EFB1C0E19FB1C09C9EA2E4ED7FA4EF90A
S31502000B2097FA4EF798FA06F2D8FA06F616EE10AAD1
S31502000B303AFB07FE3AFB17F71EFB1C0E17FB1C07B8
S31502000B40C7EA2E4ED3FA4EF793FA4EF316EE90AA52
S31502000B503AFB04FE3AFB14F41EFB1C0E14FB1C04A7
S31502000B60C4EA2E4EDBFA0EF89BFA0EF417EE10AA22
S31502000B703AFB09FE3AFB19F91EFB1C0E19FB1C096E
S31502000B80C9EA2E4ED5FA4EF995FA4EF518EE10BA76
S31502000B903BFB03FE3BFB13F31EFB1C0E13FB1C036A
S31502000BA0C3EA2E4318EE90AA19EE10BA3AFB04FED7
S31502000BB03AFB14F41EFB1C0E14FB1C04C4EA2E445E
S31502000BC03BFB05FE3BFB15F51EFB1C0E15FB1C0530
S31502000BD0C5EA2E4519EE90AA1AEE10BA3AFB06FE9F
S31502000BE03AFB16F61EFB1C0E16FB1C06C6EA2E4622
S31502000BF03BFB07FE3BFB17F71EFB1C0E17FB1C07F6
S31502000C00C7EA2E471AEE90AA1BEE10BA3AFB08FE66
S31502000C103AFB18F81EFB1C0E18FB1C08C8EA2E48E5
S31502000C203BFB09FE3BFB19F91EFB1C0E19FB1C09BB
S31502000C30C9EA2E4900EE102A00EE903A01EE104A59
S31502000C4001EE905A02EE106A02EE907A03EE108AD4
S31502000C5003EE909A1BEE900AD0F80020D0F80430EA
S31502000C60D0F80840D0F80C50D0F81060D0F81470C4
S31502000C70D0F81880D0F81C9046F6080092FA03FEC7
S31502000C80D2FA03F394FA05FBD4FA05F596FA07F2BB
S31502000C90D6FA07F798FA09F4D8FA09F99EFA0BF880
S31502000CA0DEFA0BFB92FA04F6D2FA04F415EE10AA57
S31502000CB03AFB05FE3AFB15F51EFB1C0E15FB1C0541
S31502000CC0C5EA2E4ED3FA4EF593FA4EF33AFB09FED7
S31502000CD03AFB19F91EFB1C0E19FB1C09C9EA2E4E1A
S31502000CE0D7FA4EF997FA4EF798FA06F2D8FA06F6B6
S31502000CF016EE10AA3AFB07FE3AFB17F71EFB1C0E6E
S31502000D0017FB1C07C7EA2E4ED3FA4EF793FA4EF399
S31502000D1016EE90AA3AFB04FE3AFB14F41EFB1C0ED6
S31502000D2014FB1C04C4EA2E4EDBFA0EF89BFA0EF4F0
S31502000D3017EE10AA3AFB09FE3AFB19F91EFB1C0E26
S31502000D4019FB1C09C9EA2E4ED5FA4EF995FA4EF54B
S31502000D501BEE900A10EE90BA93FA4BFED3FA4BF3BF
S31502000D60C0F804E0C0F8243011EE90BA95FA4BFEB2
S31502000D70D5FA4BF5C0F80CE0C0F82C5012EE90BA3A
S31502000D8097FA4BFED7FA4BF7C0F814E0C0F8347066
S31502000D9013EE90BA99FA4BFED9FA4BF9C0F81CE059
S31502000DA0C0F83C9011EE105A94FA45FED4FA45FB6F
S31502000DB0C0F808E0C0F828B012EE107A96FA47FE9C
S31502000DC0D6FA47FBC0F810E0C0F830B013EE109A1E
S31502000DD098FA49FED8FA49FBC0F818E0C0F838B0CC
S31502000DE010EE103A92FA43FED2FA43FBC0F820B054
S31502000DF040F840EB14EE10EAB0EB0E0F7FF448AE6B
S31502000E00A0F5007003EE100AD0F80020D0F84030AA
S31502000E10D0F88040D0F8C050D0F80061D0F84071C8
S31502000E20D0F88081D0F8C091B1EC060A46F60800E7
S31502000E304AF6B87AC0F2130A3AFB02FE3AFB12F2FB
S31502000E401EFB1C0E12FB1C02C2EA2E423AFB03FEDA
S31502000E503AFB13F31EFB1C0E13FB1C03C3EA2E43C1
S31502000E603AFB04FE3AFB14F41EFB1C0E14FB1C0494
S31502000E70C4EA2E443AFB05FE3AFB15F51EFB1C0E90
S31502000E8015FB1C05C5EA2E453AFB06FE3AFB16F68D
S31502000E901EFB1C0E16FB1C06C6EA2E463AFB07FE76
S31502000EA03AFB17F71EFB1C0E17FB1C07C7EA2E4759
S31502000EB03AFB08FE3AFB18F81EFB1C0E18FB1C0830
S31502000EC0C8EA2E483AFB09FE3AFB19F91EFB1C0E2C
S31502000ED019FB1C09C9EA2E4992FA03FED2FA03F358
S31502000EE094FA05FBD4FA05F596FA07F2D6FA07F74D
S31502000EF098FA09F4D8FA09F99EFA0BF8DEFA0BFB0E
S31502000F0092FA04F6D2FA04F410EE90AA3AFB05FE1F
S31502000F103AFB15F51EFB1C0E15FB1C05C5EA2E4EEB
S31502000F20D3FA4EF593FA4EF33AFB09FE3AFB19F958
S31502000F301EFB1C0E19FB1C09C9EA2E4ED7FA4EF9E6
S31502000F4097FA4EF798FA06F2D8FA06F611EE90AA32
S31502000F503AFB07FE3AFB17F71EFB1C0E17FB1C0794
S31502000F60C7EA2E4ED3FA4EF793FA4EF312EE10AAB2
S31502000F703AFB04FE3AFB14F41EFB1C0E14FB1C0483
S31502000F80C4EA2E4EDBFA0EF89BFA0EF412EE90AA83
S31502000F903AFB09FE3AFB19F91EFB1C0E19FB1C094A
S31502000FA0C9EA2E4ED5FA4EF995FA4EF5F1E802AB9C
S31502000FB03AFB02FE3AFB12F21EFB1C0E12FB1C024D
S31502000FC0C2EA2E423BFB03FE3BFB13F31EFB1C0E47
S31502000FD013FB1C03C3EA2E43F1E802AB3AFB04FE01
S31502000FE03AFB14F41EFB1C0E14FB1C04C4EA2E442A
S31502000FF03BFB05FE3BFB15F51EFB1C0E15FB1C05FC
S31502001000C5EA2E45F1E802AB3AFB06FE3AFB16F6B6
S315020010101EFB1C0E16FB1C06C6EA2E463BFB07FEF3
S315020010203BFB17F71EFB1C0E17FB1C07C7EA2E47D6
S31502001030F1E802AB3AFB08FE3AFB18F81EFB1C0E5F
S3150200104018FB1C08C8EA2E483BFB09FE3BFB19F9B4
S315020010501EFB1C0E19FB1C09C9EA2E4913EE100AC7
S31502001060C0F80061C0F84071C0F88081C0F8C09134
S31502001070C0F84030C0F88040C0F8C05040F8042B99
S3150200108000F13C0E07EE10EA03EE100AD0F800203B
S31502001090D0F84030D0F88040D0F8C050D0F8006187
S315020010A0D0F84071D0F88081D0F8C09146F6080099
S315020010B051F804AB3AFB03FE3AFB13F31EFB1C0E7C
S315020010C013FB1C03C3EA2E4ED2FA4EF392FA4EF2E9
S315020010D03AFB05FE3AFB15F51EFB1C0E15FB1C051D
S315020010E0C5EA2E4ED4FA4EF594FA4EF43AFB07FEB2
S315020010F03AFB17F71EFB1C0E17FB1C07C7EA2E4E00
S31502001100D6FA4EF796FA4EF63AFB09FE3AFB19F96B
S315020011101EFB1C0E19FB1C09C9EA2E4ED8FA4EF903
S3150200112098FA4EF8F1E802AB3AFB04FE3AFB14F4E5
S315020011301EFB1C0E14FB1C04C4EA2E4ED2FA4EF4FD
S3150200114092FA4EF23BFB05FE3BFB15F51EFB1C0E0F
S3150200115015FB1C05C5EA2E4ED3FA4EF593FA4EF34D
S315020011603AFB08FE3AFB18F81EFB1C0E18FB1C087D
S31502001170C8EA2E4ED6FA4EF896FA4EF63BFB09FE12
S315020011803BFB19F91EFB1C0E19FB1C09C9EA2E4E64
S31502001190D7FA4EF997FA4EF7F1E802AB3AFB06FE9A
S315020011A03AFB16F61EFB1C0E16FB1C06C6EA2E4E54
S315020011B0D2FA4EF692FA4EF23BFB07FE3BFB17F7CC
S315020011C01EFB1C0E17FB1C07C7EA2E4ED3FA4EF760
S315020011D093FA4EF3F1E802AB3AFB08FE3AFB18F833
S315020011E01EFB1C0E18FB1C08C8EA2E4ED4FA4EF83B
S315020011F094FA4EF43BFB09FE3BFB19F91EFB1C0E4F
S3150200120019FB1C09C9EA2E4ED5FA4EF995FA4EF586
S31502001210F1E802AB3AFB02FE3AFB12F21EFB1C0E8F
S3150200122012FB1C02C2EA2E423BFB03FE3BFB13F3FC
S315020012301EFB1C0E13FB1C03C3EA2E43F1E802AB92
S315020012403AFB04FE3AFB14F41EFB1C0E14FB1C04B0
S31502001250C4EA2E443BFB05FE3BFB15F51EFB1C0EAA
S3150200126015FB1C05C5EA2E45F1E802AB3AFB06FE64
S315020012703AFB16F61EFB1C0E16FB1C06C6EA2E468B
S315020012803BFB07FE3BFB17F71EFB1C0E17FB1C075F
S31502001290C7EA2E47F1E802AB3AFB08FE3AFB18F81A
S315020012A01EFB1C0E18FB1C08C8EA2E483BFB09FE57
S315020012B03BFB19F91EFB1C0E19FB1C09C9EA2E4938
S315020012C013EE100AC0F80061C0F84071C0F88081C0
S315020012D0C0F8C091C0F84030C0F88040C0F8C05095
S315020012E040F8042B17EE10EAB0EB0E0F7FF4CCAEEB
S315020012F0BDEC088ABDE8F08F2DE9F04F2DED098A85
S31502001300C0F6015CB1EC0F4A00F1200E0CEE10EAB9
S315020013100BEE900AD0F82020D0F86030D0F8A0402A
S31502001320D0F8E050D0F82061D0F86071D0F8A081F2
S31502001330D0F8E09146F6080014EE10AA3AFB06FE33
S315020013403AFB16F61EFB1C0E16FB1C06C6EA2E4EB2
S31502001350D2FA4EF692FA4EF23AFB07FE3AFB17F72C
S315020013601EFB1C0E17FB1C07C7EA2E4ED3FA4EF7BE
S3150200137093FA4EF33AFB08FE3AFB18F81EFB1C0ED4
S3150200138018FB1C08C8EA2E4ED4FA4EF894FA4EF40C
S315020013903AFB09FE3AFB19F91EFB1C0E19FB1C0946
S315020013A0C9EA2E4ED5FA4EF995FA4EF514EE90AAE2
S315020013B015EE10BA3AFB04FE3AFB14F41EFB1C0EA1
S315020013C014FB1C04C4EA2E4ED2FA4EF492FA4EF2E2
S315020013D03AFB05FE3AFB15F51EFB1C0E15FB1C051A
S315020013E0C5EA2E4ED3FA4EF593FA4EF33BFB08FEB0
S315020013F03BFB18F81EFB1C0E18FB1C08C8EA2E4EF7
S31502001400D6FA4EF896FA4EF63BFB09FE3BFB19F965
S315020014101EFB1C0E19FB1C09C9EA2E4ED7FA4EF901
S3150200142097FA4EF715EE90AA16EE10BA3AFB03FE9D
S315020014303AFB13F31EFB1C0E13FB1C03C3EA2E4ED0
S31502001440D2FA4EF392FA4EF23BFB05FE3BFB15F542
S315020014501EFB1C0E15FB1C05C5EA2E4ED4FA4EF5D4
S3150200146094FA4EF416EE90AA17EE10BA3AFB07FE5D
S315020014703AFB17F71EFB1C0E17FB1C07C7EA2E4E7C
S31502001480D6FA4EF796FA4EF63BFB09FE3BFB19F9E6
S315020014901EFB1C0E19FB1C09C9EA2E4ED8FA4EF980
S315020014A098FA4EF817EE90AA18EE10BA3AFB02FE18
S315020014B03AFB12F21EFB1C0E12FB1C02C2EA2E4261
S315020014C03BFB03FE3BFB13F31EFB1C0E13FB1C0331
S315020014D0C3EA2E4318EE90AA19EE10BA3AFB04FE9E
S315020014E03AFB14F41EFB1C0E14FB1C04C4EA2E4425
S315020014F03BFB05FE3BFB15F51EFB1C0E15FB1C05F7
S31502001500C5EA2E4519EE90AA1AEE10BA3AFB06FE65
S315020015103AFB16F61EFB1C0E16FB1C06C6EA2E46E8
S315020015203BFB07FE3BFB17F71EFB1C0E17FB1C07BC
S31502001530C7EA2E471AEE90AA1BEE10BA3AFB08FE2D
S315020015403AFB18F81EFB1C0E18FB1C08C8EA2E48AC
S315020015503BFB09FE3BFB19F91EFB1C0E19FB1C0982
S31502001560C9EA2E4900EE102A00EE903A01EE104A20
S3150200157001EE905A02EE106A02EE907A03EE108A9B
S3150200158003EE909A1BEE900AD0F80020D0F8403075
S31502001590D0F88040D0F8C050D0F80061D0F8407141
S315020015A0D0F88081D0F8C09146F6080014EE10AA51
S315020015B03AFB06FE3AFB16F61EFB1C0E16FB1C0633
S315020015C0C6EA2E4ED2FA4EF692FA4EF23AFB07FED1
S315020015D03AFB17F71EFB1C0E17FB1C07C7EA2E4E1B
S315020015E0D3FA4EF793FA4EF33AFB08FE3AFB18F893
S315020015F01EFB1C0E18FB1C08C8EA2E4ED4FA4EF827
S3150200160094FA4EF43AFB09FE3AFB19F91EFB1C0E3C
S3150200161019FB1C09C9EA2E4ED5FA4EF995FA4EF572
S3150200162014EE90AA15EE10BA3AFB04FE3AFB14F435
S315020016301EFB1C0E14FB1C04C4EA2E4ED2FA4EF4F8
S3150200164092FA4EF23AFB05FE3AFB15F51EFB1C0E0C
S3150200165015FB1C05C5EA2E4ED3FA4EF593FA4EF348
S315020016603BFB08FE3BFB18F81EFB1C0E18FB1C0876
S31502001670C8EA2E4ED6FA4EF896FA4EF63BFB09FE0D
S315020016803BFB19F91EFB1C0E19FB1C09C9EA2E4E5F
S31502001690D7FA4EF997FA4EF715EE90AA16EE10BA49
S315020016A03AFB03FE3AFB13F31EFB1C0E13FB1C0351
S315020016B0C3EA2E4ED2FA4EF392FA4EF23BFB05FEE7
S315020016C03BFB15F51EFB1C0E15FB1C05C5EA2E4E33
S315020016D0D4FA4EF594FA4EF416EE90AA17EE10BA14
S315020016E03AFB07FE3AFB17F71EFB1C0E17FB1C07FD
S315020016F0C7EA2E4ED6FA4EF796FA4EF63BFB09FE8F
S315020017003BFB19F91EFB1C0E19FB1C09C9EA2E4EDE
S31502001710D8FA4EF998FA4EF81BEE900A10EE90AAF5
S3150200172093FA4AFED3FA4AF3C0F840E0C0F86030B2
S3150200173011EE90AA95FA4AFED5FA4AF5C0F8C0E02B
S31502001740C0F8E05012EE90AA97FA4AFED7FA4AF784
S31502001750C0F840E1C0F8607113EE90AA99FA4AFE09
S31502001760D9FA4AF9C0F8C0E1C0F8E09111EE105A70
S3150200177094FA45FED4FA45FAC0F880E0C0F8A0A073
S3150200178012EE107A96FA47FED6FA47FAC0F800E148
S31502001790C0F820A113EE109A98FA49FED8FA49FA2F
S315020017A0C0F880E1C0F8A0A110EE103A92FA43FE0A
S315020017B0D2FA43FAC0F820A040F804EB1CEE10EA75
S315020017C0B0EB0E0F7FF4A4ADA0F1200000F5007E71
S315020017D006EE90EA0BEE900AD0F80020D0F804301C
S315020017E0D0F80840D0F80C50D0F81060D0F8147039
S315020017F0D0F81880D0F81C9046F6080051F804ABD1
S315020018003AFB06FE3AFB16F61EFB1C0E16FB1C06E0
S31502001810C6EA2E4ED2FA4EF692FA4EF23AFB07FE7E
S315020018203AFB17F71EFB1C0E17FB1C07C7EA2E4EC8
S31502001830D3FA4EF793FA4EF33AFB08FE3AFB18F840
S315020018401EFB1C0E18FB1C08C8EA2E4ED4FA4EF8D4
S3150200185094FA4EF43AFB09FE3AFB19F91EFB1C0EEA
S3150200186019FB1C09C9EA2E4ED5FA4EF995FA4EF520
S31502001870F1E802AB3AFB04FE3AFB14F41EFB1C0E23
S3150200188014FB1C04C4EA2E4ED2FA4EF492FA4EF21D
S315020018903AFB05FE3AFB15F51EFB1C0E15FB1C0555
S315020018A0C5EA2E4ED3FA4EF593FA4EF33BFB08FEEB
S315020018B03BFB18F81EFB1C0E18FB1C08C8EA2E4E32
S315020018C0D6FA4EF896FA4EF63BFB09FE3BFB19F9A1
S315020018D01EFB1C0E19FB1C09C9EA2E4ED7FA4EF93D
S315020018E097FA4EF7F1E802AB3AFB03FE3AFB13F323
S315020018F01EFB1C0E13FB1C03C3EA2E4ED2FA4EF33A
S3150200190092FA4EF23BFB05FE3BFB15F51EFB1C0E47
S3150200191015FB1C05C5EA2E4ED4FA4EF594FA4EF482
S31502001920F1E802AB3AFB07FE3AFB17F71EFB1C0E69
S3150200193017FB1C07C7EA2E4ED6FA4EF796FA4EF654
S315020019403BFB09FE3BFB19F91EFB1C0E19FB1C098E
S31502001950C9EA2E4ED8FA4EF998FA4EF81BEE900ABC
S31502001960C0F81060C0F81470C0F81880C0F81C9057
S31502001970C0F80430C0F80840C0F80C5040F8202BDC
S3150200198016EE90EAB0EB0E0F7FF424AFBDEC098A97
S31502001990BDE8F08F2DE9FF4F46F6080B40F6015AD7
S315020019A04FF2013CC6F6A83C40F20009DDF834408D
S315020019B0DDF838700DEE107ADDF83C700DEE907A97
S315020019C040F2000E08EE903A33F8025B13F8016B10
S315020019D0C5F3033747EA0616C5F30B05C6F30B062E
S315020019E0B5EB0A0F80F04E8022F8025B09F101097D
S315020019F0B9F1040F40F04680A2F1080209EE103A4E
S31502001A0009EE90EA0AEE106A1DEE908A51F8043B3E
S31502001A10D2F8009054F804EB3EFB13F515FB0AB519
S31502001A20C3EA050548F8045B15FB39F613FB09669C
S31502001A3023FB19F5C0F8045040F8086BCEF1000EEE
S31502001A4051F8043BD2F804903EFB13F515FB0AB598
S31502001A50C3EA050548F8045B15FB39F613FB09666C
S31502001A6023FB19F5C0F8045040F8086B0DEE908A76
S31502001A7019EE103A19EE90EA1AEE106A0EF1010EFC
S31502001A8040F20009B6EB0A0F80F04E80BEF1400F1D
S31502001A9080F24A8022F8026B09F10109B9F1040FBA
S31502001AA040F04280A2F1080209EE103A09EE90EAED
S31502001AB01DEE908A51F8043BD2F8009054F804EBDC
S31502001AC03EFB13F515FB0AB5C3EA050548F8045BA8
S31502001AD015FB39F613FB096623FB19F5C0F804500A
S31502001AE040F8086BCEF1000E51F8043BD2F8049090
S31502001AF03EFB13F515FB0AB5C3EA050548F8045B78
S31502001B0015FB39F613FB096623FB19F5C0F80450D9
S31502001B1040F8086B0DEE908A19EE103A19EE90EA2B
S31502001B200EF1010E40F2000918EE907A07F1A807AD
S31502001B3003F10308B8EB070F40F32380BEF1400F11
S31502001B4080F21F8018EE903A08EE10CA09EE100ACB
S31502001B5009EE901A0AEE102A0AEE90EA184640F2A8
S31502001B6001011DEE102A04F0FBFC18EE10CA19EE54
S31502001B70100A19EE901A1AEE102A1AEE90EA18EEC8
S31502001B80903ABEF1400FFFF61FAFBDE8FF8F00BFD0
S31502001B902DE9FF4F46F6080B40F6015A4FF2013C7B
S31502001BA0C6F6A83C40F20009DDF83440DDF838708C
S31502001BB00DEE107ADDF83C700DEE907A40F2000ED2
S31502001BC008EE903A33F8025B13F8016BC5F303375C
S31502001BD047EA0616C5F30B05C6F30B06B5EB0A0F65
S31502001BE080F0548022F8025B09F10109B9F1040F71
S31502001BF040F04C80A2F1080209EE103A09EE90EA92
S31502001C000AEE106A1DEE908A51F8043BD2F8009053
S31502001C10076854F804EB3EFB13F515FB0AB5C3EA55
S31502001C20050548F8045B15FB397513FB095740F89F
S31502001C30047BD0F8007023FB197740F8047BCEF1C1
S31502001C40000E51F8043BD2F8049007683EFB13F5E8
S31502001C5015FB0AB5C3EA050548F8045B15FB397599
S31502001C6013FB095740F8047BD0F8007023FB197761
S31502001C7040F8047B0DEE908A19EE103A19EE90EABE
S31502001C801AEE106A0EF1010E40F20009B6EB0A0FC7
S31502001C9080F05480BEF1400F80F2508022F8026B31
S31502001CA009F10109B9F1040F40F04880A2F10802D6
S31502001CB009EE103A09EE90EA1DEE908A51F8043BBD
S31502001CC0D2F80090076854F804EB3EFB13F515FBB7
S31502001CD00AB5C3EA050548F8045B15FB397513FB1B
S31502001CE0095740F8047BD0F8007023FB197740F8B7
S31502001CF0047BCEF1000E51F8043BD2F8049007683B
S31502001D003EFB13F515FB0AB5C3EA050548F8045B65
S31502001D1015FB397513FB095740F8047BD0F80070A0
S31502001D2023FB197740F8047B0DEE908A19EE103AE0
S31502001D3019EE90EA0EF1010E40F2000918EE907AC1
S31502001D4007F1A80703F10308B8EB070F40F3238056
S31502001D50BEF1400F80F21F8018EE903A08EE10CACC
S31502001D6009EE100A09EE901A0AEE102A0AEE90EA15
S31502001D70184640F201011DEE102A04F0F1FB18EE9E
S31502001D8010CA19EE100A19EE901A1AEE102A1AEE55
S31502001D9090EA18EE903ABEF1400FFFF613AFBDE897
S31502001DA0FF8F00BF2DE9FF4F46F6080B40F6015A9A
S31502001DB04FF2013CC6F6A83C40F20009DDF8344079
S31502001DC0DDF838700DEE107ADDF83C700DEE907A83
S31502001DD00EEE100A0EEE900ADDF8400040F2000EFA
S31502001DE008EE903A33F8025B13F8016BC5F303373A
S31502001DF047EA0616C5F30B05C6F30B06B5EB0A0F43
S31502001E0080F06A8022F8025B09F10109B9F1040F38
S31502001E1040F06280A2F1080209EE103A09EE90EA59
S31502001E200AEE106A1DEE908A51F8043BD2F8009031
S31502001E3050F8047B54F804EB3EFB13F515FB0AB588
S31502001E40C3EA050548F8045B15FB397513FB095609
S31502001E5006FB0CF616FB2AB650F8045B23FB195553
S31502001E6005FB0CF515FB2AB5C5EA26471EEE106AD8
S31502001E7046F8047BCEF1000E51F8043BD2F80490EA
S31502001E803EFB13F515FB0AB5C3EA050550F8047BBC
S31502001E9048F8045B15FB397513FB095505FB0CF570
S31502001EA015FB2AB550F8047B23FB197707FB0CF7C1
S31502001EB017FB2AB7C7EA254746F8047B0EEE106AD7
S31502001EC00DEE908A19EE103A19EE90EA1AEE106AA1
S31502001ED00EF1010E40F20009B6EB0A0F80F06A809D
S31502001EE0BEF1400F80F2668022F8026B09F1010909
S31502001EF0B9F1040F40F05E80A2F1080209EE103A31
S31502001F0009EE90EA1DEE908A51F8043BD2F8009051
S31502001F1050F8047B54F804EB3EFB13F515FB0AB5A7
S31502001F20C3EA050548F8045B15FB397513FB095628
S31502001F3006FB0CF616FB2AB650F8045B23FB195572
S31502001F4005FB0CF515FB2AB5C5EA26471EEE106AF7
S31502001F5046F8047BCEF1000E51F8043BD2F8049009
S31502001F603EFB13F515FB0AB5C3EA050550F8047BDB
S31502001F7048F8045B15FB397513FB095505FB0CF58F
S31502001F8015FB2AB550F8047B23FB197707FB0CF7E0
S31502001F9017FB2AB7C7EA254746F8047B0EEE106AF6
S31502001FA00DEE908A19EE103A19EE90EA0EF1010E34
S31502001FB040F2000918EE907A07F1A80703F1030828
S31502001FC0B8EB070F40F32380BEF1400F80F21F806B
S31502001FD018EE903A08EE10CA09EE100A09EE901AA7
S31502001FE00AEE102A0AEE90EA184640F201011DEEA8
S31502001FF0102A04F0B5FA18EE10CA19EE100A19EEF4
S31502002000901A1AEE102A1AEE90EA18EE903ABEF1DB
S31502002010400FFFF6E7AE1EEE900ABDE8FF8F00BF47
S315020020202DE9FF4F46F6080B40F6015A4FF2013CE6
S31502002030C6F6A83C40F20009DDF834700DEE107ABF
S31502002040DDF838700DEE907A40F2000E08EE903A06
S3150200205033F8025B13F8016BC5F3033747EA06163A
S31502002060C5F30B05C6F30B06B5EB0A0F80F03A80F3
S3150200207022F8025B09F10109B9F1040F40F032803E
S31502002080A2F1080209EE103A09EE90EA0AEE106A87
S315020020901DEE908A51F8043BD2F8009051F8045B89
S315020020A0D2F8046058F804EB2EFB09F723FB19F467
S315020020B040F8047B40F8044B58F8047B27FB06FEE5
S315020020C025FB16F440F804EB40F8044B0DEE908A1B
S315020020D019EE103A19EE90EA1AEE106A0EF1010E96
S315020020E040F20009B6EB0A0F80F03A80BEF1400FCB
S315020020F080F2368022F8026B09F10109B9F1040F68
S3150200210040F02E80A2F1080209EE103A09EE90EA9A
S315020021101DEE908A51F8043BD2F8009051F8045B08
S31502002120D2F8046058F804EB2EFB09F723FB19F4E6
S3150200213040F8047B40F8044B58F8047B27FB06FE64
S3150200214025FB16F440F804EB40F8044B0DEE908A9A
S3150200215019EE103A19EE90EA0EF1010E40F200095C
S3150200216018EE907A07F1A80703F10308B8EB070FF8
S3150200217040F32380BEF1400F80F21F8018EE903AA2
S3150200218008EE10CA09EE100A09EE901A0AEE102A93
S315020021900AEE90EA184640F201011DEE102A04F0FA
S315020021A0DFF918EE10CA19EE100A19EE901A1AEE95
S315020021B0102A1AEE90EA18EE903ABEF1400FFFF698
S315020021C047AFBDE8FF8F00BF2DE9FF4F46F6080B6C
S315020021D040F6015A4FF2013CC6F6A83C40F200090D
S315020021E0DDF834700DEE107ADDF838700DEE907A67
S315020021F040F2000E08EE903A33F8025B13F8016BD8
S31502002200C5F3033747EA0616C5F30B05C6F30B06F5
S31502002210B5EB0A0F80F0418022F8025B09F1010951
S31502002220B9F1040F40F03980A2F1080209EE103A22
S3150200223009EE90EA0AEE106A1DEE908A51F8043B06
S31502002240D2F8009051F8045BD2F80460D0F800701E
S31502002250D0F804E058F8044B24FB097723FB19EE67
S31502002260C0F804E040F8087B58F8044B0768D0F839
S3150200227004E024FB067725FB16EEC0F804E040F8DE
S31502002280087B0DEE908A19EE103A19EE90EA1AEED4
S31502002290106A0EF1010E40F20009B6EB0A0F80F049
S315020022A04180BEF1400F80F23D8022F8026B09F1B7
S315020022B00109B9F1040F40F03580A2F1080209EED6
S315020022C0103A09EE90EA1DEE908A51F8043BD2F8D4
S315020022D0009051F8045BD2F80460D0F80070D0F890
S315020022E004E058F8044B24FB097723FB19EEC0F8E7
S315020022F004E040F8087B58F8044B0768D0F804E07D
S3150200230024FB067725FB16EEC0F804E040F8087BAE
S315020023100DEE908A19EE103A19EE90EA0EF1010EC0
S3150200232040F2000918EE907A07F1A80703F10308B4
S31502002330B8EB070F40F32380BEF1400F80F21F80F7
S3150200234018EE903A08EE10CA09EE100A09EE901A33
S315020023500AEE102A0AEE90EA184640F201011DEE34
S31502002360102A04F0FDF818EE10CA19EE100A19EE3A
S31502002370901A1AEE102A1AEE90EA18EE903ABEF168
S31502002380400FFFF639AFBDE8FF8F00BF2DE9FF4FC3
S3150200239046F6080B40F6015A4FF2013CC6F6A83C37
S315020023A040F20009DDF834700DEE107ADDF838706F
S315020023B00DEE907A0EEE100A0EEE900ADDF83C0053
S315020023C040F2000E08EE903A33F8025B13F8016B06
S315020023D0C5F3033747EA0616C5F30B05C6F30B0624
S315020023E0B5EB0A0F80F0568022F8025B09F101096B
S315020023F0B9F1040F40F04E80A2F1080209EE103A3C
S3150200240009EE90EA0AEE106A1DEE908A51F8043B34
S31502002410D2F8009051F8045BD2F80460D0F804E0D8
S3150200242050F8087B58F8044B24FB097707FB0CF796
S3150200243017FB2AB723FB19EE0EFB0CFE1EFB2ABE68
S31502002440CEEA27471EEE103A43F8047B58F8044BAF
S31502002450D0F804E050F8087B24FB067707FB0CF75C
S3150200246017FB2AB725FB16EE0EFB0CFE1EFB2ABE39
S31502002470CEEA274743F8047B0EEE103A0DEE908A19
S3150200248019EE103A19EE90EA1AEE106A0EF1010EE2
S3150200249040F20009B6EB0A0F80F05680BEF1400FFB
S315020024A080F2528022F8026B09F10109B9F1040F98
S315020024B040F04A80A2F1080209EE103A09EE90EACB
S315020024C01DEE908A51F8043BD2F8009051F8045B55
S315020024D0D2F80460D0F804E050F8087B58F8044BB0
S315020024E024FB097707FB0CF717FB2AB723FB19EE28
S315020024F00EFB0CFE1EFB2ABECEEA27471EEE103A44
S3150200250043F8047B58F8044BD0F804E050F8087BF3
S3150200251024FB067707FB0CF717FB2AB725FB16EEFB
S315020025200EFB0CFE1EFB2ABECEEA274743F8047BAF
S315020025300EEE103A0DEE908A19EE103A19EE90EA66
S315020025400EF1010E40F2000918EE907A07F1A80783
S3150200255003F10308B8EB070F40F32380BEF1400FE7
S3150200256080F21F8018EE903A08EE10CA09EE100AA1
S3150200257009EE901A0AEE102A0AEE90EA184640F27E
S3150200258001011DEE102A03F0EBFF18EE10CA19EE38
S31502002590100A19EE901A1AEE102A1AEE90EA18EE9E
S315020025A0903ABEF1400FFFF60FAF1EEE900ABDE85D
S315020025B0FF8F00BF2DE9F041074690B000F5007687
S315020025C04FF0040E3C46E8464EF001E007F14005A6
S315020025D0C44620686168A268E36808F11008ACE89E
S315020025E00F0010340FF00DC0EC46384600244FF0B1
S315020025F0040E024600234EF001E05CF82310043379
S3150200260042F8041B0FF007C80134042C00F1100035
S315020026100CF1040CEBD1B5422F46D1D110B0BDE876
S31502002620F08100BF2DE9F04F46F6080AC0F60159BF
S315020026304FF2013BC6F6A83B00F5806E53F804CB79
S3150200264092F80260B2F8037092F8058032F8064BEF
S31502002650C4F30335C4F30B0445EA061544EA0544FC
S31502002660C7F30335C7F30B0645EA081546EA0545DF
S3150200267051F8046B51F8047B3CFB14F818FB19A8BB
S3150200268016FB38F816FB048840F8048B26FB14F870
S3150200269040F8048BCCF1000C3CFB15F818FB19A88A
S315020026A017FB38F817FB058840F8048B27FB15F84B
S315020026B040F8048BB0EB0E0F7FF4C0AFBDE8F08F8D
S315020026C02DE9F04F46F6080AC0F601594FF2013BD2
S315020026D0C6F6A83B00F5806E53F804CB92F802606A
S315020026E0B2F8037092F8058032F8064BC4F303354C
S315020026F0C4F30B0445EA061544EA0544C7F3033559
S31502002700C7F30B0645EA081546EA054551F8048B58
S3150200271006683CFB14F717FB19A718FB376718FB6B
S31502002720047740F8047B066828FB146740F8047BAC
S31502002730CCF1000C51F8048B06683CFB15F717FB2D
S3150200274019A718FB376718FB057740F8047B06685C
S3150200275028FB156740F8047BB0EB0E0F7FF4BCAF85
S31502002760BDE8F08F2DE9F04F46F6080AC0F601598A
S315020027704FF2013BC6F6A83BDDF8246000EE906AF4
S3150200278006F5806E53F804CB92F80260B2F8037035
S3150200279092F8058032F8064BC4F30335C4F30B04F2
S315020027A045EA061544EA0544C7F30335C7F30B06A3
S315020027B045EA081546EA054501EE103A10EE903A4A
S315020027C051F8048B53F8046B3CFB14F717FB19A75B
S315020027D018FB376718FB047707FB0BF717FB39A7BC
S315020027E053F8046B28FB146606FB0BF616FB39A698
S315020027F0C6EA274640F8046BCCF1000C51F8048B6C
S3150200280053F8046B3CFB15F717FB19A718FB376740
S3150200281018FB057707FB0BF717FB39A753F8046B71
S3150200282028FB156606FB0BF616FB39A6C6EA2746F3
S3150200283040F8046B00EE903AB3EB0E0F11EE103A2D
S315020028407FF4A0AFBDE8F08F2DE9F04F44F6BF6AE2
S3150200285040F6015B40F2100990E8FE0111FB0AFC0A
S3150200286011FB2AFE4FEAAC6C4FEAAE6E1CFB0BFC68
S315020028701EFB0BFECCEA0E4CD1FA4CF112FB0AFC03
S3150200288012FB2AFE4FEAAC6C4FEAAE6E1CFB0BFC47
S315020028901EFB0BFECCEA0E4CD2FA4CF213FB0AFCE0
S315020028A013FB2AFE4FEAAC6C4FEAAE6E1CFB0BFC26
S315020028B01EFB0BFECCEA0E4CD3FA4CF314FB0AFCBD
S315020028C014FB2AFE4FEAAC6C4FEAAE6E1CFB0BFC05
S315020028D01EFB0BFECCEA0E4CD4FA4CF415FB0AFC9A
S315020028E015FB2AFE4FEAAC6C4FEAAE6E1CFB0BFCE4
S315020028F01EFB0BFECCEA0E4CD5FA4CF516FB0AFC77
S3150200290016FB2AFE4FEAAC6C4FEAAE6E1CFB0BFCC2
S315020029101EFB0BFECCEA0E4CD6FA4CF617FB0AFC53
S3150200292017FB2AFE4FEAAC6C4FEAAE6E1CFB0BFCA1
S315020029301EFB0BFECCEA0E4CD7FA4CF718FB0AFC30
S3150200294018FB2AFE4FEAAC6C4FEAAE6E1CFB0BFC80
S315020029501EFB0BFECCEA0E4CD8FA4CF8A0E8FE01A0
S31502002960B9F101097FF478AFBDE8F08F2DE9F04F98
S3150200297046F6080CC0F6015B44F6AC7AC9F2F47A64
S3150200298040F2100990E8FE013AFB01FE3AFB11F112
S315020029901EFB1BCE11FB1BC1C1EA2E413AFB02FEF6
S315020029A03AFB12F21EFB1BCE12FB1BC2C2EA2E42DE
S315020029B03AFB03FE3AFB13F31EFB1BCE13FB1BC3B0
S315020029C0C3EA2E433AFB04FE3AFB14F41EFB1BCE6B
S315020029D014FB1BC4C4EA2E443AFB05FE3AFB15F56A
S315020029E01EFB1BCE15FB1BC5C5EA2E453AFB06FE92
S315020029F03AFB16F61EFB1BCE16FB1BC6C6EA2E4676
S31502002A003AFB07FE3AFB17F71EFB1BCE17FB1BC74B
S31502002A10C7EA2E473AFB08FE3AFB18F81EFB1BCE06
S31502002A2018FB1BC8C8EA2E48A0E8FE01B9F1010945
S31502002A307FF4A8AFBDE8F08F0000000000000000A0
S31502002A40704700BFAFF30080AFF30080AFF30080A2
S31502002A50AFF30080AFF30080AFF30080AFF30080E6
S31502002A60AFF30080AFF30080AFF30080AFF30080D6
S31502002A70AFF30080AFF30080AFF30080AFF30080C6
S31502002A80000000000000000000000000000000003E
S31502002A90000000000000000000000000000000002E
S31502002AA0000000000000000000000000000000001E
S31502002AB0000000000000000000000000000000000E
S31502002AC000000000000000000000000000000000FE
S31502002AD000000000000000000000000000000000EE
S31502002AE000000000000000000000000000000000DE
S31502002AF000000000000000000000000000000000CE
S31502002B0000000000000000000000000000000000BD
S31502002B1000000000000000000000000000000000AD
S31502002B20000000000000000000000000000000009D
S31502002B30000000000000000000000000000000008D
S31502002B4003B32DE9F04122F00704001912F007023F
S31502002B500BD01C00C2F10805AC4200DD2C00A3EB31
S31502002B600408230000F0ECF84346DA0804D098463D
S31502002B7000F066F808F0070313B1002200F0E0F84F
S31502002B80BDE8F081704700BFAFF30080AFF300806D
S31502002B90AFF30080AFF30080AFF30080AFF30080A5
S31502002BA0AFF30080AFF30080AFF30080AFF3008095
S31502002BB0AFF30080AFF30080AFF30080AFF3008085
S31502002BC000000000000000000000000000000000FD
S31502002BD000000000000000000000000000000000ED
S31502002BE000000000000000000000000000000000DD
S31502002BF000000000000000000000000000000000CD
S31502002C0000000000000000000000000000000000BC
S31502002C1000000000000000000000000000000000AC
S31502002C20000000000000000000000000000000009C
S31502002C30000000000000000000000000000000008C
S31502002C4051F8044B51F8045BD0E9006704F05533A0
S31502002C5043EA530303F0333343EA930303F00F3398
S31502002C6043EA131303F0FF1363F30F2386EA1326D3
S31502002C7005F0553343EA530303F0333343EA930330
S31502002C8003F00F3343EA131303F0FF1343EA13234C
S31502002C9086EA034604F0AA3343EA430303F0CC333D
S31502002CA043EA830303F0F03343EA031303F0FF23FB
S31502002CB043EA032387EA134705F0AA3343EA4303A9
S31502002CC003F0CC3343EA830303F0F03343EA0313FE
S31502002CD003F0FF2343EA03236FF30F035F40E0E8A9
S31502002CE00267013AACD17047AFF30080AFF30080C0
S31502002CF0AFF30080AFF30080AFF30080AFF3008044
S31502002D0000000000000000000000000000000000BB
S31502002D1000000000000000000000000000000000AB
S31502002D20000000000000000000000000000000009B
S31502002D30000000000000000000000000000000008B
S31502002D400024002530B46A4411F8015B02F8015BE5
S31502002D50013BF9D130BCD0E9006704F0553343EAB0
S31502002D60530303F0333343EA930303F00F3343EA87
S31502002D70131303F0FF1363F30F2386EA132605F0FA
S31502002D80553343EA530303F0333343EA930303F021
S31502002D900F3343EA131303F0FF1343EA132386EABE
S31502002DA0034604F0AA3343EA430303F0CC3343EA6F
S31502002DB0830303F0F03343EA031303F0FF2343EAEA
S31502002DC0032387EA134705F0AA3343EA430303F0D2
S31502002DD0CC3343EA830303F0F03343EA031303F0ED
S31502002DE0FF2343EA03236FF30F035F40E0E8026722
S31502002DF0704700BFAFF30080AFF30080AFF30080EF
S31502002E0000000000000000000000000000000000BA
S31502002E1000000000000000000000000000000000AA
S31502002E20000000000000000000000000000000009A
S31502002E30000000000000000000000000000000008A
S31502002E4003B32DE9F04122F00704001912F007023C
S31502002E500BD01C00C2F10805AC4200DD2C00A3EB2E
S31502002E600408230000F0ECF84346DA0804D098463A
S31502002E7000F066F808F0070313B1002200F0E0F84C
S31502002E80BDE8F081704700BFAFF30080AFF300806A
S31502002E90AFF30080AFF30080AFF30080AFF30080A2
S31502002EA0AFF30080AFF30080AFF30080AFF3008092
S31502002EB0AFF30080AFF30080AFF30080AFF3008082
S31502002EC000000000000000000000000000000000FA
S31502002ED000000000000000000000000000000000EA
S31502002EE000000000000000000000000000000000DA
S31502002EF000000000000000000000000000000000CA
S31502002F0000000000000000000000000000000000B9
S31502002F1000000000000000000000000000000000A9
S31502002F200000000000000000000000000000000099
S31502002F300000000000000000000000000000000089
S31502002F40F0E80245230065F31F446FF30F0545EAD7
S31502002F50134584EA142303F47F435C4084EA032482
S31502002F6084EA141303F0F0135C4084EA031484EA3F
S31502002F70940303F00C335C4084EA830484EA54032A
S31502002F8003F022335C4084EA430485EA152303F402
S31502002F907F435D4085EA032585EA151303F0F013A6
S31502002FA05D4085EA031585EA950303F00C335D401F
S31502002FB085EA830585EA550303F022335D4085EAF7
S31502002FC0430541F8044B013A41F8045BB8D1704716
S31502002FD0AFF30080AFF30080AFF30080AFF3008061
S31502002FE0AFF30080AFF30080AFF30080AFF3008051
S31502002FF0AFF30080AFF30080AFF30080AFF3008041
S3150200300000000000000000000000000000000000B8
S3150200301000000000000000000000000000000000A8
S315020030200000000000000000000000000000000098
S315020030300000000000000000000000000000000088
S31502003040F0E80245260065F31F446FF30F0545EAD3
S31502003050164584EA142606F47F46744084EA06245A
S3150200306084EA141606F0F016744084EA061484EA1A
S31502003070940606F00C36744084EA860484EA540602
S3150200308006F02236744084EA460485EA152606F4DA
S315020030907F46754085EA062585EA151606F0F0167E
S315020030A0754085EA061585EA950606F00C367540E2
S315020030B085EA860585EA550606F02236754085EAD2
S315020030C0460530B46A4412F8014B013B01F8014B44
S315020030D0F9D102B0704700BFAFF30080AFF30080B2
S315020030E0AFF30080AFF30080AFF30080AFF3008050
S315020030F0AFF30080AFF30080AFF30080AFF3008040
S3150200310000000000000000000000000000000000B7
S3150200311000000000000000000000000000000000A7
S315020031200000000000000000000000000000000097
S315020031300000000000000000000000000000000087
S3150200314001000000000000000000000089000000ED
S31502003150000000008B0000800000000080800080DC
S31502003160010000008B00000001000000008000004A
S3150200317001000000888000800100000082000080BB
S31502003180000000000B000000000000000A00000022
S3150200319001000000828000000000000003800000A1
S315020031A0010000008B800000010000000B0000807F
S315020031B0010000008A0000800100000081000080FA
S315020031C0000000008100008000000000080000806E
S315020031D00000000083000000000000000380008061
S315020031E00100000088800080000000008800008046
S315020031F001000000008000000000000082800080C4
S31502003200FF000000AFF30080AFF30080AFF3008051
S31502003210AFF30080AFF30080AFF30080AFF300801E
S31502003220AFF30080AFF30080AFF30080AFF300800E
S31502003230AFF30080AFF30080AFF30080AFF30080FE
S31502003240AFF204112DE9F05F86B00591D0F8203077
S31502003250D0F84810D0F87050D0F898B0D0F8C0C066
S3150200326083EA010383EA050383EA0B0383EA0C0379
S31502003270D0F80C70D0F83410D0F85C50D0F884B086
S31502003280D0F8ACC087EA010787EA050787EA0B0789
S3150200329087EA0C0783EAF776D0F81440D0F83C1098
S315020032A0D0F86450D0F88CB0D0F8B4C0CDF8006035
S315020032B084EA010484EA050484EA0B0484EA0C0421
S315020032C083EA0406D0F81830D0F84010D0F86850D7
S315020032D0D0F890B0D0F8B8C0CDF80C6083EA0103FC
S315020032E083EA050383EA0B0383EA0C0387EA0302F4
S315020032F0D0F80070D0F82810D0F85050D0F878B036
S31502003300D0F8A0C087EA010787EA050787EA0B0714
S3150200331087EA0C0787EAF47AD0F81C40D0F8441002
S31502003320D0F86C50D0F894B0D0F8BCC084EA01044E
S3150200333084EA050484EA0B0484EA0C0484EA070E90
S31502003340D0F80870D0F83010D0F85850D0F880B0C5
S31502003350D0F8A8C087EA010787EA050787EA0B07BC
S3150200336087EA0C0787EAF476D0F82440D0F84C10A6
S31502003370D0F87450D0F89CB0D0F8C4C0CDF8106024
S3150200338084EA010484EA050484EA0B0484EA0C0450
S3150200339084EA0708D0F81070D0F83810D0F86050D8
S315020033A0D0F888B0D0F8B0C0CDF8048087EA01071B
S315020033B087EA050787EA0B0787EA0C0787EAF479A3
S315020033C0D0F80440D0F82C10D0F85450D0F87CB085
S315020033D0D0F8A4C0CDF8089084EA010484EA050472
S315020033E084EA0B0484EA0C0484EA070B83EAF47C7D
S315020033F0D0F81830D0F84840D0F85450D0F884604D
S31502003400D0F8B470C0F8541089EA03038CEA0404B5
S3150200341088EA05058BEA060682EA070725EA346189
S3150200342081EA3351C0F8541026EA755181EA7431A3
S31502003430C0F8841027EA362181EA7571C0F8B41003
S3150200344023EAF73181EAF651C0F8181024EA3371FB
S3150200345081EAF721D0F80830D0F83C40D0F868501D
S31502003460D0F89C60D0F8A470C0F848108AEA03032A
S3150200347082EA040489EA05058EEA060688EA07074F
S3150200348025EA742181EA3331C0F8A41026EA3561AF
S3150200349081EA7401C0F8081027EA761181EA75718B
S315020034A0C0F83C1023EAF75181EA3671C0F8681079
S315020034B024EAF30181EAB761DDF80080D0F824300E
S315020034C0D0F82840D0F85850D0F88C60D0F8B870B0
S315020034D0C0F89C108EEA030388EA04048AEA05050A
S315020034E082EA060689EA070725EAF44181EAF351E8
S315020034F0C0F8281026EAF50181EAB451C0F858103E
S3150200350027EA365181EAF551C0F88C1023EAB74111
S3150200351081EAB611C0F8B81024EA331181EAB7512C
S31502003520D0F81430D0F84040D0F87050D0F8786017
S31502003530D0F8AC70C0F8241082EA030389EA0404C6
S315020035408CEA050588EA06068BEA070725EA34614E
S3150200355081EA3351C0F8781026EA750181EA74616E
S31502003560C0F8AC1027EA763181EAB531C0F81410FA
S3150200357023EAB77181EAF621C0F8401024EA3371D2
S3150200358081EAB761DDF80C90D0F80030046B456E25
S31502003590D0F89460D0F8C070C0F8701088EA0303BF
S315020035A08AEA040482EA050589EA06068CEA07071E
S315020035B026EA755181EA7451C0F8301027EA36714D
S315020035C081EA7541C0F8641023EA776181EA76518F
S315020035D0C0F8941024EAB35181EAF731C0F8C0105A
S315020035E025EA040505990C6883EAB52384EA0301F2
S315020035F0DDF81020D0F81C30D0F84C40D0F85050EE
S31502003600D0F88060D0F8B070C0F8001089EA0303E1
S315020036108EEA040488EA05058AEA060682EA0707AC
S3150200362025EAF45181EAF341C0F8501026EA7551B1
S3150200363081EA3431C0F8801027EA362181EA7571B1
S31502003640C0F8B01023EA374181EA3661C0F81C108F
S3150200365024EA337181EA3731D0F80C30D0F8384099
S31502003660D0F86C50D0F89860D0F8A070C0F84C1022
S315020036708BEA030382EA040489EA05058CEA060654
S3150200368088EA070725EAB42181EA3331C0F8A01097
S3150200369026EAF55181EA7401C0F80C1027EA761180
S315020036A081EA3571C0F8381023EA376181EA76710A
S315020036B0C0F86C1024EAB30181EAB761DDF8048030
S315020036C0D0F82030D0F82C40D0F85C50D0F8886082
S315020036D0D0F8BC70C0F898108CEA030388EA040498
S315020036E08BEA050582EA060689EA070725EAF44116
S315020036F081EA3361C0F82C1026EAB50181EA7451D9
S31502003700C0F85C1027EA765181EAF551C0F88810B4
S3150200371023EA774181EAB611C0F8BC1024EA731194
S3150200372081EAB751D0F81030D0F84440D0F874503E
S31502003730D0F87C60D0F8A870C0F8201082EA0303A3
S3150200374089EA04048EEA050588EA06068AEA070774
S3150200375025EA346181EA7351C0F87C1026EA7501C4
S3150200376081EA7461C0F8A81027EA363181EA753118
S31502003770C0F8101023EAB77181EAB621C0F84410E6
S3150200378024EA737181EAF761DDF80890D0F8043013
S31502003790446B056ED0F89060D0F8C470C0F874100F
S315020037A088EA03038BEA040482EA050589EA060627
S315020037B08EEA070726EA755181EA3451C0F83410B9
S315020037C027EA767181EAB541C0F8601023EA77618B
S315020037D081EAB651C0F8901024EAB35181EAF73172
S315020037E0C0F8C41025EAF47505994C6883EAF523F6
S315020037F084EA030ED0F8C030D0F84810D0F89850BA
S31502003800D0F824B0D0F874C0C0F804E083EA3133AB
S3150200381083EAF54383EA3B1383EABC63D0F8347048
S31502003820D0F88010D0F80850D0F85CB0D0F8ACC010
S3150200383087EA315787EAB51787EAFB0787EABC5753
S315020038404FEAB32383EA7756D0F86040D0F8B01037
S31502003850D0F83C50D0F888B0D0F814C0CDF800604B
S3150200386084EA712484EAB57484EAFB2484EABC14EB
S3150200387083EA7466D0F89430D0F81810D0F86C50F9
S31502003880D0F8B8B0D0F844C0CDF80C6083EAB143A2
S3150200389083EAF57383EABB4383EA7C0383EAB7527E
S315020038A0D0F80070D0F85410D0F8A050D0F828B054
S315020038B0D0F87CC087EAB17787EAF54787EAFB67E3
S315020038C087EA3C3787EA346AD0F89040D0F81C1071
S315020038D0D0F86850D0F8BCB0D0F840C084EAB14401
S315020038E084EA050484EAFB4484EA7C0484EA070E3B
S315020038F0D0F83070D0F88410D0F80C50D0F858B008
S31502003900D0F8A8C087EA315787EAF51787EAFB0796
S3150200391087EABC574FEA775787EAF476D0F8C4406D
S31502003920D0F84C10D0F89C50D0F820B0D0F870C027
S31502003930CDF8106084EA313484EAF54484EA3B1413
S3150200394084EAFC6487EAB428D0F86470D0F8B4102C
S31502003950D0F83850D0F88CB0D0F810C0CDF804802A
S3150200396087EA312787EAB57787EAFB2787EABC1712
S315020039704FEA776787EA7429D0F80440D0F85010E6
S31502003980D0F8A450D0F82CB0D0F878C0CDF8089072
S3150200399084EAF17484EA355484EAFB6484EA7C346A
S315020039A084EA070B83EAF47CD0F89430D0F84840D6
S315020039B0D0F8A450D0F85C60D0F81470C0F8A41007
S315020039C089EA03038CEAB45488EA35558BEA7666AB
S315020039D082EAF77725EA346181EA3351C0F8A41006
S315020039E026EA755181EA7431C0F85C1027EA36215D
S315020039F081EA7571C0F8141023EAF73181EAF651AB
S31502003A00C0F8941024EA337181EAF721D0F83030F5
S31502003A10D0F8B040D0F86C50D0F82060D0F878706A
S31502003A20C0F848108AEA735382EAB40489EAF57543
S31502003A308EEAB63688EA773725EA742181EA333187
S31502003A40C0F8781026EA356181EA7401C0F83010B0
S31502003A5027EA761181EA7571C0F8B01023EAF751A8
S31502003A6081EA3671C0F86C1024EAF30181EAB76183
S31502003A70DDF80080D0F8C430D0F85440D0F80C50AD
S31502003A80D0F88860D0F84470C0F820108EEAB323CC
S31502003A9088EAB4748AEA357582EA361689EA7707BD
S31502003AA025EAF44181EAF351C0F8541026EAF501F9
S31502003AB081EAB451C0F80C1027EA365181EAF55171
S31502003AC0C0F8881023EAB74181EAB611C0F844105B
S31502003AD024EA331181EAB751D0F86030D0F81840A1
S31502003AE0D0F89850D0F82860D0F8AC70C0F8C4105E
S31502003AF082EA736389EAB4448CEA757588EAF666E3
S31502003B008BEA373725EA346181EA3351C0F8281047
S31502003B1026EA750181EA7461C0F8AC1027EA7631AB
S31502003B2081EAB531C0F8601023EAB77181EAF6215D
S31502003B30C0F8181024EA337181EAB761DDF80C90F7
S31502003B40D0F80030D0F88440C56BD0F8BC60476F1F
S31502003B50C0F8981088EA03038AEA742482EAF555C3
S31502003B6089EAF6468CEA371726EA755181EA7451D4
S31502003B70C0F8841027EA367181EA7541C0F83C1014
S31502003B8023EA776181EA7651C0F8BC1024EAB35180
S31502003B9081EAF731C0F8741025EA040505998C68A4
S31502003BA083EAB52384EA0301DDF81020D0F89030C9
S31502003BB0D0F84C40D0F8A050D0F85860D0F8107029
S31502003BC0C0F8001089EA03038EEAB45488EAF54580
S31502003BD08AEA366682EAF77725EAF45181EAF34100
S31502003BE0C0F8A01026EA755181EA3431C0F858109F
S31502003BF027EA362181EA7571C0F8101023EA3741A7
S31502003C0081EA3661C0F8901024EA337181EA3731CD
S31502003C10D0F83430D0F8B440D0F86850D0F82460E8
S31502003C20D0F87C70C0F84C108BEAB35382EA740465
S31502003C3089EA05058CEAB63688EA373725EAB421D9
S31502003C4081EA3331C0F87C1026EAF55181EA740123
S31502003C50C0F8341027EA761181EA3571C0F8B4103B
S31502003C6023EA376181EA7671C0F8681024EAB30163
S31502003C7081EAB761DDF80480D0F8C030D0F8504050
S31502003C80D0F80850D0F88C60D0F84070C0F82410F4
S31502003C908CEAB32388EAF4748BEA357582EA36161F
S31502003CA089EA770725EAF44181EA3361C0F85010C0
S31502003CB026EAB50181EA7451C0F8081027EA76515E
S31502003CC081EAF551C0F88C1023EA774181EAB611F0
S31502003CD0C0F8401024EA731181EAB751D0F8643073
S31502003CE0D0F81C40D0F89C50D0F82C60D0F8A870C0
S31502003CF0C0F8C01082EA736389EAB4448EEA757525
S31502003D0088EAF6668AEAF72725EA346181EA735178
S31502003D10C0F82C1026EA750181EA7461C0F8A81071
S31502003D2027EA363181EA7531C0F8641023EAB771A1
S31502003D3081EAB621C0F81C1024EA737181EAF761A0
S31502003D40DDF80890D0F80430D0F88040856BD0F8C2
S31502003D50B860076FC0F89C1088EA03038BEAB424A4
S31502003D6082EAF55589EAB6468EEA771726EA75514A
S31502003D7081EA3451C0F8801027EA767181EAB541AA
S31502003D80C0F8381023EA776181EAB651C0F8B81054
S31502003D9024EAB35181EAF731C0F8701025EAF475C6
S31502003DA00599CC6883EAF52384EA030ED0F87430C9
S31502003DB0D0F84810D0F82450D0F8C4B0D0F89CC03F
S31502003DC0C0F804E083EA313383EAF54383EA3B131E
S31502003DD083EABC63D0F88070D0F85810D0F830501F
S31502003DE0D0F808B0D0F8ACC087EA315787EAB517E1
S31502003DF087EAFB0787EABC574FEAB32383EA77567B
S31502003E00D0F83840D0F81010D0F8B050D0F88CB0B6
S31502003E10D0F860C0CDF8006084EA712484EAB574F3
S31502003E2084EAFB2484EABC1483EA7466D0F8BC30C4
S31502003E30D0F89410D0F86850D0F844B0D0F81CC02E
S31502003E40CDF80C6083EAB14383EAF57383EABB4398
S31502003E5083EA7C0383EAB752D0F80070D0F8A41044
S31502003E60D0F87C50D0F854B0D0F82CC087EAB1779D
S31502003E7087EAF54787EAFB6787EA3C3787EA346AC7
S31502003E80D0F8B840D0F89010D0F86C50D0F840B0C6
S31502003E90D0F818C084EAB14484EA050484EAFB44F3
S31502003EA084EA7C0484EA070ED0F88470D0F85C10A9
S31502003EB0D0F83450D0F80CB0D0F8A8C087EA315701
S31502003EC087EAF51787EAFB0787EABC574FEA77576F
S31502003ED087EAF476D0F87040D0F84C10D0F820502B
S31502003EE0D0F8C0B0D0F898C0CDF8106084EA31346A
S31502003EF084EAF54484EA3B1484EAFC6487EAB4283B
S31502003F00D0F83C70D0F81410D0F8B450D0F888B07D
S31502003F10D0F864C0CDF8048087EA312787EAB577FE
S31502003F2087EAFB2787EABC174FEA776787EA74298D
S31502003F30D0F80440D0F8A010D0F87850D0F850B09D
S31502003F40D0F828C0CDF8089084EAF17484EA355492
S31502003F5084EAFB6484EA7C3484EA070B83EAF47C11
S31502003F60D0F8BC30D0F84840D0F87850D0F8086085
S31502003F70D0F86070C0F8781089EA03038CEAB4546A
S31502003F8088EA35558BEA766682EAF77725EA34615E
S31502003F9081EA3351C0F8781026EA755181EA743104
S31502003FA0C0F8081027EA362181EA7571C0F8601058
S31502003FB023EAF73181EAF651C0F8BC1024EA3371DC
S31502003FC081EAF721D0F88430D0F81040D0F8685052
S31502003FD0D0F8C060D0F82870C0F848108AEA735347
S31502003FE082EAB40489EAF5758EEAB63688EA773744
S31502003FF025EA742181EA3331C0F8281026EA3561B0
S3150200400081EA7401C0F8841027EA761181EA757193
S31502004010C0F8101023EAF75181EA3671C0F8681029
S3150200402024EAF30181EAB761DDF80080D0F8703046
S31502004030D0F8A440D0F83450D0F88C60D0F81C7078
S31502004040C0F8C0108EEAB32388EAB4748AEA3575DA
S3150200405082EA361689EA770725EAF44181EAF351BC
S31502004060C0F8A41026EAF50181EAB451C0F834106A
S3150200407027EA365181EAF551C0F88C1023EAB74196
S3150200408081EAB611C0F81C1024EA331181EAB7514D
S31502004090D0F83830D0F89440D0F82450D0F8546094
S315020040A0D0F8AC70C0F8701082EA736389EAB4443F
S315020040B08CEA757588EAF6668BEA373725EA346143
S315020040C081EA3351C0F8541026EA750181EA746117
S315020040D0C0F8AC1027EA763181EAB531C0F838105B
S315020040E023EAB77181EAF621C0F8941024EA337103
S315020040F081EAB761DDF80C90D0F80030C46DD0F8D3
S31502004100B050066CD0F89C70C0F8241088EA0303FD
S315020041108AEA742482EAF55589EAF6468CEA371762
S3150200412026EA755181EA7451C0F85C1027EA3671A5
S3150200413081EA7541C0F8B01023EA776181EA7651C7
S31502004140C0F8401024EAB35181EAF731C0F89C1056
S3150200415025EA040505990C6983EAB52384EA030175
S31502004160DDF81020D0F8B830D0F84C40D0F87C50AA
S31502004170D0F80C60D0F86470C0F8001089EA030326
S315020041808EEAB45488EAF5458AEA366682EAF77711
S3150200419025EAF45181EAF341C0F87C1026EA75510A
S315020041A081EA3431C0F80C1027EA362181EA7571AA
S315020041B0C0F8641023EA374181EA3661C0F8B810C4
S315020041C024EA337181EA3731D0F88030D0F81440CE
S315020041D0D0F86C50D0F8C460D0F82C70C0F84C10EF
S315020041E08BEAB35382EA740489EA05058CEAB63689
S315020041F088EA373725EAB42181EA3331C0F82C1030
S3150200420026EAF55181EA7401C0F8801027EA761190
S3150200421081EA3571C0F8141023EA376181EA7671B2
S31502004220C0F86C1024EAB30181EAB761DDF80480B4
S31502004230D0F87430D0F8A040D0F83050D0F888606A
S31502004240D0F81870C0F8C4108CEAB32388EAF47464
S315020042508BEA357582EA361689EA770725EAF4414A
S3150200426081EA3361C0F8A01026EAB50181EA7451E9
S31502004270C0F8301027EA765181EAF551C0F8881065
S3150200428023EA774181EAB611C0F8181024EA7311BD
S3150200429081EAB751D0F83C30D0F89040D0F820509F
S315020042A0D0F85060D0F8A870C0F8741082EA736330
S315020042B089EAB4448EEA757588EAF6668AEAF727C9
S315020042C025EA346181EA7351C0F8501026EA750175
S315020042D081EA7461C0F8A81027EA363181EA75319D
S315020042E0C0F83C1023EAB77181EAB621C0F89010F3
S315020042F024EA737181EAF761DDF80890D0F8043098
S31502004300846DD0F8B450466CD0F89870C0F820107E
S3150200431088EA03038BEAB42482EAF55589EAB646AB
S315020043208EEA771726EA755181EA3451C0F8581099
S3150200433027EA767181EAB541C0F8B41023EA7761BB
S3150200434081EAB651C0F8441024EAB35181EAF73142
S31502004350C0F8981025EAF47505994C6983EAF523A5
S3150200436084EA030ED0F89C30D0F84810D0F8C45036
S31502004370D0F870B0D0F820C0C0F804E083EA313338
S3150200438083EAF54383EA3B1383EABC63D0F85870A9
S31502004390D0F80C10D0F88450D0F830B0D0F8ACC0B9
S315020043A087EA315787EAB51787EAFB0787EABC57D8
S315020043B04FEAB32383EA7756D0F8B440D0F86410B4
S315020043C0D0F81050D0F888B0D0F838C0CDF80060D8
S315020043D084EA712484EAB57484EAFB2484EABC1470
S315020043E083EA7466D0F84030D0F8BC10D0F86C502E
S315020043F0D0F81CB0D0F890C0CDF80C6083EAB14377
S3150200440083EAF57383EABB4383EA7C0383EAB75202
S31502004410D0F80070D0F87810D0F82C50D0F8A4B0AC
S31502004420D0F850C087EAB17787EAF54787EAFB6793
S3150200443087EA3C3787EA346AD0F84440D0F8B810A5
S31502004440D0F86850D0F818B0D0F894C084EAB144D5
S3150200445084EA050484EAFB4484EA7C0484EA070EBF
S31502004460D0F85C70D0F80810D0F88050D0F834B08C
S31502004470D0F8A8C087EA315787EAF51787EAFB071B
S3150200448087EABC574FEA775787EAF476D0F898401E
S31502004490D0F84C10D0F8C050D0F874B0D0F824C080
S315020044A0CDF8106084EA313484EAF54484EA3B1498
S315020044B084EAFC6487EAB428D0F8B070D0F86010B9
S315020044C0D0F81450D0F88CB0D0F83CC0CDF80480A7
S315020044D087EA312787EAB57787EAFB2787EABC1797
S315020044E04FEA776787EA7429D0F80440D0F87C103F
S315020044F0D0F82850D0F8A0B0D0F854C0CDF8089023
S3150200450084EAF17484EA355484EAFB6484EA7C34EE
S3150200451084EA070B83EAF47CD0F84030D0F84840AE
S31502004520D0F82850D0F83060D0F83870C0F828108B
S3150200453089EA03038CEAB45488EA35558BEA76662F
S3150200454082EAF77725EA346181EA33514FEAB1719B
S31502004550C0F8281026EA755181EA74314FEA7121B2
S31502004560C0F8301027EA362181EA75714FEA7101E7
S31502004570C0F8381023EAF73181EAF6514FEAB14121
S31502004580C0F8401024EA337181EAF7214FEAB151AB
S31502004590D0F85C30D0F86440D0F86C50D0F8746033
S315020045A0D0F85470C0F848108AEA735382EAB40409
S315020045B089EAF5758EEAB63688EA773725EA7421EE
S315020045C081EA33314FEA3151C0F8541026EA356197
S315020045D081EA74014FEA3171C0F85C1027EA76115C
S315020045E081EA75714FEAF151C0F8641023EAF75176
S315020045F081EA3671C0F86C1024EAF30181EAB761E8
S315020046004FEA7171DDF80080D0F89830D0F8784022
S31502004610D0F88050D0F88860D0F89070C0F8741046
S315020046208EEAB32388EAB4748AEA357582EA3616C4
S3150200463089EA770725EAF44181EAF3514FEAF16103
S31502004640C0F8781026EAF50181EAB4514FEA3161E1
S31502004650C0F8801027EA365181EAF5514FEA311146
S31502004660C0F8881023EAB74181EAB6114FEAB14190
S31502004670C0F8901024EA331181EAB7514FEAB131FA
S31502004680D0F8B430D0F8BC40D0F8C450D0F8A4600A
S31502004690D0F8AC70C0F8981082EA736389EAB44421
S315020046A08CEA757588EAF6668BEA373725EA34614D
S315020046B081EA33514FEA7131C0F8A41026EA750136
S315020046C081EA74614FEA3131C0F8AC1027EA7631DB
S315020046D081EAB5314FEAF171C0F8B41023EAB77135
S315020046E081EAF6214FEA7101C0F8BC1024EA33715F
S315020046F081EAB7614FEA7111DDF80C90D0F800300B
S31502004700846805698669076AC0F8C41088EA0303E3
S315020047108AEA742482EAF55589EAF6468CEA37175C
S3150200472026EA755181EA74514FEA7151C0F80810B0
S3150200473027EA367181EA75414FEA7161C0F81010B5
S3150200474023EA776181EA7651C0F8181024EAB35158
S3150200475081EAF7314FEAB121C0F8201025EA0405B3
S3150200476005998C6983EAB52384EA0301DDF81020F2
S31502004770D0F84430D0F84C40D0F82C50D0F8346001
S31502004780D0F83C70C0F8001089EA03038EEAB454EC
S3150200479088EAF5458AEA366682EAF77725EAF45127
S315020047A081EAF3414FEAF171C0F82C1026EA7551FD
S315020047B081EA34314FEAB121C0F8341027EA3621B2
S315020047C081EA75714FEAB101C0F83C1023EA37411C
S315020047D081EA36614FEAB141C0F8441024EA3371E6
S315020047E081EA37314FEAB151D0F85830D0F86040FB
S315020047F0D0F86850D0F87060D0F85070C0F84C10FD
S315020048008BEAB35382EA740489EA05058CEAB63662
S3150200481088EA373725EAB42181EA33314FEAF14192
S31502004820C0F8501026EAF55181EA74014FEA317157
S31502004830C0F8581027EA761181EA35714FEAF1512C
S31502004840C0F8601023EA376181EA76714FEAF171A6
S31502004850C0F8681024EAB30181EAB7614FEA7171C0
S31502004860DDF80480D0F89C30D0F87C40D0F8845033
S31502004870D0F88C60D0F89470C0F870108CEAB3232C
S3150200488088EAF4748BEA357582EA361689EA77077E
S3150200489025EAF44181EA33614FEAF161C0F87C10FE
S315020048A026EAB50181EA74514FEA7161C0F88410B3
S315020048B027EA765181EAF5514FEA3111C0F88C1098
S315020048C023EA774181EAB6114FEAF141C0F8941022
S315020048D024EA731181EAB7514FEAB131D0F8B03008
S315020048E0D0F8B840D0F8C050D0F8A060D0F8A87080
S315020048F0C0F89C1082EA736389EAB4448EEA75753D
S3150200490088EAF6668AEAF72725EA346181EA73516C
S315020049104FEA3131C0F8A01026EA750181EA7461C6
S315020049204FEAF121C0F8A81027EA363181EA75313B
S315020049304FEAF171C0F8B01023EAB77181EAB621E5
S315020049404FEA7101C0F8B81024EA737181EAF7617F
S315020049504FEA3111DDF80890D0F80430C468456991
S31502004960C669476AC0F8C01088EA03038BEAB42412
S3150200497082EAF55589EAB6468EEA771726EA75512E
S3150200498081EA34514FEAB151C0F80C1027EA767128
S3150200499081EAB5414FEA7161C0F8141023EA7761E2
S315020049A081EAB651C0F81C1024EAB35181EAF73104
S315020049B04FEAB121C0F8241025EAF4750599CC69AD
S315020049C051F8207F0591FF2F83EAF52384EA03013C
S315020049D0C0F804107EF43AAC06B0BDE8F09F00BF02
S315020049E02DE9F04F82B00090FBF707FCDDF800805E
S315020049F088E8FF0002B0BDE8F08F70472DE9F04F5E
S31502004A0090ED001F90ED043F0024002500260027AC
S31502004A105FF000085FF000095FF0000A5FF0000B2C
S31502004A20A1FE224EB1FE226EC1FE228ED1FE22AE22
S31502004A30A1FE224EB1FE226EC1FE228ED1FE22AE12
S31502004A40A1FE224EB1FE226EC1FE228ED1FE22AE02
S31502004A50A1FE224EB1FE226EC1FE228ED1FE22AEF2
S31502004A60A1FE224EB1FE226EC1FE228ED1FE22AEE2
S31502004A70A1FE224EB1FE226EC1FE228ED1FE22AED2
S31502004A80A1FE224EB1FE226EC1FE228ED1FE22AEC2
S31502004A90A1FE224EB1FE226EC1FE228ED1FE22AEB2
S31502004AA0A1FE224EB1FE226EC1FE228ED1FE22AEA2
S31502004AB0A1FE224EB1FE226EC1FE228ED1FE22AE92
S31502004AC0A1FE224EB1FE226EC1FE228ED1FE22AE82
S31502004AD0A1FE224EB1FE226EC1FE228ED1FE22AE72
S31502004AE0A1FE224EB1FE226EC1FE228ED1FE22AE62
S31502004AF0A1FE224EB1FE226EC1FE228ED1FE22AE52
S31502004B00A1FE224EB1FE226EC1FE228ED1FE22AE41
S31502004B10A1FE224EB1FE226EC1FE228ED1FE22AE31
S31502004B203444444454440462BDE8F08F2DE9F04F06
S31502004B3090ED001F90ED043F00240025A1FE224EB9
S31502004B40A1FE224EA1FE224EA1FE224EA1FE224E21
S31502004B50A1FE224EA1FE224EA1FE224EA1FE224E11
S31502004B60A1FE224EA1FE224EA1FE224EA1FE224E01
S31502004B70A1FE224EA1FE224EA1FE224EA1FE224EF1
S31502004B80A1FE224EA1FE224EA1FE224EA1FE224EE1
S31502004B90A1FE224EA1FE224EA1FE224EA1FE224ED1
S31502004BA0A1FE224EA1FE224EA1FE224EA1FE224EC1
S31502004BB0A1FE224EA1FE224EA1FE224EA1FE224EB1
S31502004BC0A1FE224EA1FE224EA1FE224EA1FE224EA1
S31502004BD0A1FE224EA1FE224EA1FE224EA1FE224E91
S31502004BE0A1FE224EA1FE224EA1FE224EA1FE224E81
S31502004BF0A1FE224EA1FE224EA1FE224EA1FE224E71
S31502004C00A1FE224EA1FE224EA1FE224EA1FE224E60
S31502004C10A1FE224EA1FE224EA1FE224EA1FE224E50
S31502004C20A1FE224EA1FE224EA1FE224EA1FE224E40
S31502004C30A1FE224EA1FE224EA1FE224E0462BDE834
S31502004C40F08F2DE9F04F90ED001F90ED043F90EDAF
S31502004C50085F90ED0C7F90ED101F90ED143F90EDE4
S31502004C60185F90ED1C7F90ED201F90ED243F90ED94
S31502004C70285F90ED2C7F90ED301F90ED343F90ED44
S31502004C80385F90ED3C7F90ED401F90ED443F90EDF4
S31502004C90485F90ED4C7F90ED501F90ED543F90EDA4
S31502004CA0585F90ED5C7F90ED601F90ED643F90ED54
S31502004CB0685F90ED6C7F90ED001F90ED043F90EDE4
S31502004CC0085F90ED0C7F90ED101F90ED143F90ED74
S31502004CD0185F90ED1C7F90ED201F90ED243F90ED24
S31502004CE0285F90ED2C7F90ED301F90ED343F90EDD4
S31502004CF0385F90ED3C7F90ED401F90ED443F90ED84
S31502004D00485F90ED4C7F90ED501F90ED543F90ED33
S31502004D10585F90ED5C7F90ED601F90ED643F90EDE3
S31502004D20685F90ED6C7F90ED001F90ED043F90ED73
S31502004D30085F90ED0C7F90ED101F90ED143F90ED03
S31502004D40185F90ED1C7FBDE8F08F2DE9F04F90EDD6
S31502004D50001F90ED043F21FE024E21FE026E21FE4F
S31502004D60024E21FE026E21FE024E21FE026E21FE3F
S31502004D70024E21FE026E21FE024E21FE026E21FE2F
S31502004D80024E21FE026E21FE024E21FE026E21FE1F
S31502004D90024E21FE026E21FE024E21FE026E21FE0F
S31502004DA0024E21FE026E21FE024E21FE026E21FEFF
S31502004DB0024E21FE026E21FE024E21FE026E21FEEF
S31502004DC0024E21FE026E21FE024E21FE026E21FEDF
S31502004DD0024E21FE026E21FE024E21FE026E21FECF
S31502004DE0024E21FE026E21FE024E21FE026E21FEBF
S31502004DF0024E21FE026E21FE024E21FE026E21FEAF
S31502004E00024E21FE026E21FE024E21FE026E21FE9E
S31502004E10024E21FE026E21FE024E21FE026E21FE8E
S31502004E20024E21FE026E21FE024E21FE026E21FE7E
S31502004E30024E21FE026E21FE024E21FE026E21FE6E
S31502004E40024E21FE026E21FE024E21FE026E21FE5E
S31502004E50024E21FE026E80ED105FBDE8F08F2DE955
S31502004E60F04F0268436800240025002600275FF001
S31502004E7000085FF000095FF0000A5FF0000BE2FB3A
S31502004E806345E2FB6367E2FB6389E2FB63ABE2FB3A
S31502004E906345E2FB6367E2FB6389E2FB63ABE2FB2A
S31502004EA06345E2FB6367E2FB6389E2FB63ABE2FB1A
S31502004EB06345E2FB6367E2FB6389E2FB63ABE2FB0A
S31502004EC06345E2FB6367E2FB6389E2FB63ABE2FBFA
S31502004ED06345E2FB6367E2FB6389E2FB63ABE2FBEA
S31502004EE06345E2FB6367E2FB6389E2FB63ABE2FBDA
S31502004EF06345E2FB6367E2FB6389E2FB63ABE2FBCA
S31502004F006345E2FB6367E2FB6389E2FB63ABE2FBB9
S31502004F106345E2FB6367E2FB6389E2FB63ABE2FBA9
S31502004F206345E2FB6367E2FB6389E2FB63ABE2FB99
S31502004F306345E2FB6367E2FB6389E2FB63ABE2FB89
S31502004F406345E2FB6367E2FB6389E2FB63ABE2FB79
S31502004F506345E2FB6367E2FB6389E2FB63ABE2FB69
S31502004F606345E2FB6367E2FB6389E2FB63ABE2FB59
S31502004F706345E2FB6367E2FB6389E2FB63AB3444AE
S31502004F80444454440462BDE8F08F2DE9F04F90ED9D
S31502004F90001F046990ED083F056B90ED101F046D2C
S31502004FA090ED183F056F90ED201FD0F8904090EDE0
S31502004FB0283FD0F8B05090ED301FD0F8D04090ED99
S31502004FC0383FD0F8F05090ED401FD0F8104190EDE8
S31502004FD0483FD0F8305190ED501FD0F8504190ED37
S31502004FE0583FD0F8705190ED601FD0F8904190ED87
S31502004FF0683FD0F8B05190ED001F046990ED083F6C
S31502005000056B90ED101F046D90ED183F056F90ED46
S31502005010201FD0F8904090ED283FD0F8B05090ED88
S31502005020301FD0F8D04090ED383FD0F8F05090EDD8
S31502005030401FD0F8104190ED483FD0F8305190ED26
S31502005040501FD0F8504190ED583FD0F8705190ED76
S31502005050601FD0F8904190ED683FD0F8B05190EDC6
S31502005060001F046990ED083F056B90ED101F046D5B
S3150200507090ED183F056F2C440464BDE8F08F2DE9CE
S31502005080F04F82B000908C469CE8FF00FBF795F942
S31502005090DDF8008088E8FF0002B0BDE8F08F2DE958
S315020050A0F04F90ED001F90ED043F00240025A0FE76
S315020050B0224EA0FE224EA0FE224EA0FE224EA0FEB0
S315020050C0224EA0FE224EA0FE224EA0FE224EA0FEA0
S315020050D0224EA0FE224EA0FE224EA0FE224EA0FE90
S315020050E0224EA0FE224EA0FE224EA0FE224EA0FE80
S315020050F0224EA0FE224EA0FE224EA0FE224EA0FE70
S31502005100224EA0FE224EA0FE224EA0FE224EA0FE5F
S31502005110224EA0FE224EA0FE224EA0FE224EA0FE4F
S31502005120224EA0FE224EA0FE224EA0FE224EA0FE3F
S31502005130224EA0FE224EA0FE224EA0FE224EA0FE2F
S31502005140224EA0FE224EA0FE224EA0FE224EA0FE1F
S31502005150224EA0FE224EA0FE224EA0FE224EA0FE0F
S31502005160224EA0FE224EA0FE224EA0FE224EA0FEFF
S31502005170224EA0FE224EA0FE224EA0FE224EA0FEEF
S31502005180224EA0FE224EA0FE224EA0FE224EA0FEDF
S31502005190224EA0FE224EA0FE224EA0FE224EA0FECF
S315020051A0224EA0FE224EA0FE224EA0FE224E0462F7
S315020051B0BDE8F08F2DE9F04F2DED108BBDEC108B75
S315020051C02DED108BBDEC108B2DED108BBDEC108BE5
S315020051D02DED108BBDEC108B2DED108BBDEC108BD5
S315020051E02DED108BBDEC108B2DED108BBDEC108BC5
S315020051F02DED108BBDEC108B2DED108BBDEC108BB5
S315020052002DED108BBDEC108B2DED108BBDEC108BA4
S315020052102DED108BBDEC108B2DED108BBDEC108B94
S315020052202DED108BBDEC108B2DED108BBDEC108B84
S315020052302DED108BBDEC108B2DED108BBDEC108B74
S315020052402DED108BBDEC108B2DED108BBDEC108B64
S315020052502DED108BBDEC108B2DED108BBDEC108B54
S315020052602DED108BBDEC108B2DED108BBDEC108B44
S315020052702DED108BBDEC108B2DED108BBDEC108B34
S315020052802DED108BBDEC108B2DED108BBDEC108B24
S315020052902DED108BBDEC108B2DED108BBDEC108B14
S315020052A02DED108BBDEC108B2DED108BBDEC108B04
S315020052B02DED108BBDEC108BBDE8F08F2DE9F04F74
S315020052C02DE9F00FBDE8F00F2DE9F00FBDE8F00F64
S315020052D02DE9F00FBDE8F00F2DE9F00FBDE8F00F54
S315020052E02DE9F00FBDE8F00F2DE9F00FBDE8F00F44
S315020052F02DE9F00FBDE8F00F2DE9F00FBDE8F00F34
S315020053002DE9F00FBDE8F00F2DE9F00FBDE8F00F23
S315020053102DE9F00FBDE8F00F2DE9F00FBDE8F00F13
S315020053202DE9F00FBDE8F00F2DE9F00FBDE8F00F03
S315020053302DE9F00FBDE8F00F2DE9F00FBDE8F00FF3
S315020053402DE9F00FBDE8F00F2DE9F00FBDE8F00FE3
S315020053502DE9F00FBDE8F00F2DE9F00FBDE8F00FD3
S315020053602DE9F00FBDE8F00F2DE9F00FBDE8F00FC3
S315020053702DE9F00FBDE8F00F2DE9F00FBDE8F00FB3
S315020053802DE9F00FBDE8F00F2DE9F00FBDE8F00FA3
S315020053902DE9F00FBDE8F00F2DE9F00FBDE8F00F93
S315020053A02DE9F00FBDE8F00F2DE9F00FBDE8F00F83
S315020053B02DE9F00FBDE8F00F2DE9F00FBDE8F00F73
S315020053C0BDE8F08F2DE9F04F0DA393ED001F93ED8D
S315020053D0043FA1FE024EC0E9004593ED085FA5FE1B
S315020053E0044EC0E9024521FE026E80ED047F21FED5
S315020053F0027E80ED087FBDE8F08F00BFAFF300802C
S31502005400010000000200000003000000040000008A
S315020054100A00000064000000E803000010270000F4
S31502005420FFFFFFFFFFFFFFFFFFFFFFFFFFFFFFFF84
S3150200543070472DE9F04F82B00090FFF7F9FFDDF8D3
S31502005440008088E8FF0002B0BDE8F08F704700BF19
S31502005450100000222DE9F04F2DED108BEB460BF0DC
S315020054600C0CADEB0C0D84B0CDF800C08EB04FF233
S31502005470FF2C5FF824B00C9000F58071FBE8062340
S315020054805BE904455BE902674FF0080E91ED009F68
S3150200549019FE632EAEF1010E19EE625E91ED201F2A
S315020054A011FE63EE91ED049F11EE621E90ED207FD8
S315020054B01FEE4C0E90ED00BF13EE4C4E16EF40E879
S315020054C01FFE65CE1AEF44281FEE64FE1AFF4448FB
S315020054D01DEE4CEE16FF40C81DFE676E12EF4EA87B
S315020054E01DEE66DE12FF4E0817EE4CCEA0EC04BF90
S315020054F014EF4C28A1EC043F14FF4CE881ED1CFF8D
S3150200550019FE632E80ED1C1F0FF03BC019EE62FEE2
S3150200551091ED201F11EE625E90ED20DF11FE630E0B
S3150200552090ED00BF11EE4C4E13EE4CEE1CEF4428EC
S3150200553013FE650E1CFF44C813EE643E1AEF4E6856
S3150200554011EE4C2E1AFF4EE81DFE670E16EF42A80C
S315020055501DEE66DEA0EC04BF11EE4CCE16FF42280D
S3150200556080ED1C3F1EEF4C28A1EC043F1EFF4CE8C9
S3150200557081ED1CFF0C984FF0040E00BFDBE902849C
S31502005580FBE80E2A90ED189F19EE62DE90ED1C3FA5
S3150200559019FE6AEE90ED107F1FEE4CCE90ED089F3D
S315020055A017EE62FE90ED141F17FE6AAE18EF4C4816
S315020055B01BEE4CEE18FF4CA88DED08BF15EE68DE0B
S315020055C090ED009F18FF4E6815FE64AE18EF4EE888
S315020055D01BEE4CCE8DED007F11FE6A4E1EEF4C88FF
S315020055E013EE62BE1EFF4CC813FE6A2E90ED0CFF30
S315020055F013EE4CAE5BE908571EEF4A2811EE621E07
S315020056001EFF4A6815EE4C0E90ED04FF13EE68BEBF
S315020056101EEF404813FE642E1EFF400813EE4CAEEA
S315020056208DED041F14FF4A0811EE653E14EF4AA8D9
S3150200563011FE674E5BE9064A15EE4C2E9DED08FFFC
S315020056401CFF424817EE641E1CEF42C817FE6A6E24
S3150200565080ED0C5F1FFE6A4E5BE902561FEE64FE8A
S315020056605BE904A117EE4C0E9DED047F16FF402860
S3150200567015EE4CEE16EF406817FE610E80ED08DF60
S3150200568013EE65DE5BE90A3917EE6A5E9DED007F71
S3150200569011EE4C4E16EF4E0813FE662E16FF4EE81E
S315020056A013EE4CCE10EF442880ED103F10FF440855
S315020056B080ED141F1BEE635E1EFF4C0880ED1C1F5F
S315020056C01BFE69AE1EEF4CC81BEE4C4E80ED18DF7A
S315020056D018FF440880ED041F18EF44E8A0EC20FFF1
S315020056E00FF0B5C00C994FF0080E00BF91FC013FB8
S315020056F091FC213F91FC413FB1FC613FBBECB0BE46
S3150200570016EF5A09AEF1010E18EF5AC91BEDA8BEE3
S3150200571018FF4AEB1BED909E1FEE4CCE1BED88FE4A
S3150200572016FF4AAB14FF4C681BEE4C0E14EF4CA846
S3150200573016FF4E4B1BED98DE16EF588912FF406896
S3150200574015EE4C8E1BEDA0FE16EF484801ED085FE4
S3150200575016FF484801ED045F12EF400891FC013F35
S315020057601AEF5EE991FC213F1AFF4CAB91FC413FD7
S315020057701BEE4CEEB1FC613F10EF4EC8BBECB0BE67
S3150200578010FF4E0801ED1C1F16EF5A0901ED20DF2E
S315020057900FF047C018EF5AA91BEDA8FE18FF4E8B53
S315020057A01BED88DE19EE4CAE1BED909E16FF4EEBFE
S315020057B014FF4A681FEE4C0E14EF4A4816FF4CAB14
S315020057C012FF40E816EF58C912EF40681BEE4CCEA6
S315020057D01BEDA0BE1EFF4C0801ED041F14EF5AA9D3
S315020057E01BED989E14FF484B1EEF4C0815EE4CAE6F
S315020057F001ED081F16EF4A4801ED105F16FF4A88B1
S3150200580001ED0C9F0EB0DDF800C004B0E544BDEC1E
S31502005810108BBDE8F04F704700000000000000004A
S31502005820080400222DE9F04F2DED108B4FF2FF2CCC
S315020058305FF814B000F58071FBE802234FF0100EFA
S3150200584091ED001F11FE632EAEF1010E11EE62DE26
S3150200585090ED00BF13EE4CCE91ED041F1AFF4CE8FB
S31502005860A1EC04FF1AEF4CE811FE632EA0EC04FF34
S315020058700FF015C011EE621E13EE4C0E90ED003FB6
S3150200588012FF40E8A1EC04FF12EF40E8A0EC04FF8F
S31502005890A0F580704FF00201FBE806235BE90445A0
S315020058A05BE902674FF0040E90ED203F13EE627E35
S315020058B0AEF1010E13FE630E90ED303F13EE62FE63
S315020058C090ED10BF13FE632E90ED00DF13EE4CEE4B
S315020058D090ED243F11EE4C6E1AFF4E0811EE669EB5
S315020058E01CEF464811FE670E1CFF466811EE4C8EF1
S315020058F01AEF4EE81FFE65AE16FF48C81FEE64FE9D
S3150200590016EF48081BEE4CEE80ED30DF14FF4EC852
S3150200591080ED10DF13EE627E80ED201F14EF4EA89D
S31502005920A0EC04BF0FF03BC013FE63EE90ED305FB8
S3150200593015EE62DE90ED103F15FE630E90ED005FF0
S3150200594011EE4CCE1FEE4C6E12EF4CE81FFE658E2A
S3150200595014EF46081FEE64BE14FF464819EE4CAE1D
S3150200596012FF4CC81DFE676E10FF4AE880ED10FF5D
S315020059701DEE66FE10EF4A2817EE4CEEA0EC043F31
S3150200598014FF4EC880ED2CDF14EF4EE880ED1CFFAD
S3150200599000F1C00001397FF47FAFA0F500704FF02F
S315020059A0080EFBE8068A90ED0CFF1FFE6A6E5BE9A5
S315020059B004711FEE683E90ED04FF17EE4C2EAEF119
S315020059C0010E00BF1EEF420811EE677E90ED089FA2
S315020059D019EE68BE1EFF42C819FE6AEE5BE9026452
S315020059E01FEE4CAE90ED00FF11FE618E1EFF4A08BF
S315020059F019EE4C6E1EEF4A281DEE665E12FF4688B1
S31502005A001DFE64CE12EF46681DEE4C4EFBE8068A7A
S31502005A1010FF44C85BE9047110EF44A890ED1C3FE7
S31502005A2013FE6AEE80FC017F13EE683E80FC217F46
S31502005A301FEE4C2E80FC417F90ED14FFA0FC617F8F
S31502005A400FF041C090ED089F19EE687E5BE9029562
S31502005A5019FE6A8E1EFF424819EE4C6E90ED001F2B
S31502005A6015FE658E10FF46A815EE695E10EF4668B4
S31502005A7019EE4C4E1EEF42E81FEE671E1AFF44C88F
S31502005A801FFE618E1AEF44A819EE4C0E16FF4088CF
S31502005A9016EF406880FC017F80FC217F80FC417FFD
S31502005AA0A0FC617FA0F500704FF0080E90ED0CFF90
S31502005AB0BBECB05E1EEF54691BEDA81E1EFF40EB49
S31502005AC090ED043F1FEE4C6EAEF1010E12FF46C87A
S31502005AD090ED08BF1AEF544912EF46681AFF402BA1
S31502005AE01BED909E13EE4C4E90ED003F12EF44A834
S31502005AF01CEF580912FF44481BED889E1CFF488B79
S31502005B001BEDA0FE19EE4C0E1BED983E16FF428BC6
S31502005B1014EF40C816EF5E6914FF40E819EE4C6EAA
S31502005B2090ED1C3F1AEF46889BED881E1AFF46A889
S31502005B30BBECB05E12EF546980FC019F12FF402B52
S31502005B4080FC219F13EE4C6E80FC419F90ED143F2A
S31502005B50A0FC619F0FF047C090ED08DF1CEF54894F
S31502005B6012FF46A81CFF40EB12EF46681FEE4C8E52
S31502005B7090ED003F12EF48C81BEDA0FE12FF480849
S31502005B8016EF5EE91BED983E16FF422B1BED907E4B
S31502005B9013EE4CEE1BED883E1AEF56491CEF4E886B
S31502005BA01AFF422B1CFF4EA813EE4C4E10EF44C8B0
S31502005BB010FF44E880FC019F80FC219F80FC419FEE
S31502005BC0A0FC619FBDEC108BBDE8F04F704700BF93
S31502005BD000080022AFF30080AFF30080AFF300802D
S31502005BE02DE9F04F2DED108B4FF2FF2C5FF820B010
S31502005BF040F2607844F6980942F25F714FF0080E5F
S31502005C0090ED08FF1FEE687E1FFE698EAEF1010E53
S31502005C1019EE4C6E90ED0CFF1FEE689E90ED043F60
S31502005C201FFE69CE90ED001F1DEE4C8E13FE69CE4F
S31502005C3016FF48A813EE68FE16EF48881DEE4CEED6
S31502005C4011EE687E9BED083F11FE694E9BED101F1B
S31502005C5015EE4C6E9BED145F1AEF500916EF4EC807
S31502005C601AFF44AB9BED0C5F1BEE4C0E16FF4EA8C3
S31502005C701AEF52E91CFF48281AFF444B1CEF4888CA
S31502005C8015EE4CEE9BED04DF12FF4CAB1EFF4048B7
S31502005C9014FF4CCBBBEC187F14EF5649A0EC109FB7
S31502005CA01DEE4C4E00ED045F12EF562990ED087F73
S31502005CB01BEE4C2E1EEF40A817FE698E00ED083F24
S31502005CC017EE687E00ED0CBF0FF05FC019EE4C6E4A
S31502005CD090ED0CFF1FEE68DE1FFE692E13EE4CCE12
S31502005CE090ED043F13FE69EE90ED001F13EE689EE1
S31502005CF016FF4CA81FEE4C8E16EF4C2811EE687E4E
S31502005D009BED085F11FE69CE9BED10FF1DEE4C6EFA
S31502005D109BED14DF1AEF5EE916EF48081AFF4CAB4B
S31502005D209BED0CDF1BEE4CEE16FF486816EF54494E
S31502005D3010FF428816FF4C6B10EF420817EE4C4ECE
S31502005D409BED04DF18FF4CAB14FF4E6816FF4C2B7D
S31502005D50BBEC18DF16EF5C69A0EC101F13EE4C6E5D
S31502005D6000ED047F18EF5CC914EF4E6800ED0C7F5E
S31502005D701BEE4CCE00ED08DFA0F500704FF0080ECA
S31502005D8090FC017F90FC217F90FC417FB0FC617FFB
S31502005D90AEF1010E16EF484815EE61EE1AEF4C0809
S31502005DA011EE612EDBE904261AFF4CA81BEE62DE19
S31502005DB096EF52221BFE66AE96EF5EE213EE4C0E95
S31502005DC016FF48881FEE4C4EDBE902751BEE4CCEE1
S31502005DD014EF406819FE652E00ED107F19EE677EFE
S31502005DE014FF40E813EE4C6EFBE8062716FF4C083C
S31502005DF01FFE674E16EF4C281FEE62FE90FC017FD7
S31502005E0015EE4CEE90FC217F13EE614E00ED08FF7D
S31502005E1011FE67EE90FC417F11EE621E96EF544230
S31502005E201FEE4C0EB0FC617F00ED141F15EE4C2EDA
S31502005E3000ED1C3F0FF053C016EF482813EE614EDB
S31502005E401AEF4CE81FEE610E96EF5442DBE9042787
S31502005E5015EE4C2E1AFF4C4815EE62DE96EF5002F6
S31502005E6015FE67AEDBE902591BEE4CCE16FF48481B
S31502005E7015EE65BEFBE8065811EE4CEE15FE696E90
S31502005E8012FF4E8819EE655E19FE680E12EF4E2855
S31502005E9017EE4CAE00ED103F11EE4C4E1AFF4C2899
S31502005EA013FE688E1AEF4CA81BEE61EE00ED085F3A
S31502005EB013EE655E96EF5EE219EE4C4E00ED045F60
S31502005EC01FEE4CAE00ED0CBFA0F500704FF00201C4
S31502005ED0FBE806235BE904455BE902674FF0040E23
S31502005EE090ED001FAEF1010E90ED105F10FF44C859
S31502005EF090ED309F1DFE65AE90ED207F16FF48E8BF
S31502005F001FFE672E10EF44081FEE66FE16EF488846
S31502005F1013EE4CEE10FF482813EE625E10EF48882F
S31502005F201DEE647EA0EC049F1BEE4C6E90ED001FEE
S31502005F3013FE63AE16FF4E2813EE629E16EF4E68F0
S31502005F401BEE4C4E80ED0C7F13FE63EE80ED1C5F64
S31502005F501FEE4C8E80ED2C9F0FF03BC090ED10BFD4
S31502005F6010FF4AE81FFE652E90ED209F1FEE645E2D
S31502005F7090ED30FF18FF4EC81DEE667E10EF4A0800
S31502005F801DFE67AE18EF4EC81BEE4C6E10FF4CA8F6
S31502005F901BFE638E10EF4C0813EE4C4EA0EC041F52
S31502005FA01BEE62FE14FF462813EE621E14EF4668CD
S31502005FB013FE632E80ED0C7F19EE4CEE80ED1CFF76
S31502005FC013EE4C0E80ED2C1F00F1C00001397FF458
S31502005FD07FAFA0F5007000F58071FBE802234FF059
S31502005FE0100E91ED005FAEF1010E00BF90ED00FFC5
S31502005FF01EFF446817FE638E1EEF44E8A0EC04FF02
S3150200600017EE627E91ED045F19EE4C6EA1EC047FF1
S315020060100FF015C090ED00FF1EFF448819EE627E58
S315020060201EEF440819FE638EA0EC041F19EE4C6E97
S31502006030A1EC047FBDEC108BBDE8F04F704700BFAA
S3150200604004B58AB03CCAB1E80144A2FB006BA3FBCB
S31502006050007CE2FB6A7BCDE90067A4FB0086E3FBDA
S315020060606A8BA5FB0097E2FB6E8CE4FB6A9BE5FB61
S315020060706AB7E3FB6E9CE4FB6EBCE5FB6EC7B1E858
S315020060800144E2FB6096E3FB60B6CDE902894FF07C
S315020060900009E4FB60C6E2FB6AB951F8048BE5FB32
S315020060A06067E3FB6AC94FF00000E4FB6A69E5FB3F
S315020060B06A794FF0000AE2FB6ECAE3FB6E6AE4FB02
S315020060C06E7AE5FB6E9A4FF0000EE2FB68E6E3FBA2
S315020060D06876E4FB6896E5FB68A651F81C89E2FB44
S315020060E06870E3FB68900A9AE4FB68A0E5FB6860C7
S315020060F010323CCA51F8048B09904FF00000E2FBC3
S3150200610068B0E3FB68C0E4FB68E0E5FB680751F8AA
S31502006110048BCDF810B04FF0000BE2FB68CBE3FB2B
S3150200612068EBE4FB680BE5FB68B751F8048BCDF826
S3150200613014C04FF0000CE2FB68ECE3FB680CE4FBD6
S3150200614068BCE5FB68AC51F8048BCDF818E04FF05B
S31502006150000EE2FB680EE3FB68BEE4FB68AEE5FBFD
S31502006160686E0790B1E80101E2FB60B9E3FB609A51
S31502006170CDF820B0DDF824B0E2FB6897E4FB60A618
S31502006180E5FB60B6E3FB68A7E4FB68B7E5FB686777
S31502006190B1E80101E2FB60ACE3FB60BCE4FB606CCE
S315020061A0E2FB68BEE3FB686EE5FB607C2623E4FB4C
S315020061B068E79DE80700E5FB687CDDE907454FF0E7
S315020061C00008E3FB6C484FEA480824F0004C48EA12
S315020061D0D478132408FB04F8E3FB6508E3FB69188B
S315020061E0E3FB6A284FF02609DDE90334E9FB6B3845
S315020061F0E9FB6648DDE90556E9FB6E58E9FB676887
S3150200620008EB0C070BB000BD00B585B0A0FB009AE9
S31502006210A0FB01BC1BEB0B0B4FF0000EEEFB6EABB3
S315020062202DE900064FF00008A0FB039AE0FB628C02
S31502006230E1FB629C58EB0808E1FB618B59EB09090B
S31502006240EEFB6E9BCDE902894FF00009E0FB649AF2
S31502006250E1FB639C59EB0909E2FB629BCDF81090C6
S31502006260A0FB0598E1FB649AE2FB639C59EB0909E2
S31502006270EEFB6E9BCDF814904FF00009E1FB65989A
S31502006280E2FB649CE0FB669A59EB0909E3FB639B1C
S31502006290CDF81890A0FB0709E1FB660AE2FB650C44
S315020062A0E3FB6408E1FB6798E2FB669A4041E3FB85
S315020062B065C9E2FB67985CEB0C0CE3FB66A900225E
S315020062C0EEFB6E0BE4FB65A2E3FB6728E4FB66923A
S315020062D05AEB0A0AE4FB64BC59EB0909EEFB6ECAE7
S315020062E00023E5FB65A9E4FB6738E5FB6632E5FBBF
S315020062F06782AEFB0E455B41E6FB674258EB080838
S31502006300EEFB6E93E6FB66386441EEFB6E48524145
S31502006310E7FB67824FF0260652EB0E02E6FB620EA1
S3150200632013254FEA4E0E20F000474EEAD07E0EFBB2
S3150200633005FE03BCE6FB6B0EE6FB6C1E9B46A44603
S315020063403CBCE6FB6A2EE6FB693EE6FB6B4EE6FBD1
S315020063506C5E40BC4FF0260CECFB686E774400BDC9
S31502006360DFF814C0DCF800C0BCF1000F01D1F9F768
S3150200637044BFFFF765BE0000E0120022DFF814C03A
S31502006380DCF800C0BCF1000F01D1FAF716B8FFF72E
S315020063903BBF0000E81200222DE9F04F82B00090C8
S315020063A088469146F9F7CCFEDDF8008088E8FF00C2
S315020063B002B0BDE8F08F2DE9F04F82B0009088461A
S315020063C09146F9F7E9FEDDF8008088E8FF0002B0A1
S315020063D0BDE8F08F2DE9F04FC3B04090DDF800C163
S315020063E00CF12008E146F9F7ABFE0DF1000C8CE842
S315020063F0FF00DDF800C1DCF8802000A9FFF7B0FF3E
S315020064000DF1000C8CE8FF00DDF800C10CF120084C
S31502006410E146F9F7C1FE0DF1200C8CE8FF00DDF82C
S3150200642000C1DCF8842008A9FFF79AFF0DF1200CC1
S315020064308CE8FF00DDF800C1DCF888100CF1600280
S31502006440FFF78EFF0DF1400C8CE8FF00DDF800C16E
S315020064500CF140080CF14009F9F772FE0DF1600CDF
S315020064608CE8FF000DF100080DF12009F9F794FE02
S315020064700DF1800C8CE8FF000DF100080DF12009EA
S31502006480F9F75EFE0DF1A00C8CE8FF000DF1600835
S315020064900DF14009F9F754FE0DF1C00C8CE8FF002E
S315020064A00DF160080DF14009F9F776FE0DF1E00CE9
S315020064B08CE8FF00DDF800C1DCF88CC00DF1C00AE3
S315020064C00DF1E00B8AEA0B0909EA0C098AEA090AC4
S315020064D08BEA090BCDF800A0CDF820B020A9089AC6
S315020064E0FFF73EFFDDF800C18CE8FF0028A9009AFD
S315020064F0FFF736FFDDF800C10CF1200C8CE8FF0037
S3150200650030A938AAFFF72CFFDDF800C10CF1400CC8
S315020065108CE8FF0020A928AAFFF722FFDDF800C1B8
S315020065200CF1600C8CE8FF0043B0BDE8F08F2DE95A
S31502006530F04F82B0009001928C469CE8FF00FFF774
S315020065401DFFDDF804C0BCF1010CCDF804C0F6D184
S31502006550DDF800C08CE8FF0002B0BDE8F08F00BF96
S30D020065605FF800F04995000204
S315020065680080FFFFFF7F0000424242420000000017
S31502006578C0F9FFFF7BC2FFFF13FDFFFF33E3FFFFF7
S31502006588D8FFFFFF76FEFFFF51FDFFFF96E5FFFFEF
S3150200659826040000D528000028010000620B00002E
S315020065A88EFCFFFF16DEFFFF7EFAFFFFC9C9FFFF5B
S315020065B83B0500007C330000C4050000C13800001A
S315020065C87602000039180000C10000006C070000BE
S315020065D8E5FEFFFF1EF5FFFF380000002702000058
S315020065E81D030000A51E0000BFFBFFFF21D6FFFF0B
S315020065F8350500004133000068FAFFFFF1C8FFFFC6
S31502006608E1FDFFFF1FEBFFFF92050000D4360000F5
S315020066182DFBFFFF84D0FFFFBBFFFFFF59FDFFFFE6
S31502006628170200009214000041FEFFFFD0EEFFFFA2
S31502006638500300009B20000039020000E11500000B
S3150200664858FCFFFF03DCFFFF3EFEFFFFB3EEFFFF32
S31502006658D1F9FFFF22C3FFFFB5FAFFFFE6CBFFFF23
S3150200666835030000911F0000210121014B014B0156
S31502006678B4FFB4FFDBF9DBF91D0B1D0BBA0CBA0C20
S3150200668814FD14FD85C385C3110011004702470294
S3150200669865066506EFFBEFFBA700A7006B166B16F0
S315020066A8F13EF13EF9D7F9D7C8FDC8FD58FD58FDA8
S315020066B8D302D3024C044C0429EA29EADBE5DBE5DA
S315020066C8CD1BCD1B4C2A4C2AAD04AD04FFFBFFFBA8
S315020066D8E4FBE4FB06FB06FB062E062E97D897D8A4
S315020066E88DD78DD704CF04CF81058105D0FFD0FF82
S315020066F8F402F402C6FEC6FE2D362D3628FE28FE04
S31502006708111D111DEDF3EDF365FD65FDE900E900C7
S315020067186BFB6BFBE9FEE9FE5BE65BE6F508F50853
S31502006728E6D2E6D246F546F58A028A02B8FAB8FAF7
S31502006738D0FCD0FC78027802FE18FE1804CC04CCF1
S31502006748A0E0A0E04D184D18A6F9A6F9E4FDE4FD6F
S3150200675836FA36FAB505B5057BC17BC13DEB3DEB8D
S3150200676804C704C72D382D3873067306FCF9FCF9DD
S31502006778B803B8037EFD7EFD7B3F7B3FC9C4C9C40F
S315020067889B249B2451E751E730FE30FE210021006D
S31502006798280528057AFA7AFA29EE29EE45014501ED
S315020067A8C132C132A2C9A2C9AB03AB0384FC84FCC1
S315020067B8DD02DD020C010C011B241B24B4DDB4DD51
S315020067C82F1C2F1C4E0A4E0A03FC03FC53FC53FCD7
S315020067D820FC20FC81028102BED8BED8D2DBD2DBE5
S315020067E8DCD9DCD9A518A5180EFC0EFC9B059B0561
S315020067F827032703C401C4012AD92AD92D372D37DD
S31502006808071F071F6111611130063006F4FAF4FA00
S315020068187701770129FB29FBE83CE83C53CE53CEA6
S315020068286B0E6B0E5CD05CD0F9FBF9FB93FF93FF02
S31502006838F4FCF4FC6D066D065CD85CD8CFFBCFFB86
S3150200684802E202E2403F403F9E059E0533FE33FECA
S31502006858FE05FE0561FC61FC4B374B3746EE46EEFC
S31502006868FB3AFB3A5BDC5BDC27042704D4FDD4FD48
S3150200687832FB32FBA1FCA1FCDF28DF289FEA9FEA54
S31502006888B5D0B5D0D1DED1DE3F013F01F502F50222
S315020068983102310221FD21FD440C440C1B1D1B1D36
S315020068A892159215BDE3BDE356FD56FD38FD38FD3A
S315020068B8C905C90588028802C7E5C7E5A0E4A0E4B8
S315020068C8F238F238EA18EA18F3FDF3FD9301930158
S315020068D877047704D6FDD6FDD0EBD0EB7F0F7F0F7A
S315020068E8F32BF32BB3EAB3EA440444040204020486
S315020068F865FB65FB76037603FD29FD297327732756
S31502006908ABD2ABD211221122A9FCA9FC25FF25FF85
S31502006918CB04CB048E038E0320DF20DF94F794F793
S315020069282E2F2E2FFD22FD22B9F9B9F951FA51FA65
S315020069383DFB3DFB7503750336C236C20EC80EC84B
S3150200694821D121D107220722BC04BC04050405046F
S3150200695876FE76FE69FB69FB9A2E9A2E9127912777
S31502006968DAF0DAF0D2D2D2D2C0F9FFFF7BC2FFFF49
S3150200697813FDFFFF33E3FFFF51FDFFFF96E5FFFF20
S315020069887602000039180000D8FFFFFF76FEFFFFE7
S3150200699868FAFFFFF1C8FFFF500300009B200000C2
S315020069A826040000D528000028010000620B00001A
S315020069B88EFCFFFF16DEFFFF7EFAFFFFC9C9FFFF47
S315020069C83B0500007C330000C4050000C138000006
S315020069D8C10000006C070000E5FEFFFF1EF5FFFF81
S315020069E838000000270200001D030000A51E000053
S315020069F8BFFBFFFF21D6FFFF35050000413300002C
S31502006A08E1FDFFFF1FEBFFFF92050000D4360000F1
S31502006A182DFBFFFF84D0FFFFBBFFFFFF59FDFFFFE2
S31502006A28170200009214000041FEFFFFD0EEFFFF9E
S31502006A3839020000E115000058FCFFFF03DCFFFFE6
S31502006A483EFEFFFFB3EEFFFFD1F9FFFF22C3FFFFB2
S31502006A58B5FAFFFFE6CBFFFF35030000911F0000E2
S31502006A68210121014B014B01B4FFB4FFDBF9DBF92C
S31502006A781D0B1D0BBA0CBA0C14FD14FD85C385C378
S31502006A88110011004702470265066506EFFBEFFB98
S31502006A98A700A7006B166B16F13EF13EF9D7F9D798
S31502006AA8C8FDC8FD58FD58FDD302D3024C044C0458
S31502006AB829EA29EADBE5DBE5CD1BCD1B4C2A4C2A64
S31502006AC8AD04AD04FFFBFFFBE4FBE4FB06FB06FBA0
S31502006AD8062E062E97D897D88DD78DD704CF04CFF2
S31502006AE881058105D0FFD0FFF402F402C6FEC6FE78
S31502006AF82D362D3628FE28FE111D111DEDF3EDF358
S31502006B0865FD65FDE900E9006BFB6BFBE9FEE9FE45
S31502006B185BE65BE6F508F508E6D2E6D246F546F503
S31502006B288A028A02B8FAB8FAD0FCD0FC780278024D
S31502006B38FE18FE1804CC04CCA0E0A0E04D184D18AF
S31502006B48A6F9A6F9E4FDE4FD36FA36FAB505B50561
S31502006B587BC17BC13DEB3DEB04C704C72D382D38FD
S31502006B6873067306FCF9FCF9B803B8037EFD7EFDCD
S31502006B787B3F7B3FC9C4C9C49B249B2451E751E789
S31502006B8830FE30FE21002100280528057AFA7AFA15
S31502006B9829EE29EE45014501C132C132A2C9A2C96F
S31502006BA8AB03AB0384FC84FCDD02DD020C010C01A1
S31502006BB81B241B24B4DDB4DD2F1C2F1C4E0A4E0ADF
S31502006BC803FC03FC53FC53FC20FC20FC81028102DB
S31502006BD8BED8BED8D2DBD2DBDCD9DCD9A518A5183B
S31502006BE80EFC0EFC9B059B0527032703C401C40163
S31502006BF82AD92AD92D372D37071F071F6111611187
S31502006C0830063006F4FAF4FA7701770129FB29FBF4
S31502006C18E83CE83C53CE53CE6B0E6B0E5CD05CD090
S31502006C28F9FBF9FB93FF93FFF4FCF4FC6D066D0682
S31502006C385CD85CD8CFFBCFFB02E202E2403F403F82
S31502006C489E059E0533FE33FEFE05FE0561FC61FCCC
S31502006C584B374B3746EE46EEFB3AFB3A5BDC5BDCE0
S31502006C6827042704D4FDD4FD32FB32FBA1FCA1FC88
S31502006C78DF28DF289FEA9FEAB5D0B5D0D1DED1DE7C
S31502006C883F013F01F502F5023102310221FD21FDE4
S31502006C98440C440C1B1D1B1D92159215BDE3BDE346
S31502006CA856FD56FD38FD38FDC905C9058802880214
S31502006CB8C7E5C7E5A0E4A0E4F238F238EA18EA180C
S31502006CC8F3FDF3FD9301930177047704D6FDD6FD10
S31502006CD8D0EBD0EB7F0F7F0FF32BF32BB3EAB3EA9C
S31502006CE8440444040204020465FB65FB7603760346
S31502006CF8FD29FD2973277327ABD2ABD211221122A4
S31502006D08A9FCA9FC25FF25FFCB04CB048E038E0321
S31502006D1820DF20DF94F794F72E2F2E2FFD22FD2257
S31502006D28B9F9B9F951FA51FA3DFB3DFB75037503F9
S31502006D3836C236C20EC80EC821D121D10722072271
S31502006D48BC04BC040504050476FE76FE69FB69FBF1
S31502006D589A2E9A2E91279127DAF0DAF0D2D2D2D247
S31502006D6872FC72FC35FB35FBDB00DB00570357036D
S31502006D7803DD03DDD2D0D2D06C086C08E020E02017
S31502006D88970497048A018A01FBFBFBFB44FB44FB3D
S31502006D982E2D2E2D260F260F6FD86FD866D166D1C7
S31502006DA88BFC8BFCC304C304AF05AF054706470635
S31502006DB8F9DDF9DDDF2EDF2EF237F237CA3DCA3D9D
S31502006DC878FD78FD37FA37FAC802C802AA02AA027B
S31502006DD816E716E70EC70EC7601B601B391A391A63
S31502006DE88AFC8AFC9B049B04FEFBFEFBBCFBBCFBE9
S31502006DF8EFDDEFDD552D552D8DD88DD803D603D66B
S31502006E082A022A0289FB89FB6DFE6DFE0D020D021E
S31502006E184D154D150DD40DD481F081F03014301472
S31502006E289F039F0302FA02FACD01CD0162FA62FAC2
S31502006E38A523A52305C505C5BA11BA11B5C8B5C88E
S31502006E48DF02DF02CFFDCFFD0BFD0BFDC1FEC1FE4A
S31502006E58431C431C6EEA6EEAE5E2E5E2BCF3BCF3C8
S31502006E685F035F03CE04CE042C022C02D9FBD9FBA6
S31502006E782F212F214B2F4B2F6115611521D721D792
S31502006E883CFE3CFED9FCD9FC65FA65FAF203F2032C
S31502006E989FEE9FEEF9E0F9E0D3C8D3C8D626D626E8
S31502006EA893F993F90C030C036D006D0007040704AC
S31502006EB8C0C0C0C0FE1DFE1D31043104A427A4278C
S31502006EC8D704D70489FE89FE0C050C05D0F9D0F93A
S31502006ED8A42FA42F95F195F1AD31AD3118C318C37E
S31502006EE886058605D8FAD8FADFFFDFFFD001D0017A
S31502006EF85E365E363FCD3FCDBBFEBBFED711D71100
S31502006F087FFD7FFDE003E003AD03AD03FD03FD0353
S31502006F185BE75BE7242624262E242E2442274227D3
S31502006F28F4FEF4FE23FD23FD7C037C0355FC55FC8D
S31502006F38B2F5B2F5D1E3D1E34C224C22E5DBE5DB2F
S31502006F4888FD88FD300330034805480576FD76FD41
S31502006F58B3E7B3E7601F601FFC33FC3302E702E7BF
S31502006F688202820248FC48FC040604068DF98DF961
S31502006F78AF18AF1865DB65DB373B373B85C085C085
S31502006F884BFA4BFACA05CA051C021C025A065A06CD
S31502006F98D3C7D3C7FC38FC38C314C314853E853E11
S31502006FA8FA04FA041C041C040104010453FB53FBEF
S31502006FB8FC30FC307328732869276927FAD1FAD17D
S31502006FC8170117019504950417FF17FF9B029B02E9
S31502006FD8BA0ABA0A1A2D1A2D0BF70BF7A519A5190B
S31502006FE83A013A010CFD0CFD300030007FFA7FFAB7
S31502006FF8130C130CEFE2EFE2D801D801D3C9D3C9B7
S31502007008250625064C004C00B5FEB5FEDFFEDFFE62
S315020070187B3C7B3CEC02EC0246F346F3E3F4E3F4F6
S31502007028B4FBB4FB2DFD2DFDA802A80238023802D6
S31502007038B4D5B4D533E433E4251A251AD715D715AA
S31502007048110411049BF99BF9B9FDB9FDEFFFEFFF96
S31502007058072807280FC10FC195E995E959FF59FF76
S315020070682F060000DE3C0000CBFCFFFF6FE0FFFFAF
S315020070784B0500001A340000C7FDFFFF1FEAFFFF99
S31502007088C20100004D110000A8030000FD23000004
S3150200709845000000A7020000BF01000030110000F1
S315020070A8E9FDFFFF6EEBFFFF1F020000E11400007F
S315020070B8D30400007C2F00006EFAFFFF2CC9FFFFE5
S315020070C8E3FCFFFF5BE1FFFFCBFAFFFFBFCCFFFF4D
S315020070D841040000DF2900003FFFFFFF94F8FFFF8D
S315020070E8C8FFFFFFD9FDFFFF1B010000E20A0000EF
S315020070F882050000373600003CFAFFFF3FC7FFFF54
S31502007108C5FAFFFF84CCFFFFDAFBFFFF2BD7FFFF91
S3150200711872030000EA210000D8FEFFFF9EF4FFFF7B
S31502007128280000008A010000B0FCFFFF65DFFFFFB0
S31502007138980500000F370000ED020000CD1C000084
S315020071488AFDFFFFC7E7FFFFAF0200006A1A0000C9
S30D0200715840060000853D00001F
S315020071600348044B834202D0034B03B118477047CE
S31502007170F80B0022F80B002200000000064B07491C
S31502007180C91A891048BF0131491003D0044B0BB10B
S3150200719001481847704700BFF80B0022F80B00227F
S315020071A00000000010B5064C237843B9FFF7D8FF5C
S315020071B0044B13B10448AFF300800123237010BDC2
S315020071C0301000220000000084A2000308B5054B1F
S315020071D01BB105490548AFF30080BDE80840FFF73B
S315020071E0CDBF00BF000000003410002284A20003BD
S315020071F0F0B51A4B1D6865BB06460F461446B446E3
S3150200720002204FF0080E3B685A0802F0553203F08E
S3150200721055331A44831E22FA00F122FA03F303F0CD
S31502007220030301F0030104305B1A0CB9ACF8004009
S31502007230BCF90010BEF1010E0B442CF8023BE9D159
S315020072400835B5F5807F07F1040706F11006D6D199
S31502007250F0BDBDE8F04001F045BC00BF6010002261
S315020072602DE9F0419646ADF6486D02ACA4464FF0C4
S315020072700308DEF80C3005460F461068516892681E
S315020072800026ACE80F00DEF81000DEF81410DEF877
S315020072901820DEF81C30ACE80F00214620462122D9
S315020072A08DF8288002F0C6F900230AA91A4692A888
S315020072B000F0F2FF0AA90DF589600023012200F011
S315020072C0EBFF0AA9002302220DF5C96000F0E4FFD4
S315020072D092A801F0BBFE33460DF6480292A912A807
S315020072E0CDE9004600F036FB12A800F0F1FF424657
S315020072F001230AA912A800F0CFFF12A800F0E6FFA8
S31502007300284612A900F060FF0DF6480292A9012351
S3150200731012A8CDE9004600F0E5FB12A800F0D8FF5E
S31502007320012304220AA912A800F0B6FF12A800F04F
S31502007330CDFF12A905F5C07000F046FF0DF6480212
S3150200734092A9022312A80196009400F0CBFB12A880
S3150200735000F0BEFF012305220AA912A800F09CFF35
S3150200736012A800F0B3FF12A905F5407000F02CFF39
S31502007370384692A901F042FEA446BCE80F00C5F8C1
S315020073808004C5F88414C5F88824C5F88C34BCE892
S315020073900F00C5F89004C5F89414C5F89824C5F8EA
S315020073A09C340DF6486DBDE8F08100BF2DE9F04F23
S315020073B01D460023174601240646ADF5905D83B0AF
S315020073C01A460DF5C1608946294600F065FF00237D
S315020073D0012229460DF6080000F05EFF0023022274
S315020073E029460DF6082000F057FF07F5906A0DF5BD
S315020073F0C16001F02BFE00230DF608420DF5C161B6
S3150200740002A8CDE900A400F0A5FA02A800F060FFE8
S3150200741023460322294602A800F03EFF02A800F0F6
S3150200742059FF0022304602A900F030FDA3465FFA5A
S3150200743084F843460DF608420DF5C16102A8CDE96E
S3150200744000AB00F04FFB02A800F042FF01232946E1
S3150200745008F1030202A800F01FFF02A800F03AFF9B
S315020074602246304602A900F011FD012C01D1022468
S31502007470DDE782AC394602A800F0D2FE0DF60843DB
S3150200748002AA20460DF5C16100F01AFF02A807F50F
S31502007490C07100F0C5FE02AA0DF6086320460DF67D
S315020074A0080100F00FFF07F5407102A800F0B8FED0
S315020074B00DF580530DF6082102AA0DF5C1600833B9
S315020074C0009400F001FF0DF5C16000F001FF0123F9
S315020074D0062229460DF5C16000F0DEFE494602A8E5
S315020074E000F0FEFE0DF5C161084602AA00F0F4FEA8
S315020074F00DF5C16000F0EEFE0DF5C16106F5707086
S3150200750000F008FC0DF5905D03B0BDE8F08F00BFFA
S315020075102DE9F04F1F460023914601258046ADF521
S31502007520905D85B01A468A460DF5C260394600F06E
S31502007530B3FE0023012239460DF5016000F0ACFED0
S315020075400023022239460DF5216000F0A5FE09F559
S31502007550906B0DF5C26001F079FD00230DF54162D5
S315020075600DF5C26104A8CDE900B500F0F3F904A84F
S3150200757000F0AEFE2B460322394604A800F08CFE2C
S3150200758004A800F0A7FE0022404604A900F09EFDD2
S315020075900446C617CDF80CA001215FFA85FA5346B8
S315020075A00DF54162CDE900B104A80DF5C26100F006
S315020075B099FA04A800F08CFE012339460AF1030267
S315020075C004A800F069FE04A800F084FE2A4640469C
S315020075D004A900F07BFD012D44EA000446EAE076A8
S315020075E001D10225D8E784AD494604A8DDF80CA0EE
S315020075F000F016FE0DF5416304AA28460DF5C26198
S3150200760000F05EFE04A809F5C07100F009FE04AAA6
S315020076100DF5616328460DF5016100F053FE09F58B
S31502007620407104A800F0FCFD0DF580530DF52161B3
S3150200763004AA0DF5C2601033009500F045FE0DF563
S31502007640C26000F045FE0123062239460DF5C260EE
S3150200765000F022FE514604A800F042FE0DF5C2617A
S31502007660084604AA00F038FE0DF5C26000F032FEAC
S315020076700DF5C26108F5707000F0C2FC0443644265
S3150200768046EAE07060EB4000C00F0DF5905D05B074
S31502007690BDE8F08F70B515460C460646ADF5006D91
S315020076A00022684600F056FC684600F00FFE2A46A5
S315020076B069460DF5806000F0D7FD2146012280A8BB
S315020076C000F048FC80A800F001FE80A90DF580605C
S315020076D005F5C07200F0CEFD2146022280A800F018
S315020076E039FC80A800F0F2FD0DF5806305F54072C5
S315020076F080A9684600F0C4FD684600F0E9FD80A84E
S3150200770004F5707100F05EFB6A4680A9684600F0D7
S31502007710E5FD684600F0DEFD6946304600F00CFEE7
S315020077200DF5006D70BD00BFF8B50C4606464FF468
S3150200773094671546FFF794FD31463A4604F5906084
S3150200774009F048FE3A46314604F5126001F04CFF54
S315020077502E6A696AAA6AEB6AC4F84069C4F84419CF
S31502007760C4F84829C4F84C392E6B696BAA6BEB6BCB
S31502007770C4F85069C4F85419C4F85829C4F85C39D5
S315020077800020F8BD70B5A0B0EC469E4615460C46E4
S315020077909A68596806461868DB68ACE80F00DEF896
S315020077A01000DEF81410DEF81820DEF81C30ACE803
S315020077B00F00294660464FF4946201F015FF4022FD
S315020077C069460DEB020001F035FF2A46694630464E
S315020077D018ABFFF7EBFD0DF1400CBCE80F00206083
S315020077E06160A260E360BCE80F0020610020616175
S315020077F0A261E36120B070BD70B514460E46A0B01A
S3150200780005466846FFF746FFD4F82009D4F824193E
S31502007810D4F82829D4F82C390DF1200CACE80F0045
S31502007820D4F83009D4F83419D4F83829D4F83C39C4
S31502007830ACE80F0069466046402201F0FBFE69464D
S3150200784018AB04F590623046FFF762FE034604F574
S3150200785014611C463246284601F0DAFCC4F10103E3
S315020078602846202210A9DBB201F0F2FC002020B04B
S3150200787070BD00BF2DE9F04F0F461969ADF56F7D5A
S31502007880039700244FF0040E0F460290D3F800B07F
S31502007890D3F804A0D3F80890D3F80C805E699D69EA
S315020078A0D8690DF1100CF89BCCF800B0002BE3B2AE
S315020078B016BF194611461346BEF1010ECCF804A0B6
S315020078C0CCF80890CCF80C80CCF81070CCF8146088
S315020078D0CCF81850CCF81C008CF821108CF820300B
S315020078E004F101040CF1220CDDD1222426AD0DF1A6
S315020078F07603284604A900930DF1320215AB0194D2
S31502007900039F0AF0A3FB012300263846CDE9003582
S3150200791007F5AA7207F5FF7307F1AA010AF0A8FB99
S31502007920029B3C4607F52A7729461846C82209F0E3
S3150200793051FD034684F8A86084F8A960AA34A742D8
S3150200794003F1C80305F1C805EED10DF56F7DBDE85B
S31502007950F08F00BF2DE9F04F2DED068B2DED04DBE8
S315020079605E4CADF6E41D256880460E4614461F465B
S31502007970DDF8349A002D76D1B9F1000F5AD1B0ADA7
S315020079804A462846DDF8301A01F08EFB2A460121C6
S3150200799006A801F0D9FDDFF848A10DF5BC6B31460A
S315020079A05846CDE90154CDF800A006AB04AA0BF067
S315020079B043FAB9F1000F4ED001233A462846DDF8C4
S315020079C0301A01F071FB2A46012106A801F0BCFD1E
S315020079D004F5007302935846CDE900A506AB04AA46
S315020079E006F500710BF060FAB9F1000F2BD03A469A
S315020079F002232846DDF8301A01F056FB2A460121F9
S31502007A0006A801F0A1FD04F580644046CDF80CB04D
S31502007A100195029406AB04AACDF800A006F5806192
S31502007A200BF05AFA0DF6E41DBDEC04DBBDEC068B39
S31502007A30BDE8F08F2B46B0AD3A462846DDF8301A3F
S31502007A4001F032FBA2E73B4602222846DDF8301A55
S31502007A5001F02AFBD2E73B4601222846DDF8301A1E
S31502007A6001F022FBAFE7B0AD3A462846DDF8303AE0
S31502007A70CDF8009006A9FFF7FDFE0195184D0DF50C
S31502007A80BC673146384606AB04AA029400950BF051
S31502007A90D3F904F500730293E2AB019338460095DD
S31502007AA004AA0DF1C20306F500710BF0FDF90DF5FE
S31502007AB08A6304F58064CDE90134404604AA03973B
S31502007AC000955BAB06F580610BF006FA0DF6E41D38
S31502007AD0BDEC04DBBDEC068BBDE8F08F183300224B
S31502007AE0003501022DE9F04F2DED068B2DED04DB5D
S31502007AF0564CADF6E41D256880460E4614461F46D2
S31502007B00DDF830AADDF8349A002D69D1B9F1000FFB
S31502007B1050D1B0AD4A465146284601F0C5FA2A462A
S31502007B20012106A801F010FD0DF5BC6B3146584641
S31502007B30CDE9005406AB04AA0BF0DEF9B9F1000F49
S31502007B4047D001233A465146284601F0ADFA2A4665
S31502007B50012106A801F0F8FC04F5007301935846CA
S31502007B60009506AB04AA06F500710BF075F9B9F19A
S31502007B70000F27D03A4651460223284601F094FACE
S31502007B802A46012106A801F0DFFC04F5806440467E
S31502007B90CDE90054CDF808B006AB04AA06F580611B
S31502007BA00BF08AF90DF6E41DBDEC04DBBDEC068B89
S31502007BB0BDE8F08F2B46B0AD3A465146284601F055
S31502007BC073FAACE73B4651460222284601F06CFAAC
S31502007BD0D6E73B4601225146284601F065FAB6E74A
S31502007BE0B0AD53463A462846CDF8009006A9FFF7AF
S31502007BF041FE00950DF5BC653146284606AB01945B
S31502007C0004AA0BF079F904F500730193E2AB009331
S31502007C1028460DF1C20304AA06F500710BF01CF901
S31502007C200DF58A6304F5806400934046CDE901456B
S31502007C3004AA5BAB06F580610BF03EF90DF6E41D76
S31502007C40BDEC04DBBDEC068BBDE8F08F18330022D9
S31502007C5038B501230F4A00F00F0C156803FA0CF32E
S31502007C602B430D4913600B6873B10B68012B03D0CC
S31502007C70BDE838400BF010B904460BF009F920466E
S31502007C80BDE838400BF0CCB80449BDE838400BF0EB
S31502007C90BBB800BF581000225C100022003301025C
S31502007CA0F8B50123154A0746146800F00F00834011
S31502007CB02343134913600B6883B14FF48072114E4C
S31502007CC0114DB91E346831F9023F9C42C8BF336078
S31502007CD02C689C42B8BF2B60013AF3D10B4B384655
S31502007CE01B6823B9BDE8F84009490BF0CDB80BF083
S31502007CF097F83846BDE8F8400BF0A2B850100022BB
S31502007D004C1000220400002200000022541000221F
S31502007D10002F01022DE9F043294B83B01C68002C89
S31502007D2049D10D4640F6015C04304FF0080E2A4652
S31502007D304EF001E00DF1FF3132F9026B0CEAE67307
S31502007D4033441BB21B0103F28163C3EB8316C3EBFD
S31502007D50062303EB83031B0F01F8013F0FF015C047
S31502007D609DF801909DF800609DF803809DF8021031
S31502007D709DF805709DF804209DF807E09DF80630F1
S31502007D80083446EA091641EA081142EA071243EAAA
S31502007D900E13B4F5807F00F8046C00F8031C00F89B
S31502007DA0022C00F8013C05F1100500F10400BCD1DB
S31502007DB003B0BDE8F08303B0BDE8F04301F034B888
S31502007DC06010002210B5304B1C68002C58D14FF0C1
S31502007DD0200E0B4640F6015C4EF001E0043313F828
S31502007DE0042C103002F00F020CFB02F208321211C0
S31502007DF0043320F8102C13F8082C12090CFB02F29B
S31502007E000832121120F80E2C13F8072C02F00F027A
S31502007E100CFB02F20832121120F80C2C13F8072C74
S31502007E2012090CFB02F20832121120F80A2C13F87E
S31502007E30062C02F00F020CFB02F20832121120F895
S31502007E40082C13F8062C12090CFB02F20832121146
S31502007E5020F8062C13F8052C02F00F020CFB02F296
S31502007E600832121120F8042C13F8052C12090CFB07
S31502007E7002F20832121120F8022C0FF051C010BD86
S31502007E80BDE8104000F0E4BF601000222DE9F04F7B
S31502007E902E4B83B01D68002D53D1884640F60157FC
S31502007EA040F2816402EB820300EB83162848083114
S31502007EB008F502784FF0040EEC464EF001E0083960
S31502007EC0AB4631F9023B07EAE37999441FFA89FA8C
S31502007ED05AEA8F2B1AEB0402A2FB00924BF1000323
S31502007EE000FB0323C3F309032CF8023B0FF019C06E
S31502007EF00023BDF802C0BDF80090BDF804B0BDF87D
S31502007F0006204FEA8C0E4EEA192E4FEA0B1A69F337
S31502007F1007034AEA9C1A6EF30F234FEA821C0831C2
S31502007F204CEA1B1C92086AF3174332716CF31F6307
S31502007F30884506F1050646F8053CBBD103B0BDE807
S31502007F40F08F03B0BDE8F04F00F05ABF6010002278
S31502007F50B7AF130030B5294B1D68002D49D14FF03C
S31502007F60400E40F6015C4EF001E002EB820301EBAB
S31502007F708312537811781B0203F440730B430CFBF4
S31502007F8003F303F5007308309B0A053220F8083C18
S31502007F9012F8033C12F8041C9B0103F4707343EAC3
S31502007FA091030CFB03F303F500739B0A20F8063CCE
S31502007FB012F8023C12F8031C1B0103F47C7343EA19
S31502007FC011130CFB03F303F500739B0A20F8043C20
S31502007FD012F8013C12F8021C9B0043EA91130CFBB7
S31502007FE003F303F500739B0A20F8023C0FF03FC827
S31502007FF030BDBDE8304000F035BE00BF6010002243
S315020080002DE9F047304B82B01C68002C56D10D4644
S31502008010264640F6015C4FF0080E2A464EF001E075
S315020080200DF1FF3132F9027B0CEAE7733B441BB2D6
S315020080301B0103F28163C3EB8317C3EB072303EB35
S3150200804083031B0F01F8013F0FF015C09DF805A031
S315020080509DF8047081789DF803909DF8023090F89F
S3150200806001E09DF801809DF8002047EA0A1743EADD
S3150200807009134F409DF807909DF8061042EA081230
S3150200808083EA0E0390F8008090F803E041EA0911B2
S3150200809082EA08023B4381EA0E0132430B4308346B
S315020080A01343B4F5807F03F0FF0600F1040005F1E7
S315020080B01005B0D1304602B0BDE8F08702B0BDE887
S315020080C0F04700F0BBBE00BF601000222DE9F04F62
S315020080D03B4B85B01C68002C6CD1A046894640F605
S315020080E0015740F28164464602EB8203DFF8D4C0B0
S315020080F000EB8315083109F502794FF0040E4EF0B4
S3150200810001E002A8083931F9023B07EAE37A9A4408
S315020081101FFA8AF3CDE90036DDE9002352EA8F23FE
S31502008120CDE900231219A2FB0CA2019B43F1000325
S315020081300CFB0323C3F3090320F8023B0FF01DC80F
S31502008140BDF80AE0BDF808B0BDF80CA02A784FEADF
S315020081508E0343EA1B2382EA0B024FEA0A1BBDF88F
S315020081600E0048EA02024BEA9E1B95F8018095F83A
S3150200817002E083EA08038BEA0E0B95F803804FEAC6
S31502008180801E4EEA1A1E8EEA080E95F8048043EA0D
S315020081900B0388EA900043EA0E03083103431343B4
S315020081A0894503F0FF0805F10505A6D1404605B04D
S315020081B0BDE8F08F05B0BDE8F04F00F02BBE00BF62
S315020081C060100022B7AF130070B5144B1D6805BBD3
S315020081D00E46044608460AF08BFE30460AF088FE32
S315020081E04FF0800E20462A464EF001E0B11C36F9C9
S315020081F0225031F92230C5F3072444EA0314C3F3AB
S315020082000B13057044708370013203300FF011C8EE
S3150200821070BDBDE8704000F0A5BC00BF6010002232
S31502008220104B1A68E2B910B54FF0800E0B46844621
S3150200823011464EF001E0841C5A781878120202F4B4
S31502008240706202432CF821209A785878120142EA89
S31502008250101224F82120033301310FF013C810BD88
S3150200826000F0C4BC60100022014B0AF0DDBD00BF65
S3150200827000350102014B0AF02BBE00BF0035010298
S3150200828010B51C4682B0034B00940AF0F5FD02B00D
S3150200829010BD00BF0035010230B594468E46044635
S315020082A01D46A1B0724668466346802100F08CFFE7
S315020082B02A4669462046FEF79BFF21B030BD00BF25
S315020082C00AF0C6BD0AF010BE0AF0B2BDFFF7C0BC86
S315020082D0FFF7E6BC0AF00CBE0AF0CABD0AF090BD72
S315020082E02DE9F843134B1B68FBB90E4699461F4608
S315020082F0A0F102084546002425F8027F327840F2B2
S3150200830081612241284602F0010201340AF0A8FDE9
S31502008310082CF1D109F10809B9F5807F08F1100896
S3150200832006F10106E6D1BDE8F883BDE8F84300F0A0
S3150200833029BE00BF60100022184BD3F800C0BCF162
S31502008340000F28D1F0B50C466546013800264FF0DD
S31502008350080E214632464EF001E000F8015F31F97F
S31502008360023B5B0003F28163C3EB8317C3EB072374
S3150200837003EB8303C3F3007393403343DEB2067009
S3150200838001320FF015C00CF1080CBCF5807F04F128
S315020083901004DBD1F0BD00F099BD00BF60100022D1
S315020083A010B540F6015C40F2816240F2FF334FF0B5
S315020083B0400E124C2DED088BA0EE10CBA8EE104B02
S315020083C0A2EE102BA4EE103B4EF001E0B9EC04AF86
S315020083D0A1EF5A6006EF506126EF4A68AAEF56658A
S315020083E022EF466827FE096E06EF5461A8EC046F79
S315020083F00FF015C0BDEC088B10BD00BFB7AF130060
S31502008400F0B5ADF5017D054668461446FFF7C8FF8F
S315020084104FF0400E6B464EF001E004EB840405EB90
S3150200842084100022B3F802C01E889F88D9884FEABA
S315020084308C0545EA16253C0166F3070244EA9C14BC
S3150200844065F30F224FEA811C4CEA171C890864F374
S31502008450174201716CF31F620530083340F8052C90
S315020084600FF021C80DF5017DF0BD00BF2DE9F04FDB
S31502008470ADF5017D054668461446FFF791FF4FF0BC
S31502008480400E0020EC464EF001E004EB840405EBBE
S315020084908411BCF802A0BCF80040BCF80470BCF819
S315020084A006200B7991F8009091F801B04FEA8A06FE
S315020084B091F8028083EA920389EA040946EA1426BD
S315020084C03C01CD7843EA090386EA0B0644EA9A148C
S315020084D09201334384EA080442EA171223436A40AC
S315020084E013430343D8B205310CF1080C0FF02FC821
S315020084F00DF5017DBDE8F08F10B540F6015C46F63C
S3150200850010020F234FF0400E114C2DED088BA0EEFA
S3150200851010CBA8EE104BA2EE102BA4EE103B4EF0A1
S3150200852001E0B9EC04AFA1EF5A6006EF506126EF05
S315020085304A68A8EF566522EF466827FE096E06EFDF
S315020085405461A8EC046F0FF015C0BDEC088B10BD8A
S31502008550FB3A010010B5ADF5007D04466846FFF70B
S31502008560CBFF4FF0800E6A464EF001E0601E518846
S3150200857032F8043B43EA011300F8013F0FF009C841
S315020085800DF5007D10BD00BF10B5ADF5007D0446AA
S315020085906846FFF7B1FF4FF0800E00206A464EF0A4
S315020085A001E0611EB2F802C032F8043B11F8014F35
S315020085B043EA0C1363401843C0B20FF00DC80DF521
S315020085C0007D10BD10B5ADF5007D04466846FFF787
S315020085D093FF4FF0100E6B464EF001E093FC805E67
S315020085E0B3FCA05E94EF562524EF5241A4EC884ECC
S315020085F00FF00DC00DF5007D10BD00BF10B52DEDBD
S31502008600048BADF5007D04466846FFF775FF002230
S315020086104FF0100E6B46A2EE302B4EF001E093FCAB
S31502008620805EB3FCA05E94EF5685B4FC880E24EF00
S31502008630584104FF504122EF54210FF011C000208F
S31502008640E6FE020F80B2003818BF01200DF5007D4C
S31502008650BDEC048B10BD00BF70B57C4D2DED108BAB
S3150200866095ED009F0125A6EE105B032502EB820223
S31502008670062300EB821040F60152AAEE105B744DFF
S31502008680A4EE102B95ED001F4FF0020CA2EE103B4C
S31502008690B8B020EF466828EF422804248DED185F13
S315020086A0A4EE10CB8DED287F8DED243FA6EE104B68
S315020086B028EF442820EF44488DED2C5F28EF4648EA
S315020086C026EF4068634A4FF0100EAEEE102B8DED8A
S315020086D0347F20EF4A688DED0C9F8DED14BF4EF06E
S315020086E001E08DED101F8DED1C3F8DED205F8DEDB0
S315020086F0307F8DED04FF9DED1C7F9DED203F2031E7
S31502008700A1F1200595EC164F9DED0C1F95EC126F0D
S315020087109DED243F40F2816495EC12EF95EC102F0B
S315020087208DED083FA2EE104B9DED18DF8DED003F5B
S31502008730A1EF542002EF5C2124EF42289DED005F59
S31502008740AAEF522522EF44289DED045F23FE052E53
S31502008750A1EF564004EF5C4126EF44480F239DEDFE
S31502008760007FAAEF5445A0EE103B04AB24EF464827
S3150200877040F2FF3C93ED007FAAEE10CB25FE074E9A
S315020087803F2204EF5A4102EF5A2104EF5001A1EFB2
S315020087905E60A8EE102B06EF5C6102EF5881A4EF33
S315020087A05005BAFF522022EF50212EEF46089DEDCA
S315020087B000FFAAEF500508AD93ED007F20EF4E08AB
S315020087C095ED00FF21FE070EA1EF5E6006EF5C61EC
S315020087D02EEF46689DED00FFAAEF56659DED04DF7C
S315020087E026EF4E6827FE0D6E00EF5A0106EF5A611C
S315020087F09DED10BFA2EF588580EC0A6FB8FF566058
S3150200880026EF58619DED289F80EC086F9DED2C7F29
S3150200881080EC062F9DED147F00EF5661BCFF54409D
S31502008820A6EF566524EF56419DED307F80EC064F4C
S31502008830BEFF50009DED347F80EC060F14300FF022
S31502008840A7C038B0BDEC108B70BD00BF3036010238
S31502008850A0360102B7AF130002EB820200EB8210D0
S315020088600322F0B59C4B2DED108B93ED009FAAEEE3
S31502008870102B01230022A6EE103BA2EE102B40F68F
S3150200888001530624954ED9B096ED001FA4EE103B77
S315020088904FF0020C8DED083FA2EE104B20EF46681A
S315020088A028EF422804258DED385FA4EE10CB8DED1E
S315020088B0487F8DED443FA6EE105B28EF442820EF5B
S315020088C044488DED4C5F28EF464820EF4668844BBE
S315020088D04FF0100EACEE103B8DED547F20EF4A6840
S315020088E08DED2C9F8DED34BF4EF001E08DED301FE6
S315020088F08DED3C3F8DED405F8DED507F8DED00DFC0
S315020089009DED3C5F2031A1F1200696EC146F9DEDA2
S31502008910405F9DED441F96EC142F9DED309F9DED1B
S315020089202C5F9DED48DF96EC14EF96EC104F90FC11
S31502008930080F90FC0C8F06468DED285F8DED241FE7
S315020089409DED4C5F9DED501F8DED209F9DED549F3B
S3150200895090FC04CF0F2290FC004FFF2396FC080FD9
S315020089608DED1CDF8DED141FACEE102BA0EE103B2F
S315020089708DED0CDF8DED041F9DED38DFA1EF560066
S3150200898000EF5C0140F2816526EF4068AAEE105BBB
S31502008990AAEF56659DED001F26EF4A6840F2FF34A6
S315020089A027FE016EA8EE104B4FF03F0C06EF586102
S315020089B08DED185FA4EE10CB06EF5441A2EF54459D
S315020089C08DED105FA1EF524004EF5C4122EF444867
S315020089D0AAEF544524EF4A4825FE014E9DED0C3F71
S315020089E004EF5841A1EF5E0004EF522100EF5C0153
S315020089F0A4EF5225BAFF56602EEF400826EF5261C9
S31502008A009DED043FAAEF500506EF52619DED1C3F16
S31502008A1020EF4A0802FF56619DED003F9DED28FFBB
S31502008A2021FE030EA1EF5E2002EF5C212EEF42280B
S31502008A30AAEF522522EF4A289DED00BF23FE0B2EF8
S31502008A4000EF580102EF58219DED049F9DED24BFD2
S31502008A5000EF58819DED10DFB8FF50000AFF5881E4
S31502008A609DED08FF9DED20BF20EF5C012EEF5881A2
S31502008A700AFF50019DED34BF28EF508128EF568141
S31502008A8002EF5A61BCFF5440A6EF566524EF5641E9
S31502008A909DED047F04EF56419DED187FBEFF5220E7
S31502008AA006FF54419DED141F28EF548100FF522109
S31502008AB028EF526114AE0CAA8DED087F14300FF028
S31502008AC0E1C80020EAFE060F003818BF012059B09F
S31502008AD0BDEC108BF0BD00BF30360102A03601029C
S31502008AE0B7AF130000B54FF0030C4FF0550E2DED46
S31502008AF0108B1023A8EE30EBA4EE30CB91FD806EE6
S31502008B0006EF58A19FFF566006EF586116EF4A68B6
S31502008B109EFF56C006EF54A10CEF54C11AFF4CA893
S31502008B209CFF56C09AFF56600CEF54C106EF546183
S31502008B3008311CFF46683AB190FC80DE90FCA0DE4C
S31502008B401AEF4CA816EF4E682AEF5A0126EF562165
S31502008B50013B80FC801EA0FCA01ECFD1BDEC108B79
S31502008B605DF804FB38B50D462DED108B044608461C
S31502008B700AF0BEF928460AF0BBF940F6FF724FF03A
S31502008B80200E1649164B91ED00BF93ED009F154935
S31502008B90154B91ED001FA2EE103B28462346A4EE8C
S31502008BA0102B4EF001E0B0EC047FBCFF56C006EF7E
S31502008BB054610CEF52C126EF5C61B8FF56E0B0FF7C
S31502008BC056C083EC0A6F83EC08EF83EC00CF0C33BC
S31502008BD00FF017C8BDEC108B38BD00BFD0360102AE
S31502008BE0C0360102B036010200F0FF0010B540F6B1
S31502008BF0FF734FF0200E184A184C92ED001F184AC8
S31502008C002DED0C8B92ED003F94ED009FA4EE103BF0
S31502008C104EF001E00B4691FC00AF93FC02CFA8EFA9
S31502008C205AA5B0EF5CC591FC086F2AEF5CA126EF4E
S31502008C305A61B4FF56A00AEF54A106EF5461B0EF91
S31502008C405AA526EF5A610C31A0EC047F0FF01FC023
S31502008C50BDEC0C8B10BD00BFC0360102D03601023E
S31502008C60B03601022DE9F0475F4B2DED108B93EDE7
S31502008C70007F5E4BACB093ED005F06238DED005F87
S31502008C80A4EE103B002626EF44488DED285FA4EEA5
S31502008C90106B022526EF44488DED1C5FA4EE105B97
S31502008CA0042426EF44488DED205FA4EE104B26EFF8
S31502008CB04468DFF840A18DED247F9AED007FDFF84E
S31502008CC0389102EB82028DED047F01EB821199ED60
S31502008CD0007F0F22DFF82481A2EE102B03238DEDF5
S31502008CE0087F98ED007F424F8DED143F4FF03F0C09
S31502008CF0A2EE103B4FF400724FF0100E8DED0C7F7A
S31502008D0097ED007F8DED183F40F601534EF001E0DE
S31502008D108DED107FAEEE10CBA8EE102B9DED047FED
S31502008D209DED0C3F91FC064F9DED00BF9DED087F2A
S31502008D309DED10DF0A4691FC060F91FC026F91FC35
S31502008D400A2F92FC0CAF9DED18DF04EF5CC1A8EF71
S31502008D505CC522EF5C2123EE633E28EF42289DED9F
S31502008D601CDFB6FF522080EC1C2F9DED143F00EF56
S31502008D705221BEFF5440A6EF522524EF524125EE62
S31502008D80635E28EF44489DED203FB6FF544080ECD9
S31502008D90124F06EF5E41BCFF5000A4EF544520EF90
S31502008DA05441A2EF5AA5BAFF566025EE635E26EF3E
S31502008DB05A6128EF444827EE637EB6FF54409DED84
S31502008DC0243F28EF466880EC124FB6FF56609DEDB1
S31502008DD0285F143180EC146F20300FF061C82CB07C
S31502008DE0BDEC108BBDE8F08730360102A0360102D9
S31502008DF060360102903601028036010270360102A7
S31502008E00034B1B68022B01D0FFF7FABAFFF724BC0B
S31502008E1060100022034B1B68022B01D0FFF726BB12
S31502008E20FFF71ABD60100022034B1B68022B01D00C
S31502008E30FFF790BBFFF7C6BB60100022034B1B680F
S31502008E40022B01D0FFF7A0BBFFF7D8BB60100022B0
S31502008E5000B54FF00F0C08224FF0200E184B2DEDE7
S31502008E600C8B93ED00BF174BA2EE10CB93ED009F38
S31502008E70154BA4EE102B93ED001F4EF001E040F6C9
S31502008E8001530A4692FC006F06EF52C1BCFF5660C0
S31502008E902DEE63DE27EE637E24EF4CC824EF466890
S31502008EA0BCFF5CC0BCFF566080EC1ACF043180EC7C
S31502008EB0186F10300FF01BC8BDEC0C8B5DF804FB6D
S31502008EC050360102403601022036010240F60153B5
S31502008ED010B52DED108BACEE103B274B46F6100C61
S31502008EE0A8EE103B254B01224FF0200E93ED007F9A
S31502008EF0234C84B094ED00FFAAEE10CB4EF001E0B5
S31502008F00A0EE102B8DED007F01380B46BBEC042F33
S31502008F10A1EF526006EF5C6126EF4268A5EF566547
S31502008F202AEF466827FE096E06EF50619BED004F59
S31502008F3026EF5E69F9FE062FA1EF546006EF5C612B
S31502008F4026EF4468A5EF56652AEF466827FE096EA6
S31502008F509DED005F06EF506126EF5469F9FE06CFDC
S31502008F6002EB0C03103100F8013F0FF033C004B0DE
S31502008F70BDEC108B10BD00BFFB3A010000360102AA
S31502008F801036010210B540F2816200234FF0200E26
S31502008F90184C2DED088B94ED00BF174CA2EE102B4A
S31502008FA094ED009FA4EE103B4EF001E0013911F85A
S31502008FB0012F0346A6EE102B06EF5A0106EF586163
S31502008FC021FE840FFDEE10CA27FE840FFDEE102A45
S31502008FD0EDEE10CA33FE050FEDEE102AABEC040FD0
S31502008FE033FE056F10308BED006F0FF021C0BDEC24
S31502008FF0088B10BD103601020036010238B5044650
S315020090000D46FFF7E1F805F5007104F5C070FFF7AC
S31502009010DBF805F5806104F54070BDE83840FFF7DE
S31502009020D3B800BF38B504460D46FFF7F9F805F583
S31502009030C07104F50070FFF7F3F805F5407104F509
S315020090408060BDE83840FFF7EBB800BF10B50446B4
S31502009050FFF73CF904F50070FFF738F904F5806074
S31502009060BDE81040FFF732B9014B1860704700BFE8
S315020090700800002299B100B541F001E0094A013821
S31502009080136883EA433383EA534383EA431300F8BC
S31502009090013F0FF00BC0136000205DF804FB0020B7
S315020090A0704700BF080000222DE9F047414C0546F3
S315020090B0266891460C4698468AB0002E62D03E4EED
S315020090C0B1EC047F3346B3EC041F91ED005F93EDE0
S315020090D0003F06FF506104FF524126EF546116EE2F
S315020090E0103A36EE101B354F0B433A680DF1040A5F
S315020090F0002A08BF43F0010317EE102B134337EE85
S31502009100102B134319D14FF0190E4EF001E02C4CDF
S31502009110A5F10801F4E90267E1E902670FF007C069
S3150200912002232022514628468DF804908DF80580A8
S3150200913009F072FE0AB0BDE8F087D4464FF0000E81
S3150200914020686168A268E368043EACE80F00206903
S315020091506169A269E369043CACE80F002222514628
S315020091601848ADF824E000F0DBF94FF0080E4EF097
S3150200917001E054F8043F46F8043F0FF007C001230C
S315020091803B60C0E70868A268E368496801AE0FC69B
S3150200919020696169A269E3690FC62222284601A9EC
S315020091A08DF824908DF8258000F0BAF90AB0BDE852
S315020091B0F08700BF501100226810002264100022BE
S315020091C0801000228810002270B5964605460E468B
S315020091D01C468AB010685168DEF80C3092680DF1B0
S315020091E0040CACE80F00DEF81000DEF81410DEF80E
S315020091F01820DEF81C30ACE80F0021233146284641
S3150200920001AA8DF8244000F0CDF90AB070BD00BF66
S3150200921070B50E4615460446B4B0684600F03AF9F3
S3150200922031466846202200F041F929464FF4886209
S31502009230684600F03BF9684600F03EF96A4620218E
S31502009240204600F067F9684600F068F934B070BD50
S31502009250AAB100B542F001E05B42DBB20139013846
S3150200926010F801CF11F8012F8CEA02021A408CEA9B
S31502009270020C80F800C00FF00DC85DF804FB7047C1
S3150200928030B54D1E83B08DF80720D0E93223002B6E
S3150200929008BFAA42044615D001230DF1070109F0C1
S315020092A0BBFD4FF0800C01232A4620460DF1070133
S315020092B08DF807C009F0B0FD00220023C4E932236D
S315020092C003B030BD9DF80750012365F07F050DF10F
S315020092D007018DF8075009F09FFDEDE72DE9F047EC
S315020092E01D4688469146D0E93223A91843F1000368
S315020092F0414573F10003044624D300260027DFF814
S3150200930060A04946A8EB0203204609F085FDD4F881
S31502009310C830DAF80020A3EB08010132A8EB0303F8
S315020093200D442046C4E932679944CAF8002009F080
S315020093308BFDD4E93223A91843F10003414573F1A9
S315020093400003DED22B464946204609F065FDD4E9E4
S3150200935032325B1942F10002C4E93232BDE8F087CB
S31502009360541100228B422DE9F8430C461E468046D4
S31502009370174613D3DFF87890394623460022404633
S3150200938009F04AFDD9F8005040460135361BC9F8A6
S31502009390005009F059FDB4422744EDD9013C86B983
S315020093A080253246404608A9012309F035FD0123EE
S315020093B02246404608A98DF8205009F02DFDBDE849
S315020093C0F883334600223946404609F025FDB44269
S315020093D0E6D19DF82040012364F07F0432464046E0
S315020093E008A98DF8204009F017FDBDE8F88300BFF3
S315020093F0541100222DE9F0474FF0000AD2E9324912
S31502009400A14215469846A3EB04027AEB09030E46DF
S3150200941007460DD20B460146284609F051FDD5E90D
S3150200942032329B1B62F10002C5E93232BDE8F08797
S3150200943023460146284609F043FDD5F8C83027449D
S315020094401B1BC5F8C830D5F8CC3063EB0903361BB5
S31502009450C5F8CC30EAD0DFF83890D9F80020284693
S315020094600132C9F8002009F0EFFCB045444628BF96
S315020094703446394623460022284609F021FDA8EB48
S315020094800403361BC5E9323A2744E6D1BDE8F08724
S3150200949054110022C82210B50021044607F0DCFF51
S315020094A000220023C4E9322310BD00BF8C461346B6
S315020094B088216246FFF712BF1F2310B582B0D0E99A
S315020094C032218DF80730A2F187030B43044615D0EB
S315020094D001230DF1070109F09FFC4FF0800C0123D7
S315020094E0872220460DF107018DF807C009F094FC8A
S315020094F000220023C4E9322302B010BD4FF09F0CB4
S31502009500012387220DF107018DF807C009F084FCBB
S31502009510EEE700BF8823FFF76DBF00BF704700BFAD
S31502009520F0B50D46164604461F2783B0C822002111
S3150200953007F092FFA82133462A4620460097FFF7F6
S3150200954011FF03B0F0BD00BF31B32DE9F04105466E
S315020095500C461646114FDFF8488008E029461522C8
S31502009560304605F0DDFC013C05F1A80512D03B684A
S31502009570304601333B6009F067FCD8F80020002A28
S31502009580ECD12946A823304609F09AFC013C05F1A4
S31502009590A805ECD1BDE8F081704700BF5411002246
S315020095A0E4120022F0B5B5B004460D461646002177
S315020095B0C82268461F4607F04FFF0022002368466E
S315020095C0CDE9322388213B463246FFF787FE6846BD
S315020095D01F228821FFF754FE88236A462946204621
S315020095E0FFF708FF35B0F0BD2DE970430D4616466C
S315020095F04FF000084FF000090446B4B0C82200211B
S31502009600684607F029FF33462A4668468821CDE98F
S315020096103289FFF763FE684606228821FFF730FE8D
S31502009620882320216A462046FFF7E4FE34B0BDE8CF
S31502009630708300BF2DE970430D4616464FF00008B1
S315020096404FF000090446B4B0C8220021684607F06C
S3150200965003FF33462A4668464821CDE93289FFF799
S315020096603DFE684606224821FFF70AFE48234021AE
S315020096706A462046FFF7BEFE34B0BDE8708300BFDF
S315020096802DE9F84FA4B04FF0260C96465368176A98
S315020096909468D2680CFB02F615900A92DEF8100066
S315020096A08A691E960292DEF8146000EBC00200EB95
S315020096B04208CDF86080DEF81C200CFB06F80D96F9
S315020096C00E691B9704960F6A16464D6A1497DEF8C2
S315020096D0187019953A462546CDF874800CFB06F8A3
S315020096E007EBC70704EBC40402EB470A0B9505EB2D
S315020096F0440410930CFB03F51390CB6948691C9242
S315020097001296CDF85880CF68DEF8242006978F6827
S315020097100CFB02FC0597DEF800701A924A6808975D
S315020097201B9F01920A680A99CDF844C007EBC70C41
S3150200973007EB4C0C01EBC10E149F01EB4E0ECDF85C
S3150200974024C0AEFB07EC1999189EE1FB04ECA4FBBE
S3150200975007411893E6FB03EC199B059FE3FB0541C2
S31502009760A046189B1E9D029CE5FB0381E6FB048135
S315020097701D9C049DE4FB0081EAFB0581169C18965C
S31502009780069EE4FB0681099E019CE6FB0781119E6B
S31502009790E6FB0481089E029CE6FB02810D9E0F9168
S315020097A006EBC60106EB4101E1FB04EC129CEAFB67
S315020097B000ECCDF8388028F07C48CDF8848004EBA4
S315020097C0C40804EB4808E8FB05EC069E099D1F90B9
S315020097D0E5FB06ECDDE90E6756EA9F6740461A9DF1
S315020097E0CDE90E6705EBC508059F05EB4808E8FBC2
S315020097F007EC089C019D0C92E5FB04EC109D0E9C67
S31502009800E5FB02EC6A00149F17920F9A1EEB040402
S3150200981046464CEB0209A046DDE9182524F07E4CAB
S31502009820A7FB0141E5FB02410246EAFB0341209008
S315020098300298CDF888C0E2FB00411F98099A1F964C
S31502009840E2FB00413246049E58EA5F69E2FB0641AA
S31502009850069E089AE6FB0241109E059AE2FB064125
S315020098600B9E019AE2FB0641A4460C9A0A9C049EB0
S31502009870E4FB02C1189CCDF88CC0A4FB07EC1E9C2D
S31502009880169AE5FB04EC1D9C059FE4FB03EC029C87
S31502009890EAFB04ECE2FB00EC099AE2FB06EC069E0C
S315020098A0119AE2FB06EC089AE7FB02EC179A019F73
S315020098B0E7FB02ECDDE90B72E7FB02EC1EEB080E9E
S315020098C04CEB0902CDF838E00F920A9ADDE90E89CF
S315020098D058EA9F692EF07C4C5200CDF878C0199256
S315020098E0209A149FCDE90E89A7FB02ECE5FB0AEC50
S315020098F0099AE2FB03EC1F9AE2FB04EC089A049C29
S31502009900E0FB02EC109AE4FB02EC0B9C019AE6FBEC
S3150200991004EC0A9C059EE6FB04EC4446239E34199D
S31502009920A0460F9E24F07E4441EB0609139958EA9D
S315020099305F69E2FB01ECDDE90C16E6FB01EC159A28
S31502009940CDF838E0AAFB07E1D4601D9C099AE5FB35
S3150200995004E1169C119EE4FB03E1029CE2FB04E196
S31502009960E6FB00E1089A049EE6FB02E1069E179AD0
S31502009970E6FB02E1059E0B9AE6FB02E1019A199EBD
S31502009980E2FB06E1139E0C9AE6FB02E11EEB080ED1
S3150200999041EB0901CDF808E00391DDE9028958EAB5
S315020099A09F691F9E159A2EF07C41A7FB06AE116198
S315020099B0099A109EE5FB02AE089A0294E3FB02AEF8
S315020099C0E4FB06AE0B9C049EE0FB04AE0A9C059AE1
S315020099D0E6FB04AE069E139C0D99E6FB04AE4446D6
S315020099E00E9E490034190D9E0E94E2FB06AE159AA0
S315020099F024F07E4454611C9C019A4CEB090CE2FB58
S31502009A0004AE129C0C9ACDF83CC0E4FB02AEDDE932
S31502009A100E89CDF850A0099A58EA5F69A2FB074C55
S31502009A20169A1893E5FB024C119A049EE2FB034C2C
S31502009A30029B089ACDE90E89E3FB024C179B059A15
S31502009A40E0FB034C0B9BE6FB034C069E199BE6FBD5
S31502009A50034C139BE2FB034C019B0C9AE3FB014C68
S31502009A601C9BE3FB024C14EB08080F9CCDF81880F4
S31502009A704CEB04040794DDE9062352EA9F63CDE921
S31502009A800623159B109A28F07C48C3F81880129B6F
S31502009A90A7FB02C84FEA4309089B119AE5FB03C8D4
S31502009AA0A7FB033AE5FB023ADDE917240B9DE4FB2B
S31502009AB0023AE4FB05C8029C059AE4FB053A0A9DB4
S31502009AC0E4FB05C8199D139CE0FB053AE0FB04C8BC
S31502009AD004981A9DE0FB043A0D9CE6FB013AE0FB72
S31502009AE004C81C98129CE6FB00C8E2FB003AE2FBA3
S31502009AF004C81B98019A149EE2FB093AE2FB00C8CD
S31502009B000C9AE0FB023AE2FB05C8069A079DB418D6
S31502009B10224619464EEB050352EA5F6315988918E9
S31502009B2024F07E44C4610C464AEB030554EA9F6561
S31502009B301CEB040C624648EB050352EA5F631446CB
S31502009B401D4654EACF0521F07C4101622CF07E418C
S31502009B504162A11845EB030449186441891844EB94
S31502009B600304219BC9180A4644F1000352EA9F6383
S31502009B7021F07C41016022998B181E9923F07E42C6
S31502009B8001EB5363C0E9012324B0BDE8F88F00BF9F
S31502009B902DE9F84FA4B007B443F2143BC2F2002BEE
S31502009BA0DBF800B00BF5FE7B01A309E0AFF3008002
S31502009BB00000000004000000080000000C00000085
S31502009BC093ED00FF43F21433C2F200231B6803F243
S31502009BD0F4532FEE43EF07BC4FF0260C1BED7F1F0D
S31502009BE0964653681BED6B3F176A9468D26800FF6E
S31502009BF052010CFB02F615900A921BED573FDEF856
S31502009C0010008A691E9600FF52010292DEF8146065
S31502009C1000EBC0021BED433F00EB4208CDF860802B
S31502009C20DEF81C2000FF52010CFB06F80D960E69A9
S31502009C301BED2F3F1B97049600FF52010F6A164633
S31502009C404D6A8EFD2F1E1497DEF8187019951BEDBE
S31502009C507B1F3A462546CDF874801BED673F0CFB09
S31502009C6006F807EBC70704EBC40400FF520102EB38
S31502009C70470A0B9505EB44041BED533F10930CFB6F
S31502009C8003F5139000FF5201CB6948691C921BED44
S31502009C903F3F1296CDF8588000FF5201CF68DEF89A
S31502009CA0242006971BED2B3F8F680CFB02FC0597C1
S31502009CB000FF5201DEF800701A924A688EFD331ECA
S31502009CC008971B9F01921BED771F0A680A99CDF828
S31502009CD044C01BED633F07EBC70C07EB4C0C01EBD3
S31502009CE0C10E00FF5201149F01EB4E0E1BED4F3FBA
S31502009CF0CDF824C0AEFB07EC199900FF5201189E5D
S31502009D00E1FB04ECA4FB07411BED3B3F1893E6FB8A
S31502009D1003EC199B00FF5201059FE3FB0541A04698
S31502009D201BED273F189B1E9D029C00FF5201E5FB7F
S31502009D300381E6FB04811D9C8EFD371E049DE4FB18
S31502009D400081EAFB05811BED731F169C18961BED1D
S31502009D505F3F069EE4FB0681099E00FF5201019CBD
S31502009D60E6FB0781119E1BED4B3FE6FB0481089E35
S31502009D70029C00FF5201E6FB02810D9E0F911BED34
S31502009D80373F06EBC60106EB4101E1FB04EC00FF9F
S31502009D905201129CEAFB00ECCDF838801BED233F02
S31502009DA028F07C48CDF8848004EBC40800FF5201F9
S31502009DB004EB4808E8FB05EC8EFD3B1E069E099D5A
S31502009DC01F901BED6F1FE5FB06ECDDE90E6756EAF9
S31502009DD09F671BED5B3F40461A9DCDE90E6700FF6C
S31502009DE0520105EBC508059F05EB48081BED473FE9
S31502009DF0E8FB07EC089C019D00FF52010C92E5FB73
S31502009E0004EC109D1BED333F0E9CE5FB02EC00FFBC
S31502009E1052016A00149F17921BED1F3F0F9A1EEB09
S31502009E200404464600FF52014CEB0209A046DDE956
S31502009E3018258EFD3F1E24F07E4CA7FB0141E5FB53
S31502009E4002419BED011F0246EAFB034120909BED76
S31502009E50153F0298CDF888C0E2FB004100FF52018F
S31502009E601F98099A1F969BED293FE2FB0041324655
S31502009E7000FF5201049E58EA5F69E2FB06419BED30
S31502009E803D3F069E089AE6FB024100FF5201109EE4
S31502009E90059AE2FB06419BED513F0B9E019AE2FBBE
S31502009EA0064100FF5201A4460C9A0A9C8EFD431EEF
S31502009EB0049EE4FB02C1189C9BED051FCDF88CC0E5
S31502009EC0A4FB07EC1E9C9BED193F169AE5FB04ECDE
S31502009ED000FF52011D9C059FE4FB03EC9BED2D3F09
S31502009EE0029CEAFB04ECE2FB00EC00FF5201099A39
S31502009EF0E2FB06EC069E9BED413F119AE2FB06EC65
S31502009F00089A00FF5201E7FB02EC179A019F9BEDAC
S31502009F10553FE7FB02ECDDE90B72E7FB02EC00FFC3
S31502009F2052011EEB080E4CEB09028EFD471ECDF8C0
S31502009F3038E00F920A9A9BED091FDDE90E8958EA6D
S31502009F409F692EF07C4C9BED1D3F5200CDF878C0E8
S31502009F50199200FF5201209A149FCDE90E899BEDBA
S31502009F60313FA7FB02ECE5FB0AEC099A00FF52011E
S31502009F70E2FB03EC1F9AE2FB04EC9BED453F089AD9
S31502009F80049CE0FB02EC00FF5201109AE4FB02EC97
S31502009F909BED593F0B9C019AE6FB04EC00FF520134
S31502009FA00A9C059EE6FB04EC8EFD4B1E4446239E50
S31502009FB034199BED0D1FA0460F9E24F07E449BEDA7
S31502009FC0213F41EB0609139958EA5F6900FF5201E6
S31502009FD0E2FB01ECDDE90C16E6FB01EC9BED353FFD
S31502009FE0159ACDF838E0AAFB07E100FF5201D460CA
S31502009FF01D9C9BED493F099AE5FB04E1169C00FF77
S3150200A0005201119EE4FB03E1029C9BED5D3FE2FBE4
S3150200A01004E1E6FB00E1089A00FF5201049EE6FB1A
S3150200A02002E1069E8EFD4F1E179AE6FB02E1059E91
S3150200A0309BED111F0B9AE6FB02E1019A9BED253F70
S3150200A040199EE2FB06E100FF5201139E0C9AE6FB03
S3150200A05002E19BED393F1EEB080E41EB0901CDF8FB
S3150200A06008E000FF52010391DDE9028958EA9F697F
S3150200A0709BED4D3F1F9E159A2EF07C4100FF52012B
S3150200A080A7FB06AE1161099A9BED613F109EE5FBA7
S3150200A09002AE089A00FF52010294E3FB02AEE4FB11
S3150200A0A006AE8EFD531E0B9C049E9EFD471EE0FBD4
S3150200A0B004AE0A9C059AA1EF5025E6FB04AE069E65
S3150200A0C0139CA1FF50240D99E6FB04AE44469EFD67
S3150200A0D03F5E0E9E4900341902FF54210D9E0E94D6
S3150200A0E0E2FB06AE8EFD573E159A24F07E4454617D
S3150200A0F09EFD331E1C9C019A4CEB090C9EFD535E81
S3150200A100E2FB04AE129C00FF54010C9ACDF83CC04F
S3150200A110E4FB02AE8EFD6B1EDDE90E89CDF850A082
S3150200A120099A9EFD4B1E58EA5F69A2FB074C169AD6
S3150200A130A1EF50251893E5FB024C119AA1FF50247A
S3150200A140049EE2FB034C029B9EFD2F5E089ACDE91C
S3150200A1500E89E3FB024C02FF5421179B059A8EFDE2
S3150200A1605B3EE0FB034C0B9BE6FB034C9EFD371E5E
S3150200A170069E199BE6FB034C9EFD435E139BE2FB88
S3150200A180034C019B00FF54010C9AE3FB014C1C9B00
S3150200A1908EFD6F1EE3FB024C14EB08080F9C9EFD1E
S3150200A1A04F1ECDF818804CEB04040794A1EF5025FE
S3150200A1B0DDE9062352EA9F63CDE90623A1FF502477
S3150200A1C0159B109A9EFD335E28F07C48C3F81880D2
S3150200A1D0129B02FF5421A7FB02C84FEA4309089BC0
S3150200A1E08EFD5F3E119AE5FB03C8A7FB033A9EFD6F
S3150200A1F03B1EE5FB023ADDE917240B9D9EFD475EF9
S3150200A200E4FB023AE4FB05C8029C00FF5401059AEE
S3150200A210E4FB053A0A9D8EFD731EE4FB05C8199DF3
S3150200A220139C9EFD531EE0FB053AE0FB04C8A1EF1A
S3150200A230502504981A9DE0FB043AA1FF50240D9C78
S3150200A240E6FB013AE0FB04C89EFD375E1C98129CB1
S3150200A250E6FB00C802FF5421E2FB003AE2FB04C817
S3150200A2601B988EFD633E019A149EE2FB093A9EFDFF
S3150200A2703F1EE2FB00C80C9AE0FB023A9EFD4B5ED3
S3150200A280E2FB05C8069A00FF5401079DB418224650
S3150200A2908EFD771E19464EEB050352EA5F639EFD5D
S3150200A2A0431E1598891824F07E44A1EF5025C461F7
S3150200A2B00C464AEB0305A1FF502454EA9F651CEBAA
S3150200A2C0040C62469EFD3B5E48EB050352EA5F6361
S3150200A2D0144602FF54211D4654EACF0521F07C4163
S3150200A2E08EFD673E01622CF07E419EFD2F1E41626D
S3150200A2F0A11845EB03049EFD4F5E49186441891877
S3150200A30000FF540144EB0304219BC9188EFD7B1EFA
S3150200A3100A4644F1000352EA9F639EFD577E21F0EE
S3150200A3207C41016022999EFD6B9E8B181E9923F03B
S3150200A3307E421BED7F1F01EB5363C0E9012324B06C
S3150200A340BDE8F88FAFF30080AFF30080AFF3008073
S3150200A3502DE9F84FA4B007B443F2143BC2F2002B26
S3150200A360DBF800B00BF5FE7B01A309E0AFF300803A
S3150200A3700000000004000000080000000C000000BD
S3150200A38093ED00FF43F21433C2F200231B6803F27B
S3150200A390F4532FEE43EF07BC4FF0260C9BED013F23
S3150200A3A09646536800FF5601176A9468D26802FF00
S3150200A3B058210CFB02F615900A9220EF5041DEF866
S3150200A3C010008A691E968BED655F0292DEF81460B4
S3150200A3D000EBC00222EF52A100EB4208CDF86080EA
S3150200A3E0DEF81C200EFD35BE0CFB06F80D961BEDA5
S3150200A3F06B1F0E691B9704969BED153F0F6A164657
S3150200A4004D6A00FF56011497DEF81870199502FF7F
S3150200A41058213A462546CDF87480B2EF50450CFBDA
S3150200A42006F807EBC70704EBC404B2FF504402EB7D
S3150200A430470A0B9505EB44040EFD595E10930CFB7F
S3150200A44003F5B2EF52A51390CB694869B2FF52A445
S3150200A4501C921296CDF858808EFD0BBECF68DEF8A0
S3150200A460242006971BED571F8F680CFB02FC0597ED
S3150200A4709BED293FDEF800701A924A6800FF5601EA
S3150200A48008971B9F019202FF58210A680A99A2EFB8
S3150200A4905245CDF844C007EBC70C07EB4C0CA2FFA4
S3150200A4A0524401EBC10E149F01EB4E0E0EFD7D5E72
S3150200A4B0CDF824C0AEFB07EC1999A1EF50A5189E62
S3150200A4C0E1FB04ECA4FB0741A1FF50A41893E6FBB1
S3150200A4D003EC199B0EFD19BE059FE3FB05411BED1F
S3150200A4E0431FA046189B1E9D9BED3D3F029CE5FB2C
S3150200A4F00381E6FB048100FF56011D9C049DE4FBDB
S3150200A500008102FF5821EAFB0581169C1896B5EFD9
S3150200A5105245069EE4FB0681099EB5FF5244019C04
S3150200A520E6FB0781119E0EFD3D5EE6FB0481089E59
S3150200A530B4EF50A5029CE6FB02810D9EB4FF50A427
S3150200A5400F9106EBC60106EB41018EFD27BEE1FB2C
S3150200A55004EC129CEAFB00EC1BED2F1FCDF83880B1
S3150200A56028F07C48CDF884809BED513F04EBC4086B
S3150200A57004EB4808E8FB05EC00FF5601069E099D20
S3150200A5801F9002FF5821E5FB06ECDDE90E67A9EFF5
S3150200A590504556EA9F6740461A9DA9FF5044CDE9A9
S3150200A5A00E6705EBC508059F0EFD615E05EB4808C3
S3150200A5B0E8FB07EC089CA9EF52A5019D0C92E5FB6E
S3150200A5C004ECA9FF52A4109D0E9CE5FB02EC8EFD45
S3150200A5D003BE6A00149F9EFD5B7E17920F9A1EEBC6
S3150200A5E004049EFD6F9E46464CEB0209A0461BEDF7
S3150200A5F07B1FDDE9182524F07E4CA7FB01419BED6C
S3150200A600053FE5FB02410246EAFB034100FF560114
S3150200A61020900298CDF888C002FF5821E2FB004143
S3150200A6201F98099AA1EF52451F96E2FB0041A1FF2E
S3150200A63052443246049E58EA5F690EFD715EE2FBA1
S3150200A6400641069E089A20EF50A1E6FB0241109EA3
S3150200A650059A0EFD0DBEE2FB06410B9E019A1BED0D
S3150200A660671FE2FB0641A4460C9A9BED193F0A9C22
S3150200A670049EE4FB02C100FF5601189CCDF88CC073
S3150200A68002FF5821A4FB07EC1E9C169AB6EF504512
S3150200A690E5FB04EC1D9C059FB6FF5044E4FB03EC6E
S3150200A6A0029CEAFB04EC8BED695FE2FB00EC099A83
S3150200A6B0E2FB06ECB6EF52A5069E119AE2FB06EC09
S3150200A6C0B6FF52A4089AE7FB02EC0EFD31BE179ABA
S3150200A6D0019FE7FB02EC1BED531FDDE90B72E7FB63
S3150200A6E002EC1EEB080E9BED2D3F4CEB0902CDF85A
S3150200A6F038E00F9200FF56010A9ADDE90E8958EA00
S3150200A7009F6902FF58212EF07C4C5200CDF878C08A
S3150200A710A5EF50451992209A149FA5FF5044CDE902
S3150200A7200E89A7FB02EC0EFD555EE5FB0AEC099AC3
S3150200A730E2FB03ECA5EF52A51F9AE2FB04EC089A92
S3150200A740A5FF52A4049CE0FB02EC109A8EFD0FBEFC
S3150200A750E4FB02EC0B9C019A1BED3F1FE6FB04ECAB
S3150200A7600A9C059E9BED413FE6FB04EC4446239E74
S3150200A77000FF56013419A04602FF58210F9E24F00D
S3150200A7807E4441EB0609B7EF5245139958EA5F69D1
S3150200A790E2FB01ECB7FF5244DDE90C16E6FB01ECE5
S3150200A7A0159A0EFD795ECDF838E0AAFB07E1D46072
S3150200A7B0B6EF50A51D9C099AE5FB04E1B6FF50A42D
S3150200A7C0169C119EE4FB03E10EFD15BE029CE2FB04
S3150200A7D004E11BED2B1FE6FB00E1089A049E9BEDAC
S3150200A7E0553FE6FB02E1069E179A00FF5601E6FB7D
S3150200A7F002E1059E0B9A02FF5821E6FB02E1019A4D
S3150200A800199EA1EF5045E2FB06E1139E0C9AA1FFA9
S3150200A8105044E6FB02E11EEB080E0EFD395E41EBEB
S3150200A8200901CDF808E00391A1EF52A5DDE90289FD
S3150200A83058EA9F691F9EA1FF52A4159A2EF07C41E9
S3150200A840A7FB06AE8EFD2BBE1161099A109E9EFDD8
S3150200A8505F7EE5FB02AE089A02949EFD739EE3FBC1
S3150200A86002AEE4FB06AE0B9C1BED771F049EE0FBDB
S3150200A87004AE9BED093F0A9C059AE6FB04AE00FF77
S3150200A8805601069E139C0D9902FF5821E6FB04AE63
S3150200A89044460E9EBFEF5045490034190D9EBFFF38
S3150200A8A050440E94E2FB06AE159A0EFD495E24F064
S3150200A8B07E4454611C9CBFEF52A5019A4CEB090CD5
S3150200A8C0BFFF52A4E2FB04AE129C0C9A8EFD1BBE85
S3150200A8D0CDF83CC0E4FB02AEDDE90E891BED631F39
S3150200A8E0CDF850A0099A58EA5F699BED1D3FA2FB7D
S3150200A8F0074C169A189300FF5601E5FB024C119A73
S3150200A900049E02FF5821E2FB034C029BA3EF504533
S3150200A910089ACDE90E89E3FB024CA3FF5044179B2C
S3150200A920059AE0FB034C0EFD6D5E0B9BE6FB034CAA
S3150200A930069EA3EF52A5199BE6FB034C139BA3FFAE
S3150200A94052A4E2FB034C019B0C9A0EFD09BEE3FBEB
S3150200A950014C1C9BE3FB024C1BED4F1F14EB08083A
S3150200A9600F9C9BED313FCDF818804CEB0404079405
S3150200A97000FF5601DDE9062352EA9F63CDE906236D
S3150200A98002FF5821159B109A28F07C48B6EF5245D3
S3150200A990C3F81880129BA7FB02C8B6FF52444FEABF
S3150200A9A04309089B119A8BED6D5FE5FB03C8A7FB74
S3150200A9B0033AE5FB023AB5EF50A5DDE917240B9DF4
S3150200A9C0B5FF50A4E4FB023AE4FB05C8029C0EFD67
S3150200A9D02DBE059AE4FB053A0A9D1BED3B1FE4FBDF
S3150200A9E005C8199D139C9BED453FE0FB053AE0FB2C
S3150200A9F004C8049800FF56011A9DE0FB043A0D9C18
S3150200AA0002FF5821E6FB013AE0FB04C8A8EF5245D3
S3150200AA101C98129CE6FB00C8A8FF5244E2FB003ACF
S3150200AA20E2FB04C81B980EFD515E019A149EE2FBDE
S3150200AA30093AA7EF50A5E2FB00C80C9AE0FB023ADE
S3150200AA40A7FF50A4E2FB05C8069A079D8EFD13BE1A
S3150200AA50B418224619461BED271F4EEB050352EA90
S3150200AA605F639BED593F1598891824F07E4400FFD9
S3150200AA705601C4610C464AEB030502FF582154EA0B
S3150200AA809F651CEB040C6246BFEF524548EB05037B
S3150200AA9052EA5F631446BFFF52441D4654EACF058D
S3150200AAA021F07C410EFD755E01622CF07E41416211
S3150200AAB0BEEF50A5A11845EB0304BEFF50A44918EA
S3150200AAC0644189180EFD11BE44EB0304219BC9188B
S3150200AAD09EFD637E0A4644F1000352EA9F639EFD91
S3150200AAE0779E21F07C41016022991BED731F8B1822
S3150200AAF01E9923F07E429BED0D3F01EB5363C0E9A5
S3150200AB00012324B0BDE8F88FAFF30080AFF30080D5
S3150200AB102DE9F84FA4B007B443F2143BC2F2002B5E
S3150200AB20DBF800B00BF5FE7B01A309E0AFF3008072
S3150200AB300000000004000000080000000C000000F5
S3150200AB4093ED00FF43F21433C2F200231B6803F2B3
S3150200AB50F4532FEE43EF07BC4FF0260C00FF5601CD
S3150200AB609646536802FF5821176A9468D268AEEF78
S3150200AB7050450CFB02F615900A92AEFF5044DEF8E1
S3150200AB8010008A691E968BED795F0292DEF81460D8
S3150200AB9000EBC002AEEF52A500EB4208CDF8608092
S3150200ABA0DEF81C20AEFF52A40CFB06F80D960EFD35
S3150200ABB021BE0E691B9704961BED5F1F0F6A164690
S3150200ABC04D6A9BED213F1497DEF81870199500FF28
S3150200ABD056013A462546CDF8748002FF58210CFBF1
S3150200ABE006F807EBC70704EBC404BCEF524502EBB9
S3150200ABF0470A0B9505EB4404BCFF524410930CFB29
S3150200AC0003F50EFD455E1390CB694869BBEF50A56F
S3150200AC101C921296CDF85880BBFF50A4CF68DEF87E
S3150200AC20242006978EFD1FBE8F680CFB02FC05973B
S3150200AC301BED4B1FDEF800701A924A689BED353FFA
S3150200AC4008971B9F019200FF56010A680A9902FFA4
S3150200AC505821CDF844C007EBC70C07EB4C0CADEFFF
S3150200AC60524501EBC10E149F01EB4E0EADFF52444D
S3150200AC70CDF824C0AEFB07EC19990EFD695E189E4D
S3150200AC80E1FB04ECA4FB0741ACEF50A51893E6FBED
S3150200AC9003EC199BACFF50A4059FE3FB05410EFD97
S3150200ACA005BEA046189B1E9D1BED371F029CE5FBA9
S3150200ACB00381E6FB04819BED493F1D9C049DE4FB59
S3150200ACC0008100FF5601EAFB0581169C189602FFD9
S3150200ACD05821069EE4FB0681099EABEF5245019C74
S3150200ACE0E6FB0781119EABFF5244E6FB0481089EF8
S3150200ACF08BED715F029CE6FB02810D9EAAEF50A5C9
S3150200AD000F9106EBC60106EB4101AAFF50A4E1FB37
S3150200AD1004EC129CEAFB00EC0EFD29BECDF838804D
S3150200AD2028F07C48CDF884801BED231F04EBC40871
S3150200AD3004EB4808E8FB05EC9BED5D3F069E099D8A
S3150200AD401F9000FF5601E5FB06ECDDE90E6702FFE8
S3150200AD50582156EA9F6740461A9DBCEF5045CDE9F9
S3150200AD600E6705EBC508059FBCFF504405EB480876
S3150200AD70E8FB07EC089C0EFD4D5E019D0C92E5FB7F
S3150200AD8004ECBCEF52A5109D0E9CE5FB02ECBCFF49
S3150200AD9052A46A00149F8EFD17BE17920F9A1EEBDD
S3150200ADA004049EFD677E46464CEB0209A0469EFDC4
S3150200ADB07B9EDDE9182524F07E4CA7FB01411BEDA5
S3150200ADC06F1FE5FB02410246EAFB03419BED113F81
S3150200ADD020900298CDF888C000FF5601E2FB0041A0
S3150200ADE01F98099A02FF58211F96E2FB0041AEEF17
S3150200ADF052453246049E58EA5F69AEFF5244E2FB70
S3150200AE000641069E089A0EFD5D5EE6FB0241109E15
S3150200AE10059AADEF50A5E2FB06410B9E019AADFFE6
S3150200AE2050A4E2FB0641A4460C9A8EFD07BE0A9C7C
S3150200AE30049EE4FB02C11BED5B1F189CCDF88CC07F
S3150200AE409BED253FA4FB07EC1E9C169A00FF5601BC
S3150200AE50E5FB04EC1D9C059F02FF5821E4FB03EC75
S3150200AE60029CEAFB04ECAAEF5045E2FB00EC099ACD
S3150200AE70E2FB06ECAAFF5044069E119AE2FB06ECA0
S3150200AE808BED7D5F089AE7FB02ECAAEF52A5179AB3
S3150200AE90019FE7FB02ECAAFF52A4DDE90B72E7FB76
S3150200AEA002EC1EEB080E0EFD1DBE4CEB0902CDF8A0
S3150200AEB038E00F921BED471F0A9ADDE90E8958EA20
S3150200AEC09F699BED393F2EF07C4C5200CDF878C03D
S3150200AED000FF56011992209A149F02FF5821CDE9CC
S3150200AEE00E89A7FB02ECB4EF5245E5FB0AEC099A80
S3150200AEF0E2FB03ECB4FF52441F9AE2FB04EC089A0D
S3150200AF000EFD415E049CE0FB02EC109AB3EF50A5E5
S3150200AF10E4FB02EC0B9C019AB3FF50A4E6FB04ECA3
S3150200AF200A9C059E8EFD23BEE6FB04EC4446239E48
S3150200AF301BED331F3419A0469BED4D3F0F9E24F0A7
S3150200AF407E4441EB060900FF5601139958EA5F69F0
S3150200AF50E2FB01EC02FF5821DDE90C16E6FB01ECEF
S3150200AF60159AA4EF5045CDF838E0AAFB07E1D46064
S3150200AF70A4FF50441D9C099AE5FB04E10EFD655EA3
S3150200AF80169C119EE4FB03E1A4EF52A5029CE2FB90
S3150200AF9004E1A4FF52A4E6FB00E1089A049E0EFD1A
S3150200AFA001BEE6FB02E1069E179A1BED1F1FE6FB9A
S3150200AFB002E1059E0B9A9BED613FE6FB02E1019AD7
S3150200AFC0199E00FF5601E2FB06E1139E0C9A02FF50
S3150200AFD05821E6FB02E11EEB080EA7EF504541EBB6
S3150200AFE00901CDF808E00391A7FF5044DDE9028983
S3150200AFF058EA9F691F9E8BED755F159A2EF07C416C
S3150200B000A7FB06AEA7EF52A51161099A109EA7FFEC
S3150200B01052A4E5FB02AE089A02940EFD25BEE3FB9E
S3150200B02002AEE4FB06AE0B9C9BED651F049EE0FBA5
S3150200B03004AE9BED693F0A9C059AE6FB04AE9BEDC6
S3150200B0406D5F069E139C0D999BED71BFE6FB04AEE8
S3150200B05044460E9E9BED75DF490034190D9E14EF92
S3150200B06052610E94E2FB06AE159A06FF506124F079
S3150200B0707E4454611C9C0BED7F7F019A4CEB090CBC
S3150200B0801AEF5461E2FB04AE129C0C9A06FF52615F
S3150200B090CDF83CC0E4FB02AEDDE90E890BED7B7F09
S3150200B0A0CDF850A0099A58EA5F691CEF5A61A2FBD3
S3150200B0B0074C169A189306FF5461E5FB024C119A47
S3150200B0C0049E0BED777FE2FB034C029B10EF5C6163
S3150200B0D0089ACDE90E89E3FB024C06FF5A61179BDB
S3150200B0E0059AE0FB034C0BED737F0B9BE6FB034CCF
S3150200B0F0069E12EF5061199BE6FB034C139B06FF5B
S3150200B1005C61E2FB034C019B0C9A0BED6F7FE3FB48
S3150200B110014C1C9BE3FB024C9BED791F14EB0808C8
S3150200B1200F9C9BED7D3FCDF818804CEB04040794F1
S3150200B1301EFD7D5EDDE9062352EA9F63CDE9062305
S3150200B1401EFD79BE159B109A28F07C481EFD75DE01
S3150200B150C3F81880129BA7FB02C814EF52614FEA8C
S3150200B1604309089B119A06FF5061E5FB03C8A7FB3A
S3150200B170033AE5FB023A0BED6B7FDDE917240B9DE3
S3150200B1801AEF5461E4FB023AE4FB05C8029C06FF8F
S3150200B1905261059AE4FB053A0A9D0BED677FE4FBD3
S3150200B1A005C8199D139C1CEF5A61E0FB053AE0FBAA
S3150200B1B004C8049806FF54611A9DE0FB043A0D9CEC
S3150200B1C00BED637FE6FB013AE0FB04C810EF5C611E
S3150200B1D01C98129CE6FB00C806FF5A61E2FB003A85
S3150200B1E0E2FB04C81B980BED5F7F019A149EE2FBFB
S3150200B1F0093A12EF5061E2FB00C80C9AE0FB023AF0
S3150200B20006FF5C61E2FB05C8069A079D0BED5B7FB4
S3150200B210B418224619461EFD711E4EEB050352EA6C
S3150200B2205F631EFD6D3E1598891824F07E441EFD4F
S3150200B230695EC4610C464AEB03051EFD65BE54EA0F
S3150200B2409F651CEB040C62461EFD61DE48EB05039E
S3150200B25052EA5F63144614EF52611D4654EACF0563
S3150200B26021F07C4106FF506101622CF07E41416271
S3150200B2700BED577FA11845EB03041AEF54614918E9
S3150200B2806441891806FF526144EB0304219BC918E5
S3150200B2900BED537F0A4644F1000352EA9F631CEF0B
S3150200B2A05A6121F07C410160229906FF54618B1894
S3150200B2B01E9923F07E420BED4F7F01EB5363C0E9EB
S3150200B2C0012324B0BDE8F88FAFF30080AFF300800E
S3150200B2D02DE9F84FA4B007B443F2143BC2F2002B97
S3150200B2E0DBF800B00BF5FE7B01A309E0AFF30080AB
S3150200B2F00000000004000000080000000C0000002E
S3150200B30093ED00FF43F21433C2F200231B6803F2EB
S3150200B310F4532FEE43EF07BC4FF0260C10EF5C619F
S3150200B3209646536806FF5A61176A9468D2680BED0F
S3150200B3304B7F0CFB02F615900A9212EF5061DEF873
S3150200B34010008A691E9606FF5C610292DEF814609E
S3150200B35000EBC0020BED477F00EB4208CDF86080A0
S3150200B360DEF81C201EFD5D1E0CFB06F80D961EFD6A
S3150200B370593E0E691B9704961EFD555E0F6A1646C8
S3150200B3804D6A1EFD51BE1497DEF8187019951EFD02
S3150200B3904DDE3A462546CDF8748014EF52610CFB19
S3150200B3A006F807EBC70704EBC40406FF506102EB7D
S3150200B3B0470A0B9505EB44040BED437F10930CFBF8
S3150200B3C003F51AEF54611390CB69486906FF52617F
S3150200B3D01C921296CDF858800BED3F7FCF68DEF8AF
S3150200B3E0242006971CEF5A618F680CFB02FC059716
S3150200B3F006FF5461DEF800701A924A680BED3B7F35
S3150200B40008971B9F019210EF5C610A680A9906FF72
S3150200B4105A61CDF844C007EBC70C07EB4C0C0BED99
S3150200B420377F01EBC10E149F01EB4E0E12EF5061F6
S3150200B430CDF824C0AEFB07EC199906FF5C61189E95
S3150200B440E1FB04ECA4FB07410BED337F1893E6FB0B
S3150200B45003EC199B1EFD491E059FE3FB05411EFDDC
S3150200B460453EA046189B1E9D1EFD415E029CE5FBC5
S3150200B4700381E6FB04811EFD3DBE1D9C049DE4FB8B
S3150200B48000811EFD39DEEAFB0581169C189614EF33
S3150200B4905261069EE4FB0681099E06FF5061019CED
S3150200B4A0E6FB0781119E0BED2F7FE6FB0481089ECA
S3150200B4B01AEF5461029CE6FB02810D9E06FF526161
S3150200B4C00F9106EBC60106EB41010BED2B7FE1FB6B
S3150200B4D004EC129CEAFB00EC1CEF5A61CDF83880B2
S3150200B4E028F07C48CDF8848006FF546104EBC4083A
S3150200B4F004EB4808E8FB05EC0BED277F069E099D49
S3150200B5001F9010EF5C61E5FB06ECDDE90E6706FFB6
S3150200B5105A6156EA9F6740461A9D0BED237FCDE995
S3150200B5200E6705EBC508059F12EF506105EB48084B
S3150200B530E8FB07EC089C06FF5C61019D0C92E5FBAB
S3150200B54004EC0BED1F7F109D0E9CE5FB02EC1EFD2D
S3150200B550351E6A00149F1EFD313E17920F9A1EEB8E
S3150200B56004041EFD2D5E46464CEB0209A0461EFD56
S3150200B57029BEDDE9182524F07E4CA7FB01411EFDFC
S3150200B58025DEE5FB02410246EAFB034114EF526166
S3150200B59020900298CDF888C006FF5061E2FB004178
S3150200B5A01F98099A8BED017F1F96E2FB00411AEF65
S3150200B5B054613246049E58EA5F6906FF5261E2FB15
S3150200B5C00641069E089A8BED057FE6FB0241109E18
S3150200B5D0059A1CEF5A61E2FB06410B9E019A06FF91
S3150200B5E05461E2FB0641A4460C9A8BED097F0A9C44
S3150200B5F0049EE4FB02C110EF5C61189CCDF88CC07E
S3150200B60006FF5A61A4FB07EC1E9C169A8BED0D7F72
S3150200B610E5FB04EC1D9C059F12EF5061E4FB03EC75
S3150200B620029CEAFB04EC06FF5C61E2FB00EC099A71
S3150200B630E2FB06EC8BED117F069E119AE2FB06EC0D
S3150200B6401EFD211E089AE7FB02EC1EFD1D3E179AFF
S3150200B650019FE7FB02EC1EFD195EDDE90B72E7FBBB
S3150200B66002EC1EEB080E1EFD15BE4CEB0902CDF8D0
S3150200B67038E00F921EFD11DE0A9ADDE90E8958EABC
S3150200B6809F6914EF52612EF07C4C5200CDF878C0BF
S3150200B69006FF50611992209A149F8BED157FCDE912
S3150200B6A00E89A7FB02EC1AEF5461E5FB0AEC099A34
S3150200B6B0E2FB03EC06FF52611F9AE2FB04EC089AD6
S3150200B6C08BED197F049CE0FB02EC109A1CEF5A6189
S3150200B6D0E4FB02EC0B9C019A06FF5461E6FB04ECC8
S3150200B6E00A9C059E8BED1D7FE6FB04EC4446239ED9
S3150200B6F010EF5C613419A04606FF5A610F9E24F0D2
S3150200B7007E4441EB06098BED217F139958EA5F6966
S3150200B710E2FB01EC12EF5061DDE90C16E6FB01ECEF
S3150200B720159A06FF5C61CDF838E0AAFB07E1D46002
S3150200B7308BED257F1D9C099AE5FB04E11EFD0D1E7E
S3150200B740169C119EE4FB03E11EFD093E029CE2FBF0
S3150200B75004E11EFD055EE6FB00E1089A049E1EFD5D
S3150200B76001BEE6FB02E1069E179A9EFD03DEE6FB9C
S3150200B77002E1059E0B9A14EF5261E6FB02E1019A81
S3150200B780199E06FF5061E2FB06E1139E0C9A8BEDB1
S3150200B790297FE6FB02E11EEB080E1AEF546141EB2C
S3150200B7A00901CDF808E0039106FF5261DDE902893D
S3150200B7B058EA9F691F9E8BED2D7F159A2EF07C41CC
S3150200B7C0A7FB06AE1CEF5A611161099A109E06FF8D
S3150200B7D05461E5FB02AE089A02948BED317FE3FBDE
S3150200B7E002AEE4FB06AE0B9C10EF5C61049EE0FB2E
S3150200B7F004AE06FF5A610A9C059AE6FB04AE8BED7F
S3150200B800357F069E139C0D9912EF5061E6FB04AE3E
S3150200B81044460E9E06FF5C61490034190D9E8BED6F
S3150200B820397F0E94E2FB06AE159A9EFD071E24F0A2
S3150200B8307E4454611C9C9EFD0B3E019A4CEB090C06
S3150200B8409EFD0F5EE2FB04AE129C0C9A9EFD13BE99
S3150200B850CDF83CC0E4FB02AEDDE90E899EFD17DEA3
S3150200B860CDF850A0099A58EA5F6914EF5261A2FB1B
S3150200B870074C169A189306FF5061E5FB024C119A83
S3150200B880049E8BED3D7FE2FB034C029B1AEF546153
S3150200B890089ACDE90E89E3FB024C06FF5261179B1B
S3150200B8A0059AE0FB034C8BED417F0B9BE6FB034CB9
S3150200B8B0069E1CEF5A61199BE6FB034C139B06FF7F
S3150200B8C05461E2FB034C019B0C9A8BED457FE3FB33
S3150200B8D0014C1C9BE3FB024C10EF5C6114EB080865
S3150200B8E00F9C06FF5A61CDF818804CEB04040794AE
S3150200B8F08BED497FDDE9062352EA9F63CDE90623F4
S3150200B90012EF5061159B109A28F07C4806FF5C6185
S3150200B910C3F81880129BA7FB02C88BED4D7F4FEA36
S3150200B9204309089B119A9EFD1B1EE5FB03C8A7FB54
S3150200B930033AE5FB023A9EFD1F3EDDE917240B9D05
S3150200B9409EFD235EE4FB023AE4FB05C8029C9EFDD3
S3150200B95027BE059AE4FB053A0A9D9EFD2BDEE4FB13
S3150200B96005C8199D139C14EF5261E0FB053AE0FBF2
S3150200B97004C8049806FF50611A9DE0FB043A0D9C28
S3150200B9808BED517FE6FB013AE0FB04C81AEF5461E6
S3150200B9901C98129CE6FB00C806FF5261E2FB003AC5
S3150200B9A0E2FB04C81B988BED557F019A149EE2FBBD
S3150200B9B0093A1CEF5A61E2FB00C80C9AE0FB023A14
S3150200B9C006FF5461E2FB05C8069A079D8BED597F77
S3150200B9D0B4182246194610EF5C614EEB050352EA93
S3150200B9E05F6306FF5A611598891824F07E448BED31
S3150200B9F05D7FC4610C464AEB030512EF506154EABF
S3150200BA009F651CEB040C624606FF5C6148EB05036E
S3150200BA1052EA5F6314468BED617F1D4654EACF05F9
S3150200BA2021F07C411BED1B1F01622CF07E4141621D
S3150200BA301BED7F3FA11845EB030402FF5021491875
S3150200BA40644189180BED7F3F44EB0304219BC9181F
S3150200BA501BED171F0A4644F1000352EA9F639BED52
S3150200BA60013F21F07C410160229902FF50218B188F
S3150200BA701E9923F07E428BED013F01EB5363C0E931
S3150200BA80012324B0BDE8F88FAFF30080AFF3008046
S3150200BA902DE9F84FA4B007B443F2143BC2F2002BCF
S3150200BAA0DBF800B00BF5FE7B01A309E0AFF30080E3
S3150200BAB00000000004000000080000000C00000066
S3150200BAC093ED00FF43F21433C2F200231B6803F224
S3150200BAD0F4532FEE43EF07BC4FF0260C1BED7F1FEE
S3150200BAE096465368176A9468D2681BED6B3F0CFB47
S3150200BAF002F615900A92DEF810008A691E9600FF79
S3150200BB0052010292DEF8146000EBC00200EB42081A
S3150200BB10CDF86080DEF81C201BED573F0CFB06F8C3
S3150200BB200D960E691B9704960F6A00FF5201164680
S3150200BB304D6A1497DEF8187019951BED433F3A4685
S3150200BB402546CDF874800CFB06F807EBC70704EB15
S3150200BB50C40400FF520102EB470A0B9505EB4404AD
S3150200BB6010930CFB03F513901BED2F3FCB6948692D
S3150200BB701C921296CDF85880CF6800FF5201DEF86B
S3150200BB80242006978F680CFB02FC05978EFD2F1E5C
S3150200BB90DEF800701A924A6808971B9F01921BED05
S3150200BBA07B1F0A680A99CDF844C007EBC70C07EB5E
S3150200BBB04C0C01EBC10E1BED673F149F01EB4E0EC1
S3150200BBC0CDF824C0AEFB07EC1999189E00FF52016E
S3150200BBD0E1FB04ECA4FB07411893E6FB03EC199B7B
S3150200BBE0059F1BED533FE3FB0541A046189B1E9D97
S3150200BBF0029C00FF5201E5FB0381E6FB04811D9CCA
S3150200BC00049DE4FB0081EAFB05811BED3F3F169C88
S3150200BC101896069EE4FB0681099E019C00FF5201CE
S3150200BC20E6FB0781119EE6FB0481089E029CE6FB69
S3150200BC3002811BED2B3F0D9E0F9106EBC60106EB13
S3150200BC404101E1FB04EC00FF5201129CEAFB00EC0D
S3150200BC50CDF8388028F07C48CDF8848004EBC408FF
S3150200BC608EFD331E04EB4808E8FB05EC069E099D93
S3150200BC701F90E5FB06EC1BED771FDDE90E6756EA22
S3150200BC809F6740461A9DCDE90E6705EBC5081BED79
S3150200BC90633F059F05EB4808E8FB07EC089C019DFE
S3150200BCA00C9200FF5201E5FB04EC109D0E9CE5FB95
S3150200BCB002EC6A001BED4F3F149F17920F9A1EEB80
S3150200BCC0040446464CEB020900FF5201A046DDE998
S3150200BCD0182524F07E4CA7FB0141E5FB02410246F2
S3150200BCE01BED3B3FEAFB034120900298CDF888C04A
S3150200BCF0E2FB00411F9800FF5201099A1F96E2FBE0
S3150200BD0000413246049E1BED273F58EA5F69E2FB7B
S3150200BD100641069E089AE6FB0241109E00FF52016A
S3150200BD20059AE2FB06410B9E019AE2FB0641A446F6
S3150200BD308EFD371E0C9A0A9C049EE4FB02C1189CD7
S3150200BD40CDF88CC01BED731FA4FB07EC1E9C169A44
S3150200BD50E5FB04EC1D9C059F1BED5F3FE4FB03EC3A
S3150200BD60029CEAFB04ECE2FB00EC099A00FF52019A
S3150200BD70E2FB06EC069E119AE2FB06EC089AE7FB4A
S3150200BD8002EC1BED4B3F179A019FE7FB02ECDDE944
S3150200BD900B72E7FB02EC1EEB080E00FF52014CEBA6
S3150200BDA00902CDF838E00F920A9ADDE90E8958EABF
S3150200BDB09F691BED373F2EF07C4C5200CDF878C0C0
S3150200BDC01992209A00FF5201149FCDE90E89A7FB12
S3150200BDD002ECE5FB0AEC099AE2FB03EC1BED233FBE
S3150200BDE01F9AE2FB04EC089A049CE0FB02EC109A10
S3150200BDF000FF5201E4FB02EC0B9C019AE6FB04EC09
S3150200BE000A9C059E8EFD3B1EE6FB04EC4446239EE1
S3150200BE103419A0460F9E1BED6F1F24F07E4441EBA2
S3150200BE200609139958EA5F69E2FB01EC1BED5B3FD9
S3150200BE30DDE90C16E6FB01EC159ACDF838E0AAFB13
S3150200BE4007E1D46000FF52011D9C099AE5FB04E15B
S3150200BE50169C119EE4FB03E11BED473F029CE2FBAD
S3150200BE6004E1E6FB00E1089A049EE6FB02E100FF1C
S3150200BE705201069E179AE6FB02E1059E0B9A1BEDFE
S3150200BE80333FE6FB02E1019A199EE2FB06E1139EAD
S3150200BE900C9A00FF5201E6FB02E11EEB080E41EB93
S3150200BEA00901CDF808E00391DDE902891BED1F3F88
S3150200BEB058EA9F691F9E159A2EF07C41A7FB06AE93
S3150200BEC0116100FF5201099A109EE5FB02AE089A23
S3150200BED00294E3FB02AE8EFD3F1EE4FB06AE0B9C14
S3150200BEE0049EE0FB04AE0A9C9BED011F059AE6FB4D
S3150200BEF004AE069E139C0D99E6FB04AE9BED153F20
S3150200BF0044460E9E490034190D9E0E9400FF5201BE
S3150200BF10E2FB06AE159A24F07E4454611C9C019AFB
S3150200BF209BED293F4CEB090CE2FB04AE129C0C9AEA
S3150200BF30CDF83CC000FF5201E4FB02AEDDE90E89FA
S3150200BF40CDF850A0099A58EA5F69A2FB074C9BED0F
S3150200BF503D3F169A1893E5FB024C119A049EE2FBAA
S3150200BF60034C00FF5201029B089ACDE90E89E3FBBE
S3150200BF70024C179B059A9BED513FE0FB034C0B9B32
S3150200BF80E6FB034C069E199BE6FB034C00FF52019F
S3150200BF90139BE2FB034C019B0C9AE3FB014C8EFDC7
S3150200BFA0431E1C9BE3FB024C14EB08080F9CCDF8C6
S3150200BFB018804CEB04049BED051F0794DDE906236C
S3150200BFC052EA9F63CDE90623159B109A9BED193F12
S3150200BFD028F07C48C3F81880129BA7FB02C84FEAD8
S3150200BFE04309089B00FF5201119AE5FB03C8A7FB10
S3150200BFF0033AE5FB023ADDE917249BED2D3F0B9D43
S3150200C000E4FB023AE4FB05C8029C059AE4FB053A06
S3150200C01000FF52010A9DE4FB05C8199D139CE0FB33
S3150200C020053AE0FB04C89BED413F04981A9DE0FBEC
S3150200C030043A0D9CE6FB013AE0FB04C800FF5201FC
S3150200C0401C98129CE6FB00C8E2FB003AE2FB04C81D
S3150200C0501B989BED553F019A149EE2FB093AE2FBBF
S3150200C06000C80C9A00FF5201E0FB023AE2FB05C847
S3150200C070069A079DB41822468EFD471E19464EEBB8
S3150200C080050352EA5F631598891824F07E449BEDF6
S3150200C090091FC4610C464AEB030554EA9F651CEB73
S3150200C0A0040C62469BED1D3F48EB050352EA5F63B3
S3150200C0B014461D4654EACF0500FF520121F07C4189
S3150200C0C001622CF07E414162A11845EB03049BED0F
S3150200C0D0313F49186441891844EB0304219BC9186E
S3150200C0E000FF52010A4644F1000352EA9F6321F01F
S3150200C0F07C41016022999BED453F8B181E9923F0E6
S3150200C1007E4201EB5363C0E9012324B0BDE8F88FF8
S3150200C1102DE9F84FA4B007B443F2143BC2F2002B48
S3150200C120DBF800B00BF5FE7B01A309E0AFF300805C
S3150200C1300000000004000000080000000C000000DF
S3150200C14093ED00FF43F21433C2F200231B6803F29D
S3150200C150F4532FEE43EF07BC4FF0260C00FF5201BB
S3150200C16096465368176A9468D2689BED593F0CFB52
S3150200C17002F615900A92DEF810008A691E9600FFF2
S3150200C18052010292DEF8146000EBC00200EB420894
S3150200C190CDF86080DEF81C208EFD4B1E0CFB06F8E7
S3150200C1A00D960E691B9704969BED0D1F0F6A164698
S3150200C1B04D6A1497DEF8187019959BED213F3A46A1
S3150200C1C02546CDF874800CFB06F807EBC70704EB8F
S3150200C1D0C40400FF520102EB470A0B9505EB440427
S3150200C1E010930CFB03F59BED353F1390CB69486921
S3150200C1F01C921296CDF8588000FF5201CF68DEF8E5
S3150200C200242006978F680CFB02FC05979BED493F9D
S3150200C210DEF800701A924A6808971B9F019200FF87
S3150200C22052010A680A99CDF844C007EBC70C07EB1E
S3150200C2304C0C9BED5D3F01EBC10E149F01EB4E0EC4
S3150200C240CDF824C0AEFB07EC199900FF5201189EE7
S3150200C250E1FB04ECA4FB07411893E6FB03EC199BF4
S3150200C2608EFD4F1E059FE3FB0541A046189B1E9DB2
S3150200C2709BED111F029CE5FB0381E6FB04811D9CDD
S3150200C280049DE4FB00819BED253FEAFB0581169C9C
S3150200C2901896069EE4FB0681099E00FF5201019C48
S3150200C2A0E6FB0781119EE6FB0481089E9BED393F62
S3150200C2B0029CE6FB02810D9E0F9106EBC60106EB80
S3150200C2C0410100FF5201E1FB04EC129CEAFB00EC87
S3150200C2D0CDF8388028F07C48CDF884809BED4D3F20
S3150200C2E004EBC40804EB4808E8FB05EC069E099D2E
S3150200C2F01F9000FF5201E5FB06ECDDE90E6756EAE8
S3150200C3009F6740461A9D9BED613FCDE90E6705EB9F
S3150200C310C508059F05EB4808E8FB07EC089C00FFEB
S3150200C3205201019D0C92E5FB04EC109D0E9CE5FB6F
S3150200C33002EC8EFD531E6A00149F17920F9A1EEB93
S3150200C34004049EFD471E46464CEB0209A046DDE963
S3150200C350182524F07E4CA7FB0141A1EF5025E5FBF1
S3150200C36002410246EAFB034120900298CDF888C0BA
S3150200C370A1FF5024E2FB00411F98099A1F96E2FB97
S3150200C38000419EFD3F5E3246049E58EA5F69E2FB2B
S3150200C3900641069E089A02FF5421E6FB0241109EC0
S3150200C3A0059AE2FB06410B9E019A8EFD573EE2FB81
S3150200C3B00641A4460C9A0A9C049EE4FB02C19EFD19
S3150200C3C0331E189CCDF88CC0A4FB07EC1E9C169A53
S3150200C3D09EFD535EE5FB04EC1D9C059FE4FB03EC0E
S3150200C3E0029CEAFB04EC00FF5401E2FB00EC099A12
S3150200C3F0E2FB06EC069E119AE2FB06EC8EFD6B1E34
S3150200C400089AE7FB02EC179A019FE7FB02EC9EFDF6
S3150200C4104B1EDDE90B72E7FB02EC1EEB080E4CEB42
S3150200C4200902CDF838E00F92A1EF50250A9ADDE90C
S3150200C4300E8958EA9F692EF07C4C5200CDF878C0DE
S3150200C440A1FF50241992209A149FCDE90E89A7FBC9
S3150200C45002EC9EFD2F5EE5FB0AEC099AE2FB03EC79
S3150200C4601F9AE2FB04EC089A02FF5421049CE0FBAB
S3150200C47002EC109AE4FB02EC0B9C019A8EFD5B3EE9
S3150200C480E6FB04EC0A9C059EE6FB04EC4446239E6E
S3150200C4909EFD371E3419A0460F9E24F07E4441EBC2
S3150200C4A006099EFD435E139958EA5F69E2FB01ECB9
S3150200C4B0DDE90C16E6FB01EC159A00FF5401CDF8F6
S3150200C4C038E0AAFB07E1D4601D9C099AE5FB04E16A
S3150200C4D08EFD6F1E169C119EE4FB03E1029CE2FB9D
S3150200C4E004E19EFD4F1EE6FB00E1089A049EE6FB70
S3150200C4F002E1069E179AA1EF5025E6FB02E1059E90
S3150200C5000B9AE6FB02E1019A199EA1FF5024E2FB77
S3150200C51006E1139E0C9AE6FB02E11EEB080E9EFD57
S3150200C520335E41EB0901CDF808E00391DDE90289AA
S3150200C53058EA9F691F9E02FF5421159A2EF07C41EC
S3150200C540A7FB06AE1161099A109E8EFD5F3EE5FBC2
S3150200C55002AE089A0294E3FB02AEE4FB06AE0B9C23
S3150200C5609EFD3B1E049EE0FB04AE0A9C059AE6FB7A
S3150200C57004AE9EFD475E069E139C0D99E6FB04AE35
S3150200C58044460E9E00FF5401490034190D9E0E9436
S3150200C590E2FB06AE159A8EFD731E24F07E445461AC
S3150200C5A01C9C019A4CEB090C9EFD531EE2FB04AE49
S3150200C5B0129C0C9ACDF83CC0E4FB02AEDDE90E8972
S3150200C5C0A1EF5025CDF850A0099A58EA5F69A2FB5F
S3150200C5D0074C169A1893A1FF5024E5FB024C119AB8
S3150200C5E0049EE2FB034C029B9EFD375E089ACDE950
S3150200C5F00E89E3FB024C179B059AE0FB034C02FFF4
S3150200C60054210B9BE6FB034C069E199BE6FB034C4F
S3150200C610139B8EFD633EE2FB034C019B0C9AE3FBEC
S3150200C620014C1C9BE3FB024C9EFD3F1E14EB0808CB
S3150200C6300F9CCDF818804CEB040407949EFD4B5ECC
S3150200C640DDE9062352EA9F63CDE90623159B109A7C
S3150200C65028F07C4800FF5401C3F81880129BA7FB00
S3150200C66002C84FEA4309089B119A8EFD771EE5FB25
S3150200C67003C8A7FB033AE5FB023ADDE917240B9D43
S3150200C6809EFD431EE4FB023AE4FB05C8029C059AA2
S3150200C690E4FB053A0A9DA1EF5025E4FB05C8199D66
S3150200C6A0139CE0FB053AE0FB04C80498A1FF502462
S3150200C6B01A9DE0FB043A0D9CE6FB013AE0FB04C836
S3150200C6C09EFD3B5E1C98129CE6FB00C8E2FB003A0C
S3150200C6D0E2FB04C81B9802FF5421019A149EE2FB56
S3150200C6E0093AE2FB00C80C9AE0FB023A8EFD673E6D
S3150200C6F0E2FB05C8069A079DB418224619469EFD16
S3150200C7002F1E4EEB050352EA5F631598891824F033
S3150200C7107E449EFD4F5EC4610C464AEB030554EA15
S3150200C7209F651CEB040C624600FF540148EB0503AF
S3150200C73052EA5F6314461D4654EACF0521F07C4156
S3150200C7408EFD7B1E01622CF07E414162A11845EBF3
S3150200C75003049EFD577E49186441891844EB03047D
S3150200C760219BC9189EFD6B9E0A4644F1000352EABC
S3150200C7709F6321F07C41016022991BED7F1F8B187C
S3150200C7801E9923F07E4201EB5363C0E9012324B0D4
S3150200C790BDE8F88FAFF30080AFF30080AFF30080FF
S3150200C7A02DE9F84FA4B007B443F2143BC2F2002BB2
S3150200C7B0DBF800B00BF5FE7B01A309E0AFF30080C6
S3150200C7C00000000004000000080000000C00000049
S3150200C7D093ED00FF43F21433C2F200231B6803F207
S3150200C7E0F4532FEE43EF07BC4FF0260C9BED013FAF
S3150200C7F096465368176A9468D26800FF56010CFB86
S3150200C80002F615900A92DEF810008A691E9602FF59
S3150200C81058210292DEF8146000EBC00200EB4208D7
S3150200C820CDF86080DEF81C2020EF50410CFB06F8A4
S3150200C8300D960E691B9704968BED655F0F6A164679
S3150200C8404D6A1497DEF81870199522EF52A13A46EE
S3150200C8502546CDF874800CFB06F807EBC70704EBF8
S3150200C860C4040EFD35BE02EB470A0B9505EB4404E4
S3150200C87010930CFB03F51BED6B1F1390CB694869F4
S3150200C8801C921296CDF858809BED153FCF68DEF8C4
S3150200C890242006978F680CFB02FC059700FF5601C1
S3150200C8A0DEF800701A924A6808971B9F019202FFEF
S3150200C8B058210A680A99CDF844C007EBC70C07EB62
S3150200C8C04C0CB2EF504501EBC10E149F01EB4E0E1C
S3150200C8D0CDF824C0AEFB07EC1999B2FF5044189E5E
S3150200C8E0E1FB04ECA4FB07411893E6FB03EC199B5E
S3150200C8F00EFD595E059FE3FB0541A046189B1E9D52
S3150200C900B2EF52A5029CE5FB0381E6FB04811D9C66
S3150200C910049DE4FB0081B2FF52A4EAFB0581169C4A
S3150200C9201896069EE4FB0681099E8EFD0BBE019CAF
S3150200C930E6FB0781119EE6FB0481089E1BED571F4D
S3150200C940029CE6FB02810D9E0F9106EBC60106EBE9
S3150200C95041019BED293FE1FB04EC129CEAFB00EC52
S3150200C960CDF8388028F07C48CDF8848000FF560147
S3150200C97004EBC40804EB4808E8FB05EC069E099D97
S3150200C9801F9002FF5821E5FB06ECDDE90E6756EA29
S3150200C9909F6740461A9DA2EF5245CDE90E6705EB09
S3150200C9A0C508059F05EB4808E8FB07EC089CA2FFB3
S3150200C9B05244019D0C92E5FB04EC109D0E9CE5FB96
S3150200C9C002EC0EFD7D5E6A00149F17920F9A1EEB13
S3150200C9D00404A1EF50A546464CEB0209A046DDE948
S3150200C9E0182524F07E4CA7FB0141A1FF50A4E5FBCC
S3150200C9F002410246EAFB034120900298CDF888C024
S3150200CA000EFD19BEE2FB00411F98099A1F96E2FB32
S3150200CA1000411BED431F3246049E58EA5F69E2FB62
S3150200CA200641069E089A9BED3D3FE6FB0241109E9B
S3150200CA30059AE2FB06410B9E019A00FF5601E2FBB4
S3150200CA400641A4460C9A0A9C049EE4FB02C102FF1C
S3150200CA505821189CCDF88CC0A4FB07EC1E9C169A94
S3150200CA60B5EF5245E5FB04EC1D9C059FE4FB03EC88
S3150200CA70029CEAFB04ECB5FF5244E2FB00EC099A85
S3150200CA80E2FB06EC069E119AE2FB06EC0EFD3D5E0B
S3150200CA90089AE7FB02EC179A019FE7FB02ECB4EF58
S3150200CAA050A5DDE90B72E7FB02EC1EEB080E4CEB20
S3150200CAB00902CDF838E00F92B4FF50A40A9ADDE9D4
S3150200CAC00E8958EA9F692EF07C4C5200CDF878C048
S3150200CAD08EFD27BE1992209A149FCDE90E89A7FBD7
S3150200CAE002EC1BED2F1FE5FB0AEC099AE2FB03ECB5
S3150200CAF01F9AE2FB04EC089A9BED513F049CE0FB73
S3150200CB0002EC109AE4FB02EC0B9C019A00FF560120
S3150200CB10E6FB04EC0A9C059EE6FB04EC4446239ED7
S3150200CB2002FF58213419A0460F9E24F07E4441EBA1
S3150200CB300609A9EF5045139958EA5F69E2FB01EC31
S3150200CB40DDE90C16E6FB01EC159AA9FF5044CDF877
S3150200CB5038E0AAFB07E1D4601D9C099AE5FB04E1D3
S3150200CB600EFD615E169C119EE4FB03E1029CE2FB54
S3150200CB7004E1A9EF52A5E6FB00E1089A049EE6FB52
S3150200CB8002E1069E179AA9FF52A4E6FB02E1059E60
S3150200CB900B9AE6FB02E1019A199E8EFD03BEE2FBA9
S3150200CBA006E1139E0C9AE6FB02E11EEB080E9EFDC1
S3150200CBB05B7E41EB0901CDF808E00391DDE90289CC
S3150200CBC058EA9F691F9E9EFD6F9E159A2EF07C4124
S3150200CBD0A7FB06AE1161099A109E1BED7B1FE5FBB2
S3150200CBE002AE089A0294E3FB02AEE4FB06AE0B9C8D
S3150200CBF09BED053F049EE0FB04AE0A9C059AE6FB0C
S3150200CC0004AE00FF5601069E139C0D99E6FB04AE88
S3150200CC1044460E9E02FF5821490034190D9E0E9479
S3150200CC20E2FB06AE159AA1EF524524F07E4454610A
S3150200CC301C9C019A4CEB090CA1FF5244E2FB04AE88
S3150200CC40129C0C9ACDF83CC0E4FB02AEDDE90E89DB
S3150200CC500EFD715ECDF850A0099A58EA5F69A2FBF3
S3150200CC60074C169A189320EF50A1E5FB024C119A35
S3150200CC70049EE2FB034C029B0EFD0DBE089ACDE913
S3150200CC800E89E3FB024C179B059AE0FB034C1BED56
S3150200CC90671F0B9BE6FB034C069E199BE6FB034CA8
S3150200CCA0139B9BED193FE2FB034C019B0C9AE3FBA2
S3150200CCB0014C1C9BE3FB024C00FF560114EB0808D7
S3150200CCC00F9CCDF818804CEB0404079402FF582100
S3150200CCD0DDE9062352EA9F63CDE90623159B109AE6
S3150200CCE028F07C48B6EF5045C3F81880129BA7FB84
S3150200CCF002C84FEA4309089B119AB6FF5044E5FB66
S3150200CD0003C8A7FB033AE5FB023ADDE917240B9DAC
S3150200CD108BED695FE4FB023AE4FB05C8029C059AC7
S3150200CD20E4FB053A0A9DB6EF52A5E4FB05C8199D38
S3150200CD30139CE0FB053AE0FB04C80498B6FF52A434
S3150200CD401A9DE0FB043A0D9CE6FB013AE0FB04C89F
S3150200CD500EFD31BE1C98129CE6FB00C8E2FB003AAF
S3150200CD60E2FB04C81B981BED531F019A149EE2FBBB
S3150200CD70093AE2FB00C80C9AE0FB023A9BED2D3F12
S3150200CD80E2FB05C8069A079DB4182246194600FF1B
S3150200CD9056014EEB050352EA5F631598891824F093
S3150200CDA07E4402FF5821C4610C464AEB030554EA4D
S3150200CDB09F651CEB040C6246A5EF504548EB050344
S3150200CDC052EA5F6314461D4654EACF0521F07C41C0
S3150200CDD0A5FF504401622CF07E414162A11845EB49
S3150200CDE003040EFD555E49186441891844EB030499
S3150200CDF0219BC918A5EF52A50A4644F1000352EA3F
S3150200CE009F6321F07C4101602299A5FF52A48B18F1
S3150200CE101E9923F07E4201EB5363C0E9012324B03D
S3150200CE20BDE8F88FAFF30080AFF30080AFF3008068
S3150200CE302DE9F84FA4B007B443F2143BC2F2002B1B
S3150200CE40DBF800B00BF5FE7B01A309E0AFF300802F
S3150200CE500000000004000000080000000C000000B2
S3150200CE6093ED00FF43F21433C2F200231B6803F270
S3150200CE70F4532FEE43EF07BC4FF0260C8EFD0FBE88
S3150200CE8096465368176A9468D2681BED3F1F0CFBDF
S3150200CE9002F615900A92DEF810008A691E969BED3C
S3150200CEA0413F0292DEF8146000EBC00200EB42083A
S3150200CEB0CDF86080DEF81C2000FF56010CFB06F858
S3150200CEC00D960E691B97049602FF58210F6A1646A5
S3150200CED04D6A1497DEF818701995B7EF52453A461F
S3150200CEE02546CDF874800CFB06F807EBC70704EB62
S3150200CEF0C404B7FF524402EB470A0B9505EB440400
S3150200CF0010930CFB03F50EFD795E1390CB6948690D
S3150200CF101C921296CDF85880B6EF50A5CF68DEF86F
S3150200CF20242006978F680CFB02FC0597B6FF50A4D7
S3150200CF30DEF800701A924A6808971B9F01920EFD4E
S3150200CF4015BE0A680A99CDF844C007EBC70C07EB71
S3150200CF504C0C1BED2B1F01EBC10E149F01EB4E0E69
S3150200CF60CDF824C0AEFB07EC19999BED553F189EF0
S3150200CF70E1FB04ECA4FB07411893E6FB03EC199BC7
S3150200CF8000FF5601059FE3FB0541A046189B1E9D27
S3150200CF9002FF5821029CE5FB0381E6FB04811D9CEE
S3150200CFA0049DE4FB0081A1EF5045EAFB0581169C36
S3150200CFB01896069EE4FB0681099EA1FF5044019C39
S3150200CFC0E6FB0781119EE6FB0481089E0EFD395E93
S3150200CFD0029CE6FB02810D9E0F9106EBC60106EB53
S3150200CFE04101A1EF52A5E1FB04EC129CEAFB00EC25
S3150200CFF0CDF8388028F07C48CDF88480A1FF52A471
S3150200D00004EBC40804EB4808E8FB05EC069E099D00
S3150200D0101F908EFD2BBEE5FB06ECDDE90E6756EA98
S3150200D0209F6740461A9D9EFD5F7ECDE90E6705EB22
S3150200D030C508059F05EB4808E8FB07EC089C9EFD22
S3150200D040739E019D0C92E5FB04EC109D0E9CE5FB84
S3150200D05002EC1BED771F6A00149F17920F9A1EEBC4
S3150200D06004049BED093F46464CEB0209A046DDE966
S3150200D070182524F07E4CA7FB014100FF5601E5FB73
S3150200D08002410246EAFB034120900298CDF888C08D
S3150200D09002FF5821E2FB00411F98099A1F96E2FB04
S3150200D0A00041BFEF50453246049E58EA5F69E2FBF3
S3150200D0B00641069E089ABFFF5044E6FB0241109EB7
S3150200D0C0059AE2FB06410B9E019A0EFD495EE2FBC2
S3150200D0D00641A4460C9A0A9C049EE4FB02C1BFEFD9
S3150200D0E052A5189CCDF88CC0A4FB07EC1E9C169A80
S3150200D0F0BFFF52A4E5FB04EC1D9C059FE4FB03EC79
S3150200D100029CEAFB04EC8EFD1BBEE2FB00EC099AD4
S3150200D110E2FB06EC069E119AE2FB06EC1BED631F90
S3150200D120089AE7FB02EC179A019FE7FB02EC9BEDDC
S3150200D1301D3FDDE90B72E7FB02EC1EEB080E4CEB22
S3150200D1400902CDF838E00F9200FF56010A9ADDE98E
S3150200D1500E8958EA9F692EF07C4C5200CDF878C0B1
S3150200D16002FF58211992209A149FCDE90E89A7FB36
S3150200D17002ECA3EF5045E5FB0AEC099AE2FB03EC4D
S3150200D1801F9AE2FB04EC089AA3FF5044049CE0FBBE
S3150200D19002EC109AE4FB02EC0B9C019A0EFD6D5E0A
S3150200D1A0E6FB04EC0A9C059EE6FB04EC4446239E41
S3150200D1B0A3EF52A53419A0460F9E24F07E4441EBFC
S3150200D1C00609A3FF52A4139958EA5F69E2FB01EC30
S3150200D1D0DDE90C16E6FB01EC159A0EFD09BECDF84B
S3150200D1E038E0AAFB07E1D4601D9C099AE5FB04E13D
S3150200D1F01BED4F1F169C119EE4FB03E1029CE2FB12
S3150200D20004E19BED313FE6FB00E1089A049EE6FB52
S3150200D21002E1069E179A00FF5601E6FB02E1059E11
S3150200D2200B9AE6FB02E1019A199E02FF5821E2FBE4
S3150200D23006E1139E0C9AE6FB02E11EEB080EB6EF20
S3150200D240524541EB0901CDF808E00391DDE9028977
S3150200D25058EA9F691F9EB6FF5244159A2EF07C41EA
S3150200D260A7FB06AE1161099A109E8BED6D5FE5FB79
S3150200D27002AE089A0294E3FB02AEE4FB06AE0B9CF6
S3150200D280B5EF50A5049EE0FB04AE0A9C059AE6FBA8
S3150200D29004AEB5FF50A4069E139C0D99E6FB04AEA0
S3150200D2A044460E9E0EFD2DBE490034190D9E0E9467
S3150200D2B0E2FB06AE159A1BED3B1F24F07E44546139
S3150200D2C01C9C019A4CEB090C9BED453FE2FB04AE1C
S3150200D2D0129C0C9ACDF83CC0E4FB02AEDDE90E8945
S3150200D2E000FF5601CDF850A0099A58EA5F69A2FBE1
S3150200D2F0074C169A189302FF5821E5FB024C119A25
S3150200D300049EE2FB034C029BA8EF5245089ACDE924
S3150200D3100E89E3FB024C179B059AE0FB034CA8FF20
S3150200D32052440B9BE6FB034C069E199BE6FB034C01
S3150200D330139B0EFD515EE2FB034C019B0C9AE3FB31
S3150200D340014C1C9BE3FB024CA7EF50A514EB08080B
S3150200D3500F9CCDF818804CEB04040794A7FF50A449
S3150200D360DDE9062352EA9F63CDE90623159B109A4F
S3150200D37028F07C488EFD13BEC3F81880129BA7FBCB
S3150200D38002C84FEA4309089B119A1BED271FE5FBCA
S3150200D39003C8A7FB033AE5FB023ADDE917240B9D16
S3150200D3A09BED593FE4FB023AE4FB05C8029C059A51
S3150200D3B0E4FB053A0A9D00FF5601E4FB05C8199DE8
S3150200D3C0139CE0FB053AE0FB04C8049802FF5821CF
S3150200D3D01A9DE0FB043A0D9CE6FB013AE0FB04C809
S3150200D3E0BFEF52451C98129CE6FB00C8E2FB003ACE
S3150200D3F0E2FB04C81B98BFFF5244019A149EE2FB4B
S3150200D400093AE2FB00C80C9AE0FB023A0EFD755E91
S3150200D410E2FB05C8069A079DB41822461946BEEFD6
S3150200D42050A54EEB050352EA5F631598891824F05E
S3150200D4307E44BEFF50A4C4610C464AEB030554EA7F
S3150200D4409F651CEB040C62460EFD11BE48EB0503FC
S3150200D45052EA5F6314461D4654EACF0521F07C4129
S3150200D4609EFD637E01622CF07E414162A11845EB6E
S3150200D47003049EFD779E49186441891844EB030410
S3150200D480219BC9181BED731F0A4644F1000352EA99
S3150200D4909F6321F07C41016022999BED0D3F8B1821
S3150200D4A01E9923F07E4201EB5363C0E9012324B0A7
S3150200D4B0BDE8F88FAFF30080AFF30080AFF30080D2
S3150200D4C02DE9F84FA4B007B443F2143BC2F2002B85
S3150200D4D0DBF800B00BF5FE7B01A309E0AFF3008099
S3150200D4E00000000004000000080000000C0000001C
S3150200D4F093ED00FF43F21433C2F200231B6803F2DA
S3150200D500F4532FEE43EF07BC4FF0260C00FF5601F3
S3150200D51096465368176A9468D26802FF58210CFB34
S3150200D52002F615900A92DEF810008A691E96AEEF90
S3150200D53050450292DEF8146000EBC00200EB42088E
S3150200D540CDF86080DEF81C20AEFF50440CFB06F8D6
S3150200D5500D960E691B9704968BED795F0F6A164638
S3150200D5604D6A1497DEF818701995AEEF52A53A4631
S3150200D5702546CDF874800CFB06F807EBC70704EBCB
S3150200D580C404AEFF52A402EB470A0B9505EB440412
S3150200D59010930CFB03F50EFD21BE1390CB6948696F
S3150200D5A01C921296CDF858801BED5F1FCF68DEF8ED
S3150200D5B0242006978F680CFB02FC05979BED213F02
S3150200D5C0DEF800701A924A6808971B9F019200FFC4
S3150200D5D056010A680A99CDF844C007EBC70C07EB57
S3150200D5E04C0C02FF582101EBC10E149F01EB4E0EAB
S3150200D5F0CDF824C0AEFB07EC1999BCEF5245189E34
S3150200D600E1FB04ECA4FB07411893E6FB03EC199B30
S3150200D610BCFF5244059FE3FB0541A046189B1E9D95
S3150200D6200EFD455E029CE5FB0381E6FB04811D9C23
S3150200D630049DE4FB0081BBEF50A5EAFB0581169C25
S3150200D6401896069EE4FB0681099EBBFF50A4019C28
S3150200D650E6FB0781119EE6FB0481089E8EFD1FBE36
S3150200D660029CE6FB02810D9E0F9106EBC60106EBBC
S3150200D67041011BED4B1FE1FB04EC129CEAFB00ECA3
S3150200D680CDF8388028F07C48CDF884809BED353F74
S3150200D69004EBC40804EB4808E8FB05EC069E099D6A
S3150200D6A01F9000FF5601E5FB06ECDDE90E6756EA20
S3150200D6B09F6740461A9D02FF5821CDE90E6705EB8A
S3150200D6C0C508059F05EB4808E8FB07EC089CADEF8B
S3150200D6D05245019D0C92E5FB04EC109D0E9CE5FB68
S3150200D6E002ECADFF52446A00149F17920F9A1EEB8A
S3150200D6F004040EFD695E46464CEB0209A046DDE9CE
S3150200D700182524F07E4CA7FB0141ACEF50A5E5FBA2
S3150200D71002410246EAFB034120900298CDF888C0F6
S3150200D720ACFF50A4E2FB00411F98099A1F96E2FB48
S3150200D73000410EFD05BE3246049E58EA5F69E2FBD1
S3150200D7400641069E089A1BED371FE6FB0241109E14
S3150200D750059AE2FB06410B9E019A9BED493FE2FBCD
S3150200D7600641A4460C9A0A9C049EE4FB02C100FFF1
S3150200D7705601189CCDF88CC0A4FB07EC1E9C169A89
S3150200D78002FF5821E5FB04EC1D9C059FE4FB03EC1C
S3150200D790029CEAFB04ECABEF5245E2FB00EC099A71
S3150200D7A0E2FB06EC069E119AE2FB06ECABFF524444
S3150200D7B0089AE7FB02EC179A019FE7FB02EC8BED56
S3150200D7C0715FDDE90B72E7FB02EC1EEB080E4CEB18
S3150200D7D00902CDF838E00F92AAEF50A50A9ADDE9C0
S3150200D7E00E8958EA9F692EF07C4C5200CDF878C01B
S3150200D7F0AAFF50A41992209A149FCDE90E89A7FB7D
S3150200D80002EC0EFD29BEE5FB0AEC099AE2FB03ECEB
S3150200D8101F9AE2FB04EC089A1BED231F049CE0FB13
S3150200D82002EC109AE4FB02EC0B9C019A9BED5D3F25
S3150200D830E6FB04EC0A9C059EE6FB04EC4446239EAA
S3150200D84000FF56013419A0460F9E24F07E4441EB98
S3150200D850060902FF5821139958EA5F69E2FB01ECB7
S3150200D860DDE90C16E6FB01EC159ABCEF5045CDF846
S3150200D87038E0AAFB07E1D4601D9C099AE5FB04E1A6
S3150200D880BCFF5044169C119EE4FB03E1029CE2FBA2
S3150200D89004E10EFD4D5EE6FB00E1089A049EE6FBFE
S3150200D8A002E1069E179ABCEF52A5E6FB02E1059E2F
S3150200D8B00B9AE6FB02E1019A199EBCFF52A4E2FB17
S3150200D8C006E1139E0C9AE6FB02E11EEB080E8EFDA4
S3150200D8D017BE41EB0901CDF808E00391DDE90289A3
S3150200D8E058EA9F691F9E9EFD677E159A2EF07C411F
S3150200D8F0A7FB06AE1161099A109E9EFD7B9EE5FB73
S3150200D90002AE089A0294E3FB02AEE4FB06AE0B9C5F
S3150200D9101BED6F1F049EE0FB04AE0A9C059AE6FB14
S3150200D92004AE9BED113F069E139C0D99E6FB04AED9
S3150200D93044460E9E00FF5601490034190D9E0E9470
S3150200D940E2FB06AE159A02FF582124F07E4454618A
S3150200D9501C9C019A4CEB090CAEEF5245E2FB04AE5D
S3150200D960129C0C9ACDF83CC0E4FB02AEDDE90E89AE
S3150200D970AEFF5244CDF850A0099A58EA5F69A2FB5D
S3150200D980074C169A18930EFD5D5EE5FB024C119A42
S3150200D990049EE2FB034C029BADEF50A5089ACDE92B
S3150200D9A00E89E3FB024C179B059AE0FB034CADFF85
S3150200D9B050A40B9BE6FB034C069E199BE6FB034C0D
S3150200D9C0139B8EFD07BEE2FB034C019B0C9AE3FB05
S3150200D9D0014C1C9BE3FB024C1BED5B1F14EB08087E
S3150200D9E00F9CCDF818804CEB040407949BED253F61
S3150200D9F0DDE9062352EA9F63CDE90623159B109AB9
S3150200DA0028F07C4800FF5601C3F81880129BA7FB3A
S3150200DA1002C84FEA4309089B119A02FF5821E5FB07
S3150200DA2003C8A7FB033AE5FB023ADDE917240B9D7F
S3150200DA30AAEF5045E4FB023AE4FB05C8029C059AAC
S3150200DA40E4FB053A0A9DAAFF5044E4FB05C8199D6A
S3150200DA50139CE0FB053AE0FB04C804988BED7D5F5E
S3150200DA601A9DE0FB043A0D9CE6FB013AE0FB04C872
S3150200DA70AAEF52A51C98129CE6FB00C8E2FB003AEC
S3150200DA80E2FB04C81B98AAFF52A4019A149EE2FB69
S3150200DA90093AE2FB00C80C9AE0FB023A0EFD1DBEF3
S3150200DAA0E2FB05C8069A079DB418224619461BEDE5
S3150200DAB0471F4EEB050352EA5F631598891824F057
S3150200DAC07E449BED393FC4610C464AEB030554EA9A
S3150200DAD09F651CEB040C624600FF560148EB0503EA
S3150200DAE052EA5F6314461D4654EACF0521F07C4193
S3150200DAF002FF582101622CF07E414162A11845EBDA
S3150200DB000304B4EF524549186441891844EB0304EF
S3150200DB10219BC918B4FF52440A4644F1000352EA53
S3150200DB209F6321F07C41016022990EFD415E8B18B4
S3150200DB301E9923F07E4201EB5363C0E9012324B010
S3150200DB40BDE8F88FAFF30080AFF30080AFF300803B
S3150200DB502DE9F84FA4B007B443F2143BC2F2002BEE
S3150200DB60DBF800B00BF5FE7B01A309E0AFF3008002
S3150200DB700000000004000000080000000C00000085
S3150200DB8093ED00FF43F21433C2F200231B6803F243
S3150200DB90F4532FEE43EF07BC4FF0260CB3EF50A51C
S3150200DBA096465368176A9468D268B3FF50A40CFB72
S3150200DBB002F615900A92DEF810008A691E968EFD0C
S3150200DBC023BE0292DEF8146000EBC00200EB4208AC
S3150200DBD0CDF86080DEF81C201BED331F0CFB06F827
S3150200DBE00D960E691B9704969BED4D3F0F6A1646DE
S3150200DBF04D6A1497DEF81870199500FF56013A46D9
S3150200DC002546CDF874800CFB06F807EBC70704EB34
S3150200DC10C40402FF582102EB470A0B9505EB4404A4
S3150200DC2010930CFB03F5A4EF50451390CB6948699A
S3150200DC301C921296CDF85880A4FF5044CF68DEF8A5
S3150200DC40242006978F680CFB02FC05970EFD655E85
S3150200DC50DEF800701A924A6808971B9F0192A4EF99
S3150200DC6052A50A680A99CDF844C007EBC70C07EB20
S3150200DC704C0CA4FF52A401EBC10E149F01EB4E0EF5
S3150200DC80CDF824C0AEFB07EC19990EFD01BE189E15
S3150200DC90E1FB04ECA4FB07411893E6FB03EC199B9A
S3150200DCA01BED1F1F059FE3FB0541A046189B1E9D0A
S3150200DCB09BED613F029CE5FB0381E6FB04811D9C13
S3150200DCC0049DE4FB008100FF5601EAFB0581169CD8
S3150200DCD01896069EE4FB0681099E02FF5821019CC6
S3150200DCE0E6FB0781119EE6FB0481089EA7EF5045DD
S3150200DCF0029CE6FB02810D9E0F9106EBC60106EB26
S3150200DD004101A7FF5044E1FB04EC129CEAFB00EC44
S3150200DD10CDF8388028F07C48CDF884808BED755F8D
S3150200DD2004EBC40804EB4808E8FB05EC069E099DD3
S3150200DD301F90A7EF52A5E5FB06ECDDE90E6756EA52
S3150200DD409F6740461A9DA7FF52A4CDE90E6705EBD1
S3150200DD50C508059F05EB4808E8FB07EC089C0EFD85
S3150200DD6025BE019D0C92E5FB04EC109D0E9CE5FB85
S3150200DD7002EC9BED651F6A00149F17920F9A1EEB29
S3150200DD8004049BED693F46464CEB0209A046DDE9D9
S3150200DD90182524F07E4CA7FB01419BED6D5FE5FB48
S3150200DDA002410246EAFB034120900298CDF888C060
S3150200DDB09BED71BFE2FB00411F98099A1F96E2FB99
S3150200DDC000419BED75DF3246049E58EA5F69E2FB2D
S3150200DDD00641069E089A14EF5261E6FB0241109E26
S3150200DDE0059AE2FB06410B9E019A06FF5061E2FB91
S3150200DDF00641A4460C9A0A9C049EE4FB02C10BED62
S3150200DE007F7F189CCDF88CC0A4FB07EC1E9C169A4B
S3150200DE101AEF5461E5FB04EC1D9C059FE4FB03EC41
S3150200DE20029CEAFB04EC06FF5261E2FB00EC099A53
S3150200DE30E2FB06EC069E119AE2FB06EC0BED7B7FFB
S3150200DE40089AE7FB02EC179A019FE7FB02EC1CEF2C
S3150200DE505A61DDE90B72E7FB02EC1EEB080E4CEB96
S3150200DE600902CDF838E00F9206FF54610A9ADDE9FD
S3150200DE700E8958EA9F692EF07C4C5200CDF878C084
S3150200DE800BED777F1992209A149FCDE90E89A7FB95
S3150200DE9002EC10EF5C61E5FB0AEC099AE2FB03EC8B
S3150200DEA01F9AE2FB04EC089A06FF5A61049CE0FB07
S3150200DEB002EC109AE4FB02EC0B9C019A0BED737FC9
S3150200DEC0E6FB04EC0A9C059EE6FB04EC4446239E14
S3150200DED012EF50613419A0460F9E24F07E4441EBA6
S3150200DEE0060906FF5C61139958EA5F69E2FB01ECD9
S3150200DEF0DDE90C16E6FB01EC159A0BED6F7FCDF80A
S3150200DF0038E0AAFB07E1D4601D9C099AE5FB04E10F
S3150200DF109BED791F169C119EE4FB03E1029CE2FB3A
S3150200DF2004E19BED7D3FE6FB00E1089A049EE6FBD9
S3150200DF3002E1069E179A1EFD7D5EE6FB02E1059E44
S3150200DF400B9AE6FB02E1019A199E1EFD79BEE2FBDF
S3150200DF5006E1139E0C9AE6FB02E11EEB080E1EFD7D
S3150200DF6075DE41EB0901CDF808E00391DDE902898E
S3150200DF7058EA9F691F9E14EF5261159A2EF07C4152
S3150200DF80A7FB06AE1161099A109E06FF5061E5FBDA
S3150200DF9002AE089A0294E3FB02AEE4FB06AE0B9CC9
S3150200DFA00BED6B7F049EE0FB04AE0A9C059AE6FB32
S3150200DFB004AE1AEF5461069E139C0D99E6FB04AE5D
S3150200DFC044460E9E06FF5261490034190D9E0E9478
S3150200DFD0E2FB06AE159A0BED677F24F07E44546190
S3150200DFE01C9C019A4CEB090C1CEF5A61E2FB04AE35
S3150200DFF0129C0C9ACDF83CC0E4FB02AEDDE90E8918
S3150200E00006FF5461CDF850A0099A58EA5F69A2FB4F
S3150200E010074C169A18930BED637FE5FB024C119A97
S3150200E020049EE2FB034C029B10EF5C61089ACDE969
S3150200E0300E89E3FB024C179B059AE0FB034C06FF95
S3150200E0405A610B9BE6FB034C069E199BE6FB034CAF
S3150200E050139B0BED5F7FE2FB034C019B0C9AE3FBE8
S3150200E060014C1C9BE3FB024C12EF506114EB0808B7
S3150200E0700F9CCDF818804CEB0404079406FF5C61F4
S3150200E080DDE9062352EA9F63CDE90623159B109A22
S3150200E09028F07C480BED5B7FC3F81880129BA7FB28
S3150200E0A002C84FEA4309089B119A1EFD711EE5FB41
S3150200E0B003C8A7FB033AE5FB023ADDE917240B9DE9
S3150200E0C01EFD6D3EE4FB023AE4FB05C8029C059A7E
S3150200E0D0E4FB053A0A9D1EFD695EE4FB05C8199D2F
S3150200E0E0139CE0FB053AE0FB04C804981EFD65BEDE
S3150200E0F01A9DE0FB043A0D9CE6FB013AE0FB04C8DC
S3150200E1001EFD61DE1C98129CE6FB00C8E2FB003A8B
S3150200E110E2FB04C81B9814EF5261019A149EE2FBBB
S3150200E120093AE2FB00C80C9AE0FB023A06FF50618C
S3150200E130E2FB05C8069A079DB418224619460BED5E
S3150200E140577F4EEB050352EA5F631598891824F050
S3150200E1507E441AEF5461C4610C464AEB030554EA45
S3150200E1609F651CEB040C624606FF526148EB0503F1
S3150200E17052EA5F6314461D4654EACF0521F07C41FC
S3150200E1800BED537F01622CF07E414162A11845EBF3
S3150200E19003041CEF5A6149186441891844EB0304CD
S3150200E1A0219BC91806FF54610A4644F1000352EA4C
S3150200E1B09F6321F07C41016022990BED4F7F8B1802
S3150200E1C01E9923F07E4201EB5363C0E9012324B07A
S3150200E1D0BDE8F88FAFF30080AFF30080AFF30080A5
S3150200E1E02DE9F84FA4B007B443F2143BC2F2002B58
S3150200E1F0DBF800B00BF5FE7B01A309E0AFF300806C
S3150200E2000000000004000000080000000C000000EE
S3150200E21093ED00FF43F21433C2F200231B6803F2AC
S3150200E220F4532FEE43EF07BC4FF0260C10EF5C6160
S3150200E23096465368176A9468D26806FF5A610CFBC1
S3150200E24002F615900A92DEF810008A691E960BED08
S3150200E2504B7F0292DEF8146000EBC00200EB42082C
S3150200E260CDF86080DEF81C2012EF50610CFB06F838
S3150200E2700D960E691B97049606FF5C610F6A164699
S3150200E2804D6A1497DEF8187019950BED477F3A46DA
S3150200E2902546CDF874800CFB06F807EBC70704EB9E
S3150200E2A0C4041EFD5D1E02EB470A0B9505EB4404F2
S3150200E2B010930CFB03F51EFD593E1390CB6948697A
S3150200E2C01C921296CDF858801EFD555ECF68DEF878
S3150200E2D0242006978F680CFB02FC05971EFD51BE93
S3150200E2E0DEF800701A924A6808971B9F01921EFD7B
S3150200E2F04DDE0A680A99CDF844C007EBC70C07EB56
S3150200E3004C0C14EF526101EBC10E149F01EB4E0E41
S3150200E310CDF824C0AEFB07EC199906FF5061189E92
S3150200E320E1FB04ECA4FB07411893E6FB03EC199B03
S3150200E3300BED437F059FE3FB0541A046189B1E9DFF
S3150200E3401AEF5461029CE5FB0381E6FB04811D9CE6
S3150200E350049DE4FB008106FF5261EAFB0581169CDF
S3150200E3601896069EE4FB0681099E0BED3F7F019CF3
S3150200E370E6FB0781119EE6FB0481089E1CEF5A61AB
S3150200E380029CE6FB02810D9E0F9106EBC60106EB8F
S3150200E390410106FF5461E1FB04EC129CEAFB00EC2E
S3150200E3A0CDF8388028F07C48CDF884800BED3B7F91
S3150200E3B004EBC40804EB4808E8FB05EC069E099D3D
S3150200E3C01F9010EF5C61E5FB06ECDDE90E6756EA8D
S3150200E3D09F6740461A9D06FF5A61CDE90E6705EB17
S3150200E3E0C508059F05EB4808E8FB07EC089C0BED02
S3150200E3F0377F019D0C92E5FB04EC109D0E9CE5FB1C
S3150200E40002EC12EF50616A00149F17920F9A1EEBEC
S3150200E410040406FF5C6146464CEB0209A046DDE9B0
S3150200E420182524F07E4CA7FB01410BED337FE5FB5B
S3150200E43002410246EAFB034120900298CDF888C0C9
S3150200E4401EFD491EE2FB00411F98099A1F96E2FB38
S3150200E45000411EFD453E3246049E58EA5F69E2FBD4
S3150200E4600641069E089A1EFD415EE6FB0241109E8B
S3150200E470059AE2FB06410B9E019A1EFD3DBEE2FB9A
S3150200E4800641A4460C9A0A9C049EE4FB02C11EFDA8
S3150200E49039DE189CCDF88CC0A4FB07EC1E9C169A9C
S3150200E4A014EF5261E5FB04EC1D9C059FE4FB03ECB3
S3150200E4B0029CEAFB04EC06FF5061E2FB00EC099ABF
S3150200E4C0E2FB06EC069E119AE2FB06EC0BED2F7FB1
S3150200E4D0089AE7FB02EC179A019FE7FB02EC1AEF98
S3150200E4E05461DDE90B72E7FB02EC1EEB080E4CEB06
S3150200E4F00902CDF838E00F9206FF52610A9ADDE969
S3150200E5000E8958EA9F692EF07C4C5200CDF878C0ED
S3150200E5100BED2B7F1992209A149FCDE90E89A7FB4A
S3150200E52002EC1CEF5A61E5FB0AEC099AE2FB03ECEA
S3150200E5301F9AE2FB04EC089A06FF5461049CE0FB76
S3150200E54002EC109AE4FB02EC0B9C019A0BED277F7E
S3150200E550E6FB04EC0A9C059EE6FB04EC4446239E7D
S3150200E56010EF5C613419A0460F9E24F07E4441EB05
S3150200E570060906FF5A61139958EA5F69E2FB01EC44
S3150200E580DDE90C16E6FB01EC159A0BED237FCDF8BF
S3150200E59038E0AAFB07E1D4601D9C099AE5FB04E179
S3150200E5A012EF5061169C119EE4FB03E1029CE2FB12
S3150200E5B004E106FF5C61E6FB00E1089A049EE6FBC5
S3150200E5C002E1069E179A0BED1F7FE6FB02E1059E0E
S3150200E5D00B9AE6FB02E1019A199E1EFD351EE2FB2D
S3150200E5E006E1139E0C9AE6FB02E11EEB080E1EFDE7
S3150200E5F0313E41EB0901CDF808E00391DDE90289DC
S3150200E60058EA9F691F9E1EFD2D5E159A2EF07C41CB
S3150200E610A7FB06AE1161099A109E1EFD29BEE5FBF7
S3150200E62002AE089A0294E3FB02AEE4FB06AE0B9C32
S3150200E6301EFD25DE049EE0FB04AE0A9C059AE6FB5F
S3150200E64004AE14EF5261069E139C0D99E6FB04AECE
S3150200E65044460E9E06FF5061490034190D9E0E94E3
S3150200E660E2FB06AE159A8BED017F24F07E445461DF
S3150200E6701C9C019A4CEB090C1AEF5461E2FB04AEA6
S3150200E680129C0C9ACDF83CC0E4FB02AEDDE90E8981
S3150200E69006FF5261CDF850A0099A58EA5F69A2FBBB
S3150200E6A0074C169A18938BED057FE5FB024C119ADF
S3150200E6B0049EE2FB034C029B1CEF5A61089ACDE9C9
S3150200E6C00E89E3FB024C179B059AE0FB034C06FFFF
S3150200E6D054610B9BE6FB034C069E199BE6FB034C1F
S3150200E6E0139B8BED097FE2FB034C019B0C9AE3FB28
S3150200E6F0014C1C9BE3FB024C10EF5C6114EB080817
S3150200E7000F9CCDF818804CEB0404079406FF5A615F
S3150200E710DDE9062352EA9F63CDE90623159B109A8B
S3150200E72028F07C488BED0D7FC3F81880129BA7FB5F
S3150200E73002C84FEA4309089B119A12EF5061E5FBA2
S3150200E74003C8A7FB033AE5FB023ADDE917240B9D52
S3150200E75006FF5C61E4FB023AE4FB05C8029C059AEB
S3150200E760E4FB053A0A9D8BED117FE4FB05C8199D72
S3150200E770139CE0FB053AE0FB04C804981EFD211E2B
S3150200E7801A9DE0FB043A0D9CE6FB013AE0FB04C845
S3150200E7901EFD1D3E1C98129CE6FB00C8E2FB003AD9
S3150200E7A0E2FB04C81B981EFD195E019A149EE2FB49
S3150200E7B0093AE2FB00C80C9AE0FB023A1EFD15BEBE
S3150200E7C0E2FB05C8069A079DB418224619461EFDA5
S3150200E7D011DE4EEB050352EA5F631598891824F0A1
S3150200E7E07E4414EF5261C4610C464AEB030554EAB7
S3150200E7F09F651CEB040C624606FF506148EB05035D
S3150200E80052EA5F6314461D4654EACF0521F07C4165
S3150200E8108BED157F01622CF07E414162A11845EB1A
S3150200E82003041AEF546149186441891844EB03043E
S3150200E830219BC91806FF52610A4644F1000352EAB7
S3150200E8409F6321F07C41016022998BED197F8B1821
S3150200E8501E9923F07E4201EB5363C0E9012324B0E3
S3150200E860BDE8F88FAFF30080AFF30080AFF300800E
S3150200E8702DE9F84FA4B007B443F2143BC2F2002BC1
S3150200E880DBF800B00BF5FE7B01A309E0AFF30080D5
S3150200E8900000000004000000080000000C00000058
S3150200E8A093ED00FF43F21433C2F200231B6803F216
S3150200E8B0F4532FEE43EF07BC4FF0260C1CEF5A61C0
S3150200E8C096465368176A9468D26806FF54610CFB31
S3150200E8D002F615900A92DEF810008A691E968BEDF2
S3150200E8E01D7F0292DEF8146000EBC00200EB4208C4
S3150200E8F0CDF86080DEF81C2010EF5C610CFB06F898
S3150200E9000D960E691B97049606FF5A610F6A164604
S3150200E9104D6A1497DEF8187019958BED217F3A46E9
S3150200E9202546CDF874800CFB06F807EBC70704EB07
S3150200E930C40412EF506102EB470A0B9505EB44043F
S3150200E94010930CFB03F506FF5C611390CB694869D3
S3150200E9501C921296CDF858808BED257FCF68DEF893
S3150200E960242006978F680CFB02FC05971EFD0D1EE0
S3150200E970DEF800701A924A6808971B9F01921EFDE4
S3150200E980093E0A680A99CDF844C007EBC70C07EBA3
S3150200E9904C0C1EFD055E01EBC10E149F01EB4E0EE3
S3150200E9A0CDF824C0AEFB07EC19991EFD01BE189ED8
S3150200E9B0E1FB04ECA4FB07411893E6FB03EC199B6D
S3150200E9C09EFD03DE059FE3FB0541A046189B1E9DA7
S3150200E9D014EF5261029CE5FB0381E6FB04811D9C58
S3150200E9E0049DE4FB008106FF5061EAFB0581169C4B
S3150200E9F01896069EE4FB0681099E8BED297F019CF3
S3150200EA00E6FB0781119EE6FB0481089E1AEF54611C
S3150200EA10029CE6FB02810D9E0F9106EBC60106EBF8
S3150200EA20410106FF5261E1FB04EC129CEAFB00EC99
S3150200EA30CDF8388028F07C48CDF884808BED2D7F88
S3150200EA4004EBC40804EB4808E8FB05EC069E099DA6
S3150200EA501F901CEF5A61E5FB06ECDDE90E6756EAEC
S3150200EA609F6740461A9D06FF5461CDE90E6705EB86
S3150200EA70C508059F05EB4808E8FB07EC089C8BEDEB
S3150200EA80317F019D0C92E5FB04EC109D0E9CE5FB8B
S3150200EA9002EC10EF5C616A00149F17920F9A1EEB4C
S3150200EAA0040406FF5A6146464CEB0209A046DDE91C
S3150200EAB0182524F07E4CA7FB01418BED357FE5FB43
S3150200EAC002410246EAFB034120900298CDF888C033
S3150200EAD012EF5061E2FB00411F98099A1F96E2FB72
S3150200EAE0004106FF5C613246049E58EA5F69E2FB1A
S3150200EAF00641069E089A8BED397FE6FB0241109E7F
S3150200EB00059AE2FB06410B9E019A9EFD071EE2FB59
S3150200EB100641A4460C9A0A9C049EE4FB02C19EFD91
S3150200EB200B3E189CCDF88CC0A4FB07EC1E9C169AD3
S3150200EB309EFD0F5EE5FB04EC1D9C059FE4FB03ECCA
S3150200EB40029CEAFB04EC9EFD13BEE2FB00EC099A72
S3150200EB50E2FB06EC069E119AE2FB06EC9EFD17DE30
S3150200EB60089AE7FB02EC179A019FE7FB02EC14EF07
S3150200EB705261DDE90B72E7FB02EC1EEB080E4CEB71
S3150200EB800902CDF838E00F9206FF50610A9ADDE9D4
S3150200EB900E8958EA9F692EF07C4C5200CDF878C057
S3150200EBA08BED3D7F1992209A149FCDE90E89A7FB22
S3150200EBB002EC1AEF5461E5FB0AEC099AE2FB03EC5C
S3150200EBC01F9AE2FB04EC089A06FF5261049CE0FBE2
S3150200EBD002EC109AE4FB02EC0B9C019A8BED417F4E
S3150200EBE0E6FB04EC0A9C059EE6FB04EC4446239EE7
S3150200EBF01CEF5A613419A0460F9E24F07E4441EB65
S3150200EC00060906FF5461139958EA5F69E2FB01ECB3
S3150200EC10DDE90C16E6FB01EC159A8BED457FCDF886
S3150200EC2038E0AAFB07E1D4601D9C099AE5FB04E1E2
S3150200EC3010EF5C61169C119EE4FB03E1029CE2FB71
S3150200EC4004E106FF5A61E6FB00E1089A049EE6FB30
S3150200EC5002E1069E179A8BED497FE6FB02E1059ECD
S3150200EC600B9AE6FB02E1019A199E12EF5061E2FB52
S3150200EC7006E1139E0C9AE6FB02E11EEB080E06FF66
S3150200EC805C6141EB0901CDF808E00391DDE90289F7
S3150200EC9058EA9F691F9E8BED4D7F159A2EF07C4197
S3150200ECA0A7FB06AE1161099A109E9EFD1B1EE5FB8F
S3150200ECB002AE089A0294E3FB02AEE4FB06AE0B9C9C
S3150200ECC09EFD1F3E049EE0FB04AE0A9C059AE6FBEF
S3150200ECD004AE9EFD235E069E139C0D99E6FB04AED2
S3150200ECE044460E9E9EFD27BE490034190D9E0E9483
S3150200ECF0E2FB06AE159A9EFD2BDE24F07E4454619D
S3150200ED001C9C019A4CEB090C14EF5261E2FB04AE17
S3150200ED10129C0C9ACDF83CC0E4FB02AEDDE90E89EA
S3150200ED2006FF5061CDF850A0099A58EA5F69A2FB26
S3150200ED30074C169A18938BED517FE5FB024C119AFC
S3150200ED40049EE2FB034C029B1AEF5461089ACDE93A
S3150200ED500E89E3FB024C179B059AE0FB034C06FF68
S3150200ED6052610B9BE6FB034C069E199BE6FB034C8A
S3150200ED70139B8BED557FE2FB034C019B0C9AE3FB45
S3150200ED80014C1C9BE3FB024C1CEF5A6114EB080876
S3150200ED900F9CCDF818804CEB0404079406FF5461CF
S3150200EDA0DDE9062352EA9F63CDE90623159B109AF5
S3150200EDB028F07C488BED597FC3F81880129BA7FB7D
S3150200EDC002C84FEA4309089B119A10EF5C61E5FB02
S3150200EDD003C8A7FB033AE5FB023ADDE917240B9DBC
S3150200EDE006FF5A61E4FB023AE4FB05C8029C059A57
S3150200EDF0E4FB053A0A9D8BED5D7FE4FB05C8199D90
S3150200EE00139CE0FB053AE0FB04C8049812EF50613C
S3150200EE101A9DE0FB043A0D9CE6FB013AE0FB04C8AE
S3150200EE2006FF5C611C98129CE6FB00C8E2FB003AF6
S3150200EE30E2FB04C81B988BED617F019A149EE2FBEC
S3150200EE40093AE2FB00C80C9AE0FB023A1BED1B1FD3
S3150200EE50E2FB05C8069A079DB418224619461BED21
S3150200EE607F3F4EEB050352EA5F631598891824F03B
S3150200EE707E4402FF5021C4610C464AEB030554EA64
S3150200EE809F651CEB040C62460BED7F3F48EB0503C6
S3150200EE9052EA5F6314461D4654EACF0521F07C41CF
S3150200EEA01BED171F01622CF07E414162A11845EB52
S3150200EEB003049BED013F49186441891844EB03049E
S3150200EEC0219BC91802FF50210A4644F1000352EA67
S3150200EED09F6321F07C41016022998BED013F8B18E3
S3150200EEE01E9923F07E4201EB5363C0E9012324B04D
S3150200EEF0BDE8F88F80ED009F80ED04BF80ED08DF4E
S3150200EF0080ED0CFF704790ED009F90ED04BF90EDF1
S3150200EF1008DF90ED0CFF70470000000000000000C3
S3150200EF2070B5F0E80245230065F31F446FF30F0541
S3150200EF3045EA134584EA142385EA152603F47F433A
S3150200EF4006F47F465C40754084EA032485EA06257A
S3150200EF5084EA141385EA151603F0F01306F0F01688
S3150200EF605C40754084EA031485EA061584EA940334
S3150200EF7085EA950603F00C3306F00C365C407540C4
S3150200EF8084EA830485EA860584EA540385EA5506FB
S3150200EF9003F0223306F022365C40754084EA4304CD
S3150200EFA085EA460541F8044B013A41F8045BB8D1BB
S3150200EFB070BD00BF0000000000000000000000005D
S3150200EFC02DE9F04F2DED108B00F5FE7A00F2F45B81
S3150200EFD01AED7F1F1AED6B3F00FF52011AED573FE4
S3150200EFE000FF52011AED433F00FF52011AED2F3F77
S3150200EFF000FF52018BED2F1F1AED7B1F1AED673FA3
S3150200F00000FF52011AED533F00FF52011AED3F3F36
S3150200F01000FF52011AED2B3F00FF52018BED331F09
S3150200F0201AED771F1AED633F00FF52011AED4F3FAB
S3150200F03000FF52011AED3B3F00FF52011AED273F36
S3150200F04000FF52018BED371F1AED731F1AED5F3F5A
S3150200F05000FF52011AED4B3F00FF52011AED373FF6
S3150200F06000FF52011AED233F00FF52018BED3B1FB9
S3150200F0701AED6F1F1AED5B3F00FF52011AED473F73
S3150200F08000FF52011AED333F00FF52011AED1F3FF6
S3150200F09000FF52018BED3F1F9AED011F9AED153FBE
S3150200F0A000FF52019AED293F00FF52019AED3D3FC2
S3150200F0B000FF52019AED513F00FF52018BED431FB3
S3150200F0C09AED051F9AED193F00FF52019AED2D3F69
S3150200F0D000FF52019AED413F00FF52019AED553F62
S3150200F0E000FF52018BED471F9AED091F9AED1D3F56
S3150200F0F000FF52019AED313F00FF52019AED453F62
S3150200F10000FF52019AED593F00FF52018BED4B1F52
S3150200F1109AED0D1F9AED213F00FF52019AED353F00
S3150200F12000FF52019AED493F00FF52019AED5D3F01
S3150200F13000FF52018BED4F1F9AED111F9AED253FED
S3150200F14000FF52019AED393F00FF52019AED4D3F01
S3150200F15000FF52019AED613F00FF52018BED531FF2
S3150200F1609BED471FA1EF5025A1FF50249BED3F5F6A
S3150200F17002FF54218BED573F9BED331F9BED535FEF
S3150200F18000FF54018BED6B1F9BED4B1FA1EF50252A
S3150200F190A1FF50249BED2F5F02FF54218BED5B3FB5
S3150200F1A09BED371F9BED435F00FF54018BED6F1FF5
S3150200F1B09BED4F1FA1EF5025A1FF50249BED335F1E
S3150200F1C002FF54218BED5F3F9BED3B1F9BED475F9B
S3150200F1D000FF54018BED731F9BED531FA1EF5025CA
S3150200F1E0A1FF50249BED375F02FF54218BED633F55
S3150200F1F09BED3F1F9BED4B5F00FF54018BED771F8D
S3150200F2009BED431FA1EF5025A1FF50249BED3B5FD1
S3150200F21002FF54218BED673F9BED2F1F9BED4F5F46
S3150200F22000FF54018BED7B1F9BED57DF9BED6BFFC0
S3150200F2301AED7F1F9AED013F00FF5C0102FF5E217E
S3150200F24020EF50418AED655F22EF52610BED357F6B
S3150200F2501AED6B1F9AED153F00FF5C0102FF5E215E
S3150200F260B2EF5045B2FF50440BED595FB2EF526513
S3150200F270B2FF52648BED0B7F1AED571F9AED293FB1
S3150200F28000FF5C0102FF5E21A2EF5245A2FF52443B
S3150200F2900BED7D5FA1EF5065A1FF50640BED197F69
S3150200F2A01AED431F9AED3D3F00FF5C0102FF5E210E
S3150200F2B0B5EF5245B5FF52440BED3D5FB4EF5065D5
S3150200F2C0B4FF50648BED277F1AED2F1F9AED513F45
S3150200F2D000FF5C0102FF5E21A9EF5045A9FF5044E1
S3150200F2E00BED615FA9EF5265A9FF52648BED037FB7
S3150200F2F09BED5BDF9BED6FFF1AED7B1F9AED053FE2
S3150200F30000FF5C0102FF5E21A1EF5245A1FF5244BC
S3150200F3100BED715F20EF50610BED0D7F1AED671F4C
S3150200F3209AED193F00FF5C0102FF5E21B6EF5045E0
S3150200F330B6FF50448AED695FB6EF5265B6FF526476
S3150200F3400BED317F1AED531F9AED2D3F00FF5C0145
S3150200F35002FF5E21A5EF5045A5FF50440BED555F18
S3150200F360A5EF5265A5FF52648BED0F7F1AED3F1F85
S3150200F3709AED413F00FF5C0102FF5E21B7EF524565
S3150200F380B7FF52440BED795FB6EF5065B6FF506496
S3150200F3900BED157F1AED2B1F9AED553F00FF5C0111
S3150200F3A002FF5E21A1EF5045A1FF50440BED395FEC
S3150200F3B0A1EF5265A1FF52648BED2B7F9BED5FDFC0
S3150200F3C09BED73FF1AED771F9AED093F00FF5C0173
S3150200F3D002FF5E21BFEF5045BFFF50440BED495F70
S3150200F3E0BFEF5265BFFF52648BED1B7F1AED631FA1
S3150200F3F09AED1D3F00FF5C0102FF5E21A3EF50451F
S3150200F400A3FF50440BED6D5FA3EF5265A3FF526459
S3150200F4100BED097F1AED4F1F9AED313F00FF5C019C
S3150200F42002FF5E21B6EF5245B6FF52448AED6D5F8A
S3150200F430B5EF5065B5FF50640BED2D7F1AED3B1FFE
S3150200F4409AED453F00FF5C0102FF5E21A8EF52459F
S3150200F450A8FF52440BED515FA7EF5065A7FF50641A
S3150200F4608BED137F1AED271F9AED593F00FF5C01C2
S3150200F47002FF5E21BFEF5245BFFF52440BED755F9F
S3150200F480BEEF5065BEFF50640BED117F9BED63DF4F
S3150200F4909BED77FF1AED731F9AED0D3F00FF5C019E
S3150200F4A002FF5E21AEEF5045AEFF50448AED795F12
S3150200F4B0AEEF5265AEFF52640BED217F1AED5F1F70
S3150200F4C09AED213F00FF5C0102FF5E21BCEF52452F
S3150200F4D0BCFF52440BED455FBBEF5065BBFF50646A
S3150200F4E08BED1F7F1AED4B1F9AED353F00FF5C0136
S3150200F4F002FF5E21ADEF5245ADFF52440BED695F4F
S3150200F500ACEF5065ACFF50640BED057F1AED371F6B
S3150200F5109AED493F00FF5C0102FF5E21ABEF5245C7
S3150200F520ABFF52448AED715FAAEF5065AAFF5064A1
S3150200F5300BED297F1AED231F9AED5D3F00FF5C015B
S3150200F54002FF5E21BCEF5045BCFF50440BED4D5F00
S3150200F550BCEF5265BCFF52648BED177F9BED67DFF4
S3150200F5609BED7BFF1AED6F1F9AED113F00FF5C01C9
S3150200F57002FF5E21AEEF5245AEFF52440BED5D5FD8
S3150200F580ADEF5065ADFF50648BED077F1AED5B1F43
S3150200F5909AED253F00FF5C0102FF5E21AAEF50456E
S3150200F5A0AAFF50448AED7D5FAAEF5265AAFF526414
S3150200F5B00BED1D7F1AED471F9AED393F00FF5C01E7
S3150200F5C002FF5E21B4EF5245B4FF52440BED415F98
S3150200F5D0B3EF5065B3FF50648BED237F1AED331FF3
S3150200F5E09AED4D3F00FF5C0102FF5E21A4EF5045FC
S3150200F5F0A4FF50440BED655FA4EF5265A4FF52646D
S3150200F6000BED017F1AED1F1F9AED613F00FF5C01B2
S3150200F61002FF5E21A7EF5045A7FF50448AED755FB2
S3150200F620A7EF5265A7FF52640BED257F9AED651F82
S3150200F6309AED693F9AED6D5F9AED717F9AED759F2E
S3150200F64014EF52A10AFF50A10AED7FBF16EF54A193
S3150200F6500AFF52A10AED7BBF18EF56A10AFF54A179
S3150200F6600AED77BF10EF58A10AFF56A10AED73BF44
S3150200F67012EF50A10AFF58A10AED6FBF9AED791F4A
S3150200F6809AED7D3F1BED7D5F1BED797F1BED759F2F
S3150200F69014EF52A10AFF50A10AED6BBF16EF54A157
S3150200F6A00AFF52A10AED67BF18EF56A10AFF54A13D
S3150200F6B00AED63BF10EF58A10AFF56A10AED5FBF1C
S3150200F6C012EF50A10AFF58A10AED5BBF1BED711F95
S3150200F6D01BED6D3F1BED695F1BED657F1BED619FAA
S3150200F6E014EF52A10AFF50A10AED57BF16EF54A11B
S3150200F6F00AFF52A10AED53BF18EF56A10AFF54A101
S3150200F7000AED4FBF10EF58A10AFF56A10AED4BBFF3
S3150200F71012EF50A10AFF58A10AED47BF1BED5D1F6C
S3150200F7201BED593F1BED555F1BED517F1BED4D9FA9
S3150200F73014EF52A10AFF50A10AED43BF16EF54A1DE
S3150200F7400AFF52A10AED3FBF18EF56A10AFF54A1C4
S3150200F7500AED3BBF10EF58A10AFF56A10AED37BFCB
S3150200F76012EF50A10AFF58A10AED33BF1BED491F44
S3150200F7701BED453F1BED415F1BED3D7F1BED399FA9
S3150200F78014EF52A10AFF50A10AED2FBF16EF54A1A2
S3150200F7900AFF52A10AED2BBF18EF56A10AFF54A188
S3150200F7A00AED27BF10EF58A10AFF56A10AED23BFA3
S3150200F7B012EF50A10AFF58A10AED1FBF1BED351F1C
S3150200F7C01BED313F1BED2D5F1BED297F1BED259FA9
S3150200F7D014EF52A10AFF50A18AED01BF16EF54A100
S3150200F7E00AFF52A18AED05BF18EF56A10AFF54A1DE
S3150200F7F08AED09BF10EF58A10AFF56A18AED0DBF87
S3150200F80012EF50A10AFF58A18AED11BF1BED211F6D
S3150200F8101BED1D3F1BED195F1BED157F1BED119FA8
S3150200F82014EF52A10AFF50A18AED15BF16EF54A19B
S3150200F8300AFF52A18AED19BF18EF56A10AFF54A179
S3150200F8408AED1DBF10EF58A10AFF56A18AED21BF0E
S3150200F85012EF50A10AFF58A18AED25BF1BED0D1F1D
S3150200F8601BED093F1BED055F1BED017F9BED039F22
S3150200F87014EF52A10AFF50A18AED29BF16EF54A137
S3150200F8800AFF52A18AED2DBF18EF56A10AFF54A115
S3150200F8908AED31BF10EF58A10AFF56A18AED35BF96
S3150200F8A012EF50A10AFF58A18AED39BF9BED071F3F
S3150200F8B09BED0B3F9BED0F5F9BED137F9BED179F20
S3150200F8C014EF52A10AFF50A18AED3DBF16EF54A1D3
S3150200F8D00AFF52A18AED41BF18EF56A10AFF54A1B1
S3150200F8E08AED45BF10EF58A10AFF56A18AED49BF1E
S3150200F8F012EF50A10AFF58A18AED4DBF9BED1B1FC7
S3150200F9009BED1F3F9BED235F9BED277F9BED2B9F7F
S3150200F91014EF52A10AFF50A18AED51BF16EF54A16E
S3150200F9200AFF52A18AED55BF18EF56A10AFF54A14C
S3150200F9308AED59BF10EF58A10AFF56A18AED5DBFA5
S3150200F94012EF50A10AFF58A18AED61BF1AED1B1FE3
S3150200F9501AED7F3F02FF50210AED7F3F1AED171F76
S3150200F9609AED013F02FF50218AED013FBDEC108B5B
S3150200F970BDE8F08F2DE9F04F4FF02608D1E9084394
S3150200F980A1B00B9308FB03F304EBC40500934B6988
S3150200F99004EB450901938F694B464FF0000A3A463C
S3150200F9A0D1F81CC00894CDF84890DC18D1F8049020
S3150200F9B04AEB0A0B07EBC7070D6802EB47071190E4
S3150200F9C0059288680A690694CDF81CB0CC68CB46C5
S3150200F9D008FB0CF18E46049515466246019BCDF84E
S3150200F9E00CB008FB03F8A300A3FB0B3BECFB0E3B9E
S3150200F9F0F9194AEB0A069218E0FB003B1792019AA4
S3150200FA00CDF830C04AEB0A0C92184AEB0A0ACDF836
S3150200FA1064A09A46CDF860C0F4460E9202956A003A
S3150200FA20049D1092E2FB05ABCDE91CAB019B059A46
S3150200FA309B000F9353000A930C9BA5FB05BA9B00F0
S3150200FA401393089BCDF824E05B000D930B9BDDF826
S3150200FA5008E05B001493019B4FEA4909E3FB08BAED
S3150200FA60009BA3FB0038ECFB0E389C46DDF80CE04D
S3150200FA70E9FB05C8AEFB0939E7FB02391F46CDF89B
S3150200FA8054C04FEA400CECFB0579029D1A97A5FB80
S3150200FA900173019A05FB06331BEB070BA2FB0171EF
S3150200FAA043EB0A03DDF818A002FB0611A0FB0A6A63
S3150200FAB01BEB060B079E159A00FB06AA4AEB030AE6
S3150200FAC0009BDDF814C0A3FB0E36DDF824E0EEFB46
S3150200FAD00436DB1876411BEB03034AEB0606D719FD
S3150200FAE041EB08014FEA936A23F07C48009BCDF86C
S3150200FAF05480A3FB0538EEFB0C38DDF80CB04FEA58
S3150200FB00400CEBFB0C389B46049D4FEA440CECFB85
S3150200FB1005B8069ACDF86CB0A4FB023BDDF81CE0F2
S3150200FB204AEA861A04FB0EBBFB18DDF808C04BEB4B
S3150200FB30010B13EB0A0323F07E411691ACFB02176D
S3150200FB400CFB0E771A9A4BEB966B5E0E009B5118C6
S3150200FB5047EB0907A3FB0439DDF824C0019A46EAFC
S3150200FB60CB16ECFB0239DB1849EB0909CB184FEA35
S3150200FB70440C47EB09079B1923F07C4E4FEA936A24
S3150200FB80A4FB0C31DDF84890089E47EB5B67E9FB66
S3150200FB900631DDF840B0DDF80C90EBFB0031CDF814
S3150200FBA024E0DDF83CE00A9AEEFB0931E2FB05317E
S3150200FBB01093ACFB0036009DDDF814C01291E5FBF4
S3150200FBC00C361946EBFB09160591A4FB0E310F966E
S3150200FBD00B9EDDF84CE0E6FB0531029D1646E5FB81
S3150200FBE00531E2FB0031E9FB0E319946049A0D9B81
S3150200FBF0DDF800E0E3FB02911391A4FB0B318B4687
S3150200FC000899CDF82C90EEFB013B0E990293A1FBCD
S3150200FC10052ECDF820B0CDF878E0069B1A92019A0F
S3150200FC20DDF81CE0A2FB0312A4FB0696019C4AEA3D
S3150200FC30871A04FB0E251B9C1F966118119E45EB25
S3150200FC40080511EB0A014FEA516821F07E4145EBA6
S3150200FC509765F160ACFB03170CFB0E77DDF830C03D
S3150200FC601C9CACFB03A26118009B1D9C0CFB0E2284
S3150200FC70DDF838C047EB0407A3FB0CB411EB0B010C
S3150200FC80B346DDF864E048EAC51803FB0E44049B5C
S3150200FC9044EB070411EB080144EB55648D0E21F089
S3150200FCA07C413161ACFB0317059EDDF85CE07118FF
S3150200FCB00F9E45EA841546EB070611EB0A0142EB55
S3150200FCC00602ACFB00A8A0FB0E67491900984FEA92
S3150200FCD0516521F07E4142EB9462CBF81410A0FBF1
S3150200FCE00E14DDF860C045EAC21500FB0C441098FC
S3150200FCF0DDF820C04118129844EB0004491944EB80
S3150200FD005264029A0B9812EB0A054CEB080CDDF8CA
S3150200FD1028A0DDF80C80EAFB085CF2469E46A3FBAF
S3150200FD200A23AA184FEA916545EA84154CEB030C9F
S3150200FD3021F07C4152194CEB946CCBF81810510E01
S3150200FD40139C41EACC11411844EB5C64DDF868C0AF
S3150200FD50DDE91E051CEB090340EB05059B190D9811
S3150200FD6045EB0705E8FB0035149822F07E42EEFBD0
S3150200FD700035CBF81C208A0E42EA84129B1845EB0A
S3150200FD8094625C0E44EAC21421F07C41520E23F0C6
S3150200FD907E43CBF82010CBF82430D100E3001B19A8
S3150200FDA041EA547142EB0101DB1849411B1942EB4E
S3150200FDB001021599DDF824E05B1842F10002990E62
S3150200FDC041EA8211169A23F07C430A4422F07E41CC
S3150200FDD00EEB5262CBE90031CBF8082021B0BDE828
S3150200FDE0F08F00BF2DE9F04F8046131E18BF012386
S3150200FDF0D8E90176D8E90354D8F814908FB0D8F828
S3150200FE0018A00068CDF80090C446D8E907B9D8F81A
S3150200FE102480CDF80890D1F800905B42CDF804A07A
S3150200FE20CDF80C80DA4309EA030A00EA020802EA7C
S3150200FE3009094AEA080A1840D1F8048040EA09008A
S3150200FE40086007EA020908EA03001F4002EA0808F6
S3150200FE5047EA08074F60D1F808808F6840EA090030
S3150200FE6005901F4002EA080006EA020847EA080768
S3150200FE700697D1F80C80CF681E4006431F4002EA5F
S3150200FE80080005EA020847EA08070797D1F8108032
S3150200FE900F691D4005431F4002EA080004EA0208F2
S3150200FEA047EA08071C4044EA0008CDF810A04C694E
S3150200FEB008974F69DDF8009002EA07001C4009EA3C
S3150200FEC002073C43DDF804A08F69099403EA09049A
S3150200FED0D1F8189004431F4002EA09000AEA02090F
S3150200FEE047EA09070A9703EA0A07D1F81CA007435B
S3150200FEF002EA0A090AEA03000BEA020A40EA0A00CF
S3150200FF000B9003EA0B0040EA0900D1F820B0D1F8C1
S3150200FF1020A00090029802EA0B090AEA030A00EA04
S3150200FF20020B4AEA0B0ACDF830A003EA000A4AEAB3
S3150200FF3009090398D1F824A000EA020B0AEA030A87
S3150200FF400340486A4AEA0B0A02401343009ACDF874
S3150200FF5034A00DF1100EC1E90265C1E90484C1E9BC
S3150200FF6007298F614B62BEE80F00ACE80F00BEE8BE
S3150200FF700F00ACE80F009EE803008CE803000FB008
S3150200FF80BDE8F08F2DE9F04F90F8F73291B00446B4
S3150200FF900191032B00F2B782DFE813F0EE00E000D6
S3150200FFA011000400019B00F5157200F50B714C302F
S3150200FFB09847042384F8F73211B0BDE8F08FD4F8DD
S3150200FFC0B852D4F89462D0F87C22D0F8A412D0F8B1
S3150200FFD080320395D0F8A802D4F8C0520D96D4F810
S3150200FFE0C86202900595D4F89C52CDE908610F9239
S3150200FFF05118029AD4F8ACC2D4F884B2D4F8BC72BE
S315020100000695D4F8C452D4F8B0E2D4F888A2C4F85A
S31502010010B4119918D4F8B402D4F88C92D4F8908217
S3150201002004970795D4F89872D4F8A0520E93C4F89F
S31502010030B8110BEB0C01039BC4F8BC110AEB0E01C0
S31502010040C4F8C01109EB0001C4F8C41108EB03019D
S315020100500D9EC4F8C81104990C9005987118C4F83C
S31502010060CC113918DDE90623C4F8D011D118089A42
S31502010070C4F8D411A918C4F8D81104F19C0004F5E6
S31502010080DA71CDF828C0CDF82CE0FFF773FC06989B
S315020100900F9A06F1006102F1006200F10066099809
S315020100A00E9B263A121AC4F8DC2103F18063029AE6
S315020100B0DDF828C00BF1006B023BDDF82CE09B1A40
S315020100C0ABF1020B0AF1806AC4F8E031AAF1020A25
S315020100D0ABEB0C0309F10069DDF830C0C4F8E43179
S315020100E0A9F10209AAEB0E03C4F8E83108F1806806
S315020100F0A9EB0C03DDF80CC0A8F10208C4F8EC3137
S31502010100A8EB0C03C4F8F031049B059807F180674C
S315020101100239089AC91A05F18065079B023F3F1AFF
S31502010120023E023DF61AAD1AC4F8F87104F53377A8
S315020101303846C4F8F411C4E97F6504F5EE71FFF798
S3150201014019FC019B3A4604F1240104F1C4009847C3
S31502010150032384F8F73211B0BDE8F08F019B00F555
S315020101608A7200F59E7100F529709847022384F878
S31502010170F73211B0BDE8F08FB0F9F43290F8F662B9
S31502010180C3F3CC020244157903F007031D4105F0BE
S3150201019001056E40324600F19C014C30FFF722FE0A
S315020101A0324604F1C40104F17400FFF71BFEA06F8D
S315020101B084F8F652D4F88450E26C616FD4F8886000
S315020101C002900395D4F88C50236D09910E92511821
S315020101D0029AD4F87CE0D4F854B0676E0496069578
S315020101E0D4F89060D4F89450D4F88000D4F858A08A
S315020101F0C4F8EC109918D4F898C0D4F85C90D4F8E5
S31502010200608005970796A76EE66E0895256F0D9392
S31502010210039AC4F8F0100BEB0E01C4F8F4100AEBC2
S315020102200001C4F8F81009EB0201C4F8FC100499A4
S31502010230DDE905324144C4F800119918C4F80411E4
S315020102400799089A7918C4F80811B118C4F80C115B
S31502010250614669180B90C4F8101104F50B7004F18C
S31502010260EC01CDF828E0CDF830C0FFF783FB0E9AFA
S3150201027009980D9B02F10062263A121A03F1806374
S315020102800298DDF828E00BF1006B023B1B1AABF179
S31502010290020B0B980AF1806AC4F81831AAF1020A14
S315020102A0ABEB0E03C4F81C3109F10069AAEB00039A
S315020102B00398A9F10209C4F8203108F18068A9EB73
S315020102C000030498DDF814C0A8F10208C4F8243129
S315020102D0A8EB00030CF10061C4F82831069B023930
S315020102E0C91A07F18067079B023FFF1A06F10066EA
S315020102F0089B023EF61A05F180650C9B023DED1A3A
S31502010300C4F81421C4F82C11C4F83071C4F834614C
S31502010310C4F8385104F58A7104F51570FFF72AFB02
S31502010320D4F83032D4F8582203F18063023B9B1A87
S31502010330C4F89031D4F83432D4F85C2203F1006364
S31502010340023B9B1AC4F89431D4F83832D4F86022AD
S3150201035003F18063023B9B1AC4F89831D4F83C320C
S31502010360D4F8642203F10063023B9B1AC4F89C3160
S31502010370D4F84032D4F8682203F18063023B9B1A17
S31502010380C4F8A031D4F84432D4F86C2203F10063E4
S31502010390023B9B1AC4F8A431D4F84832D4F870222D
S315020103A003F18063023B9B1AC4F8A831D4F84C329C
S315020103B0D4F8742203F10063023B9B1AC4F8AC31F0
S315020103C0D4F85032D4F8782203F18063023B9B1AA7
S315020103D0C4F8B031D4F82C32D4F8542203F10063B4
S315020103E0D4F89C60263B9B1AD4F8C4A0C4F88C317D
S315020103F006F10063263BA3EB0A03D4E92850C4F8AD
S31502010400643105F18063023BD4E93298A3EB090317
S31502010410C4F8683100F10063D4F8A810023B4044E5
S31502010420A3EB0803C4F84401C4F86C31D4F8D00034
S3150201043001F18063023B1B1AC4F87031D4F8AC3067
S315020104400144D4F8D4C0C4F8481103F10063D4F8C6
S31502010450AC10023B6144A3EB0C0CD4F8B0304D4412
S315020104601846D4E939B7C4F84051C4F84C11D4F846
S31502010470D85003F18061D4F8B43002392844491BBB
S315020104801D465644C4F83C61C4F85001D4F8DC60F8
S3150201049003F10060D4F8B83002383544861B184699
S315020104A0C4F8545103F18065D4F8E030D4F8BCE0C5
S315020104B01844023DED1AC4F85801D4F8C0300EF1C1
S315020104C000600238DE44A0EB0B0B03F180600238B8
S315020104D0C4F85CE1C01B03EB070EC4F860E104F14A
S315020104E0EC02C4E95DC1C4E961B0019BC4E95F657F
S315020104F004F5B27104F51F709847012384F8F732A7
S3150201050011B0BDE8F08FD0F88C316A4AD0E96406A1
S31502010510A3FB02834FEA986141EA83119B0EE0FB3A
S3150201052002131F46D4E967034FEA516C4CEAC71C12
S315020105307F0EE6FB02C7BE46D4F898514FEA9C6786
S3150201054047EA8E174FEA9E6EE5FB027E7D0E45EA6D
S31502010550CE154FEA5E6EE0FB025E4FEA956949EA05
S315020105608E194FEA9E6EE3FB029ED4F8A4614FEA0E
S31502010570596040EACE104FEA5E6EE6FB020EF24683
S31502010580D4F8603227F07E47C4F8D8724FEA906EEB
S315020105901F44D4F8A8314EEA8A1E4FEA9A66E3FB53
S315020105A002E6D4F8643225F07C454FEA5E6AC4F865
S315020105B0DC524AEAC61A1D44730ED4F8AC6129F01C
S315020105C07E49E6FB02A3D4F86862C4F8E09209EB1D
S315020105D0060BD4F8B0614FEA9A6949EA83199B0E70
S315020105E0E6FB02931E46D4F86C3220F07C40C4F836
S315020105F0E40218444FEA596343EAC61329F07E46D8
S3150201060003EBC30903EB490328F07C48984421F024
S315020106107E4101EB98612CF07C4C0CEB5163D4F8D2
S3150201062058C221F07E418C44C4F8D012D4F85C122F
S315020106302AF07C4203EB010AD4F87412C4F8EC22C4
S315020106401144D4F87822C4F8F062C4F8D4321644BC
S31502010650D4F87032D4F854222EF07E4E28F07C481B
S3150201066073444244C4F8E8E2C4F808C2C4F8042256
S31502010670C4F8CC8204F50172C4E983A7C4E98703ED
S31502010680C4E98916019BC4E9855B04F5C67104F1C7
S31502010690740098470022B4F8F43284F8F722013B39
S315020106A01BB29342A4F8F432BCBF012384F8F83298
S315020106B082E400BF42DB010070B51B4B86461B6814
S315020106C0012B26D0022B06D0184A7346BDE870408C
S315020106D01146174818474FF43F73164C16482268BD
S315020106E003FB020191F8F81282F0010541B103FB05
S315020106F0050393F8F832002BE6D12A4685F0010567
S315020107004FF43F73714603FB0200FFF73BFC256082
S3150201071070BD094890F8F832002BD5D17146BDE873
S315020107207040FFF72FBC00BF5C110022E0360102C8
S31502010730000000205811002228000020094B1868E9
S3150201074078B1094A012892F8F932B3FA83F34FEAEA
S31502010750531305D092F8F525002A53EA13907047F0
S31502010760184670475C110022280000202DE9F04747
S3150201077000F0B4FE2A4A1388002B4FD000254FF011
S31502010780010A5768274EDFF8A890274C07EB430862
S31502010790EFF310828AF31088336823B9402189F86E
S315020107A0143089F8141033680133336082F31088E8
S315020107B0A8EB070EAEF1020E4FEA5E0E0EF1010E26
S315020107C039464EF001E0194831F8022B130A1B0192
S315020107D053FA82F254F8223003402B4343F00403C6
S315020107E044F822300FF011C0EFF310828AF3108819
S315020107F0336813B13368013B3360336823B980210F
S3150201080089F8143089F8141082F310884FF47A713A
S31502010810642085F0010502F0E5F8B9E7FEE700BFBD
S315020108204CC001027833002200084040FE3FFEFF21
S31502010830000D4040022800D070470249024801F0EB
S3150201084079BF00BFA8BC01023033002230B5EFF3F5
S315020108500A84002585F30A886D468D468047AD4692
S3150201086084F30A8830BD00BFBFF34F8FBFF36F8F8A
S315020108704FF0FF320E4BC3F8202CDA6F0260596833
S315020108801A6892B242EA01424260D9689A6892B201
S3150201089042EA0142826059691A6992B242EA014206
S315020108A0C260DA699B699BB243EA024303617047FC
S315020108B0003000E02DE9F0478A46244F1546BC4632
S315020108C01C46DAF80820DAF80C30814608684968CD
S315020108D0089EACE80F00DAF81000DAF81410DAF81C
S315020108E01820DAF81C3007F1600EACE80F00286810
S315020108F06968AA68EB68DFF85880ACE80F002869D6
S315020109006969AA69EB69ACE80F000FCCACE80F0084
S3150201091094E80F008CE80F0030687168B268F368DA
S31502010920AEE80F003069B2697169F369AEE80F008A
S3150201093098E80300C7F88000A7F8841048463946AC
S31502010940BDE8F0478622F8F74FBE00BFE008002057
S315020109500837010270B50C4606461E4D9AB0294665
S31502010960224602A8F6F748FFD4F86009D4F86419BA
S31502010970D4F86829D4F86C390DF1480CACE80F00AB
S31502010980D4F87009D4F87419D4F87829D4F87C39D2
S3150201099005F58865ACE80F009DF848302A4623F034
S315020109A007038DF848309DF867300AA803F07F03E4
S315020109B043F0400312A904F518648DF8673002F07A
S315020109C027FA2B4630460AAA02A90094FFF772FFBC
S315020109D01AB070BDA809002010B50D4CADF5286DF1
S315020109E021460DF59060F8F71DFB68460DF59061FD
S315020109F0F8F704FB4FF490622146684602F0D8F9F3
S31502010A00003818BF012040420DF5286D10BD00BF08
S31502010A10080E002030B5ABB0FFF7DEFF002840D14B
S31502010A20402104461AA8F8F725FB1F4A1AAB02A968
S31502010A301E48F6F7A7FE1E4B0DF1480C0DF1880E66
S31502010A401D68BEE80F00ACE80F009DF8483023F0A0
S31502010A5007038DF848309EE80F008CE80F009DF8D9
S31502010A60673012A903F07F0343F040038DF8673024
S31502010A709DB9104A104802F0CBF9104D12A92A4627
S31502010A800AA802F0C5F90C4B0D480AAA02A900955B
S31502010A90FFF710FF20462BB030BD074801F010FBCF
S31502010AA0EBE74FF0FF34F5E7080E0020A809002016
S31502010AB0EC120022283A0102E80D0020A8120020B9
S31502010AC088090020202370B50446A0B00DEB03006F
S31502010AD060212A4AF8F766FD214608AA04F51A603A
S31502010AE0F6F722FEEC460DF1600EBEE80F00C4F8E1
S31502010AF06009C4F86419C4F86829C4F86C39BEE8F7
S31502010B000F00C4F87009C4F87419D4F86009D4F84E
S31502010B106419C4F87829C4F87C39D4F86829D4F858
S31502010B206C39174EACE80F00D4F87419D4F87C3935
S31502010B30D4F87009D4F8782904F51865ACE80F00E1
S31502010B409DF800209DF81F30316803F07F0322F0E3
S31502010B50070243F040038DF800208DF81F3029B1BA
S31502010B606946284601F0ACFA20B070BD69462846AE
S31502010B70044A02F04DF920B070BD00BFC812002030
S31502010B80EC120022283A010200B52021ADF6446D8D
S31502010B900E48F8F76FFA6846FFF794FF0C4B0DF50E
S31502010BA01A614FF49462184600F014FC0DF5186EA2
S31502010BB000F5946CBEE80F00ACE80F009EE80F004A
S31502010BC08CE80F000DF6446D5DF804FBC812002097
S31502010BD0080E002010B50446ADF5646D6846FFF7B0
S31502010BE071FF69462046FFF7B5FE0DF5646D10BD2E
S31502010BF003462DE9F04F08461446A5B0002B00F036
S31502010C00E0800222B24901910A60B24AB2491360F6
S31502010C1000220A60B14ADFF82CB31360B04ADFF84A
S31502010C2028A31360AF4A1360AF4A1360CBF80030B2
S31502010C30F8F71AFAFFF7A8FFAC48FFF743FFFFF7E9
S31502010C40E9FE20B1DAF800300133CAF80030A749CB
S31502010C5004A8FFF77FFE0CA8FFF7BCFF202204A918
S31502010C60A34802F0A5F80023DAF800204FF0200E7F
S31502010C70984252EA02920DF10F060DF12F05CAF8BA
S31502010C8000204EF001E02946324612F8017F11F8A2
S31502010C90010F874253EA03930FF009C89549DFF81A
S31502010CA068920A6814A81A4499F800300A6083F017
S31502010CB05A038E4989F80030FFF74CFE1CA8FFF74C
S31502010CC089FF4FF0200E0DF14F0800234EF001E08F
S31502010CD04746414699F800000DF16F0280F05A002D
S31502010CE089F8000012F801CF11F8010F844553EA81
S31502010CF003930FF009C8DFF854922022D9F80010A5
S31502010D007B480B4414A90293C9F8003002F050F84B
S31502010D10DAF80030002853EA1393CAF80030002C9F
S31502010D2053D0754C754D4FF498627549754800F06C
S31502010D3051FB0FCD0FC495E80F00DFF81482DFF8DF
S31502010D40B09184E80F004FF48C626F496F4800F04E
S31502010D5041FBB9E80F00A8E80F0099E80F00DFF898
S31502010D60F4E104AD88E80F000FCDAEE80F0095E877
S31502010D700F00DFF8E4C10CAE8EE80F000FCEACE82F
S31502010D800F0096E80F00624F14AC8CE80F000FCCEF
S31502010D900FC794E80F0087E80F000023019A13603A
S31502010DA04C4A13604C4A13604C4A13604C4A136016
S31502010DB04C4A13604C4A1360CBF8003025B0BDE8AB
S31502010DC0F08F434A019213601FE74FF4986E224651
S31502010DD04EF001E04F49504B11F801CF13F8010FC4
S31502010DE0844552EA02920FF009C84FF0200E002301
S31502010DF04EF001E049494A48D1F800A04949CDF8E7
S31502010E000CA010F801AF11F801CFE24553EA0393A2
S31502010E100FF009C84FF48C6E13444EF001E0002224
S31502010E20DDF80CA040484149534410F801AF11F8CE
S31502010E3001CFE24552EA02920FF009C84FF0200EA5
S31502010E401A444EF001E0002339483A4910F801AF3D
S31502010E5011F801CFE24553EA03930FF009C8A5EB56
S31502010E60060E1A444EF001E00023334916F801CF6B
S31502010E7011F8010F844553EA03930FF009C8A8EB51
S31502010E80050E1A444EF001E000232C4915F8016FB4
S31502010E9011F8010F864253EA03930FF009C80DF1C7
S31502010EA06F01A1EB080E4EF001E01A441B4B1A60CA
S31502010EB0234B17F8011F13F8012F914254EA0494A8
S31502010EC00FF009C8029B2344C9F8003065E700BF49
S31502010ED05C100022541000224C10002260100022E5
S31502010EE0EC120022E0120022E8120022E81200208F
S31502010EF088090020D0120022603E0020C81200207C
S31502010F00080E002000480020A8090020003A00200F
S31502010F1080390020070E0020FF470020DC12002244
S31502010F20C71200205F3E0020A7090020FF390020DA
S31502010F3087090020DF390020BF3900209F390020B0
S31502010F407F39002004130022D8120022D412002273
S31502010F50E0390020C0390020A0390020002370B5F5
S31502010F604FF041440C4E0D480D490E4A0E4D336069
S31502010F7003600B601360214601220020FFF738FE51
S31502010F80214604F51E44002201203734FFF730FEC4
S31502010F90AC42F0D170BD00BFDC120022D812002291
S31502010FA0D4120022D0120022B8F104C12DE9F84F61
S31502010FB00026494B49481B68494C03EB8301C55C32
S31502010FC0DFF848B1DFF848A1DFF84891DFF8488138
S31502010FD0444F04EB0114002D57D00223CBF8003005
S31502010FE00123CAF800300023C9F800303E4BC8F885
S31502010FF000503D601D603D4B3D481D603D4B1D60EF
S31502011000002E46D0F8F730F8FFF7BEFD3A48FFF753
S3150201101059FD3A48F8F728F8012E01D0FFF7FAFCF4
S315020110204FF0FF32364BC3F8202CD3F8042E42F090
S315020110300202C3F8042ED3F8042E42F00402C3F8C6
S31502011040042EBFF34F8FBFF36F8F2E4AC3F8002CC6
S3150201105016B3012E3DD0022E36D02B48FFF7BAFD2C
S315020110602046FFF701FC00231F4ACBF80030CAF8DD
S315020110700030C9F80030C8F800303B6013601B4AE3
S3150201108013601C4A1360BDE8F88F2B46CBF800505B
S31502011090A7E7F7F7E9FFC3E7FFF776FD2046FFF774
S315020110A0E3FB0023104ACBF80030CAF80030C9F836
S315020110B00030C8F800303B6013600C4A01361360F9
S315020110C00C4A1434136086E70B490F48FFF742FCBA
S315020110D0E4E7FFF79FFCE1E760110022B439010260
S315020110E090110022EC120022E0120022E8120022E4
S315020110F0011000DD04130022E8120020022000DDA7
S31502011100003000E0FF000080680900205C10002228
S31502011110541000224C10002260100022002170B5EA
S31502011120184D84B00DF1040C8646A5FB0023DB089D
S3150201113003EB8304A0EB44003030BEF1090F0A46EB
S315020111400CF8010B01F101011846EDD801AB991812
S3150201115041F6FE7C00260C480C4D531C00E021464C
S3150201116002684C1E624508D8026891F900E0511CDA
S315020111700160016805F802E06E54013BEFD104B04B
S3150201118070BD00BFCDCCCCCC08330022081300229F
S31502011190F8B54FF0000C202641F6FE7507463D4B89
S315020111A03D4C3E492268AA4206D82268501C20605C
S315020111B020688E5401F800C013F9016F002EF1D197
S315020111C03868FFF7ABFF202541F6FE70344B3349F1
S315020111D02268824209D8226802F1010CC4F800C0D1
S315020111E0D4F800C08D5401F80C6013F9015F002D8B
S315020111F0EED17868FFF792FF202641F6FE70294B61
S3150201120026492268824209D8226802F1010CC4F8F1
S3150201121000C0D4F800C08E5401F80C5013F9016FC6
S31502011220002EEED1B868FFF779FF202541F6FE7050
S315020112301D4B1A492268824209D8226802F1010C21
S31502011240C4F800C0D4F800C08D5401F80C6013F93B
S31502011250015F002DEED1F868FFF760FF41F6FE76D9
S315020112602023124A0D482168B14209D8216801F1A9
S31502011270010CC4F800C0D4F800C0435400F80C5065
S3150201128012F9013F002BEED13869BDE8F840FFF7AC
S3150201129045BF00BF1037010208330022081300229E
S315020112A018370102203701022837010230370102BD
S315020112B0F8B590F900300E461146002B7ED041F664
S315020112C0FE7C4FF0000E3E4C3E4F2568654506D822
S315020112D025686A1C226022687B5507F802E010F92C
S315020112E0013F002BF1D12022304601F061FD002899
S315020112F04FD03A2341F6FE704FF0000C324A314D7F
S315020113002168814206D821684F1C276027686B54E1
S3150201131005F807C012F9013F002BF1D141F6FE7023
S315020113201D462022DFF8A8C0264F711E266811F835
S31502011330013F86420DD826681B0906F1010EC4F843
S3150201134000E01CF90330D4F800E0BB5507F80E5053
S315020113500B78266803F00F03864208D826681CF923
S3150201136003E0731C2360236807F806E0FD54013A83
S31502011370DCD141F6FE7322689A4208D80A2500207A
S315020113802268104B511C216021689D54585401203A
S31502011390F8BD3A2341F6FE7684460C4A094D216888
S315020113A0B14206D821684F1C276027686B5405F89D
S315020113B007C012F9013F002BF1D1F8BD004C92E7AB
S315020113C0083300220813002240370102383701028E
S315020113D0D039010230B51C4B1B683BB11B4D1C4C6D
S315020113E02B6801332B60236813442360194B1B6856
S315020113F02BB340EA0104A407034615D1940811D080
S31502011400A300A3F1040E4FEA9E0E0EF1010E4EF059
S3150201141001E0A0F1040C51F8044B4CF8044F0FF013
S3150201142007C0034402F0030242B142F001E0013B6C
S3150201143011F8012B03F8012F0FF007C030BDBDE8EB
S31502011440304001F0CDBC00BF00130022FC12002285
S31502011450F81200220413002230B51C4B1B683BB163
S315020114601B4D1C4C2B6801332B60236813442360EC
S31502011470194B1B6833B3840703461AD15FEA920CF0
S3150201148015D04FEA8C0EAEF1040E4FEA9E0E0EF106
S31502011490010E00EB8C034EF001E08446CCB204EB64
S315020114A0042404EB04444CF8044B0FF005C002F08B
S315020114B0030232B142F001E0C9B203F8011B0FF097
S315020114C005C030BDBDE8304001F082BC00130022E8
S315020114D0F4120022F0120022041300222DE9F04F29
S315020114E0B148B24A9DB0904207D2013A121A22F08D
S315020114F00702AF490832FFF76DFFBFF34F8FBFF304
S315020115006F8F3D2341F6FE700027AA4AAA4C127834
S31502011510AA4DAB4A2168814205D821684E1C266034
S3150201152026686B54AF5512F9013F002BF2D13D25C6
S3150201153041F6FE70A34AA14E2168814205D821686F
S315020115404F1C276027687554F35512F9015F002D68
S31502011550F2D14FF0700B4FF06A0ADFF8E08204AE67
S31502011560B8E80F000FC698E80F0086E80F00964A02
S3150201157004A90CA88DF810B08DF82FA001F048FC33
S31502011580924A0CA99248FFF793FE924F0DF1100C65
S3150201159081460FCFACE80F004FF058038DF810309B
S315020115A097E80F0086E80F004FF06B0204A98DF849
S315020115B02F200CA8844A01F02BFC874A0CA98748E4
S315020115C0FFF776FEA8F1100E0DF1100C8144BEE86C
S315020115D00F00ACE80F0098E80F0086E80F007E4A7C
S315020115E004A90CA88DF810B08DF82FA001F010FCFB
S315020115F07B4A0CA97B48FFF75BFEA7F1100E0DF1A2
S31502011600100C00EB0908BEE80F00ACE80F004FF022
S3150201161058038DF8103097E80F0086E80F004FF057
S315020116206B0204A98DF82F200CA8684A01F0F0FB81
S315020116300CA96B4A6C48FFF73BFE3D2641F6FE714B
S315020116406A4B5E4F804422688A4205D82268501C42
S3150201165020602068BE543D5413F9016F002EF2D169
S315020116603246634914A8F7F7BFFF624A14A96248D2
S31502011670FFF71EFE03226149804414A8F7F7B4FF5F
S315020116805F4A14A95F48FFF713FE5F4A40441060A0
S315020116901268DFF8ACC1002A5C4B4FF00A0741F62B
S315020116A0FE7108BF6346454D22688A4205D8226803
S315020116B0501C20602068AF542E5413F9017F002F6D
S315020116C0F2D153495348FFF7C1F8652541F6FE7138
S315020116D0514B3A4822688A4205D82268561C26602E
S315020116E026688554875513F9015F002DF2D14B4BBC
S315020116F02026D3F800B05846FFF710FD41F6FE71D9
S31502011700474B2E4822688A4205D82268571C276011
S3150201171027688654C55513F9016F002EF2D1414B44
S3150201172020251B6818460193FFF7F8FC41F6FE7166
S315020117303D4B224822688A4205D82268571C2760F7
S3150201174027688554C65513F9015F002DF2D1374B2F
S3150201175020261B6818460293FFF7E0FC41F6FE714C
S31502011760334B164822688A4205D82268571C2760DD
S3150201177027688654C55513F9016F002EF2D12D4BF8
S315020117801B6818460393FFF7C9FC41F6FE732268EC
S315020117909A4207D80A202268084B511C2160216807
S315020117A098545E54244A4DE000000000286500006A
S315020117B04000000200000000083300220813002244
S315020117C0C0370102F8370102283A0102883A0102BA
S315020117D01C3801024C390102683A01022838010219
S315020117E0483A010234380102403801024C380102FA
S315020117F080370102083A010278380102843801026F
S31502011800E8390102883801020C33002284370102C9
S31502011810C08800205D0F010294380102DC12002209
S31502011820AC380102D8120022B4380102D4120022C5
S31502011830C0380102D012002200ED00E07039010227
S3150201184050370102C64BD2F8FC1041F08071C2F842
S31502011850FC10196821F001011960BFF34F8FBFF324
S315020118606F8F4FF0FF37012000211E68BD4D03F532
S3150201187000532E60D2F8046146F00F06C2F80461E5
S31502011880C3F8207CD3F8042E22F00102C3F8042EF9
S31502011890D3F8042E0243C3F8042EC3F80014D3F876
S315020118A0042E42F00202C3F8042EC3F8000C14916E
S315020118B0149A632A07D8C3F8A00C149A0132149217
S315020118C0149A632AF7D901224FF0FF3E4FF0080C12
S315020118D01E2703200021A44BA44EC3F8202C1A680C
S315020118E092B23260C3F820ECC3F800C4C3F80474A0
S315020118F0D3F8042E42F00202C3F8042EC3F8000CF8
S315020119001491149B9A4A934206D800BF149B013341
S315020119101493149B9342F8D903224FF0FF301E21F0
S315020119204FF0080A4FF03F094FF03E0E4FF03D0CC3
S315020119308D4B904FC3F8202C5A681FFA82F8C7F8CC
S3150201194000801A6892B242EA0842DFF85482C8F865
S315020119500020C3F8200CD3F8042E22F00102C3F8AA
S31502011960042ED3F8042E42F00102C3F8042EC3F862
S3150201197000A4C3F80414C3F80894C3F80C14C3F8FA
S3150201198010E4C3F81414C3F818C4C3F81C14C3F83A
S31502011990200CD3F8042E42F00202C3F8042ED3F827
S315020119A0042E42F00402C3F8042EBFF34F8FBFF395
S315020119B06F8F4FF06509704A7048C3F8002CFEF725
S315020119C053FF41F6FE714FF0000E4A466C4B6D48CD
S315020119D0D4F800C08C450BD8D4F800C00CF101092B
S315020119E0C4F80090D4F8009000F80C2000F809E041
S315020119F013F9012F002AEBD14FF0200A2D689146E7
S31502011A002846FFF78BFB41F6FE71AE4652465E4B08
S31502011A105C4825688D4209D8256805F1010CC4F890
S31502011A2000C0D4F800C0425500F80C9013F9012FFA
S31502011A30002AEED10EF00109484692462025FFF70B
S31502011A406DFB41F6FE71514B4E4822688A4209D816
S31502011A50226802F1010CC4F800C0D4F800C0855412
S31502011A6000F80CA013F9015F002DEED14FF0200A08
S31502011A7036683046FFF752FB41F6FE71AC46B64672
S31502011A805246434B3F4825688D4206D825686E1C4F
S31502011A9026602668425500F806C013F9012F002A6E
S31502011AA0F1D17646D8F8008092464046FFF736FBDA
S31502011AB0202541F6FE70B446364A324B21688142F0
S31502011AC006D821684E1C266026685D5403F806A0D6
S31502011AD012F9015F002DF1D1D7F800A066465046F2
S31502011AE0FFF71CFB0A2741F6FE70AE462A4A254B32
S31502011AF02168814206D821684D1C256025685F54FC
S31502011B0003F805E012F9017F002FF1D11B48FFF717
S31502011B103FFB41F6FE722168914207D80A202168ED
S31502011B204A1C2260174A505421685754B8F5803F1F
S31502011B3028BFBAFA8AF8019B029A5B441344039AB4
S31502011B4038BF4FF0010813444B4428BF4FEA5818D7
S31502011B50642E53EA03930025DFF848900F4F23E0E2
S31502011B60001000E064110022003000E07011002232
S31502011B709F86010068110022FF0000807811002271
S31502011B80D038010208130022EC380102F8380102AA
S31502011B90003901020839010210390102C088002008
S31502011BA06C110022601100226E4E08EB030BC9F87C
S31502011BB00050394630460135FEF748FE042DF6D16E
S31502011BC00023D9460193684BDFF8CCA1674D0393F5
S31502011BD0039B41F6FE761F464FF0000B644903F163
S31502011BE0040865238C46634A2068B04206D82068F9
S31502011BF0411C216021682B5405F801B012F9013FFD
S31502011C00002BF1D10198CDF808C0FFF787FA0299A6
S31502011C1020238C46584A2068B04206D82068411CC7
S31502011C20216021682B5405F801B012F9013F002BFE
S31502011C30F1D122686146B2420BD8D4F800C0019AAA
S31502011C404E4880560CF101022260226805F80C000A
S31502011C50AB5420238C464A4A2068B04206D82068F3
S31502011C60411C216021682B5405F801B012F9013F8C
S31502011C70002BF1D1614651F8042B92F900308C46C2
S31502011C8073B12068B04206D82068411C21602168E0
S31502011C902B5405F801B012F9013F002BF1D161462F
S31502011CA038460291FFF774FA23680299B34207D8BC
S31502011CB00A2023685A1C22602268E85405F802B0F9
S31502011CC07B6858F8042CB3FA83F35B09002A53EABA
S31502011CD013938A4507F1140708F11408994480D130
S31502011CE0019B039A01335032042B019303927FF431
S31502011CF06FAF244BB9F1000F234ACB4618BF1A46E0
S31502011D0041F6FE7065230027184D2168814205D8E8
S31502011D1021684E1C266026686B54AF5512F9013FA5
S31502011D20002BF2D1482141F6FE7518481A4603687E
S31502011D300E4E5B440360164B2068A84205D8206804
S31502011D40471C276027683154F25513F9011F0029F0
S31502011D50F2D1BFF34F8F01220E4B1A601DB0BDE8BF
S31502011D60F08F00BFAD0F010290110022081300226D
S31502011D70B83901023039010220390102C83901029A
S31502011D802839010290370102A83701020C330022D9
S31502011D903C39010210330022C839010230B500254F
S31502011DA00F4A011D02F500744FF0190E00234EF081
S31502011DB001E0081F50F823C042F833C051F823C08E
S31502011DC044F833C002330FF00BC80135042D02F17A
S31502011DD0040201F1C80104F10404E5D130BD00BFDA
S31502011DE00089002030B500250F4A011D02F5007455
S31502011DF04FF0190E00234EF001E0081F52F823C0DE
S31502011E0040F813C054F823C041F813C004330FF04D
S31502011E100BC80135042D02F1040204F1040401F197
S31502011E20C801E5D130BD00BF0089002008B50D48C3
S31502011E30FEF742FC0C48FEF73FFC0C48FEF73CFC61
S31502011E400B48FEF739FC0B48FEF736FC0A48FEF74B
S31502011E5033FC0A48FEF730FCBDE808400848FEF7A5
S31502011E602BBC00BF91BA000211C10002A1C7000238
S31502011E7031CE0002C1D4000251DB0002E1E10002CF
S31502011E8071E800022DE9F04F83B00190FFF786FF5A
S31502011E902F4A136804331360FEF750FCE0B92D4C48
S31502011EA02D4DA0462D4E05F1600955F8042F56F821
S31502011EB0043F4046C4E96422C4E96622C4E96833A0
S31502011EC0C4E96A33FDF77CF8A945EED1019803B05E
S31502011ED0BDE8F04FFFF786BF214B1E4CDFF878B005
S31502011EE0054620481C601D4FFDF704F8DFF878A06F
S31502011EF0DFF87890DFF878800BF1600603E0FFF7F0
S31502011F0095FFB3451BD05BF8042F57F8043F012D0B
S31502011F10C4E96422C4E96622C4E96833C4E96A33BE
S31502011F20EDD15046FEF7C8FB4846FEF7C5FB4046D3
S31502011F30FEF7C2FB0F48FEF7BFFBB345E3D10948E3
S31502011F40FCF7E1FF019803B0BDE8F04FFFF74ABF86
S31502011F505411002200890020043B0102A43A010225
S31502011F6014330022C0880020919B000251A3000273
S31502011F7011AB0002D1B200022DE9F04F14468A4696
S31502011F801F460646636887B00393A3684FF44872F7
S31502011F900493E36800210593236802AD0293FFF7D8
S31502011FA05BFA574528BF06F5487825D3A946344634
S31502011FB0AB462046534600225BF8041BC83400F0A8
S31502011FC02BFF4445F5D13046FFF75CFF06ABA3EB89
S31502011FD0050EAEF1040E4FEA9E0E0EF1010E4EF003
S31502011FE001E0D9F80030534449F8043B0FF007C821
S31502011FF0A7EB0A07BA45D9D94FF01F0880240DF17C
S3150201200018090AF1FF3A8DF806808DF80740AFB933
S31502012010304601233A460DF1060100F0FDFE043574
S315020120203046012352460DF1070100F0F5FE4D45FA
S3150201203006F1C806E7D107B0BDE8F08F3B4600229C
S315020120403046296800F0E8FEE2E700BF70B50E46A9
S3150201205015461C4684B0089BA82103936A46099B30
S31502012060CDE900650294FFF787FF04B070BD00BF9A
S315020120702DE9F04385B00C9CCDE90001CDE902239F
S31502012080DDF83490C4B104F1FF3809F548774846C2
S31502012090FFF7F8FE6E464D46346828462146A823C8
S315020120A00022C83500F00CFFA834BD4246F8044BA5
S315020120B0F2D1B8F10108EAD205B0BDE8F08300BF5A
S315020120C02DE9F04F8C46ADF51D7D22AC2646984B87
S315020120D0DCF8082007461D680868DCF80C304968F8
S315020120E00FC6DCF81820DCF81C30DCF81000DCF82E
S315020120F014100FC6E27F237802F07F0203F0F80381
S3150201210042F040022370E2770DB18A4A55680022F5
S315020121100DF22716B44656209646114600E0635C38
S315020121201F2901F1010918BF14F8099002F00708E5
S3150201213018BF43EA092323FA08F303F0070373449A
S3150201214003F1030E2EF007080332A3EB080301384D
S315020121504FEAD2010CF8013F4FEADE0EDFD1744B92
S315020121601B6833B1744A734B5B6811680B445B1B82
S315020121701360724800210446082377AA01E054F845
S31502012180041F013B42F8041FF9D16D4C012125467A
S3150201219008237FAA01E055F8041F013B42F8041FF8
S315020121A0F9D10121082387AA01E054F8041F013B52
S315020121B042F8041FF9D1002108238FAA01E050F841
S315020121C0041F013B42F8041FF9D15E4DDFF88491E9
S315020121D0DFF884B1DFF884E168AB60AA83EA02081A
S315020121E04C465B46B1462E4675465748CDF8208089
S315020121F009974F4919F9012FD1F80080D117B8F182
S31502012200000F02D04B4FD7F80480B3464FF0000EB1
S315020122104A40CDE90481CDE90669521A039260AAC0
S3150201222000264FF0040CB246B146B0463746CDE918
S3150201223000E25946CDF808B0DDF80CB001378BEA59
S31502012240070ECEF1000242EA0E02D20F013A104007
S3150201225014401540BCF1010C02EA030248EA0008E7
S3150201226049EA04094AEA050A46EA020605D0D1E91B
S315020122701804D1E91A536031E0E7DDE900E20EF113
S31502012280040EBEF1180FC2E90089C2E902A6DDF801
S3150201229008B002F1100206D0DBE90404DBE90653B9
S315020122A00BF1100BBCE7089BDDE904819B911940F8
S315020122B070AB9A93039B1E4C58421843C043DDE907
S315020122C0066968AD4D40609A689BC00F989524686F
S315020122D060AD6940024303439991609268933CB1B0
S315020122E01A49144B5B680A681344A3EB08030B6093
S315020122F00F4B1B6813B10F4BD3F8048078A800F07B
S31502012300B3FD0B4B1B683BB111490A4B5B680A686B
S315020123101344A3EB08030B600DF27D134B451FD04B
S31502012320D6E96004D6E9625306F5C07661E700BFD5
S315020123302C330022001000E020330022883B0102E8
S31502012340683B0102A83B01023E9140D72833002295
S31502012350243300220539109D059F39FDB3BE40D1B4
S31502012360884B099F1C680CB1874B5C6880AA88A9B7
S315020123700AA800F0B5FD80AA88A912A800F098FD66
S3150201238012A92AA800F0A0FD2AA932A800F09CFDF4
S3150201239032A9084600F098FD32AA104612A900F0A9
S315020123A07FFD2AA9084632AA00F07AFD2AA93AA88F
S315020123B000F08AFD32A908463AAA00F071FD05220B
S315020123C032A93AA800F05CFD32AA10463AA900F0F9
S315020123D067FD0A2232A93AA800F052FD3AA9084637
S315020123E032AA00F05DFD14223AA942A800F048FD86
S315020123F03AAA104642A900F053FD3AA908460A2212
S3150201240000F03EFD32AA10463AA900F049FD3222F9
S3150201241032A93AA800F034FD3AA9084632AA00F0D8
S315020124203FFD64223AA942A800F02AFD3AAA1046C3
S3150201243042A900F035FD3AA90846322200F020FDF4
S3150201244032AA10463AA900F02BFD32A90846052206
S3150201245000F016FD2AAA32A91AA800F021FD0AA93E
S3150201246008461AAA00F01CFD00264FF0020C0DF1D7
S31502012470280E0DF1E808BEE80F00A8E80F009EE855
S315020124800F0088E80F0041AD4FF0070E4EF001E054
S31502012490419B3AA923F000424192DB173A9A03F093
S315020124A01303D31846EB06023A9351F8043F9B18DD
S315020124B046F100020B600FF009C0BCF1010F02D018
S315020124C04FF0010CE0E74FF002080DF1E40C4FF07A
S315020124D0080E66462A46A946604613234FF0000AAD
S315020124E04EF001E050F8041FC9184AF1000349F8F9
S315020124F0041F4FEAE37A0FF00BC84FF0080E61464C
S315020125004EF001E0499820F000434993C01751F873
S31502012510049F52F8043F89EA0303034083EA09034D
S315020125200B600FF00DC0B8F1010F02D04FF0010898
S31502012530CDE7A5EB0C0EAEF1040E4FEA9E0E0EF19F
S31502012540010E4EF001E056F8043F0437180A190C41
S315020125501A0E07F8030C07F8021C07F8012C07F8F4
S31502012560043C0FF011C0074B1B6833B1074A064BF7
S315020125705B6811680B441B1B13600DF51D7DBDE8DD
S31502012580F08F00BF2C330022001000E01C33002222
S3150201259008B5FEF7EBF8002008BD00BF2DE9F84F9C
S315020125A00388DBB14FF0000A80464FF00109DFF8DC
S315020125B0D4B00024314D4FEACA07D8F8043035F8B1
S315020125C0022BD919898891420AD00134032CF4D1FC
S315020125D0B8F800300AF1010A5345EAD8BDE8F88F86
S315020125E0DB5909FA04F603F0B853B3F1807F244BA1
S315020125F0F6B293F84C2C12D0324230D104F12002B9
S315020126001BF81230DB09E0D01BF81230012123F04E
S315020126108003C8200BF8123000F0E4F9D5E7324204
S3150201262010D004F120021BF81230DB09CDD11BF8C0
S315020126301230012143F08003C8200BF8123000F05A
S31502012640D1F9C2E7012000F06FFA0D4B012093F890
S315020126504C2C324383F84C2C00F036FAE1E7012088
S3150201266000F062FA064B012093F84C2C22EA06028C
S3150201267083F84C2C00F028FAC0E700BFB4BE010271
S3150201268000E0014000202040F8B50646FFF786FF2C
S31502012690EFF31082012383F31088234F3B681BB9A2
S315020126A0402022490B7508753B6801333B6082F372
S315020126B01088338800211BB31D4D08E01B0113440A
S315020126C045F82340328801318BB29A4218D9736890
S315020126D053F8314003EBC1029288E0034FEA122319
S315020126E0D2B2EBD502EB031055F820E024F4803C7C
S315020126F02EF4803E45F820E01B0145F820C0DEE7B6
S31502012700EFF31082012383F310883B6813B13B6810
S31502012710013B3B603B681BB9802004490B75087578
S3150201272082F31088F8BD00BF78330022000D4040C5
S315020127300008404008B5034B03600846FFF7A4FFB3
S31502012740002008BD54524F501E4A92F8263092F884
S315020127502420DBB202F00F02A2F1080103292BD8D1
S31502012760DFE801F020160C021749184A51F8233006
S31502012770A2FB03231B09164A136070471249134A27
S3150201278051F82330A2FB0323114ADB081360704779
S315020127900D490E4A51F82330A2FB03230C4A9B082A
S315020127A0136070470849094A51F82330A2FB0323F3
S315020127B0074A5B0813607047034951F82330D34037
S315020127C0D9E700BF00E0014000100022ABAAAAAA85
S315020127D088330022704700BFF8B54AF2035001233D
S315020127E04B494C4AA1F8FA03938093889BB2002B7A
S315020127F0FBD101244FF400409FED416B9FED427BDB
S31502012800454B4649C3E907115961148083ED007F9F
S315020128101861FFF799FF092206213D4B83F8501AE9
S3150201282083F8A22093F8002C1AB993F8013C980771
S3150201283060D0374C94F8003C002B50D00022344B28
S3150201284083F8012C83F8002C0023314A82F83230B6
S3150201285092F83C301907FBD545F6017040F2111189
S3150201286000232B4C1085A2F84C1082F82A3094F8DA
S315020128703C309B06FBD5042201250526254B284F14
S315020128801A77276284F8245084F82660FFF75CFFE2
S315020128902946962000F0A6F8002384F82430276200
S315020128A0FFF752FF2946962000F09CF884F826602D
S315020128B0FFF74AFF4AF201521A4B1A80BFF35F8FA2
S315020128C01D72BFF35F8F4FF425421A8084F8305090
S315020128D084F8525084F85350A4F8FA23F8BD012122
S315020128E0C82084F8001C00F07DF894F8003C012B06
S315020128F0FBD1A3E74FF47A70FFF76CFFA4E700BFA1
S31502012900006CDC0200127A0000800000002D310109
S3150201291000E0014000C101400010002200389C1C69
S31502012920322312310020004038B50025284C0121FE
S31502012930C82084F8285000F055F884F8245094F8F9
S315020129402430002BFBD194F82430214943F00203B1
S3150201295084F8243091F82430C3F340009B07F9D45C
S315020129601B4A81F8220092F8223003F0FF00002B65
S31502012970F9D192F84030164960F3C71382F8403014
S3150201298091F84030DB09FBD191F84200104A63F31A
S31502012990C71081F8420092F84230DB09FBD192F866
S315020129A044000B4963F3C71082F8440091F844309E
S315020129B0C3F3C014DB09F9D1012000F0B5F8054BC8
S315020129C0012083F84C4CBDE8384000F07DB800BFC9
S315020129D00020204000E00140A0F101000028FBD1C7
S315020129E0704700BF1E4B1F4A1B6800FB01F1934251
S315020129F013D302F1854202F5071203F5742302F697
S31502012A00834203F23F23A2FB03239B0CA3FB013167
S31502012A104FF0FF30E1B1FFF7DFBF4FF47A7210B426
S31502012A20114C4FF0FF30B4FBF3F3A1FB02C434B9EE
S31502012A30BCFBF3F080B15DF8044BFFF7CDBFB1FBF0
S31502012A40F3F1A1FB0212002AF5D1084620B1F2E701
S31502012A501846002BDFD170475DF8044B704700BF63
S31502012A608833002200127A0000CA9A3B70B500240C
S31502012A700D4B0E4EB3F80021B3F82051ADB21540FD
S31502012A8025FA04F3DB0704D556F82430E0B203B184
S31502012A9098470134102CF3D1034AA2F81051B2F827
S31502012AA020311D42FBD170BD00C0004038330022E7
S31502012AB0034B1A8812B1034BC3F80023704700BFB8
S31502012AC03CC0010200C00040EFF31081012383F3F1
S31502012AD01088124B33F8102092B22AB133F8102023
S31502012AE0013A92B223F8102033F810309BB293B90F
S31502012AF010B40B4A0B4CB2F8FA3334F810009BB2FD
S31502012B0043F4254323EA0003A2F8FA3381F310883A
S31502012B105DF8044B704781F3108870477C330022BD
S31502012B2000E0014040C0010230B4EFF310810123FD
S31502012B3083F310880E4A32F810309BB26BB90D4CF2
S31502012B400D4DB4F8FA3335F810C09BB243EA0C03C3
S31502012B5043F425439BB2A4F8FA3332F81030013319
S31502012B609BB222F8103081F3108830BC704700BF47
S31502012B707C33002200E0014040C0010200BE7047E2
S31502012B8008B500F035F8FFF703FDFEE7F8B5174F74
S31502012B9005463E68A6B17C6806EB460604EB860648
S31502012BA002E00C34B4420BD0637AAB42F9D1D4E9D8
S31502012BB000020021121A0C34FEF74EFCB442F3D184
S31502012BC0BE6896B1FC6804EB061602E01034A64212
S31502012BD00BD0637BAB42F9D1D4E90002A168121A88
S31502012BE01034FEF7F7FBA642F3D1F8BDBCBE0102D3
S31502012BF0F8B5644A644B5A61BFF34F8FBFF36F8FC7
S31502012C001B6803F47002B2F5801F00F0928013F480
S31502012C10600F7AD05D4A136843F004031360BFF371
S31502012C204F8FBFF36F8F4FF47002594B564C0020F2
S31502012C30C4F88820A360FDF7FDFD0025FFF7CCFD52
S31502012C404AF202514FF42542524B0120A3F8FA13DC
S31502012C5083F8B05AA3F8FA23FDF7ECFD4E4B83F342
S31502012C600A884A4B1A68920703D5A268B2F1007F15
S31502012C7063D00020FFF78AFFFFF766FDFFF754FED8
S31502012C800320FFF751FF00234FF00C0E1C464EF0B6
S31502012C9001E0424903F10C0221F8224001330FF00F
S31502012CA007C80320FFF710FF0320FFF73DFF3C4B48
S31502012CB003205C609C60DC601C61FFF705FF01205C
S31502012CC0FFF764FFBFF34F8FBFF36F8F2E4BC3F82E
S31502012CD05042BFF34F8FBFF36F8F324B324D5B1BA7
S31502012CE0002B4FEAA30606DD002455F8043B013406
S31502012CF09847A642F9DC0220FDF79CFDFFF7D8FEB4
S31502012D00BDE8F840002000F051B8204A136843F0AC
S31502012D1004031360BFF34F8FBFF36F8F4FF0E022AF
S31502012D20936843F480339360BFF34F8FBFF36F8F82
S31502012D3079E719077FF46EAF69E701211A695869C4
S31502012D40C2F3C302093201FA02F300260027DB08A5
S31502012D5043F007C0AFF30080E5E802670FF005C054
S31502012D60C0F3C303093301FA03F34FF00052DB0840
S31502012D7043F007C0AFF30080E2E802670FF005C037
S31502012D8077E700BF01020E0000ED00E000E001E07E
S31502012D900000000200E00140000C0022000D40404C
S31502012DA000402040B8C00102B4C00102704700BF12
S31502012DB00139024410B5904201D1002005E00378A1
S31502012DC011F8014FA34201D0181B10BD0130F2E7E1
S31502012DD002440346934200D1704703F8011BF9E707
S31502012DE00A44431E914200D1704710B511F8014BB6
S31502012DF0914203F8014FF9D110BD00000000000015
S31502012E005FF800F0790800005FF800F0B9120000DF
S31502012E105FF800F0070500005FF800F0012B0000E3
S31502012E205FF800F0752500005FF800F0E525000067
S31502012E305FF800F0A90900005FF800F055190000DB
S31502012E405FF800F0A15B00005FF800F001320000BC
S31502012E505FF800F0010900005FF800F08921000027
S31502012E605FF800F0650800005FF800F09563000066
S31502012E705FF800F0BD0800005FF800F025270000AA
S31502012E805FF800F0EF6400005FF800F0390A000015
S31502012E905FF800F0155400005FF800F0E5570000F6
S31502012EA05FF800F0A14900005FF800F0511B000035
S31502012EB05FF800F0776300005FF800F04D23000031
S31502012EC05FF800F0012E00005FF800F03F500000AD
S31502012ED05FF800F0812600005FF800F0651D000032
S31502012EE05FF800F0596300005FF800F04D09000039
S31502012EF05FF800F0092800005FF800F0E11F00000A
S31502012F00B8AF1300B8AF13004B3A0A7BB8AF130040
S31502012F10A97413034B3A0A7B9C1B9939B8AF130068
S31502012F2078F0C9BEA9741303A6928DCF4B3A0A7BD8
S31502012F30EFE91E6E9C1B9939318DD434B8AF13005B
S31502012F404B3A0A7BB8AF1300A97413034B3A0A7BB7
S31502012F509C1B9939A0E82F9133704D11E6587CAF2D
S31502012F60E28719B4DBE36D6B4B3BFD23309A2BC928
S31502012F709943919F1D8FBB79D078DDC0C40F336809
S31502012F800D6205BAE751D710F1CBA4A18DDDBF4180
S31502012F9055B3E4628BF76D6A3B05BC73A4AD2EA1F2
S31502012FA02BD160159B214B2FB8AE20573740BD63FD
S31502012FB078F0C9BE1D8FBB795A713ED4D078DDC077
S31502012FC065E09A22C40F33689576FA479C19B3E7EE
S31502012FD0AE2CBB7E4F00FC3328FB3ECD4E0C601F50
S31502012FE0373ED71129EC01E77CB8A1C902F2B5C275
S31502012FF0000A7E99327BBE53098FBC6C5C5976FD01
S3150201300050F67D9A6D7CAE230A890A77B0111AAD04
S315020130106F69A5997BC3120C3279D801318BEEE225
S31502013020C7EFD2498FBF4575A974130378F0C9BE9C
S31502013030EFE91E6E1D8FBB79705C4E055A713ED447
S3150201304006B6C12901F95A61382EA78216E8363623
S31502013050AD381F6A5E43947803DBE09494862AD7DF
S3150201306072382243705C4E053FD15F22B6C7DBD66A
S3150201307022494947476D7323FF12098AC6F76A91A6
S3150201308079E18CD8D72055ADD53A03D674214D15A1
S3150201309024318170103A0D5491AD2F94621211228E
S315020130A0A6928DCF02F2B5C2BB8628F1000A7E999D
S315020130B0E28FB1FB327BBE53C13FC31517E09EEED1
S315020130C0A4B6B9917603D348808904C56C8AF8609F
S315020130D0E37BB5C8CDA0D526705B5B5C2CD06D6C4D
S315020130E08DE27E8EB3EB0799BC76F861588DD24E8E
S315020130F0B015E6506F63F3A3A785363BFB4665DB46
S3150201310016E284402617D3477053C314E19DFB3858
S315020131107609853E07AB50E74B3A0A7BA97413033E
S315020131209C1B993978F0C9BEA6928DCFEFE91E6E26
S31502013130318DD43447713FC7F1C7D8FDF3B2E921C6
S31502013140993DDFA9DAF5834CE19FE18AF8699EF49C
S3150201315001FB40B35A713ED465E09A229576FA474D
S31502013160C1372BCE1AB6C036F8731C8E9C1E72342A
S315020131708CE8308469B1FD1DD355A4A755B8A3AF18
S31502013180D168AD312CCD9471976018C3C40E40BF7E
S31502013190EFE91E6E705C4E0506B6C1293FD15F226C
S315020131A0CBB1F85EB6C7DBD65F345792FA587BBC11
S315020131B0AC4669A7EFE64573D80A73283A15EC02BD
S315020131C0B8B1F951FA50E374A3C403CFBB8628F10F
S315020131D0E28FB1FBC13FC315383366CF9E00F86754
S315020131E09C18C03E52D803CE975F251A835E33647C
S315020131F078EFD61568C406A8AA6A95691AB00E416F
S315020132006AAA587F0A844B2A9C1B9939A6928DCFAA
S31502013210318DD43402F2B5C22CD06D6CBB8628F145
S31502013220270D55AE55BA890153C9C6E7261D853DF7
S31502013230F8740F37CE8DCC9C99466A9A2528F67F6B
S31502013240C5079B2006B6C129CBB1F85E5F345792FA
S315020132502DC03DDDEC06A691D814F1C19941AB4DC5
S315020132602438260FD80B66D17BC5F85DB5D9F1B7DF
S315020132702BDBDEAE2804CABD993ED2521BA690A70D
S31502013280318DD4342CD06D6C270D55AE8DE27E8EE8
S31502013290E565D343B3EB0799F0D33CE9F4A86B8810
S315020132A00D5B601BF965D250FC390E47C7EEDFA0F4
S315020132B04E0F391AFA4EFD222064EA18270D55AE31
S315020132C0E565D343F0D33CE9F3B1F678DDCD8BE680
S315020132D0732AD805F4A1C6E95A7324263DE741A704
S315020132E00006B2F588214C22EEEFD063233DE55B61
S315020132F01E7DA5986C8DD15B0000000000000000C8
S31502013300B6C5F58465E466C6588BECFCD0722BCB48
S315020133105B6D72301216E191890F3641DAF2AA51CA
S31502013320D52F92934679D70EFF0D4A3DFB493ED6DC
S3150201333091A3B1FAA78EC12BE4704486112CC31650
S315020133400D5E3916243274192EAB4E01122152D456
S31502013350AE2AD52CD440B5CB1C9A2CBC8ED527FAD5
S315020133600E4E0987CD9FE27DFB4299373277F2AF46
S31502013370140897544E14F866929C0C5CA9722DB1EE
S3150201338074205A6C242DB5CC9D0D4FFCEEEDEA113D
S31502013390741D817151EA19AF4589079EA0E9223A46
S315020133A0A1DCCBA50B79DAE71E7F8BEA40C03CEAAA
S315020133B0AF27FC3163FF079816EDF582D53BF67E02
S315020133C0215979D6B3F492891F704E0465E73FC13C
S315020133D0C9CC993040C4088E0B723549B5D15970A2
S315020133E00E56A1CECF8441AC948351DCA5A68902A7
S315020133F0BB85354887317CB1F2BC67BBD71AA3B707
S3150201340001F68166B1098265F870439325205E381B
S315020134104D19B7B301F49B143CFA4A31A2CBA86DFC
S3150201342068BE54B215F9596ED43ECF795C54B7B021
S315020134305F2EA59CE92E9EF7364E07A129EB0E3E7D
S31502013440D43FC222AA65D61C2F9D04C4588FB8A0A8
S31502013450881D807E4B3824293B08956EBA928CDCF6
S3150201346092A2BE518BF58718AB5D3ED55799363A76
S31502013470C22EA0DD02EDF675DFB6B6B8CBBC69A1E8
S31502013480EC10242BB9A4A2BD6D807AC76C8905B84C
S3150201349065E18DCBE7493FC9E0A4A0D7588AF95324
S315020134A0B99DFD1E0F3DE64E9C1F65DD098CE3713C
S315020134B040C8D431E28BE55754BE55A519BD65D531
S315020134C0C32422443DF0CC97742240BE1AAE28EFA3
S315020134D0B2F76B8451E8335D984C1C90364C214F00
S315020134E03187223F10345B5EF49DFA45AC4942A214
S315020134F0BA8FB3E10B750E44327DA4A5000000001C
S315020135002EAB4E01122152D4AE2AD52CD440B5CBC4
S31502013510CD9FE27DFB4299373277F2AF1408975479
S3150201352074205A6C242DB5CC9D0D4FFCEEEDEA119B
S31502013530A0E9223AA1DCCBA50B79DAE71E7F8BEA59
S3150201354016EDF582D53BF67E215979D6B3F49289E9
S3150201355040C4088E0B723549B5D159700E56A1CEAB
S31502013560BB85354887317CB1F2BC67BBD71AA3B795
S3150201357025205E384D19B7B301F49B143CFA4A3142
S31502013580D43ECF795C54B7B05F2EA59CE92E9EF747
S31502013590AA65D61C2F9D04C4588FB8A0881D807EAB
S315020135A092A2BE518BF58718AB5D3ED55799363A35
S315020135B0CBBC69A1EC10242BB9A4A2BD6D807AC73C
S315020135C0E0A4A0D7588AF953B99DFD1E0F3DE64ED8
S315020135D0E28BE55754BE55A519BD65D5C3242244D0
S315020135E0B2F76B8451E8335D984C1C90364C214FEF
S315020135F0AC4942A2BA8FB3E10B750E44327DA4A542
S3150201360010000000200000004000000080000000C1
S315020136100100000002000000040000000800000092
S31502013620000000000100000002000000030000008B
S315020136300000000008000000100000001800000051
S3150201364002000000060000000A0000000E00000051
S315020136500000000004000000080000000C00000049
S3150201366004000000090000000E0000001300000023
S3150201367003000000080000000D0000001200000017
S3150201368002000000070000000C000000110000000B
S3150201369001000000060000000B00000010000000FF
S315020136A000000000050000000A0000000F000000F3
S315020136B00200000005000000080000000B000000E7
S315020136C00100000004000000070000000A000000DB
S315020136D000000000030000000600000009000000CF
S315020136E001000000000000000000000000000000D0
S315020136F000000000000000000000000000000000C1
S3150201370000000000000000005C2E2F2F5E5C00000E
S31502013710206379633D00000020696E73743D0000E9
S31502013720207374616C6C3D002066653D00000000EB
S315020137302062653D000000003A204F4B0A0000005E
S315020137403A204641494C0A2020676F742020000026
S315020137500A4B415420414C4C2050415353202D2DAC
S315020137602073747265616D7320412B4220766572F6
S315020137706966696564206F6E20626F6172640A0A06
S31502013780000000000A4B4154204641494C0A0A00F6
S31502013790657870444420504D552047415445204692
S315020137A041494C0A00000000657870444420504D9E
S315020137B055204741544520504153530A0000000009
S315020137C03D3D3D20454B2D5241384D3120686172B8
S315020137D06E6573733A204B4154202B204457542F64
S315020137E0504D5520284954434D2F4454434D2920C9
S315020137F03D3D3D0A0A0000003D3D204B41543A2021
S315020138005832353531392028524643203737343834
S315020138102073362E3129203D3D0A0000616C696311
S31502013820655F706B00000000626F625F706B202043
S31502013830000000004B28612C4229202000000000D4
S315020138404B28622C41292020000000003D3D204BDF
S3150201385041543A20534841332D3235362076696137
S315020138602061736D204B656363616B2D6631363062
S3150201387030203D3D0A000000736861332822222967
S31502013880202020006162630073686133282261622D
S315020138906322290065787044442065717569763A18
S315020138A02062797465732D6D6D3D000020736D6F15
S315020138B06B653D002072656A6563742D6D6D3D0011
S315020138C020636F6C647761726D2D6D6D3D00000032
S315020138D065787044442073656C66746573743A2026
S315020138E06477745F6374726C3D00000020637963D0
S315020138F0636E74656E613D002073773130303D0031
S3150201390020636861696E3D0020686967683D000051
S315020139100A65787044442063616C69623A0000006A
S31502013920206D6F64653D0000206F703D0000000050
S3150201393065787044442063656C6C3D004841524E83
S3150201394045535320444F4E450A0000005DAB087EA5
S31502013950624A8A4B79E17F8B83800EE66F3BB129FE
S315020139602618B6FD1C2F8B27FF88E0EB000000000E
S3150201397077076D0A7318A57D3C16C17251B2664569
S31502013980DF4C2F87EBC0992AB177FBA51DB92C2AEB
S31502013990000000006B657967656E0000656E636104
S315020139A0707300007761726D00000000636F6C64D2
S315020139B00000000000010100943901029C39010254
S315020139C0A4390102AC390102414242410000000020
S315020139D0303132333435363738396162636465667C
S315020139E000000000000000003A985DA74FE225B2F0
S315020139F0045C172D6BD390BD855F086E3E9D525BAD
S31502013A0046BFE24511431532A7FFC6F8BF1ED76668
S31502013A1051C14756A061D662F580FF4DE43B49FA92
S31502013A2082D80A4B80F8434A0900000000000000D0
S31502013A30000000000000000000000000000000007D
S31502013A4000000000000000004A5D9D5BA4CE2DE14E
S31502013A50728E3BF480350F25E07E21C947D19E3314
S31502013A6076F09B3C1E161742DE9EDB7D7B7DC1B442
S31502013A70D35B61C2ECE435373F8343C85B78674D5C
S31502013A80ADFC7E146F882B4F8520F0098930A7542F
S31502013A90748B7DDCB43EF75A0DBF3A0D26381AF403
S31502013AA0EBA4A98EAA9B4E6A0000000089000000C1
S31502013AB08B000080808000808B0000000080000067
S31502013AC088800080820000800B0000000A0000004E
S31502013AD082800000038000008B8000000B000080C2
S31502013AE08A00008081000080810000800800008039
S31502013AF083000000038000808880008088000080A7
S31502013B0000800000828000800100000000000000A9
S31502013B10000000000000000001000000010000009A
S31502013B20010000000100000000000000000000008A
S31502013B300100000000000000010000000100000079
S31502013B40010000000100000000000000000000006A
S31502013B50000000000000000001000000000000005B
S31502013B60010000000000000001000000000000004A
S31502013B70000000000000000000000000000000003C
S31502013B80000000000000000000000000000000002C
S31502013B90000000000000000000000000000000001C
S31502013BA000000000000000003E9140D70539109D3B
S31502013BB0B3BE40D1059F39FD098A8F683484C1A5F8
S31502013BC06712F898922FFD44853B8CF5C693BC2F5C
S31502013BD0190E8CFBC62D93CFC2423D6498480B2722
S31502013BE065BAD4333A9DCF0768AA7A870512C9AB5B
S31502013BF09EC4AACC23E8D9268C5943DDCB7D1B5A18
S31502013C00A8650C9F687B116FA8D5B44260A5998AF5
S31502013C10F6AC604E0C812B8FAA376EB16B239EE0F8
S31502013C205525C969A695B56BD7713C93FCE72492D4
S31502013C30B5F50F7A969D469F0207D6E1659AA65A71
S31502013C402E2E7DA83F060C595F7A9BA5B3A8FA438F
S31502013C5078CF9A5DDD6BC136316A3D0B84A00F5078
S31502013C60730BA53EB1F51A7065D2FCA4E81F615625
S31502013C707DBAC1E5FD53D33BBDD64B211AF3318142
S31502013C8062DA5B558715B92A3097EE4CA8B025AF93
S31502013C908A4B86E830845A023267019F02501BC161
S31502013CA0F4F8809A1B4E167A89D8D00D3F93AE143A
S31502013CB062DA351C222394584CDBF28C45E570D12D
S31502013CC0C6B4B912AF26285ABF1868050A05FE9569
S31502013CD0A9FA605671897E327350A006CDE3E8C314
S31502013CE09AA445744C3F93279F09FC8EB9517328B8
S31502013CF03825FD7DF4C6656765920AFB3D8D34CA9A
S31502013D002787E52103910E6809FF76C4E9FB135A59
S31502013D1072C15C7B45399E6E94442B10F9DCDB5DE6
S31502013D202B3E5563BF0C9D7FD93492F3ED5DA7E21D
S31502013D30F958B5E180763D96FB233C6EAC41272CC2
S31502013D40C3010E32A124903A8F3EDD046659B7595A
S31502013D502C7088E27703B36C23C3D95E669C33B1B8
S31502013D602FE5BC6160E715091A91A2C9D9F5C1E728
S31502013D70D7A7CC8B7871A3B8322AB60E191264630F
S31502013D80954ECC2E5C7C9026F32D3E55CA51C87EAB
S31502013D90B37848A6CB8412A7E7D1883219E4B5E6EF
S31502013DA083889A5AEC10F24CF621902DA5042D32F5
S31502013DB09CBFC675339FC1B9090BD242433A7A58A1
S31502013DC061FE64AAF81C3B14ABCA8A967D7C869F67
S31502013DD0292709278E25545F750918EA4BD3A7D0DF
S31502013DE0E1264137A346B5215D0EF304317D3A51F1
S31502013DF0FA6B18B631F9907E2F1AF3F432A6338D87
S31502013E0082791A416BBCB56F85E503D66E0B2A7EA4
S31502013E1017AE6B5BF2AAAE406C0D4E1F6CC1604EC3
S31502013E2090F9D44FBC7AE650AC3DC637B96EAB9128
S31502013E30B1075B767035ED6DC7FB0A49271FE68828
S31502013E40BE229775A798044F438388A258F84FA9B3
S31502013E503CED135356D40ECEFA34BFB5CF3D5CF5C5
S31502013E6071B3EAC9A53C650A8F2185D1457A0A490A
S31502013E70359304467837159AF6E131CC09EA6000A2
S31502013E8065E96EF87715047EF3675BCE96A4B26692
S31502013E90969756BDD89254FFD02C594A29EC3C50DC
S31502013EA0B2AC1308654369561B659D679F1B850A5C
S31502013EB0F242330361CB08E1A3308BE87FF501D6E9
S31502013EC014D72DEDCA3A1F3731AD16C8BE0F28EDEC
S31502013ED0E3EFE6D85B59D952F523C6F67217E70F17
S31502013EE03C291E050B031443ADBCF0FB5E0060D5F5
S31502013EF05E0C87D12E0FB78EA0E684D033901F2099
S31502013F0070667BCEE15A3A4C62A97B17929EFE9F5E
S31502013F10E1CAE50D1DE7AE984410832D94AEF43F38
S31502013F20C83A53582EE14D7183641BF94931435BFB
S31502013F3062BF2C5A65DCB5ADB32728631284FA87B2
S31502013F40D8F849AB915E8960186CF80CEDF2ECE990
S31502013F50D4DF350712066DB4E76BB90498A09DBC90
S31502013F606BC26DD92FE6E273D55C700A46441EB365
S31502013F7092E3155055669C8014759D5DD66CA5ED30
S31502013F8096AF4A01AE4E2E097655C8BF74242A60F1
S31502013F9007442291A5FCB809FDE97962B8D2C32C7E
S31502013FA016C0B4D3437CEC6545530B093DF8CC7E70
S31502013FB054B68F77D6DB7B9A0B99076E10EAEE5DC4
S31502013FC0A2EBAF3895EA617D5E51AA4954635BED76
S31502013FD03A82C60B9FC465A8C4D1425BE91F0C8510
S31502013FE0B915D3036F6DD7301D9C2F630EDDCC2E11
S31502013FF01531897696B6D051587A63A86BB7DF52D6
S3150201400039EF0EA0497DD36DC7E406211744446CEE
S31502014010697F8D9280D653FB263F4D69A49E73B468
S31502014020B04B862E1197C610DE5FBE7D27C4936400
S31502014030A27EAD19AD4F5D2690453046C8DF000E12
S3150201404009FE66EDAB1CE62505C85883A02AA60C17
S315020140504742207AE34A3D6ADCED113BA6D36474FA
S31502014060EF060855AF9BBF03046658CC28E1133F00
S315020140707E7459B4EC73586FF56812CCED3DB6A057
S315020140802CE2864563786D56C295DD97847B43FFA4
S31502014090A7B54EAA304E746C8BE8853C615D0C9EC9
S315020140A07381755F1EC7D92FB8EC714E2F0BE721AD
S315020140B0E377A440B9DD56E6804F1DCECE5665BFE5
S315020140C07E7B5D53C43BFC05DDDEAF52AEB3B82445
S315020140D0CF303BED8C6395349581BEA983BCA43365
S315020140E0041F655C4767373794529D0A0BEE3F51B1
S315020140F0665ADF0F5CE7988FCE07E1BF888661D4E7
S31502014100ED2C38717E0AA03FE45E2F77206714B149
S31502014110CE9A0796B194F8E84A82AC004D22F84A43
S31502014120C46CCDF7D953170034DB3D962D23693C78
S31502014130583897B4DA87DE1D85F291A0F9D1D7AA4C
S31502014140B6ED48A02FFEB512441EFE49A6584D648F
S315020141507E77AD31A2AEFC21D2D07F885A1C4402B1
S31502014160F311C58371AA0149454E24C49DD2F23D7C
S315020141700ADED893740E022B4D210C827E06C86C80
S315020141800AB9EA6F16793741F0F81A8C54B7B108B1
S31502014190B49962247C7A0FCE39D9061EF9B060F73A
S315020141A013126D727B88BB41D8497C566C8067922B
S315020141B06A1E79CACC046D064B39CCE345569FA6D5
S315020141C0D28C78A086B6955CD2F739AAE080D997C7
S315020141D01CB5C6524238D035AA55CD0793F4437D54
S315020141E062C38AB7CF36BD5654A9140DC119C52A61
S315020141F090FAB594B474F4EA5A7AF8A98283AFE6CE
S3150201420094E09B87B16DEA0DABE5447354BF66AA90
S3150201421009431B8F885812DA2F4B56FDB3D2875E9C
S31502014220DDB1835488782C5B7A79A8D674EBBA15FA
S315020142303217C4FAF15CF57EC5058B3C5A1F00297B
S31502014240FBCCEA5287CCD70ACF08347962131552CE
S31502014250943D961903170FEB66943D88FAB233A87B
S31502014260783C0075A77F3A09BED7163AE67D10E576
S31502014270CF32F39ADCFF77A37F670B4418BFD57061
S315020142800314A3A4192B256A8612A9604460E9B80E
S31502014290DED3787704D83F7F2D5E8ABF311ED06781
S315020142A03E657BC2068A037BF39069D3D519D99EF3
S315020142B0F2B94EDBBBAE13523591B94C05EA08C7CA
S315020142C0560E26727FD5DE58773D41E9AD9DE778D8
S315020142D07DE62997D5F957F2E6A77AE30E91DB59DE
S315020142E09C039EBB5B1BA16A8BD40F5B26536DDAC3
S315020142F088A9BF9331826089287ED56132C98AD75E
S3150201430043815C3A2D94F279E98DC8B6252FDA9765
S315020143106901F2ACEAA71B25E4B44EEF874FB40953
S31502014320A57D6ABC1BAB907D318E7D08F89206365F
S31502014330F76371D237C6DCF46359EA6520E6A42530
S31502014340D960C15A2EF79B655B8CE35EB0B9AF9A11
S31502014350C7131A074E2D9DBF0A2933E96D6EEE8EDC
S31502014360179710AE17AB3B1CB0B7CAC716B29A1C49
S31502014370CCC3BB0774D3657DD5584A505047745296
S3150201438090291A136B60F209BE464374447DE840D4
S31502014390252BB515D4DA481D3E603BA1188A3A7C15
S315020143A0F7BDCD2FC128B74EAE91667C594C237EFF
S315020143B0C8B4850A3D9D8864E7FA4A350CC9E2DA32
S315020143C01D9E6A0C071E870A8989BC4B99B5013362
S315020143D06042DD5B3AAE6B733C9ED519E2AD610D6F
S315020143E064D485260F30E73EB9FFAEA3190057E71D
S315020143F0E358FF6A6746356725A08AB6BA4BA7B462
S31502014400FD15D389E1E61B341AAD0C4EB3A9EE9C18
S315020144105AA7F2F86D808FBE8D02ABB7465CABDD53
S3150201442085D70C6BA992A216A22D29D64CAE46238C
S3150201443028AE2D0E67F4E48C9E6FDFCC942D3D4A97
S3150201444028BC759F7C145143B7D67D9EE455D2F59F
S31502014450AC1E0B615C111680CA87E1925D97993C8D
S31502014460C22591976257811318751E844779FA43BB
S31502014470D7469C6359FAC6E5742B05E31D5E06A170
S315020144803090B8CFA2C6477DE0D6F08E14D0DA3F7F
S315020144903C6F54919A743E9D5781BB261062EC7112
S315020144A080ECC9348DF58C142A4224115EBFB27296
S315020144B0B53AA398330CFAA166B652FA0161CB94C6
S315020144C0D553AFAF003B862CB86A09DB064E218174
S315020144D0354FE40CC9B6A821F52A9E402AC12465A6
S315020144E081A4FC8EA4B56501766A84A074A490F1B8
S315020144F0C07C2FCD84F9EF128F2BAA5806295E694B
S31502014500B8C8FEBFD9671B59C24CB22895D19A7F4A
S3150201451081C1356365546B7F3672C04F6EB6B8661C
S3150201452083AD807300783A132A79E7152193C485FE
S31502014530C9DDCDBDA2894CC662D7A3ADA83D1E9DDC
S315020145402CF8673012DBB75BBE62CAC667F4610933
S31502014550EE521921D621EC047047D59B77602318B8
S31502014560D2E0F0586DCA0D747BED0F81E461A0FCB7
S31502014570EB4C9ACF74540D5F85FD704F24081F0AC8
S3150201458096EE95B751B7626C76AA3567B6D06D834A
S31502014590C91E53D3DFFF3FB6384F372A3B89F1F4A1
S315020145A06E894F0C4E1C593FEB6FF235FAD97F14C7
S315020145B05B50B61872025F088FA57F7B3816DF4300
S315020145C0116091D6E4E87B310BAFF0D3F50BB7500E
S315020145D0F7712EE38AF4EA4F34BD5BA5D34EE86048
S315020145E0EDD1503F9B48ED00E51A26ED2AC7063963
S315020145F0F700E188D98FB69A970136F39A05E9F55C
S31502014600476D2BBF78DC530E7A877179BF2908B9BA
S3150201461031E6176D6344445E936827182EC5054D2E
S31502014620F54A4A5A9A2D6327CE60B25451F01FD1E8
S315020146307052F9728EC36DD838C17C260DCD1F60BA
S31502014640CD0CE9296491672BDBFFEA87D18582A923
S3150201465064A8D0D8BBFBB4A5F76326027FF258B68D
S3150201466082E29CD9222BBC3B580A3C5852C917B943
S31502014670F3C6E40FB8F93F650C3CDFBCD7A70D9B27
S315020146800ED654ABB6EEA0432AC2E1CDB15410AD5B
S31502014690DF32EB4802E9A8C4EAC0CDAC337B3E5F08
S315020146A03E9679FC13473672B5E02035069396138A
S315020146B0FE03EA887CCF7F43BC59C9D30BC4D4F726
S315020146C0D9DE93F8D15491692675B2B4755C5D3120
S315020146D0A5DA36022D84CBCC8EEE5F34A3C8F02246
S315020146E0EDDB397D615A977328706EA3EB7F4878AB
S315020146F034CED81D00133F5F89C4304B2DB14F9381
S315020147002B0A7F394D246C053462C257A2FB501D18
S315020147108B67B0DE3A82D47BF58A53A66EDCB0C2D1
S315020147203EA71D35C6EE655610B2BF4309E03EDB14
S31502014730C20A8020870172496786BD73615DAB2615
S31502014740384920ABC209B220ECBC018C43EE2B8264
S315020147503BC7FBC025B50C53E93F95C1349051487F
S315020147605B0F9AE061C25C26A739ED224F4ED5F066
S315020147700A1508561EE9AAA275E8DAEDE9B221F48C
S3150201478092E97D6B1D53BC3171F980A94D133DDF51
S31502014790A7221A22D1B84F7AD8D6AA3520D4F73D04
S315020147A05E121A6ACCED142A4ECECF5207EE48DFBC
S315020147B0B708EC06F3FAFFC3C45954B92A0B7105BB
S315020147C08DA33E96FA251D163C437804578C1A236F
S315020147D09D4381C20E27B5B79F07D9E3EA99AADBA2
S315020147E0D9032B6C25F5032C7DA4537B75180F7900
S315020147F079580CCF30017B30F9F77E25773D903120
S31502014800AFBB96BDBD689469CFFEDAF4462F1FBDD4
S31502014810F7D67FA41401EF7C7FB3474ADAFD1FD393
S3150201482085579073A41952524819A96AE63DDDD8F3
S31502014830CCD2C02FC26450482FEAFD346624489B6D
S315020148403A2E4A6C4E1C3E29E11251924B136E3797
S31502014850A05DA1DCB578377011311C46AF8945B030
S315020148602328037F445C605B897CC420598065B937
S31502014870CC8F3B920C10F0E777EFE202652501003F
S31502014880EEB3AEA8CE6DA7244CF0E7F0C6FEE93B27
S315020148906249E3759E576A861AE61D1E16EF425550
S315020148A0D5BD5ACCF4FE122F40C7C0DFB222450A4B
S315020148B007A4C9407F6ED01068F6CF784114CFC6DF
S315020148C09037A418257B605E1818DF6C8F1DB358CC
S315020148D0A25862C34FA7CF356E1DE6664FFFB3E1FD
S315020148E0F7D5CD6CABAC675014CF96A51C432CA063
S315020148F000E4D3AE402DC4E3DB260F2E802645D23B
S315020149006870459E13331F20519D03086B7F52FD2C
S3150201491006007C016449B118A8A4252EB00E22D541
S315020149207503466288BA7C398C0B0C96A67548DAF1
S31502014930202F0EEF76D0685BD48F0B3DCF51FB074C
S31502014940D492E3A023168D42911495C82049F262AE
S31502014950A20C633FC807F005B8D4C9F5D245BB6FAF
S3150201496045227AB56D9F6116FD08A301444A4F0897
S31502014970ACCAA576C31922A87DBCD14346DEB8DEF0
S31502014980C638BD602D59811D384C2AECBED733D8A5
S31502014990ED20CC0A8362912C8175DF92AA473AE90E
S315020149A0814A3C33A3672D70A1C8892F9A364A3AA8
S315020149B00DE88D7C1D7A136315A0ED788A00ACBCD7
S315020149C03FB083B4A5B3B82CA1901BCBCB17E43669
S315020149D04E79117FAADDB33307C65B880808513FBA
S315020149E00D02A8E6C01D14244D9C47CF8C13DAF69E
S315020149F049F8A50E3C45633EAAF92C6548E93E12E3
S31502014A006DC7EF5D925D742E5A6C1EB2C316816933
S31502014A10BCE017BAC3A699B5A2400E07522CEB9178
S31502014A20DC60FE841CB8C25924F26C03DEAD5288E6
S31502014A3090B3FFA3B292CF0DBF4BA6BF7159785A5D
S31502014A40FD244A6C36FE055F9DEEEF3F773CF75932
S31502014A509D98CFC189EFF1B35F542EE042FB5DE32E
S31502014A607CB4A1470B1266577D1583BDCC5D92912D
S31502014A709480CC225320A13CE4D6903F187FE528AE
S31502014A807B762EDECE14471AFFB7B6B80FBA20DBF5
S31502014A90A11F5177B6C332B7892DF099C0512BA9FF
S31502014AA0F1A59C48AD75384FBCDDD0A918B1BC98AB
S31502014AB02B80B408349E44EE04B1A6B82692088728
S31502014AC05D91C7459A345F68F1CC745CF8AC419B41
S31502014AD051522608813173B647B1AD11ED2AC999F2
S31502014AE00FB4EC340DD7477AF5A443CCCBC4A060FE
S31502014AF0A9BE7736CA665C77EDF5F82F75A17AA15C
S31502014B00C0FD010E02D9DE1197181AC11639688540
S31502014B1008D006E5EFA4692D01BD64F67813AF3915
S31502014B20C6171536312194656DB6D3B490CFACC094
S31502014B30602E7361E59D05A7BAB0C670781F3D0365
S31502014B40E446D926CD614158A27CD272A0B1F2BB0C
S31502014B5004C7DEFB593C39BF1EB862E2CEBB8DE902
S31502014B6089B529300BBDEE023757934D7A10452090
S31502014B702183E49BD8608367E40731E0DED6A0B9DE
S31502014B80FEFEDD17E98F0245501A71A08976C1260C
S31502014B90201B1EDA3BA8ECFAA7175FDFD01EBF5611
S31502014BA080F93BD49FBD881F86657273033C8F3A99
S31502014BB00BD5AEF2B4E7550436A1E2DFA2E23436F2
S31502014BC00AC3956D127590105FAC0DA656873661B4
S31502014BD057DCABEB6A2FE0177D0FCE4C2D3F197FC9
S31502014BE0F0DCEC89774A2320E8C5857B9FB6658789
S31502014BF0B2BA68D18B67F06F9B0F331D7CE7703AAF
S31502014C007C8EAFB0516D5F3A52B27871B60DD276E3
S31502014C1060D11ED5F9341C077011E4B3204A2AF675
S31502014C2066E3FF3C3582D67CB6FA87D85BA4E10BF4
S31502014C306E3B40BA326A842A00606EE9121092D93A
S31502014C404309DC3B86C83828F3F4AC6860CD65A617
S31502014C50D3E3D73C182DD942D92560339D3859570C
S31502014C60FFD82C2B3B25F03E3050464ACFB06BD1B4
S31502014C70AB77C515416B49FA9D41ABF48AAECF823A
S31502014C801228A806A6B8DC21FA84708A2C43424B64
S31502014C9045E5B9DFE3198A895DE4589C21009FBE87
S31502014CA0D1EB6DA1CE77F11FCB7E44DB72C1F83B0E
S31502014CB0BD2D28C61FC4CF5FFE15AA75C0FFAC80E5
S31502014CC0F9A9E124E8C97007FDB5B5459AD961CFBD
S31502014CD024793A1BE9840986893E3E30190930E76F
S31502014CE01E0B5041FD64F239CBF89E3E8A365A605C
S31502014CF0154750A522C0E9E38F24245FB0483D55EC
S31502014D00E5267664CD16F413ACFD6E9ADD9F02425A
S31502014D104149A534BECE12B97BF3BD87B9640F648E
S31502014D20B4CA9885D3A471418C4CC999AA5827FA59
S31502014D3007B800B06F6F00239253DAADDD91D2FB53
S31502014D40ABD14B57FA1482507F72636DD3081403A9
S31502014D5033B5C7D7EF9A376A4BE2AECCC58FE1A915
S31502014D60D3BE8F4F91352F331E52D7EE2A4D243F94
S31502014D7015962E4328903A8ED4169C2E77BA64E164
S31502014D80D898EB47FA87C13B0CC286EA1501476DF3
S31502014D9025D1466CCBB78A998801663AB53278D75E
S31502014DA003BA6F90CE810D45023945D82A4DAEF828
S31502014DB01D2DDBE88E0518701EC1D2C75F99B3AAF5
S31502014DC079CACC24236DB153B5E0CAB2664D262306
S31502014DD07665CAEB33EDBA7DC84AD2F0D6BE0E036A
S31502014DE0105563F7787F882A4F2D015CE7B9232A8C
S31502014DF0EAF2E1CA5146970CCA705D677332B62F61
S31502014E00F50344860B25A70B21649C02FD180DBBF5
S31502014E10028F298921142DBC960E258BE6F847832C
S31502014E20C9712D03E82F9F7B9C6DF886935863DD2C
S31502014E30A4853AE176916961577DAA4E9511512E63
S31502014E40FBBD60FB571BC23280079E31CD2378D84A
S31502014E50C5757789C1CFC4EFF7B30A9A12FB5448D5
S31502014E6071C33872419DC4126937E8FF33B55009DF
S31502014E70D16B1D8E1D1C862110E5021338D822F036
S31502014E80B4CA91630C2009254295798317A0B30907
S31502014E903FEED5AA8FD06D629F1470EBEEBC00BABD
S31502014EA0C944A4A046B22114C7A7248C8E3AA44AA7
S31502014EB0F55EF0D840F5C104DCB93E0B0C5EBAAD25
S31502014EC0E39CA4484450B52AEC5D0F6F2627D22EE7
S31502014ED02408D55E41EE249815D468947CEC7B8037
S31502014EE03FE221B5E1BA9370FA3A5D1C63AC07DC85
S31502014EF06C8CDFF971516158B0E2739DD879A07259
S31502014F005DE1EAB4CEF40173412C72D659E7096424
S31502014F109B72BF72CFE174A669E5213CEB240ABC00
S31502014F2023CBBA4ED2670139F69A7B2BBDB831D55E
S31502014F30515BFC37350905506D5493C525CF2F2397
S31502014F40490FB42B1465A320ED41D97852D8CC6E02
S31502014F5043782FD283AE5422B7CDBF7B2ED022C542
S31502014F60E2E4F0BF51331E68454F03839DB5648B5E
S31502014F70FB0EA21FF2718B2FE45065BA9594246938
S31502014F802B47D5458EF99E53755220A6A1B67B6E47
S31502014F90838E3C41D7214FAAB25C8FE855D1566F19
S31502014FA0E15B34A64B5DE22D3F74AE1C96D874D0FC
S31502014FB0ED631CEEF5186DF829EDF4E75BC5BD97B7
S31502014FC008B13A6679D2BA4CCD1FD7A02490D180C6
S31502014FD0F88A28FB0AC225C519643A5F4B97A3B121
S31502014FE0337200E2EFBC7F7D69CBCF0717B927ED9C
S31502014FF088F7D422D3EDF929658A1F74F08FBFB8D9
S315020150005250D30ABBCD467C0DB6EC70166BE39AB1
S31502015010F8A50FFE4968A5EB755554E78560C8FDED
S31502015020210B0355E9D65C39EE2A3AACBFA15A13D4
S31502015030312EC7296A4D5CC9DE520002E2F3C60867
S315020150408B6EB0200C55027901286B266A1EEFFA87
S31502015050169F73D5C4686C862C76031BBC2F8AF601
S315020150608D5AB7875E4375599490C2F3C55D7CCD5F
S31502015070AB05912A9AA281C758301C42361DC680B9
S31502015080D7D4D8DC96D19C4F68377B6AD8979219C8
S31502015090637AD11A2458D0D0170C1C5CAD9C02BA83
S315020150A007037A3884D0CD7C13D45E43288DC3425C
S315020150B0C9CC783260F350BDEF03DA791AAB07BB7C
S315020150C055338CBEAE9795265324700A4C0EA1B960
S315020150D0DE1B7DD56658A20FF7DA27CDB5D9B9FF02
S315020150E0FD332C4945292C57BE30CDD645C77FC73E
S315020150F0FBAEBAE3D3E8DFE40CDA5DAA30882CA270
S3150201510080CA5BC09854987F858CB217D63B0AD366
S31502015110EA3B7739B777D3C5BF5C6A1E8CE7C6C649
S31502015120C4B72A8BF7B8610D0045D90D5803FC297E
S3150201513093ECBB6FA47AD2ECF8A7E2C25F150A130D
S31502015140D5A106B71A156B41B036C1E9EFD7A856F4
S31502015150204BE458CDE507BDABE0571BDA2FE6AF8E
S31502015160D2E87742F72A1A19BB037A289993DFCF35
S31502015170E027CBF2C87833CA88CECCED8F62DCFA4F
S315020151808F98BEE0BC56CA732185CCCA30CBEF0BD1
S315020151901A977265405B44F4AD027D4C8D6781813D
S315020151A02EBB30C9E48B167E78586474837240E84C
S315020151B04A5B7FD2591C09EC2ECC3976E4724D2F0B
S315020151C0161D51D43DB6D96785496FAB5B0950D5DA
S315020151D01AAFBF4F5BCDF40440750C2AD12E8E9DBA
S315020151E0862221B2044EC22B149AE02F0BB6D409A1
S315020151F07E74B1DBAFF084C36EFDB57889EAE258FD
S315020152000A9BE0B577F59E51A9CC2411D9D763182B
S315020152108E708AB84581C07AF53170850973CD2BB6
S31502015220E5FAB88A6E7A336216CAFF067FF1CE4B69
S315020152306AE12A69DBE106DEB0424F612D7053074E
S31502015240D012925BB441605F73123A1B4E32ABD1FC
S3150201525040530581F17C94186E198CA967955D3BC3
S31502015260681E2E802504A07F05278C027415537DA6
S31502015270FE750DDB697D3180DD8D8CEFE8ACFF308B
S3150201528098E9C3B67BE99D7EBCBA500BD4EB168472
S31502015290EE8B2028267208156DC3C1B9AF8F14A3F0
S315020152A05D7D2DD3ACDA070D8C31657D0EC04132A1
S315020152B0E76DE8D0DCE5BEE6268CC0FBC22D8B117C
S315020152C0C33D60FCA7040D68EBA35A694A41C2F9C2
S315020152D0218FA6054C2CA4DA3E96937F98236C7CEB
S315020152E0E354390CD38C0E2129BA6B3FAB7573404B
S315020152F02E481E99D8B6C39EE9925FE5820EC899D9
S31502015300E10A0CFBB6137C302C5F7AD2DA3CD6FB6F
S31502015310D706A18ABCC40FF030A4648E1A5CFB5373
S31502015320852E1A0CE5ABEA04E7B58ACB2110752462
S31502015330EB10505C494423FCA110564E7B711E5F53
S31502015340D50C71C2185FDA449E9829C78062D44689
S31502015350DDA56853D0FB934B895A76D1813FDF6332
S3150201536023A2A0B964BDCE34EB4CF38A8702275E31
S31502015370AED646B909040B901285BDDAF7EB126572
S31502015380818F258869B7D9614BD9B74913A7C5A6B4
S315020153904694EB2358D1F3A334484877D2FB16043B
S315020153A02F81702C6F5ED46931143CC54BF716CE32
S315020153B0DEED7220CE25972BE73EB2B56FC3B9B8A3
S315020153C008C95C0B450E2E7EFB0E464F432BE69F0C
S315020153D0D60736A6D403D3DE24DAA0B70E2152F0BD
S315020153E0935B5400BE7D7E2330B40167ED753501B2
S315020153F010FD0B9FE6941023227FE483150F32756D
S31502015400E35511B199A6AF711DB653399B6FCE659E
S31502015410E641A1AFEA3958C6FE59F7A9FD5F430F26
S315020154208EC2B1C2E9421102D6503B471C3C42EA46
S3150201543010EF383B1F7AE85195BEC9B25FBF849B14
S315020154401C9AF878BC1F73008018F84818C730E414
S3150201545019C1CE5E220C96BFE315BA6B83E0DAB6AA
S315020154600858E147336F4D4CC91F7DC1CFECF71880
S31502015470143C4051A6F5756CDF0CEEF72B71DEDBA1
S31502015480227AE4A7AADD3F1970198F98FCDD0C2F49
S315020154901BF5B9B02762916BBE769177C4B6C76E1A
S315020154A0A89F8FA80095BF386F87E8373CC9D21FDE
S315020154B02C46D1185A1EF6A27612243982F580504C
S315020154C069490DBF9EB96F6AEB550856BBC1466A5B
S315020154D09DF093F838BB1624C1AC718F37111DD7D5
S315020154E0EA9618A31469F775C623E4B6B522B1EE96
S315020154F08EFF86F210709D938C5DCF1D832AA99033
S3150201550010EBC5429FDA6F13D1BD05A3B1DF4CF98A
S31502015510082CF89F9D4B360F8A58BBC3A5D8872AFC
S31502015520BADCE80B51832102BBA05F30BD4F7A0E74
S31502015530AD63C654E04C9D824838E32F83C321F400
S31502015540424CF61B0DC85A7984347CFC6E706EB3DC
S3150201555061CFC1C3B4C9DF73E5C71C78C9791DEB35
S315020155605C67AF7DDB9A4570B32BB49149DB911B26
S31502015570CADC024B23962657DC788C1FE59EDF9FF9
S31502015580D31FE28C8462E15F417C074DAE0A79E268
S31502015590A36974DB7082938BA216BD8ADC32B66E66
S315020155A0724B06AAEC14087289531195C7295C310C
S315020155B0CE742F8607E5E0D73274928521764A0C9E
S315020155C0E4A1254A986CDE7210A36ABF53B59AAE5E
S315020155D01B6E6D80A9500A053951FFAD0374BB924A
S315020155E08B61BE4576D294032C352868D957269805
S315020155F02ED4A81C303080480DA0CD9FEC998E97F1
S315020156008E3477F08599B65647E22CD5FE37258733
S315020156101050606FDBBB3FFB8B9F344B319E2021C9
S315020156203943961DB762910148343CE5418650D40F
S3150201563006D6EC54955CBC49E03A31A40CB9BD26B8
S315020156403073B9DE78C9E125F4ED7E855122574DD5
S31502015650C5939EE1DD4E72E33570790B0E42718A76
S3150201566043E7AB8736833C3BA44535B2256439F51E
S3150201567096B2FB987EA2A71586DD6F63BC526CAB10
S31502015680EE349341A895D97975DD9511A68E8ACD09
S315020156902FA8D91DA8D804A5B67958A381CA0D5435
S315020156A08A6AC879A316DD60D3F2D0CBD101065F2F
S315020156B07FBB32612F416E7387DE8D233244608355
S315020156C03C75C0F572523A1E1D6556ADB772318BE5
S315020156D017D7AB3F7A1B5801E4F64D42F64DC92D59
S315020156E04F28292C5D6E37309CA55981A78D91D201
S315020156F0F313073FD91CDC6B9065CD4A937A5F564B
S3150201570028C1B44CECACDA53815AE949DB54A2E71D
S3150201571073ADB008D0D5925107FC0AD0B1E5204D40
S31502015720385FF22C01F8555D7C931180841E65CA9F
S31502015730281AF46E6EC4B0C6528D3F5FA71B02B71C
S31502015740FDB9D7EA99FF9D114D1DB3F4CBDFEA43AB
S3150201575092881411743F50C6173B0D06C568EEFEBA
S31502015760C80A4ADDB393923244FC79B730DA2B0E7A
S31502015770F86D0F42B76D66F5862219F5D970758EE9
S3150201578006F2483F6EF0C75F9478AFD2A44B104F32
S315020157900C598DF5DD60D5E25C3B89430E315E9C89
S315020157A07D48FE3FAE8D0B5AFEAB3E53BD23FB68D1
S315020157B08F3EF56DBC5BA67C4A7DA60143F032C9DC
S315020157C0F6397C670B97344D1A9694E14F21594E5F
S315020157D04FCD710DC77DBE492DF2503BD2CF0093FD
S315020157E0327291FC46D4894708B27C5D2D857928AF
S315020157F0E7F27D6870DDDEB891786821ABFF0BDCDC
S3150201580035AA7D6743C0442B8EB74E07AB871C1A58
S3150201581067F4DA998ED1C6FA67904F48CDBBAC3E92
S31502015820E4A4B92BEF2EC560F18BFD3BBC895D0B60
S315020158301A55F3C937926BB0F52830D5B0164C0E0E
S31502015840ABCACF2C319CBC10116DAE7CC2C52B707C
S31502015850AB8CA4549B69C744B22E49BA5640BCEFDD
S315020158606D67B6D94872D7705BA0C23E4BE88AAA69
S31502015870E08117EDF49E6998D1858E70E41345791E
S3150201588013F476A9D35B75630EEC6F9F5094616531
S315020158908D51C646A97E2EEE5C9BE067F3C1339716
S315020158A09584946363AC0F2E137EEDB87D96D491E5
S315020158B07A8176D70A2F25746425850DE08209E45B
S315020158C0E53CA5163861B83264CD48E4BEF7E779FE
S315020158D0D0867808673AC86A2EDBE4A0D9D49FF845
S315020158E0414F5A735C217941C367DE3217EDA8B184
S315020158F048491B461894B43CD2BCCF764343BD8E6D
S315020159000880181E873EEE0F6B5CF8F52A0CF841EB
S315020159109467FA04C3847268AD1BBAA399DF4589F9
S31502015920165DEBFFF92A1D0DDF1E6232A18ADAA985
S3150201593079652259A122B83093C19AA77B190440ED
S31502015940761D531897D7AC166AC62BE5285DF15B0F
S315020159508E1AF07018E3472CDD8BC206BCAF1924F0
S315020159603A176B25EBDE252D943A0C68F1809FA23E
S31502015970E6E7E91A157EF7717379014858F10011C4
S31502015980DD8DB316B3A44A05B87C26198D46C8DF48
S31502015990AF4DE5669C78280B17EC6E662A1DEB2A3D
S315020159A060A77DABA61046133FB2597CC25EF5CA0B
S315020159B0F2044D153EEDAE99F44141E1721D446882
S315020159C0A2A03239134503143C8C02DCE03014D90F
S315020159D071C71752A855B90EFAA1992CEDE1094BD7
S315020159E03C746ABDF21A88423DAD5CAB9AC6FE7B37
S315020159F0ADCFB24CD38C3EC2A2D637FB4BD15D683A
S31502015A00187A671544D6D60AB5EC7B419E431A78B5
S31502015A1066020ED18C93C54A24AC92061185A35D0A
S31502015A203312E3ADA265B0119F7E9247288914799C
S31502015A3077A80A37EFD6DA3303271211FA248F1F12
S31502015A409295DF2A2FAC655246B3FC9A30DD5F4050
S31502015A50543FE628443D72D9AEAA655FF01DC09453
S31502015A6009084CE13ADCE44317A538A9F1C712BC8F
S31502015A70E1B28031AB2830474A25CDFB1E57783F2C
S31502015A800FF9F66F4234E574A3C6C2ADC37A6FEA63
S31502015A90947C71E9F628E9D0F5EA45D6EA79D3E2AA
S31502015AA0BEFB1FC58587DD4698885C37BE019870A7
S31502015AB04883FDE3B5DA064B14072327ED0C8875F7
S31502015AC0424C2FDD8F46092B96CB01B7EE49C7977C
S31502015AD0C369A3B6D438F483D92C409A8B2B966228
S31502015AE07BDF889850C776692AA0FF826594975B07
S31502015AF049F5A8FE516A09DA9BAF775F375163A070
S31502015B00761E1D2061DECF1BA2596A2490544A4A91
S31502015B1090DD7FE8DEBD3ED6FA71230D677C43D95F
S31502015B20D68E0FD30873E869674A6DD01108423DD4
S31502015B30E3FFE0908504FCBEDE7B48BDB7C670F884
S31502015B4028FA9A3116732A6EABA8943E8C7724965C
S31502015B50EC8BA7E9CEF3D60A4F3C740D81C78A9422
S31502015B60CCFCECAA357962769F9AD5D624ACA85696
S31502015B7006F096303E75DBC899524C8FE6417F4757
S31502015B801461C8F61C858D58FEB0F68DC78E135169
S31502015B901BF575E589DA9753B9F17A711D7A2009F0
S31502015BA050D6202BBAFD022115F5D177E7652ACD0C
S31502015BB0F160AA8F87918954E506BCDABC3BB7B17D
S31502015BC0FBC97CA9CB784865A1E65C0505E49E96EE
S31502015BD029AD511268A7BC3615A47DAA17F51A3A42
S31502015BE0BAB2EC29DB25D70AA99516F1ED2DC47CAB
S31502015BF0CC6A2EBF115AD917A35F106B614A758BF6
S31502015C00DFB5B75BBA7CDB255EC2B6E998E9B0B00F
S31502015C109D5A135C062070058E78D44E926F2081B0
S31502015C206B74713AF7B82C784274C6D6D0E35184B4
S31502015C3061A6B0E9AFEF99E95FD3FCF31062A385E0
S31502015C40F1B01410364C3C5E57244E83B16742DCE8
S31502015C50C51BCE70B54475B6D75ED1F70B7AF01A6D
S31502015C605036A071FBCFEF4A856F059B0CBCC7FE70
S31502015C70D7FFF5E768527D53FAAE124362C6AF7794
S31502015C80D99F3902535F674F1E17150436362DC346
S31502015C903B48988911EF2BCD105194D0AD6E0A87EE
S31502015CA06165A8A272BBCC0B9BD2DF941513F59743
S31502015CB06A4C3F315D98556110504508073FA1EB8B
S31502015CC022D3D2B808266B679375530F0D7B7121C8
S31502015CD04C061E130B694E919FE02A75AE87B61BC1
S31502015CE06E3C429BA7F30B42472B5B1C65BA38817C
S31502015CF0801B1B31ECB67186B03531BCB10CFF7B12
S31502015D00E0F10C9CFA2F5D740934374364317A153C
S31502015D10D981AAF4EEB7B8FA0648A6F5E6FE93B01B
S31502015D20B6A77F705436772E81F95D4EE10262AADB
S31502015D30F5E1155017590DA26C1DE2BAD375A218D9
S31502015D40530260018A614305C1234C97F4BDEA0DF2
S31502015D509346CE9D250A6FAA2CBA9AA2B82C200484
S31502015D600D96072D3643144BC013C11CB33E265D57
S31502015D708430C216B8BEDECCD0559080F5F5EB065E
S31502015D80AE3B389614ACC6758098F006F60FC1E4A0
S31502015D9011384ADDA9D1005C4F7458A6A6EAE74537
S31502015DA0EE63E9528DDFCA53374A6E183F345B827E
S31502015DB06561CBF824D87A76DA4B987B292EB1091C
S31502015DC04DCB4C21FF4D6D03EC2C2453F737B847CD
S31502015DD0F21242C08CC46D25C528D9E1FBFB22E231
S31502015DE0072C8AAD5B29EA485E71C5573F1C9B2980
S31502015DF0906D686B9E92CB96B35A234764800430AA
S31502015E00E19F4DA4245C432C3F83F8807CC907069D
S31502015E105BEC25CA7815850E6FBB1E160B45F7542A
S31502015E200EF8DEA09247CB7B5936C72BD0E3878487
S31502015E30DF7999054584AF4BBF6FADDC5A977CD1AB
S31502015E40B696FCDE0B9F3657C2245204A0D0EC1C38
S31502015E505239E5691B1B7F7581F68952927A5B7706
S31502015E604861731620C66C1B988663750199A9F160
S31502015E70D360AAEEBED13D3588A49B4C337194847E
S31502015E8011E3AD43686EFA63AD6984BF9EB7F6E16D
S31502015E90353166E2041080151B1874AF3083499AB6
S31502015EA03C679B044F50A23BFD21037676E86C9A30
S31502015EB0D83AB69E10B5E27F9205C88AAED4E700FB
S31502015EC03A726FBB7A6BD873B65ABA6D60B5520B1A
S31502015ED0ABEDB1BB0F4F13A935A6049B0D52A930E9
S31502015EE0DBE57379F3B81368CA63CD19B36B9EF513
S31502015EF03968D02192150C67B6CA50215B566DB02E
S31502015F00A3124F109D19FB2075A71BB6AEBFC71270
S31502015F10FDBF63E21F624EB8CF0D845CC3A5470B7A
S31502015F203486AFCC0BBE837E20C1996DEE3D946162
S31502015F30E09F0B462E1F10868D59E88E51F1B26BEA
S31502015F40CC75C4FC8962B776D38D73C501E7DADBFA
S31502015F50EE1B6FB235F6C6F9F45EF142806AE9616B
S31502015F60D8A460AF1FD1A13A74CC6C72FA6DFD143C
S31502015F7065B9532FFE4C083BB4C8A252F5E43AF375
S31502015F806A16400D7AB0AA5925AC5E924CECBC77E2
S31502015F90387713608471481851F4A9FE3743375B89
S31502015FA046AAE6C88EE765187A1F6EB6C7B7C4CC8D
S31502015FB07E2F0CF5257E15441CAF3E71FC6DF03E1D
S31502015FC0F763DA5267442F58CB9C521CE9547C96EC
S31502015FD0FB35C6649226F63065191278F4AF472767
S31502015FE05C6FF6EA18840317E44C3220D37B31C680
S31502015FF0C48B48A4E84210A864135A4E8BF11EB210
S31502016000C98DA2CD4B1C2A0C47041F6FD0C74DD296
S3150201601059C087DB3E9E26B28FD2B2FB72025BD19A
S315020160207748F6C6D18B557C4569BD694881C4ED71
S31502016030228D1CBE7D906D0DABC55CD512D23BC6C1
S3150201604083DC14A3309B6A5A3D4696D32415ECD0C1
S31502016050F0245AC38A62BB12A45FBC1C793A0CA50E
S31502016060C3AFFB0ACAA50404D643A70A07401F8C7D
S31502016070E85E265BCBD0BACCDED28F666B044B5779
S315020160803396DDCAFD5B3946D16F412A1B9EBC623E
S315020160908B5950E328F7C6B567695D3DD83F34048D
S315020160A098EEF8E7167552399C9A5D1A2DDB7F1127
S315020160B02A5C00D1BC45779CEA6FD554F1BED4EF78
S315020160C016D022E8299A5776172AC0497E8EB645F6
S315020160D07FA3A9BCA251CD231B4C22EC115FD63E54
S315020160E0B1BD059EDC84A343F234B45213B53C33ED
S315020160F0E180DE93492832D8CE350D75872851B510
S31502016100C177272ABB14C50245B6F18BDAD54B688E
S31502016110534BB5F67ED38BFB53D2B0A9D716393181
S3150201612059805461099260110A3BA761AC68E2F099
S31502016130F5A5913710FAFAF2E9006D6B823EE1C1DB
S31502016140428FD76FE97EFA602BD74DBDBECEFE9444
S3150201615011220F06DA4F6AF4FFD1C8C077594A12E3
S31502016160959200FBB8045370C66E294D351D3DB696
S31502016170D831AD5F3E05C3F3EC42BDB48C950B67D6
S31502016180FD5363A10C8E3921EFD2A78DCAB26A21C2
S315020161902728F499DDD96A36753CDD4F00B964AE1C
S315020161A0629E90535B393A409A7E1B8616FCC586DF
S315020161B051C4276A4730A3F69735E9A1677266018A
S315020161C0EBDF8260CDB9FF0539613FF59FFA17A66C
S315020161D0B66CE613E5B5F260A48A44B3EFBEA8D75E
S315020161E092A15E6F8532297AEE192DCB073FC3DA6A
S315020161F026A1C47758EEF7E14662143944FAA7E1BB
S31502016200A9149BFD417AF04D443288FF1E48A888A5
S315020162101DFD2176C7E759A4B27489D494D544FBEE
S31502016220C0755BB395AA127CEA374009C046546130
S315020162302624D4A61EB1F02E59CA2514184647960D
S31502016240CE95DB233682F54288E82DB061D7390B2C
S315020162501F4E41D27E0E555F40A9E12258A4BFA628
S31502016260997B44FD7D2F0A050293637948449CB8C4
S315020162702C7FC65093F1E44AC6F91AC8A85DB3F059
S31502016280171087463500D03977DB50A6333B7C435E
S31502016290B22BC5BA1DE8AF6B18D3B72D2D4099FEA7
S315020162A0CEA62B37EC7E5B2B3DC1540351AFA7F231
S315020162B0602B37AA45B1A0D770D4A3056AB969285C
S315020162C0730146822DE4286524B51ED714552695F9
S315020162D09345F15D81D803E6B7E64D0D41DF7C14A6
S315020162E050C8370473B1935226F2CC4B81E0D023C6
S315020162F093FB9681CD45C7925B1E54596C79618B8E
S3150201630078F921C0F04DA44072930351111DA9D50C
S31502016310DE26CA99B777D32E6B6B36FDAC0272A114
S31502016320951990D61B293007D662231859A840BB66
S31502016330BB1A4D8A77559FB9F659857527B4188DBB
S315020163405A23264DE70FC226F522CCE99F1D8D64FD
S315020163507C57DD281956BC66D139246521EDD34710
S31502016360498BAFEDAC71D2491DFBCCF664FC824E72
S3150201637026BA1BB7B4C9AA2A6BA7AFCBDB89A087FA
S315020163806DDDDBD80791BE6C5CB970AC0FD020FF16
S3150201639050E1DA59C74F00BD145340BE24D1050F4F
S315020163A03332F5A9632031238A880A0A1B189F7A98
S315020163B00321571D9E90041ACF6AFD5391C20DD433
S315020163C05C3B6B388F382C17F3332B388A05F589EA
S315020163D0B4C048AD0BBAE25A6EB33DA503B5938F6D
S315020163E0E632A2959DEDA35A0156B7B4F9AA9827AA
S315020163F072AD8D5C1372AC5E23A0B76161AACED277
S315020164004E7D8FE984B2BF1B6165D9C7E97767659E
S315020164103680C77254122BCBEE6E50D9993205656E
S31502016420CC57895E4EE1074A99F90D98CB12E44E93
S3150201643071C76E3C6FD715A3FD775C92DEEDA5BBE6
S315020164400234311D39AC0B3F9BA477C4CD580B24C2
S3150201645017F04764DEDA38FDAD6AC8A7328D9219A4
S3150201646081A0AF84ED7AAF50E55BF61501DE4F6E82
S31502016470B209612121269829D9D6AD0B8105027867
S3150201648006D0EBBA16A321196D70E085859AF31F22
S315020164903339E7B3D8A5D0363B458F71E1F2B9431B
S315020164A07CA9274808EAD1574B038460BEEEDE6B0E
S315020164B054B80F78B6C2993195062DB6AB76339795
S315020164C0907D648BC980316E71B028A1E7B67AEEF0
S315020164D0AA8BA8936D59C1A4306121B282DEB4F7A9
S315020164E018BD97DD9D993E36F40D30DA513A90E3A7
S315020164F0B05AA93D236439848064350B2DF13CEDF4
S3150201650094718184F6778C034542D5A280EDC9F355
S315020165105239F677788BA00A755408D163AC6DD7D8
S315020165206B63709415FBF41EEC7B165BE65E4E857F
S31502016530C2CDD096420A59599921109834DFB272C6
S3150201654056FF0B4A2AE95E579C0C3F45DE1A43C3A6
S315020165509B3B70FF5E04F5E93D7B84EDC97AD9FC6C
S31502016560C6F4581CC2E60E4BEA68E6607639AC9769
S3150201657097B43A15FEBB199B9FA7EC34B579B14C7A
S3150201658057AE31A19FC05161965DF0FD0D5CF53AA2
S315020165907AEEB42AE02E26DD0917171287BBB2114D
S315020165A00B030F80FA24EF1F09666C6B3A1296B43D
S315020165B03859AB8085FE50A75F7AC2B739BF71F4ED
S315020165C03C19AC77CE037950206216906AA691FFE8
S315020165D009E0F15BAE5225F27CDF907FD885FF7D23
S315020165E0B96F730CFE0F624F343EDEDF650DF96241
S315020165F0AD5FFAB992C528CF104516C6F96EC8998C
S31502016600846C254A0448D4256FB1E9C70E2368BDB7
S315020166105D79C5C1C1B9B10EFFB1B695C4C8437999
S315020166205ECFBA0B62AF9F2F552B02C915447C2C44
S31502016630FEB12E8141D2A0560D5EB6D7C9A12EF06A
S31502016640263B32D52F518041DBA5488A693EFFA4FC
S315020166503B4095BD06386ABA5DB6D547AFE17C9F28
S31502016660FBD23959E587E01596145C7443752012FD
S315020166700C6138DAFD3CFFDA4FC3712C2797E7E448
S31502016680E9EDBD34197BC039383F96FB6E18948803
S31502016690D59B63DC800EA048991C6CE92B09E8A402
S315020166A0613657CA547D095A55E7C9172B89452DB3
S315020166B0F88D308972FD33D0D98B5B52D9E92F6CB3
S315020166C079C01CC1F1ECDB2ED2A015C7E3A41616C4
S315020166D04D1D34F8B03C6253CB99E8C72953EF9666
S315020166E0A6BA68A6BB8D4E3D5FA287D0DD0F0FEE1F
S315020166F0EE343E5C5531759CB53AAB8F2E570C661E
S31502016700B2D34C5444FC540819ADED55C5A0EB6106
S31502016710E63DA8F0FE33B524F8A5BA832804773BF3
S315020167208D7EA498B8828F6712D9067C5A43416836
S315020167300B833FBB213C12CA78E2CBB1277BB3D490
S3150201674046506FC7843B751D4CE93733F73BC5B0DD
S31502016750154FE1117E69B57C50C73019ACAB844B3C
S31502016760680464E0BF4ADD28449FCB444CB6C07D31
S31502016770BF5D92E3ACE1A318C457042D8634307A87
S315020167802E890C8AF78B494C9631A71AFB53D637B9
S315020167901864D73F3095940FB2173AFB090B20AD17
S315020167A03E61C82F29494D54866B9730F5AFD222E7
S315020167B00446D2C206B8908DE5BAE54D6C89A1DCD4
S315020167C0170C34C8E65F0028888652349FBAEF6AEE
S315020167D0A17D102594FF1B5C364BD966CDBB5BF7B9
S315020167E0FA6D310F9372E472D36C30DFCD36116ECE
S315020167F04341A308E002DEA424B46A4245C64E22FE
S315020168004ACE770D2160D674049369029CEEF44F49
S315020168104FC8F3324EBD9BF4E20FE8D4E386060F6E
S315020168204C81A2852BCF531946689A030A463166D3
S3150201683061809B2FA02048A0D6C02F06A05C359D63
S31502016840142E839148051E584F0881978C20952650
S31502016850E10E45230B2A50B102DEEF03A6AE9DFDE2
S315020168604CA333278C2E9D5A27762AD335F6F30766
S31502016870F066655F864DAA7A5044D02897E7853C33
S315020168803864E00F007FEE1FE5F7DB03DA05537686
S31502016890BDCD341449F2DAA4EC884AD2CDD54A7B6D
S315020168A0430504EE5140F9004AA3CBBCA653D2805C
S315020168B09B213838A1C3613E96E3829801B6C39003
S315020168C06FE60E5D77053D1C59C06B21406FA8CD61
S315020168D07ED8BC121D23BB1F9009C7179E6A95B4A9
S315020168E0552ED1663B0C75381AE5229440F12E6974
S315020168F071F65D2B3CC7C0CB29E04C74E74F0121F1
S315020169007C4830D3C7E221065149143B4B2B5057E1
S31502016910B3BC4B446BFF678EDB8563162769BDB833
S31502016920C89592E3316F181355A4BE2BAB47318933
S31502016930299107924FA2538CA7F730BE48F9494BCA
S315020169403DD44F6E0890E9122EBBDF7FB3960CF150
S31502016950F9EA1C125E939A9F3F985B3AC43611DF9D
S31502016960AF993E5DF0E3B27700CBC2DA124A655ABD
S31502016970611454FF40AE0C9575CBBA9ACAC404F39E
S31502016980B6714C6A697881531A82E87E284F6C90F7
S315020169909D724797792B6A8E3EF50FE1308A11C2B5
S315020169A0B2B9A09DE4CFA32B494EFA783128FF2034
S315020169B0FA3298AFEDF53A224DC8A59307DEDAEB26
S315020169C0A21F631B8AAC1F385726F19C87750DFDE2
S315020169D0290E3AE594EF2FE8E74BBB5BF0A734CCDF
S315020169E0A2380CA57211250B9BD25CCC8FF4329581
S315020169F07136CEA3BE51A82B41291251A0CADA3251
S31502016A00F2040035D9998D47C002BB9048D95A1D67
S31502016A101551C20EB108E2500217F24E89226AA23C
S31502016A200548523B3423C94DB686800F408C82E31A
S31502016A30C80D9F97F7E6773FB42CF44D30DEF67E0C
S31502016A4084D7ABB67C79655275496CF3EBE3D33ADD
S31502016A5025218637A5255DD716A525A03D9473E880
S31502016A6047C811C4B47CBC6B560DA5D4D19C6F3CEE
S31502016A707EABFEC6774024B62E97803548BFF96FA6
S31502016A80FBAC32B3835837009D24C91C2B81B6A2B5
S31502016A90581F2121EE6E8662CE0EF15DB8C5B52C68
S31502016AA000AE63E259B2A603B605E5E209298D0DE8
S31502016AB0301229C0AB78CA982723B1A96955EF7755
S31502016AC0479B43817B89777CB51C33DEE2B5C1F1F5
S31502016AD020A4FC158E5D9F5AB132D97BF138A49F51
S31502016AE0E746611CF01B382A16D2DD66529FC06F3B
S31502016AF04870E3C8A760E5DCFD62DFA29D9365EC01
S31502016B0092D12EE5E79A867AD463E4871D9B407873
S31502016B109D63FBCD5AA94DAD9C9B2555377728EC34
S31502016B20AB3012C3E906C869223FBB1474F5487B30
S31502016B3088CCDCAEE4CEC768BE80ED7961932FEDD9
S31502016B404BBC775F880BD725DB2D3CB7F42A721431
S31502016B500D06055A5F0C47BC2EB08125AC3E94004A
S31502016B608F9C491F3B4B430E33A20613DEE6CD0231
S31502016B70C78E6F11A2525A7B5B3B16C1F481C6E1E5
S31502016B804326D36006351D24C752BC0E4D40E46B25
S31502016B90F591A7B13B2346AE2BB45DD20E17EC2A73
S31502016BA094D6456696FD8D1DDEC42E9CC5A96F2918
S31502016BB0CBF3844FBF618BBC08F9A817D906771CA2
S31502016BC05D25D37AFC95B763A4B0DD129C6398D593
S31502016BD06B8624C0309FD1A560E4FC58032F7CD17B
S31502016BE08A5E092E1595A107C85F9E38028F36A8BF
S31502016BF03BE48DCF023B4390432641C55DFDA1AFE8
S31502016C0037012F033DE88F3E94A27005B9158B2FEC
S31502016C10494508677042F29484FDBB61E15A1CDE64
S31502016C200740AC7F793BBA753CD1EFE88D4C7008D1
S31502016C303137E0338E1AC5DFE3CD6012A55D9DA51E
S31502016C40868C25A69908D62296D1CD70C0DB3962EB
S31502016C509A8A7D6C8B8AFE60601240EBBC4788B3D0
S31502016C605E9E77877BD004099C91BADDD41FCEB490
S31502016C70AA8D4CC73EDB31CF51CC86AD63CC632C9A
S31502016C8007DE1DBC3F14E243B940F948662D32F4D2
S31502016C90390C2DBD0C2F950631F981A0AD977616CB
S31502016CA06C2AF7BACEAA4062A095A25B9C7434F80C
S31502016CB05AD237CA5B7C94D66A31C9E7A73BF166D9
S31502016CC0AC0CB48D23AFBD56EB3335F5E3B92A3699
S31502016CD0403DB96ED568853372555A1D52140E9EC2
S31502016CE0181374836DA8241DB23B9DC16CD3101376
S31502016CF0B9862362B76B2A065C4FA1D791859B7C25
S31502016D0054571E7E5031AA031FCED4FF4876ECF4A7
S31502016D101C8CAC54F0EA45E07C35091D8225D288EB
S31502016D205948EB9ADC61B243F9E5C49EED25654209
S31502016D300333901601DA5E0EDCCAE5CBF2A7B17215
S31502016D40405FEB14CD7B3829408149F1A76E3C2186
S31502016D5054482B39F87E1E7CBACE29568CC3882418
S31502016D60BBC58C0DE5AA6510570D20DF25452C1CE8
S31502016D704A67CABFD62D3B5C304083E1B1E7070AB9
S31502016D8016E71C4FE698A16997D6A9EF13D6FC7AA6
S31502016D905979061CA45AC40C96DAFAC104E16FA504
S31502016DA06503E47204B7733A34472D9E6BE5267B7D
S31502016DB07516C6812B13C7C47FDE9CEC25955CEF45
S31502016DC0AD4317E7160BC839686C821B0D6E190F96
S31502016DD0DBE36049E2F01FF76C43B72370161361D8
S31502016DE08272DA7758EAF00CEFB4164D3FDA3314B1
S31502016DF099F857E2F8533D7C48AC5C6F0EF5C92F02
S31502016E005C744728E415827B14949654297B87B4D3
S31502016E102FF404605413347DAC008E4A8E13EFC6F0
S31502016E205F214AEEAC5CF36DB2B8F0EF5A7B126E9B
S31502016E30B82959F36E66AE0D551C426DBCF52C5040
S31502016E407C1245D8B0BB6667BDCCD4DDA4806C1973
S31502016E509DDDF2955DF5E6221BC7D640C7335EC7B7
S31502016E602F043CCB7912B57B5A94A63BD4CE32E39E
S31502016E705DC081E861130BDE3BED675E090FD41A33
S31502016E805D3DC6B8DAACA85D9F15703A4A66B6C4CE
S31502016E90144E900A0F4F1976136C09A4394C61A549
S31502016EA0EDEC9F9750FFD06CF9F7BFD1DACB3D4E8F
S31502016EB017576420828E11C9569D180FBCCECCBAC3
S31502016EC0687646D4E922481B2CD5BC68BDF2BE338E
S31502016ED0F22E4869B0DB49C6EE1ACB410CEEB6B5C5
S31502016EE0E5A71202274D295C813756257F0A36AB63
S31502016EF058790F488A221225E3B4146127055DC722
S31502016F002AFE76D925962D229DBC7C34C813AB4622
S31502016F108323C199D4E84938C94AD6874031EA4C14
S31502016F20E79EA2B13441351F179DCB6E7B730E9638
S31502016F30E1EA7CD64849F2FA891B5ED5B4A9E7375C
S31502016F40EB596CB43C17B75CF0ABB7828BE6894A56
S31502016F50B9B7A69B27D91CF46F878DE110C2E61635
S31502016F60C6091B7F0FDBAC7CCBF83B3D3BAA9F3CA2
S31502016F70F93ECE857BA3BD921D8A1297FD36240268
S31502016F807DE296E93CB8057EA64DA74E2E751055B3
S31502016F9022EC93F4756C5808F489E49A10C5F9A2A7
S31502016FA08FFCE6EF56EC2C1302376F52BBD39313C9
S31502016FB0C8C4414311276DA300C3517F05D46FECA9
S31502016FC0A1B7632AE561273ABC781AD9E0B2629081
S31502016FD0679650C89C88C947B8705040664AF59D65
S31502016FE0BFA19324A9E66973EDCAC5DC344401E164
S31502016FF033FB843C965DED47E7A086ED76950170FD
S31502017000E4F967D27B69B22564689813FB3F679DF1
S31502017010B8C75D41D9FBA53C5E3B27DF3BCC4EE0C1
S31502017020D24C4EB53D68201497D19D241EBD78B42D
S3150201703002C1585E00350C625CACBACC2FD302FB9E
S315020170402DA708F5EB3BB660D05ACCC16FBBEE3427
S315020170508BAC4696E90C1B6A53DE6BA649DAB0D3B2
S31502017060C181D061413BE8314F2B069E12C7E89799
S31502017070D80A32294F8FE4493F68186F4BE1EC5B1E
S315020170801703552DB61ECF55B9E1B35A465D3A429D
S31502017090613FF1C787C113FCB6B9B5EC6436F8197D
S315020170A007B637A6930CF86680D08B5D6AFBDCC403
S315020170B042481A57ECC4EBDE6553E5B883E8B2D40D
S315020170C027B8E5C87DC8BD5011E1DF6E83376D6013
S315020170D0D9AB11F0153E3532963BB725C33AB064AA
S315020170E0AED55F724464D51D19FEFF2A035D74F2A3
S315020170F066DB247F493C9F0CEF9885BAE3D398BCA3
S3150201710014531D9A677C4C2298D31DAB299E665D4A
S315020171103B9E2D34581692FCCD7359F3FD1D8555B0
S31502017120F60A9525C3419A50E925F9A6DC6EC0BD3A
S31502017130331F1B64F4F33E79893E839D8012EC82F0
S315020171408913A12823F0BF059DDB89170C088E3907
S31502017150F578E7F3252060A75D03BD064C8998FA09
S31502017160BE66A925DC036A104095B613E847DBE53E
S31502017170E11026433B2A5DF376127838E9261FACE5
S3150201718069CBA0A08CDBD429D0533333AF0AADD956
S31502017190E509D3ACA59D6638F0F788C88A65573CE0
S315020171A0FABE2C05518AB34AE9C02443EECBDADF93
S315020171B0B75B953F884244059F6031EAA8AAF7DE8C
S315020171C0FF7C284206E7AE6854E09D80E8E28FF62E
S315020171D0D1BA829C6A09BCE345BFAD0AD45363079F
S315020171E09E95A1DEB51F9B7B0CCC7174F1C81CF078
S315020171F0BB829057372E24955F6BE4D39360772732
S31502017200FB85BD285AD5132DDAB8355B06D2C5FAE8
S31502017210B74B62859A8ADAA80FCD213D91CAD2CCA3
S31502017220580DF98BEE41836B527AEE7ACE9C01BFF1
S31502017230D3EA54E4B6D2DEA819BBA8870B9F613CF8
S31502017240D8160956D7B51936B2C482026BF2793508
S31502017250AEEFAF4FF292D564C0C7C8287BEDCDB76A
S31502017260D7A873716B7B926A56466E984FB26D1FA1
S315020172705B10E9D12EC0211075A3C02CFF3FFFF888
S315020172809225C8C6F86B2A1DEB88CE3E8640708DC4
S315020172908CC0EE80A907E3F0DA8F780D615022AC3B
S315020172A08D470D3AA4926D05A1A53DFC96A1051B3C
S315020172B0D09EB543C2A8D7771879D197623DDA062F
S315020172C0F75323F194B4FB66B80F5CD8B9501A751B
S315020172D07B09CF8B25DCAFD169A90983A3A6162F1A
S315020172E05906B0E59EFFDD14D60923F19609D7D6D4
S315020172F039D5C3E98523FBDB112455F7B002D646FE
S315020173000C3E8457050B0A27CC2B86A74006FF6144
S31502017310FEAB115F9AC0CA81BB2AD155048347903D
S3150201732073E85A94E1BDA4199146146335E984DCE4
S31502017330F4231FD6A0E82F63D5A8A9120680AA4C6A
S31502017340D318990EFADBF948F8858A3A33B394D5FC
S31502017350587D8DE78976A34E1F358E5E459FBF7395
S31502017360B4EB41BCD2D70755FC7295290329EB1C14
S31502017370EED00295A2CA8C7C7BE6CC1134A4BF91D5
S31502017380E731A8641948845793D56867252B7CDAB7
S3150201739013CA224457C0C1981DCE0ACAD50BA8F1F9
S315020173A090A688C0ADD1CD299CC0DD5FEFD1CFD6E5
S315020173B0CE5D57F7FD3E2BE8C23416205D6BD5250F
S315020173C09B2BED04BBC6413048E156D9F9F2F20FC7
S315020173D02E6B359F7597E7AD5C026C5FBB98461ABB
S315020173E07B9A041468BD4B10C3F9B59D0D765BC338
S315020173F02151BACA700C5964094CF741938A8D45D9
S31502017400887426ECA56250746FDD43C5D852733B6E
S31502017410F77A9A4E62166CE99CFBCCAB27DA16799F
S315020174203316F98253A6166D41FCCF1E0C986E31A6
S31502017430069FD4E0C7ABB4C7618E7CC847C2D59F4D
S31502017440B55DB5AC5A6AD77767EDF16831FDF05192
S31502017450C23B6FD8CD1D812CDEF2D204435CDC44E3
S3150201746049712A0957CCE85B63F17FD65F9A5DA918
S315020174708156C74C9DE62BE957F220DE4C02F8B73E
S31502017480F52D07FB202A4F2079B0EB303D3B14C87E
S31502017490302E65BD5A158975315C6D8F313C3C655F
S315020174A01F1679C217FB70254AFA6283AB20FFCDFC
S315020174B06E3E1AE2D418E1572BE639FC179617E30A
S315020174C0FD6917BCEF539A0DCE10F4044EC358034F
S315020174D085066E275A5B13B62115B9EBC770965D01
S315020174E09C88DB21F354D604D5B5BDDD16C17D5E7C
S315020174F02DDDA58DB6DE542992A234331708B61CAA
S31502017500D71A9918264F7A4A73F7D2C3741FD2E94A
S315020175104568C425415450C1339EB9F9E85C4E62AF
S315020175206C18CDC5AAE4C511194ABB14D4DBC4DD56
S315020175308E4F42983CBCB2196971CA36D79FA84888
S3150201754090BD19F00E32650FC6E0FDCAB1D186D4DF
S3150201755081513B16E3E63F4F9A93F2FA0DAFA859D2
S315020175602A0733ECBDC7AB4CE29D0EA80B8BA2EDED
S3150201757006891195FC0510603CD37B419F713CA69F
S315020175802325C396D8762263B9662AAE733A3EE3B9
S315020175908216D0BCDF2668B0B33F8F4B7F7AC3F821
S315020175A073D8ADB4F93ED224080D965FAF1FC72139
S315020175B005E274D86A3856096F4345BD5E403F837A
S315020175C0EFD0190B72BAA22528742F53FBA8FA160B
S315020175D072E2A446A02ED4DB80A49E8B3B65375370
S315020175E0033F97237294654044A0541A9CA1C0F7A5
S315020175F0BB9FBD77245E1C4A7229F25A11CAE3A6C1
S315020176000D9E2E3F95BB1918842E045E79BB8F49B8
S3150201761014B798769AD80D7D9562FE27A40BFB8B3B
S3150201762024052021E782BA3641EC4542B7CB0ED674
S31502017630168734349EE89BFDDE8422E4FE0A24C9C1
S31502017640B41D53D048F67244D54E27570A9DD6C863
S31502017650174B80603280BA45ACDF552210DA3CDF27
S3150201766039B309272321D277D894AD64706D8A493B
S315020176706322F69AFDC8B5A5F441C14505EDA88C6C
S315020176808C352D66C3BE632C75E43EEFFA31EC8D63
S3150201769092FD229E8AFFDB99B1CA264E59112D51BE
S315020176A0B91043EC1E56DE0C6A584E5A85A95F2D57
S315020176B07EABBE49A4F7F865D3331DF2DD4D07AAA9
S315020176C0EE9DCB1B72BA5C1841CBE3F4A39D869364
S315020176D07E97F740F59203BF833B46D0FC046202D4
S315020176E0ED6EEC9E761AC93E6CCEBAB05FA0BF1E95
S315020176F01E9AAF1C0C6234C91AB6821DC41C77CC01
S31502017700EC4FF7A56AA1942DF8FB4B19B4AC1D48B1
S315020177109982E5BAF1E3774DA072137D2E61F41ECB
S31502017720E169FF707E868D3A58F9AF555DCD586F86
S31502017730217756755CAA3EBA7D2265919923C17558
S315020177405EB3F2C24313BE69E11CDE681002BEF6E5
S315020177501FBCDC0EE718D5E8A505551BD0FDEFE3E6
S31502017760D03FECD35333F63502A92393D43B7F3B67
S31502017770536E2C6B56B5217CA752783AF58FBAE532
S3150201778000CE8E83A577BC2836805DE2A878BA63DF
S3150201779090343394001E656332E58C28202FD84835
S315020177A02475B536FAAB313A2E0A9C0824969E23E5
S315020177B03847FE3AC0C448C72AA14F762AEDDB17DD
S315020177C082851C32F0939B6389D2783F8F788FC072
S315020177D09F4D40A12CA730FE9DCC65CFFC8B77F245
S315020177E02120CB5A1698E47EC3A11191E308D57BD9
S315020177F089749080D4902B2B19FD72AEC2AED2E75A
S31502017800A602B6853C49DF0E685A9B595881CCAE11
S315020178100EE2ADEB0F4F57EA077FB622741DE44F16
S31502017820B44F9D01E3923B4013417684D2C467670C
S3150201783035F8F5F73F4090A0DEBEE6CAFACF8F1CB7
S3150201784069A3DFD1540CC004F85C468B812FC24D6B
S31502017850F8EF80145AF3A07157D6C704ADBFE8AE4C
S31502017860F47661B22AB15B35F4BB9374CC641EA77C
S31502017870C3B0A3ECD984BDE585E705FA0CC56B0A4D
S3150201788012C32E1832819B0F18738C5AC7DA01A3C1
S3150201789011AACEB39D0390ED2D3FAE3BBF7C076F80
S315020178A08EAD52E0F8EA1875326C7F1BC45988A472
S315020178B0983238F4BC602D0FD9D1B1C929A915184E
S315020178C0C45517BB1B87C347484FEC7197534451A5
S315020178D06E5D8CC97DB105F86BC6C3471AC162F7E5
S315020178E0DC994676859BB800B06650C8505DE6FBCA
S315020178F0B099A2B3B0C4EC62E0E81A44EA5437E59F
S315020179005F8DD4E82CA0FE08D0EADE6876DD4D82D2
S31502017910235D684B204564C865D6895DCDCF14B514
S3150201792037D5754FA729384743D6344943938952E8
S31502017930F52212A506F8DBB9221CF4C38F876D8FD7
S3150201794030979D4D2A6A6737D685E277F4B5466642
S3150201795093618F6C67FFE840DD94B5AB1173ECA6BA
S315020179604DEC8C65F346C87EC72EA21D3F8F5E9BEA
S3150201797013CD016C771D0F13B89F98A2CF8F4C219F
S31502017980D59D9B3923F7AA6D64856210564A1E5905
S3150201799034DFB4A87CB84B2A438EA3E772252ADECC
S315020179A06E04E5FED9ABBD3C7030D12CDDBBAE8198
S315020179B09E0E5AF825432E96CBFEDFCAAA9193DE76
S315020179C0E630C252DA7F175379DEB9500697BCA761
S315020179D09BB501C3FBA7123D8CE36AD3682E6502F0
S315020179E0DC99615A8339D7791F7A9A9E57D5D8D8A5
S315020179F072F4993F17E06FAD2A41B4FFAEB6FB6749
S31502017A00521842E1BADAA761E57B0FD2B3102BCC49
S31502017A105F74F2FAF50CAF01C79418FF1E99258718
S31502017A206B829355F01D942F949372E126CAD53F2A
S31502017A309E9289FBACB717C1D0583C0E3936164C0B
S31502017A4004E468D427EBA46EBDC13141F64D35D9A4
S31502017A502258EC86A1948075C2F359E412EE64446D
S31502017A60823213CBE4FC116C3717590D92D9C92115
S31502017A70D66CB4E9D241EA9BCABF890D20840EE2D3
S31502017A80F85FAE6E949FD9790532676835487BF106
S31502017A906CD9AA3CE8EA7D3886E3FF56FD71B461EA
S31502017AA099A545B7951174312475031306D65F530B
S31502017AB06AC2FBB0F6AD10E2AE90E9239B0A8DAC29
S31502017AC0F9DB2FD7084D20477F494B0DB32E2407EB
S31502017AD087CCBCB90663F91E456F11D834099537AF
S31502017AE0045B4001628D4605DE6732F9A965F50040
S31502017AF08A8ED5C08DD7CFCE8EE218F3DCE215A2DF
S31502017B005233639B91EE9945CE2A8C5CE972B0A2FF
S31502017B104B9C1E6596FCCF692BB4E742F88E324424
S31502017B20B3DEAA22C196D95D0732F85E423CF2B4AF
S31502017B30B534A9C9D394F8ABF787FD39138C70D044
S31502017B4030611617917876187C500C67F05E5B925D
S31502017B50BF333CB942C89B813F00DD709A2E791032
S31502017B6074DC286E7A4BAD5980C9546A1DE913A497
S31502017B708FD910F525774A5546620F5AAC86C26AE5
S31502017B80BF25C88589A35B1009AD7D266A018F349D
S31502017B9063D3B7A2C9D6582F1322074E59BA75977E
S31502017BA050A6E6F97F089D75DB5D8A9DDD80ABBF38
S31502017BB0C72458905962EF16B864AB326A71FE63F4
S31502017BC0FBEB0AE08A54615447BE3DEB62753A5FAC
S31502017BD0B8A0BD8E5438EAF79972744531E5C300EF
S31502017BE051D52716E7E90413A28EADACBF043B5863
S31502017BF084E88B14E843B729DBC510083B581E2BD2
S31502017C00AABBB38EE549542BFE9CDC6AD214987842
S31502017C100BDD488B3FAB1B3C0AC679F9FFE10FDA54
S31502017C2093D62D7C2DDE68449E4619945E35BB5152
S31502017C3054C7DD234CDCE63362997F44D6B6A5935D
S31502017C4063BD44FB6F7CCE6CCE0763F8C6D89A4BF4
S31502017C50280C5D43313511212C777A65C566A8D486
S31502017C60527324637E42A65DCA22ACDE88C6941A8A
S31502017C70F81FAEBBF76E06B90F58598D388CAD8811
S31502017C80A82C9FE7BF9AF258ED6C61E4F8B0A8C33D
S31502017C907DA8259E0E6600F79CA5BCF41F06E3612E
S31502017CA0E90BC4BDBF920C2E13C1BE7CD9F6189D39
S31502017CB0E4DBBF74E6064A84D6604EAC22B5F520F3
S31502017CC0515E9550C05B0A72355A809B43093F0C3F
S31502017CD0FCAB4262378B4EE84693225CF31714697A
S31502017CE0ECF04E14BB9C9B0E0027F676289D3B6456
S31502017CF0EB68760E409D1D5D8406FC2103434B1BFA
S31502017D006A2455227EBB3879EE8FCEF86526BEC22D
S31502017D102CD680E814FF67E9EE4E362F7E6E2EF1E1
S31502017D20F6D27ECB7033B334CCD68186EE91C5CDF5
S31502017D3053A785ED9C1002CE83888058C18574EDC8
S31502017D40E465FE2D6EFC7611544EAE9441B2BE44EC
S31502017D506CEF5718511C545F98048D362D6B1EA675
S31502017D60ABF72E97A484544438B63BB71DD92C964B
S31502017D70089C12FCAA7705E68916B6F3399B616F50
S31502017D8081EE44295F9951347C7DEA9FD0FC529160
S31502017D90F65C93B0946C814A405C2847AA9A8E2578
S31502017DA0B7932804A69CB8102560643B6E422A9BB1
S31502017DB0CFE45C389071123245EA6DDDC2FF5CA2F6
S31502017DC075DEA8BE10904006A04AD379D6DE7CD6CF
S31502017DD09FB34DCCC09E0BCC0F195DE356A435A5BE
S31502017DE0EF6F1FF6EAD9052E59EB1BD61A9047C437
S31502017DF00A88DCE5BC191F662768CAB7825468245B
S31502017E00267FE0EF8C773C2996900607709E808646
S31502017E108901E5E4155BD7AA47011AA21557F307AB
S31502017E205E5D8112F1F3870400F21FA1D695C71692
S31502017E30C91558B1E2D070CBB595539B2093F289FF
S31502017E404F7BE431D0C2B85062498A06080C3548E4
S31502017E509A2C095153D0FD6FDDC86FAF4A4FAF1748
S31502017E608BA5DB3CB553054B79FF321BBEFC659CEA
S31502017E709B0FB5039FEA75EB06E6076C6C2AEDFCD0
S31502017E8008797151D56C1035D452C1271B2105BF12
S31502017E9039F61ABD4968C25E98AB6F8EAA2C0B5E83
S31502017EA04008BD50DD8B4C053D07CF1D2FB1A038D3
S31502017EB076A2F6B7A3A8604B9A4F40D325ACD5FE5E
S31502017EC029C205555E2DE872C844D8F07F690B6B4D
S31502017ED049CB79D95CF812BB1F0FDAC1C641A5D2CB
S31502017EE01172CE5829247C7B021D7769FDCDD900FA
S31502017EF07EF1FB6CCD760241C72EB11C6C30454C2E
S31502017F006108502716BF57289E6801013F90219F9D
S31502017F10051086BFD3DF79D71B0FEB3D5FEE22A19A
S31502017F20D4005A484BF80D516ECA28CE293C0DF1A0
S31502017F303D09B6FC4045D3BA3F2DEAA2D76E42E7C8
S31502017F40B998F24F4E9DAF087E1F5216366530150F
S31502017F50BA3D2096B8060D6679085F54BC89392D5B
S31502017F60B0D7EB78AF03534BE8BDBCBEC3A6F872DC
S31502017F70898E3ADC4ACA0F4F7ADFBFC7E8D4A96FA6
S31502017F80B74E629B672DCF0D9C2818974947593DDD
S31502017F90263F5324C5F8EB1215EFC314CBBF620279
S31502017FA08E51B777D578B8206EF0455ABE413975EC
S31502017FB0655F9C6DEDAE7CD0B651FF729C6B7711FD
S31502017FC0A94D0DEFD9D1D2176A3E3F0718AFF22755
S31502017FD0691052D719E53FFD2200A63C2CB7E322D0
S31502017FE0A7C665CC634F2172F569D8F6BF0355ADB5
S31502017FF0D1032B5A8B83968EC7E17A06E524FD437C
S3150201800049A1D9C3FA7AD10E138FAC56634347CE2F
S31502018010E7EF725160DDAD3D2CA6491409C73DBBA0
S31502018020CF5D2205EBDD6D2A80EC52F445079C708B
S31502018030BBF67808B5E10B4728B779C89601B6733E
S315020180409A20E511D8B6A04293A60753407FE3B41E
S315020180509567332FD714A7AB99107673A7D0FBD6A2
S31502018060C9CB7181C548DF5FC9293BF4B9B79D1DEB
S31502018070758F514F4A8205D6C49D2F31BD72C0F20A
S31502018080B045155A85AC241FAA05958E3208D62409
S31502018090EE20140CD1C14847A225FB065CE4FFC7BA
S315020180A0E695E32A9E73BA005A499C2DB3EE82BA2B
S315020180B07CB92BF1FCC8EFCEE0D1B593AEAB2DB0B6
S315020180C09B8D69139C0CC03950452C24C8BBBFAD8E
S315020180D0D98130D0EC0CC8BC92DFC8F5A6663584CE
S315020180E04CCE5882D325CF78689D48318E6BAE151A
S315020180F087F02B9CAB1C85AA05FA4EF0975AA7C9A5
S3150201810032F83F6B07526B007F2FBF89B038C951D6
S31502018110A7E9DF0265BD972453E480789CC0FFFF7F
S31502018120928EF9CACE6745120DC5860C448B34DC94
S3150201813051E694CCC9CB3713B93C3E644DF7226460
S3150201814008CDE3BAC2701124B473C40A86ABF93FEF
S3150201815035E41301EE1D91F0AFC4C6EB6050E74A58
S315020181600D00876C9612863F46729D739028BA70EF
S31502018170C1370F86B9455CC33D7FBC4B11FFB59A2A
S31502018180A1EB08CD1C92801C0CE661DC2F8BC2028E
S3150201819077E3F62868D0CDAA85069D14D501BF5F7F
S315020181A0196BA809664F6929F59005ADAE29F752F3
S315020181B040E62712EA2DB0EAAEA1C870035F8A2E05
S315020181C0B78932919DC17D21E47B95F703539C0CBE
S315020181D045C185E0201AC3A3500085D0711D72B036
S315020181E0DAF20BAB0E39BA0AF37B8C63FEDF9F52CE
S315020181F095498B38609E2BDF4902AD1B4FB327E0B1
S31502018200ED74FAB9C92FC97BF9D91A802EEF979F56
S315020182103ADAAF79547D6983506B59BDFFB306E9EA
S31502018220E0B83FDD372B6702E48508268BCAB248E0
S315020182301C4CB382EC6B28A4748FF517261A7E9315
S31502018240A5A22CABCB1F1D74F5A78C3929A79BEED2
S31502018250DB49487A25A69CEBE144C57ECE29EB296A
S31502018260C8E236F71EA22C2317CB3F253D4261BF3A
S3150201827014EB39FAEA3C8008AFC75198DF0286F15E
S315020182804B41E349A0F30004F416159ECBF535FFE5
S3150201829045AE8A64CF5B80EEF39E3AB92B3CD7F0AA
S315020182A0C2A69220F20B7B09ACE1A2A7E74CE47BC2
S315020182B0B7B8D1FA3ED91F419B7C5F0DD7A13417BE
S315020182C016DB27312392650D33D7A92115AB8BC452
S315020182D025BB1AD6EAEAC2A60543CBC61C6C5C626A
S315020182E0673AEB93EA0FC97FCBA4F153941230EDAF
S315020182F08737F5C8C921E6BCB9E7BE38132BCBFAD5
S315020183008C42A89E8A7925304D77F4214DB945785C
S3150201831027B797786CF162BF2B52563CC057186744
S315020183201212629552A8D63C99A9EC3A92DEEC3F1A
S315020183302FC1E862005BAABDDE8A9896FC9DB967E9
S315020183403610665228C0523F2D9BF378DEB8D936D5
S31502018350ECB947A871ED427FDE3FBD79D6D11C2427
S315020183606BCEFB92EC4F706ABEE7C5FAB0C03344DE
S31502018370BEDC084C85AE4B729B8F9746C44CF2F11C
S31502018380C85F82626DFF0A4A015309619EFB17E9C2
S31502018390F892A00294DF02C10B1966FAF5E209BF4F
S315020183A037FEDCE0BE091168DE0D2A78C90C9A5542
S315020183B0858371EAB2CD1D558C23EF315B86627FCF
S315020183C03D61737976A74A50138D0436FAFC189CDF
S315020183D0DD9D8973B39D1529AAD0929F0B359FDC2A
S315020183E0D4198A87EE7EF526B1EF8756D52CAB0CCA
S315020183F07BF17A2462D1805167245A4F345AC1855E
S315020184006930BA9D3D94414096CCEB43BAEEC0C366
S31502018410AF9CEA269C9C748DC6CC771CEE95FAD944
S315020184200F348476D9A12014DDAA6CA24377214B9D
S31502018430CEB78A6424B4A647E3C9FB037A4F1DCBA0
S3150201844019D000984231D9124F5937D39977C600BC
S315020184507BA43AB240513C5E95F35FE3542818443B
S3150201846012A0594331924F1B510915899D105C3E49
S315020184706A69E92D91FACE3920305F973FE4EA2005
S31502018480AE2D137F2A579B23B16698A43030CF3382
S3150201849059485F21D2731F25F6F4DE5140AA82ABF9
S315020184A0F6239A6FD591F15F68902DAC33D49E81F4
S315020184B02385C95F79AB83283DEB9355807245EFDE
S315020184C0CB368F756A520C02BCDBD89EF83498778C
S315020184D06CA47CDCF9AAF2C874B0E1A3DC4C52A903
S315020184E07738311546CCAA0289CC42F059EF31E9E7
S315020184F0B64B128E9D9C582C9759C7AE8AE1C8ADD0
S315020185000CC502560AFE2C45DF777864A0F7A086D1
S315020185109F7C600E2764C4BBC911FBF125EA17AB28
S315020185207B874B307B7DFB4C80DF78D328CC336550
S31502018530B4A40F0A7943DBF65ADA01F7F95F64E369
S31502018540A42B17F317F3D574F55EF7B1DAB52DCD72
S31502018550F565B016CF957FD785F0493FEA1F5714C7
S315020185603D2B2B262136331C81CAD96754E56FA8C8
S31502018570378C292B757C8B393B62ACE392086DDA19
S315020185808CD9E94745CCEB4A771AD205725A175369
S31502018590D434B9D32244C0B0DCEA5DDD4BF2D9ADA5
S315020185A08CFF109FE6464F0745A459A004B2E90D78
S315020185B00FAD174BAAB45CE157C5791F52ECBBE16B
S315020185C01B0871D0B9F1332610998B017741FBC192
S315020185D040E10F6CDC20EAA6FFC65443E7F361D6FD
S315020185E07A40A3F1E672CB5EFCDA4F2223C893D01E
S315020185F0C6A3E402FD2EC9DF19C30FF175C2C63A3D
S31502018600F63AA25F0845386AA924DC9F3BCCCAF335
S315020186101D6679671C3F749ECE710EBD5FD9ECC093
S31502018620F6EA79FEAD703E42A69131CAE06BF627B3
S315020186300D25B3839E3672A06310B3114CC85D62D9
S31502018640BD1D52E8B5BAB1694EFB59221BA315A548
S315020186502FC5CA2B97F36009CB54348DEC2FB5ED98
S3150201866019C076C420272E389769E8E806E1EAFEA2
S315020186708393D0987F336398EFEB06AA0E487094E2
S31502018680D0C2C5D498688B03A650CE8A1DC591F374
S3150201869048292DAEB9D0423180CA247F1A5A4DDB00
S315020186A0A80E25598BBAAE21892EFE63EA859C9CBA
S315020186B0EC12940E91AF1BBE7BFEFB868AAA7B8FC0
S315020186C06C8B96EF9F7FB10F4EF66F707666A1594E
S315020186D03DA5860DDD53B910960B5CCEE6E14858F1
S315020186E0680C7812E7788B2D2B90C3AF2EC6D579FD
S315020186F02807E88952213A77B92001E140E68AC37F
S315020187006D1A2B7B7123AE0943B1B1A55C00061D1F
S31502018710A2CDD17FB86B4C6DE7FFFC537696F56E11
S31502018720A51ECEC1E8297C093BA5F543B9EC3C5C03
S31502018730F28DC0061DA6C99C475489859A63BACF94
S31502018740D59FF00DE85A845ACA94EB5DBE7DE94C79
S31502018750489C708C38A4D03897D069A1D4CE3EC437
S31502018760C387E5F7FF49120A81E4D0004E0658E5B0
S315020187709A38BFD84E1A13428E60D175EB28DEBBEA
S315020187806911492851B8493336A5070DEC1A9B5987
S315020187900C893486D006E7797BFB7DB8A13D141995
S315020187A0088C4B8D61F6786A9BA15320DFEEB017D8
S315020187B0FA1F0B334BD8587C24DEAAAD7BDB53AEB2
S315020187C0F5C07879A4A70535C9016D271B07F012F3
S315020187D0708CC486C5BAB8E7A9FBD6719B12085339
S315020187E092B73D5AF9FB885D10B654739E8D400BC4
S315020187F06E5BA85B53326B8007A2584A033AE6DBEB
S315020188002CDFA1C9DDD93B17DF7258FE1E0F502B93
S31502018810C11839D42E58D658E03A67C98E27EDE6E3
S3150201882019A39EB113CDE106236F166F51ADD04048
S31502018830BE6AAB1F93328E118E084DA0145EE33FC2
S315020188406662E1263560803053035B9E62AF2B4739
S3150201885047048D27900BAA3B27BF4396465F780CA8
S31502018860137B838D1A6A3A7F0B803D5D3944E6F7A5
S31502018870F6ED01C955D5A89539632C593078CD68DD
S315020188807E30512EEDFDD030A4625D3CBC31F0400C
S31502018890607AF0CF3E8BFC1945B50F13A23D1898AD
S315020188A0CD138FAEDDDE3156BF01CC9EB68E689CEE
S315020188B06F8944A6AD83BCF0E29F7A5F5F952DCAAC
S315020188C04182F28D03B4A84E02D2CAF10A46ED2ABA
S315020188D083EE8CA4055330465F1AF14945772191FF
S315020188E063A42C543009CE24A732EAC73DB1F598C8
S315020188F098DB167ECCF8D5E347D9F8CB52BF0AAC42
S31502018900ACE45EC8D038F308A164DAD08E4AF075B9
S315020189104B28E267AF2C22EDA47B7B1F79A334821D
S31502018920678B01B7B0B8F64CBD731A9921A883C3F8
S315020189307A0C32DF01BC27AB637077841B333DC1EE
S31502018940998A07EB824A0D53A2B8243B9A25E65C23
S31502018950B8A0AF45CC7A57B83770A08BE8E6CBCC36
S31502018960BF097812513C143D5F79CFF16261C8F5B6
S31502018970F257EE2619868C117835061C85242117A5
S31502018980CF7F06EC5D2BD1365745157991276D12AE
S315020189900A3A78FC5C8FE4D5AC9B17DFE8B6BD36A4
S315020189A05928A85B8817F52E4A0D1ED18C43BD881E
S315020189B008F3CC430D61CB30CC7B9391370E9AE011
S315020189C00C72B1255B135945E9A16D7C8336A41E50
S315020189D0BEBDB91FAF89C1F955D15DCEFC0130309B
S315020189E052BE57BC9EC9A7289D9ED1E89993FDB850
S315020189F0FF232496CB918190A342C747D748B9B2A8
S31502018A00C444FBD72632F337086E5FB56787AE0DCE
S31502018A10023A205BB3B3434A798CAF806E5A72E352
S31502018A20A3A75F70D17F7A0F1DB121C85325913358
S31502018A30DF01E341C242ED66FD22421011CC6F060F
S31502018A408F1692C1413B7A30E05CB56E075DEB8EC3
S31502018A505A920DAABF36C52FE8C6B6DC0F8381BE70
S31502018A6052AF7B8245706C55B7D8E90273512B8E92
S31502018A70E81487246922E5E3B560A94C77BD4FBDA9
S31502018A80A9ADECC599414B6F0644F42B02904BB943
S31502018A9034B590FF7E23D4AB3A6DF8FA60A900761D
S31502018AA0E32E32C2DAAB452F6A8AEFC81249AF61A9
S31502018AB05E6EFB43FEA48FE5CF27D46F5DCCAFB5C7
S31502018AC0EB111E1E2893536A89EED1A53951DAF3A9
S31502018AD0886993FF7C454581C488E100ED2F623F99
S31502018AE03D5A8BDB1538510FCF439414FE04FF0F09
S31502018AF0D7DD5C86D9C6CA53B7D11E53035B38315B
S31502018B009D03D1AC7CA246581787B01EACCDF54F5A
S31502018B10BCE9F29095B2E86799FA7A235E3B094479
S31502018B20B2B80887ED4B410D8CF7D8409E113046FD
S31502018B30110E713CC59B1AA079DD1089252B6D4852
S31502018B40E52403DBB3476C1EF2C8A9C4BC34216A0F
S31502018B50372ECE8A1CFDF8FBBAA0119904E30A004E
S31502018B609E9BC86B613A6E04BE0639F04254E61406
S31502018B702ABE62E3549D014AC730C28DECDFCC683E
S31502018B801C866BAF3F7EFB7CDCAE588C4E9737461C
S31502018B90A441F0ABFB22EFB98A7180E956D985E18E
S31502018BA0A6A843B1FA781B2F512F5B30FBBFEE9675
S31502018BB0B8969588AD38F9D325DDD546C72DF5F09A
S31502018BC095003ABB9082965701E1200A43B81AF7FB
S31502018BD047ECF0248D6593F3D1EEE26EA80975CFC9
S31502018BE0E1A32ADC353EC47DFF2A4FE316AFBDA6BB
S31502018BF0A64FE837CCE9A10A3130AD862E312E9A3D
S31502018C00A5300C130570FE64653DE2AADBE7EB0EA7
S31502018C1068D83508DF6FFF784F2616C09B24264495
S31502018C2049219DDAD95F8D738CD5DAE8DD96CED5E9
S31502018C3022492FB210DC7E1427EB1CAC028572820C
S31502018C40DF097BE33BEF8431C3D97D88656696856F
S31502018C505553B04B319B0FC9B17920EFF88DE0C660
S31502018C602FC18C751620F77E18973E275C2A785AF3
S31502018C7094FD4E5E99C676353E7D231F05D82E0F8D
S31502018C80990AD5821DB84F04D9E307A9C518DFC1D0
S31502018C9059634CCE1D37B35749BB01B2344570CA2D
S31502018CA02EDD309C3F82797F0BBA87C8AA2D07D366
S31502018CB0EE62A5BF052926018B76EFC0023054CF9D
S31502018CC09C7EEA4671CC3B2C3144E12052350CCCD8
S31502018CD04151B1090795650D365F9D201B62F59AD3
S31502018CE0D3557761F7BC697C5F29E804EBD7F007B6
S31502018CF07DF3502F2518DB10D7981717A3A951E931
S31502018D001DA5AC22739A5A6FA279982E427C19F646
S31502018D104736CA52D4DD4AA4CBAC4E4BC13F419B26
S31502018D20684FEF077DF84E3574B951AEC48FA2DE96
S31502018D3096FE4D74D373991DA84838870B68406215
S31502018D4095DF67D17924D84E75D9C56022B5E3FE80
S31502018D50B8B041EBFC2E35503C65F6A930AC08881B
S31502018D606D233905D2922D304BE23D48AD4758531A
S31502018D70E63234245690DD85EE9944FB5E7B5BD365
S31502018D80AF234D597592CB5606781FC3033F181070
S31502018D90E74ACC139B80CF304B5FAFF19408639BBC
S31502018DA0C9FFA4E8F6A5DA7FF372E6AD32E9FB1153
S31502018DB0026CD71641C67B301F0E35F60EFA6B9F33
S31502018DC00DB49C8D1B4C41157CFB3ECB3F02594C8D
S31502018DD0942A3CC699CB2F6C84E0C7C3E29041BA70
S31502018DE0D97418A5AE5D540E303CF50D8B8B7B956F
S31502018DF098F0608E0A771C2ADE96573470A6C7BB96
S31502018E00C99BC9909A8FA42258AC3F8DDCC07D6B59
S31502018E10FD2BE4E66CCD975405D300F41B7D2F544C
S31502018E2036918D047FF45941321EE3390866AD202D
S31502018E3050BE0584D51B1EF869BCDAF4564006F805
S31502018E4075B971CED43DD2143948D2BBA8158574F1
S31502018E50552BB0AF478312777FA1A249C62ABA50D2
S31502018E60F130D73A51250506827FA28A098E39F257
S31502018E7024B0A189BB82796D4CD24D21844069FA15
S31502018E80C30123A36F96AB71431ADC5E5E5804B22B
S31502018E903CC79758EE160E9F3C48704EAEC0825B99
S31502018EA0BEF9DD2B0E174A6297552DFA8D4F3F25D6
S31502018EB00C137754409CE42502116B99E552C000CC
S31502018EC04A6CBB336E96CB330969117F04287059FC
S31502018ED06744561E1CC48A82877321E6BD7D417092
S31502018EE08443ACFBAE271672076EBDB487E1677089
S31502018EF074FED1C703028F6E305AC8382FAAC693A1
S31502018F008AA7753D1F7D29768C30C88ED3F37E2BB9
S31502018F10AB94EB71ECD78F82BD2A06C5363B7C80BA
S31502018F204141A931B84CB60C78634C5333FC30300D
S31502018F3061E841E55C5C63B928C7B2D9BEA9D91516
S31502018F40CB5D77F3A33E234931FC0B44CDD937835D
S31502018F50D78F31AFA12C9D7270202C77A4A440A08B
S31502018F60BE49733AF02E00468814E3C0C675184806
S31502018F70B43420E2B2299421653B28318AC923728D
S31502018F80F97722340BD62034F765FEAFDE3AA2FA20
S31502018F904C76E05BD41E26780344162F1E0A1C4427
S31502018FA095D3877A568EEA5A3D28A4BCA2C1137874
S31502018FB0D93D86A191F062ED86FA68C2B8BCC7AE08
S31502018FC04CAE1C6FB7D3E51077F1E0E4B66FBC2D5A
S31502018FD0936ABDA429BFE104E8F67A78D466195EDC
S31502018FE060D026B45E5FDC0E678EDA53D6BF535469
S31502018FF041F6A924EC1EDCE9238A57033B2687BFE7
S3150201900072BA1C36516CB445A17F4F31BF2A40A9B1
S3150201901050F48C8EDCF157E284BEA8234BD5BB1DDE
S315020190203B71CB6DA3BF7721E4E37F8ADD4D9DCEF4
S31502019030300E6276566413AB58990EB37B4F594B79
S31502019040DF291232EF0A1C5C8FDB79FABC1B083767
S31502019050B3595FC21E8148608724839C65767A086C
S31502019060BBB58A7D3819E64A2EA34453AAF6DB8D8F
S3150201907078401BB4B4EA887D600D134A97EBB05E63
S31502019080033EBF171BD9001A83FB5B98447E11610D
S31502019090363196712A46E0FC4B9025D44834AC838E
S315020190A0643DA45BBE5A6875B2F261EB3309966EF2
S315020190B05249FFC9A80F3D546965F67A107572DFE8
S315020190C0AAE6B023B629551318D5D1ADD7DBF018C8
S315020190D0111FC1CF88789F979B751471F0E1328772
S315020190E0013ACA651AB8B579FE832EE2BC16C7F5EE
S315020190F0C18509E819EB2BB4AE4A251437A69DECB6
S3150201910013A6901505EA725911788FDC20ACD40F9B
S31502019110A84F4DAC94D29A9A340436B3642D1BC02F
S31502019120DB3B5F90959C7E4F0D22706241A02A81A6
S315020191304E5B24F9FA895A9905EF7250CEC4ADFFF6
S3150201914073EB73AA0321BC2377DBC7B58CFA824082
S3150201915055C134C7F88686067EA5E7F6D9C8E6293B
S31502019160CF9B63A708D37304059E58032679EECADB
S3150201917092C4DC4612424B2B4FA901E674EFA102BF
S315020191801A3404DEBF732F103E0DC27E0CD5A2B572
S315020191906372C9A06EDD4BC64D73FFC15290E8568C
S315020191A0BAFA2F2BF7C629494762A393A2CB8E356A
S315020191B065FD68B262988FAF891CA068997E2F41BE
S315020191C0244575CD12F386572C0314CAFF887733CB
S315020191D0E31E7F44281092F3ADCC1B231F07148B89
S315020191E0834734F24B7B814C836638372BCD8227FA
S315020191F0B64F69E49C60AC087C1DE15AB2495B66D4
S31502019200631903B57C5F1F30456C19571ED2D2CA4A
S315020192106B797B7479762D3969DE890F6F51A3508B
S315020192203179C5BCFA30242F2944839A8C645013B0
S315020192300BAC56ED53CCB376CD82D7F00498E8DF6A
S315020192402757A9728A324D7C6EB971288553F80F58
S31502019250BBF1C360AB9F3EE1024434255359FDEE97
S315020192604B74B77570C3370A84440BA457A03B41AC
S31502019270436A5F4F1A2E4CBA1CD6E1AEA5A04B61CA
S3150201928053DC058B1A53A1782B56D03A70F1BD6C7B
S31502019290A32125C93048CF8EE72484FD03D3EBDA17
S315020192A06FC55E2EA482AD72A3D9EA5361CB20C7E4
S315020192B06E632B517FC9B255B19002D45F5BE3B1A4
S315020192C0E20E533BF1CCD92F9417C3437DBA059DC8
S315020192D026253293FFC8702438741916C8DE2383F3
S315020192E0539B568198705228B896F7475B47BD073C
S315020192F0548F2C5413B0C7D27EF8243BF423BD2DD0
S31502019300D601097BD7AF5165C3553F8B5ACC998C90
S31502019310A0D2DE3F25D71106360AB736FF9529EDCB
S3150201932019268AD7549A691F11FA0753AFF566149B
S31502019330F20A6CED7DCC7F81FBA3A4C34EE46D0AD8
S315020193400B7D92BC751407748AEAE773F39272E78E
S31502019350315A04CBD2376529DE4F27D33E65D01B5E
S315020193606629BD76442C9A2FCF376B9A83F9FB1562
S31502019370993ABF8E93E7DF432B6ABD5381F0510DB4
S31502019380CDCB35AE40A3224138E3D7205DC1A63805
S3150201939043270B1E97A5DC37DC7FAB5B312285F8B1
S315020193A06ECDDD840DF40C0D09D60B9564CE1096A7
S315020193B0F2288CA9AEDCB4CE25E83782AA2D9AE32F
S315020193C0BBB1FC6054398E11C645577FABB918EB58
S315020193D090C68757EE8A3A02A9AFF72DDA1227B756
S315020193E03D015CEA257D59369A1C51B5E0DAB4A2F3
S315020193F006FFFF2B2960C87A344250F55D371F9864
S315020194002DA14EDA25D76B3FAC5860107B8D4D737B
S315020194105F90C66F9E5740D92D930292F9F8666402
S31502019420D0D660DA19CC7E7B0D695C693C37C2788D
S315020194306E904206662E25DDD22BE14A44441D95E5
S315020194405639740176AD35429BFA7CA7514AAE6D07
S315020194505086A3E754362682DB822D8FCDFFBB09C8
S31502019460BACAF51B66DCBE03F57589070DCB5862D0
S3150201947098F2899154422949E46EE3E223B4CAA0DF
S31502019480A166F0CDB0E27C0E6F13F426A46B00B98F
S315020194903530E0579E36678D283C464FD9DFC8CB1B
S315020194A0F5DBEEF8BC8D1F0DA0137273AD9DAC8377
S315020194B0982EF72EBAF8F69F5769EC43DD2E1E3128
S315020194C075ABC5DE7D903A1DDC81D03E319316BA6D
S315020194D080341B85AD9F3229CB2103033C01280130
S315020194E0E3FD1BA3441B0100161EE4C5C64906542F
S315020194F035773F333064F80A46E705F3D2FCACB25E
S31502019500A7DC56A229F4C016E8CF22C4D0C82C8DF6
S31502019510CB3AA1057B4F2B076FA5F6ECE6B6FEA368
S31502019520E2710AB9CC55C33C31913E904394B6E9F6
S31502019530CE37567ACB94A4B84492BABAA4D17CC88F
S315020195406875AE6B42AF1E6343AEF6AC28BDED83C2
S31502019550B47A5C7D8B7C3586442CEBB7694740C077
S315020195603F58F6C2F57BB359C6BAE6C480C276B392
S315020195700B9B1D6DDDD30E9744F90B4558959AB099
S3150201958023E2CD57FAACD04871E6AB7DE4260FB69D
S31502019590373A2F6297A1D1F1940396E97ECE08421A
S315020195A0DB3B6D3391412316EF3AA633C7EA9AF1B3
S315020195B04E4542445DBA7F2C41E49547A07AA85DA7
S315020195C0F5B0E0A4E1513041BE8B573DFDD12D8569
S315020195D0086128C372CE652B7322CEEAF4078C6525
S315020195E040AB38EC04F833097664498D7969ABA747
S315020195F0C8ABB5FCDEAA21817294537BEF12DCA5BE
S315020196001A35455E0647FD07CD2B8D253D3C58C8CB
S315020196103FB760AF4D9A021781376A41D6C90FFA31
S3150201962023FBB338BA5F1E1CC3E7E89A55114230D1
S31502019630A582489429B281F2E45082372EAC138A6C
S31502019640F448BA5409FA4A016C66B31B009731CB46
S31502019650B9ECFF4B526000333C23881A9911372922
S3150201966064D34E3D36841829FAAB4BDC05683C03BC
S31502019670C1EC96555EBF152C3B1D9BB52406C71B37
S31502019680C50E9FA15098DE3EEBB61ABCC3379DFBB1
S3150201969040A2574D5314BE02F6E1A5F81534D7F48C
S315020196A08881CC0C30F464590068092D15234AE4EB
S315020196B09669867059C5085C6EFBAF460AB62DDF00
S315020196C089FD56F8C1559157EFC9E012DD4E329622
S315020196D0970242F28D878B46BE73F5A476379A19A5
S315020196E02AE9918EF1BC7F1EA6E71708636BF1B5D5
S315020196F02610353C23698C8001F2CE543B984A32BE
S315020197004553484A0892C053BFAFCBF18114D4D214
S31502019710E5746171B62D1D23985CA5E256767D0B23
S31502019720F695A42AD85C953EEB951B10363DF97346
S3150201973086446F4F7933EFFA62E5158F5F7351569F
S31502019740A10DB45890F1A37F9E699D0562C83FA001
S31502019750699E619AA1CF7023EB3D822F123BFEC413
S315020197604E84F0A76F051B1D1FF66BE53146C61B1E
S31502019770A382536E10AB79D38D1640057EC5584D23
S31502019780E4D8428462566256F67F26F6DE99E4B939
S3150201979043082C747BCA7277B1F2A4E93F15A02360
S315020197A00650D0D5ECDFDF2C4086F31FD69C49DD6F
S315020197B0A0253606C39BCD29C33DD73D02D8E2512A
S315020197C031923B207A70254A6AEDF6538A66B72AA8
S315020197D0A170D11D584242306101E23A4C14004057
S315020197E0FC498E246D8921579624843C0907DD663E
S315020197F00A1A12A9426EACC7FD6224FB3832BB5566
S31502019800D3ACA74D66635B591D927A175CDC068B56
S31502019810940F36AAB6A5DF60AB67F63C86B2876EB1
S315020198205C9EB3B436326319ED0712766F6AF93B61
S31502019830EBE034C54DA29FD120148C68333C916F65
S31502019840595B29CEC8FDBC69AE1B18FD17556E0BB7
S31502019850B463B92B9F62229025460632E9BC0955AB
S31502019860DA133CF674DD8E574EDAD0A191505D289B
S31502019870083EFEB5A76FAA4BB39393E17C17E56346
S31502019880FD30B0C4AF35C9033D0C2B49C67672997A
S31502019890FC05E2DFC4C2CC473C3A62DD849BD2DCE2
S315020198A0A2C7880259ABC23EEEB8A8CBA35135C4B2
S315020198B0165F11B21D6FA26550388CAB524F0F76EF
S315020198C0CAB81D413B44433034E3D6A14B095B8000
S315020198D0193F350977F13EBF2B702206CB063F426F
S315020198E0DD4578D877225A586289D433825F8AA1B4
S315020198F07F2578ECB5C49866FF413E37A56F8EA7E2
S315020199001F98EF5089275676D68379755D34696635
S31502019910A611AA1711EDB6628F125E985718DD7D50
S31502019920DDF626F6B8E58F68E46F3C942999ACD842
S31502019930A29283A361F1F9B5F39AC8BE13DB992604
S3150201994074F005E43C84CF7DC032474A48D6906C18
S31502019950993256CAFD4321D5E1C65D91C328BEB3EC
S315020199601B1927737E68396782641657B70751290F
S31502019970D0D277552EAB04FEAA9DBCD5A14F10209D
S31502019980865592AE700A9B69ABC74122DDA8BB4BD5
S31502019990BC2B61F176316ACA829B16E42A33BEA8D0
S315020199A0719E865B7BBF0F10B420AFB76A3BF31C77
S315020199B0C61739519618D0065E59300F69E314EC71
S315020199C0DF759A451A136D74CF140820EAC5659F8F
S315020199D04017A369E1360584ADB4C82539D10E8B8A
S315020199E01D3636E9AFDB80001F97CBC9D0AAE58CBD
S315020199F0294AD59FA9AA5611789BAF157024F7411A
S31502019A00AA490F42A8CCE81F2AC80C3C8F84A1722E
S31502019A10549E7C87C260C538404155CE28E2045027
S31502019A20719D4203A11824045FFFF3AB51EA9D899C
S31502019A30BAD8C22F67A8939B5CBD6EBE97CB382C52
S31502019A405D3B269784574D11476281206F4CE8583A
S31502019A5093D76FE3B6B2B28D854D481D5682719783
S31502019A60D7AB32864F022208A3EC1B6B7CBB01B338
S31502019A707513EBC66D3F3955EBE4B69710280D9178
S31502019A80A39E479D8D54D41ACFC530EF83843DD60C
S31502019A900CCC612396B4D44CAC2684A400E590EE9A
S31502019AA0EB4EC1187D1DF50A9EAEFC1EA0A47BA538
S31502019AB0948A30DCEE4B9F762ECB0336EB0EF1D138
S31502019AC07812447E5ECE9940E921518A4F8EC91A97
S31502019AD0E02FFADB4495AE7DF90D43D60DAA20831C
S31502019AE0B52F4A2C6582726655079CB93BB2E78C43
S31502019AF07A0FF5C4EDD6C535C3509BEDD22E1E7E27
S31502019B00A14D93E8165F3036687CB7CBBB005BD9B3
S31502019B104978F1916A84BCDDB3D928BEAE00F77CDF
S31502019B203E1FD3855C28E15CE8BDB0982D97B6311E
S31502019B305BDEA6AC0607927D9F658A90F81073E6F6
S31502019B403502DFEFA6C2FA502D79896BC2DD11A368
S31502019B50642651DAC6B4301B590815CF4C7BA70CC3
S31502019B600894001BDF43E41DE0E636CC7A3A798E8F
S31502019B70ED6E587DA3B7FAF9E4F4E1BA92964F3A3B
S31502019B807E445FFF3EB0141C9152A814D17B641926
S31502019B90AFD33410B26CB757FA6D9D0F44DB29630C
S31502019BA09314576A583EF45EA6755638142078EF18
S31502019BB0E8A9FDAA309F64A2CBA8DF5C50EBD14C89
S31502019BC0B3C04D1DBA5A1146C01A0CC89DCC6DA61A
S31502019BD036A4381BF45CA097C6D7DB95BEF3EBA778
S31502019BE0AB7D7E8DF6B8A07D76DAB5C353190FD457
S31502019BF09B9E1121736FAC1D6059B2FE2160CC038D
S31502019C004B4B67837E885F5A113DA170CF01638FEB
S31502019C10C4D00D3515B8CECF7EA4BCA4D49702F715
S31502019C2034144DE456B66936B943A6A0D328969E96
S31502019C306420C3E600CBC3B532EC2D7C8902539B6B
S31502019C400CC7D1D5E27AE34333E1A6ED063F7E386E
S31502019C50C03AA199511D306711382636F8D85ABD36
S31502019C60BEE9D54FCDE6216A5FE646300A17C6F14F
S31502019C702435D2002A2A715855B7828C3CBDDB693C
S31502019C8057FF95A1F1F96B58E3B29966122941EF93
S31502019C9001138D704708D371BDB08211D03254328F
S31502019CA0368B1E00071B37450B79F85E8D08DBA63E
S31502019CB0E5370961DCF07852B86EA161D24903AC8D
S31502019CC07921E59037B0AF0E2F044837C155059675
S31502019CD011AA0B82E6419A210C6D487338F7811C51
S31502019CE061C6025A67CC9A301DAE750F5E8040512D
S31502019CF030CC6226E3FB02EC6D3992EA1EDFEB2CD5
S31502019D00B35B43C54433AE44EE43A5BBB989F29C6A
S31502019D104271C95A9D0E76F3AA60934FC6E5821D1A
S31502019D208F67947F1B22D562BCE79A084585E20AB2
S31502019D30064D7F1CCFDE8D38B811480A5115AC3855
S31502019D40E48C9271F68BB20E7227F400F3EA1F6766
S31502019D50AA418C2A2AEB728F92323797D77FA12991
S31502019D60A687B532ADC6EF1DA79551EF1ABE5BAFF9
S31502019D70ED157B9177128C142EDAE57AFBF7912990
S31502019D806728DDF81B207D466B2EBDF772EE06793C
S31502019D904EBF9A10D670D205A4A841B945FE5C8D74
S31502019DA08742971C6718C24418C36B29569D5F7474
S31502019DB0652E15D8D4803599CEE939583FB1E5B02B
S31502019DC0C02139D4282BFC518CA9E29517D18F1BBE
S31502019DD091626B2BE15E4E1C72B5247410E7305B07
S31502019DE0C64A4F4CE89D6B6E58EB98D135A5BEB16C
S31502019DF0E31B3E866836B01CBC3B19914AD70F5805
S31502019E0069BC0024B59AE971BF5769CAF5115EFCAE
S31502019E10AA5787E4E85D73BBAD51F3540227E8758F
S31502019E209120BF40F85F6C1E0D21DE80A05666B1FF
S31502019E3055314531130975451BF0FBB9F22E8B26B7
S31502019E400705C68A0E23567751E11D4BCE5FF2DF17
S31502019E5025401CE1C7C041D8879C7454C8B3542518
S31502019E60F90D8E905924292D88B00CF8105F7C6B60
S31502019E705121E456DC546B73C499EFC6A520B6C2D0
S31502019E80426FA0C32C804C5FDA52077DF1C8659BF5
S31502019E9000E87EC738E31C88E3F9625BF014B5C3B8
S31502019EA0480DC1BED55DED6687B210DC35FB6D7915
S31502019EB09DF27F5CCD6B17270549B2C7E8433D7F0B
S31502019EC07642C591A1F50403EBE4377F6BE054CDED
S31502019ED0CA6CE9F5875FC18CCE7D59D3B08B24B8A4
S31502019EE00C407460A0FF6A242153E4FB688ED837C4
S31502019EF03250D7C048750986350D4A89EF139B4EF4
S31502019F0025D35357AC3CA825610D35154BDD4627A4
S31502019F10B72195EEC8CB3FD0CA7286135A366EE880
S31502019F20E2897D7E7F980E517C07478E637D5ACBEF
S31502019F3059C0A1206153B78DCCFDED8B4D1E9E54A8
S31502019F409D173B50B7530108E3D33E0A939DA6DD05
S31502019F5022A760CDF16E383DE64EAABD58AD17C8AF
S31502019F602A37E74F558DBE239B4E785AE5DC4413BB
S31502019F704A0B0E4F3D4D6C9BD27BBE39B8255866B6
S31502019F80E9FE8AFF91EEA8745F4FDC2790B7DAEDFE
S31502019F9065CEDB7FA17654B6CDB12A5804DE6E7941
S31502019FA0D05670E7DBBCA3565A325ED0876BB2132A
S31502019FB0A82135B7384D687767628D49DE7F5C74B3
S31502019FC0B6009198D114E96BAD4FEF749A91FE9553
S31502019FD0A208A3F6EC7B823A017BA409D3014E9631
S31502019FE097C7A35B4F3CC471A9E77A56BDF41EBC61
S31502019FF0BD9844D6B24C623FC84E1F2CD26410E4BF
S3150201A000014038BAA5C5F92ECD749EFAF66DFDB694
S3150201A0107A26AFE4BC7882F10E99EFF1D0B355827C
S3150201A02093F2C590A38C755A952446D91027B7A2E7
S3150201A03003507DD5D2C6A83ACA87B4A0BF00D4E3DD
S3150201A040EC72EBB344E2BA2D94DC611D8B91E08C88
S3150201A0506630819A4636ED8DD3AAE8AF29A8E6D4B1
S3150201A0603FD439F62780730ACCE1FF572F4A0F985E
S3150201A070439883E10D0D6700FD15FB494A3F5C10CC
S3150201A0809CA6265163CA982644C597464B5DA7C727
S3150201A090BFFF0FDF48F8FD155A7846AAEBB96828C3
S3150201A0A014F7525B10D7685AF30E763E5842C7B57B
S3150201A0B090B90AEEB952DC753F922B07C22714BF3B
S3150201A0C0F0D9F06F2D0B4273061E859ECBF62CAF8F
S3150201A0D0C43822C61339598F73F3FB9996B88ADAB3
S3150201A0E09EBC34EA2F63B53D2BD745808501846931
S3150201A0F051062FCFA2FA224CC62D226B65361A942F
S3150201A100DEDA6203C8EB5E5AEDB1CCCF24460EB657
S3150201A11095035CBD92C2DB59C98104DC1D9DA03148
S3150201A12040D9565DEACE733FC68D4E0AD1BFA7B757
S3150201A13039B3C9447E0057BEFAAE57157F20C160B6
S3150201A140DB186226918805263D2B15615279EDE5CC
S3150201A150D1D7DD0E7D356249714C6BB9D0C8827497
S3150201A160BED866A919F9592E7428B6AF36280792B0
S3150201A170A504E179855ECD5F4AA130C6AD01AD5A2E
S3150201A180983F6675503D9161DA31321A362DC60D08
S3150201A19070022094325847FACE94953F5101D80263
S3150201A1A05C5DC031A1C2DB3DEF81FB4F0AA5503F89
S3150201A1B0BF20F43B0935E0B1D02CAAC61C8EAA9B5E
S3150201A1C0407A23FA61982332D1354A00C25A73FB87
S3150201A1D0C307663A430FDE3199D528C5BF91857B00
S3150201A1E00C05BBF5259ABE55BF3DDB33CD5A000D95
S3150201A1F0E235AC807CB31101EBEB886F6CD69248E9
S3150201A200CDFB0865B1AD0E77DD894E5EE0F951846D
S3150201A210373979BCFF0263C05C49A6569574225D43
S3150201A220FB0356A05C75A609B97150A081B6D3F19C
S3150201A2303AFF92359A6507220EE481782969015F10
S3150201A2404E37BA860EDDBE16B537272C4FCCCC5EFD
S3150201A25003B7CC2D0C9EB743F33DC44EBC08E03385
S3150201A260C06675F040B8C10677F888A3C6A5887698
S3150201A270ACB6B2DE146CA902F82A8C1B43F3C9648C
S3150201A280D6EEA154554328365C80029B7F9EEE6929
S3150201A29040167D548A82FFCB680943B269A8933D71
S3150201A2A07269E23FCDB8B746E0EB7EFE862081E9D0
S3150201A2B03754512FE76BBA4CE9FA6E518B16041DCE
S3150201A2C0B92C98431039A15EE12E70F49C5C1249B7
S3150201A2D02DB3258B1FB720457EEF1F50263019332C
S3150201A2E02BEBD2C897896D6502B0D3D5E43B2B6FB0
S3150201A2F080C8096AD933ECAFCCC4BCA8A4735F0386
S3150201A3008B19624628B9C52239893D43FEC858CB05
S3150201A310507E8D6A2ECBA0895ABEFB095395CA7906
S3150201A32006C17FCD1666620CC6F90C12C641BB2167
S3150201A3309BA5CDDE12AAB2EA348BA40A022DA7C1CD
S3150201A340683B7DE8274D5D21050B5A69E50831B465
S3150201A3508BA337ADE80EB06C817353A3EED6DA5EEA
S3150201A3602432DCB6D402263F9CF1CA5BB647B2C898
S3150201A37052C6B2B1C39D7749E2E2ECD5BB80A1894F
S3150201A38039E0C8CEA398F0134BC55ECEF90FDC9A1D
S3150201A3900D132F8C6B2A9C031595F8F0C7078002C3
S3150201A3A06BB304AC1483967814BB9627A257AAF30F
S3150201A3B021DA079BB7BA3A881C39A03118E24BE574
S3150201A3C0F90532D838FBE75E8E6A4441CBFD8D53DF
S3150201A3D0F9374943A9FDACA5788C3C268D90AF4649
S3150201A3E0090DCA9B3C63D0619128F934F8D2C66E35
S3150201A3F0583B6F20425108FC1AA069C48AB07CA955
S3150201A40015EEE46064659F27B0F51270B668C01A4E
S3150201A4104AB1F5A9261EFA3672CE5A161519BE3B4F
S3150201A4206B06B4B587EF56064B8354CB40140E0E1A
S3150201A430BDFA2F0353EA5AD46CBE629EAEA351C033
S3150201A440AD580B518BFB0E566625DBFF35497463FE
S3150201A450BB680B78896BBDC503EC3E5580321B6F19
S3150201A460F5D7AE47D85F966EDF73FCF8BC28A3AD6D
S3150201A470FC37F0A65D6984EE09A9C238DBB47F63B5
S3150201A480DC7B06F82DAC235B7B5280EE53B9D29A64
S3150201A4908D6DDEFAAA198FE8CF820E150417710E99
S3150201A4A0DCDE95DDB9BBB979930A2359758AFB18A6
S3150201A4B05DF4E660698F161DB53CA91445A9853A76
S3150201A4C0FDD0AC053708DC38DE6FE66DA5DF45C881
S3150201A4D03A48402C00A552E132F6B4C763E1D2E90B
S3150201A4E0651BBCDC2E45F430409775C582276D8508
S3150201A4F0CCBE9CF9694513FA714EEAC073FC4488D5
S3150201A50069243F591A9A2D63FB93E587F5626CB16B
S3150201A510713E5DCADEED99496D3ECC14E0C191B43E
S3150201A520A8DBA8894711F508226206630EFB0433EC
S3150201A5303FBAAC87890635FBA361108C772419BD16
S3150201A540208683D143AD5830D06376E5FD0F3C3288
S3150201A55010A62EA238DFC3059A4F99ACBD8AC7BD94
S3150201A56099DCE3EFA49F5426674086DE62D4D46B5E
S3150201A570880414868E6E1516F5F418FD7CE0EFFC40
S3150201A580DCA0AFB6DE4CAB2AA750BBFE5F8D866957
S3150201A5900C64CE546B3E74F0D49F9FBB8B095A81D7
S3150201A5A0838C0C628658E0165A688AEA12B05FB248
S3150201A5B071B96070B3CDA06EEADE16F189D394F259
S3150201A5C00BE06FDA2B161D12898FCE87D7388B7364
S3150201A5D08DA87941E25826B66D3151F19C8C7330C2
S3150201A5E0C97572727F8C1249B99653F717BCDB048F
S3150201A5F04667F8D2D7A2E669C6AB3EF5999D40C633
S3150201A600D2252E33F6756160DDE740F50E3721401E
S3150201A610A5D0F1A1F5D6100907B8065BCDAA344635
S3150201A62035F2446935E6396AE7F390DF4056CD964D
S3150201A630EA25FADB0E763A6CC43CE35909EFF324B8
S3150201A640582E0D537E9E88429D9E04745796A11DD7
S3150201A6502B35FE98A16ECDFBA63652CC50CDCBB191
S3150201A660E246983F3DC85E1F75CB8C32C323FB8EF3
S3150201A670E96E87DD07A242AF96E7FA5DDCDAFB20D7
S3150201A680519FBF066B241E24FE18DC558CE2640A18
S3150201A690DDEB9933999EDFE352E6E2702343AC790F
S3150201A6A00ECCE43AC37FFF35A9F7D82DA5A6139C94
S3150201A6B0BFCAFD3E8C1FBB2DB5F7085E40321E9602
S3150201A6C0E5C9E6BB21A1C848456464597C5A41FCE7
S3150201A6D015B628C1D7B224D212B9FB05C9C935604C
S3150201A6E0AB9F427412A9D7429466535F8942D2D272
S3150201A6F02C9B9342C5A233CA5CB9DDC7A6AD6F983E
S3150201A7005D2D712F042C155A21693437B73C8439D2
S3150201A7104794C83807FB47A77E3045A231808DCBC7
S3150201A72068F0826D8E0F8167B47D28D2BC8FEB3EB5
S3150201A730933EA001A3D3C7725A2698BD8CE87354DF
S3150201A74003B4215951AA2473A137DE6290AAC584A2
S3150201A750E1961D0D00A51D42D942926A3086827884
S3150201A760DA100D694A465E3C6107B15A47D87EE561
S3150201A7704637D16F205E4371325602CD4E822F3457
S3150201A7807B1E79A81E28164B8133810BD501C1D1B7
S3150201A7902868EE76110FE6DE09643F389388B60C17
S3150201A7A04A48FFF665C58361D6F96B1E465A1D7482
S3150201A7B081A57777FCB30523D9D37464A27455D4E2
S3150201A7C0FFE00164DCE126196E663FAF498546DB8F
S3150201A7D0A50E4AF104CF7FD7470CBAA4F73FF23D43
S3150201A7E0853CCE32E1DF103AA0CE17EA8A4E7FE0EF
S3150201A7F0FDC11F3A4615D52FF1C0F231FD2253177D
S3150201A800155D1E861DD0A11F3298597D945580CCA7
S3150201A8102055F137DA56461E2093054E74F7F699FE
S3150201A82033CF756ABC633577AB94DFD100ACDC38C4
S3150201A830E90D08D1DD2B712E62E2D5FD3EE9137FCA
S3150201A840E5019AEE18EDFC73B39C136308E9B106B0
S3150201A850CD3EA0C567DA93A4328963ADC8CE778DA2
S3150201A860444F861B706B421F011C91414C26C9EF56
S3150201A870252CA217B8B7A3F147140FF36BDA755853
S3150201A88090B0311D27F51A4E5225A191C8357EF198
S3150201A890769C5E5753816BB73E729B0D6F4083FA6E
S3150201A8A038E4A73F1BBB760B9B93927FF9C1B8088D
S3150201A8B06EAB44D4CB7167BE1780BB996364E52244
S3150201A8C055A972B71ED66D7B923DF350E8C1ADB75D
S3150201A8D0CFD58C604FFA9879DB5BFC8DBD2D96AD99
S3150201A8E04F2F1DAFCE9B3E70C7D201ABF9AB30578E
S3150201A8F0183B1440DC76FB1681B2CBA065BE6C8692
S3150201A900FE6AFF9B659BFA5355548894E9C8146CF9
S3150201A910E5D4AE65665D3A84F15AD6BC3EB71B18DC
S3150201A920501FC6C4E5938D395F131799427D8483FF
S3150201A930D7037D561F911BADD1AA77BED948777E23
S3150201A9404AAF512E2EB4585401C391B660D5417007
S3150201A9501EE7D7AD3F1B20858555331163E1C2162C
S3150201A960B12808013D5EA52A4F44070CE69251ED36
S3150201A970101D42742D4EC54264C8B5FD824C2B355D
S3150201A9806486768A4A00E913FF2B036C55B5B5CB6B
S3150201A9903A7A2929B79171DFBB81EDAD2673FFC1E1
S3150201A9A0F503BE68BBE8AD717C466B80C584621E49
S3150201A9B07B605DE77B99F6C562D278B358D9678B1E
S3150201A9C0708BCD816AD6883D89D74E20937A768B54
S3150201A9D02AAEA09FCBCA2F768748CE6DCCEB1F77C6
S3150201A9E0B35FF08F15623034FD7C84D6CAFA66BD38
S3150201A9F0481DC8A0BE6C3A6042DEAE06910CA9C5DE
S3150201AA00B5C02CD2A23B5E724AC4FE01C7A00BE8B6
S3150201AA10940FD515CC1807D75B3BCF283BA2D96932
S3150201AA206ACAB5B2200E785DA9493220C9E96167C1
S3150201AA30EACD0C2272B882DABB785808CC5840EDBE
S3150201AA40331A40F9E043BB7B49BFF5E1A7A15DE0BB
S3150201AA50926073D46D7D4526F632CC7377B0DC777E
S3150201AA60CD5FDD9C96945D0AB4317B2A0719E2FC1F
S3150201AA70168057AA75DC7A4D24934787A676C20EAD
S3150201AA80EB4BDA1F5D9D6D6D8381B0E98AA5B1221B
S3150201AA908B385CC171D095FD17050A85762381A98C
S3150201AAA05E337FBBBA4C3833B4CAE81A7368C9F647
S3150201AAB0C5924FCB1E74205E3EBCCD8CE53BA52DC7
S3150201AAC0F70D9769A2FEDD2DA842B33D31CEAEBE8A
S3150201AAD0EEB72D845B63A3CBEF137F8120668CE8EF
S3150201AAE0C6D5764EAA38941B1A036F167E77508AFC
S3150201AAF028A3B70FF1397B0676BD0F01A6C9251921
S3150201AB00050974CC75B5F96D0F0302A97FB0A8AE1C
S3150201AB1043D163F46A768CF8607A783C6683B01521
S3150201AB20A8A4678214B1EA08ACD002D09B40C1BD89
S3150201AB30A6D9CCB545026666EC85DEFAC47D3182BC
S3150201AB400DDFD76A4B93FE0274EAB7CF00F15CEFD1
S3150201AB50AC42CBA133768922E285F2CE540CCED415
S3150201AB60556A148A048C403076FFB73E19FC513976
S3150201AB7063482F704C1BF885D50EA6C98FA3276C87
S3150201AB809027748BCB65B240A47B8F4AF439EDE6EC
S3150201AB904D78B9F4B45A801EE0F6D057902FFDE6EF
S3150201ABA0D8398E3B2EEB604AFE44535D236266869C
S3150201ABB04968B9713FE9740D903228F6D4BEFA6D2F
S3150201ABC0F370F9C59E242D3BDBCE2F8345889D73F9
S3150201ABD063F86BAEC9D638FAF7FE4FB7CA0DBC3267
S3150201ABE05EE4BC14887E93737F873B19C9002EBB32
S3150201ABF06B50DCE090A8E3EC9F64DE36C0B7F3EC61
S3150201AC001A9EDE980804465F8DF47B29167103B9F4
S3150201AC103468F0D4223BD1A9C6BD9646571597E1B1
S3150201AC2035E8D591E8A4F82C670F110787FD936DD6
S3150201AC3049B5387CD3094CDD866A73C24C6AB17C4C
S3150201AC40092A25586EBD4920A26BD0177E48B52C1C
S3150201AC506B1950391C38D224308A9785819C65D765
S3150201AC60F6A4D691287F6F7A49EF9A6A8DFD097DFE
S3150201AC700BB93D5BBE60EEF0D4BF9E512CB5214CA3
S3150201AC801D9445C5DFAA1160A279913FD2392746A3
S3150201AC90CFDDD697311283FF8A14F253B5DE07133D
S3150201ACA0DA4D5F7B6837220DCA24517E1631FF09C0
S3150201ACB0DF45C7D98B15E40BE556F57E227D2B2997
S3150201ACC038D1B6AF41E2A43AF505332ABF38C12CD1
S3150201ACD0C326E9A28F3F5848EBD24955A2B13A0899
S3150201ACE06CA387466EAAFC3264B084AB5CFB852DED
S3150201ACF014BCF389D21078490CCE157B44DC6A4721
S3150201AD007BFD44F876A32B12DDA253DD281B3454B6
S3150201AD103FFC42DF5B9017AAF4F8D24DD992F50FA8
S3150201AD207DD38CE00F62031D54E5B4A2CD3202C27B
S3150201AD307F185D1142FDD09ED979D47DBEB4AB2E6A
S3150201AD404CEC682BF50BC7024F32C75C5A568F5033
S3150201AD5022A906E5C0C461D019AC455CDBAB18FB80
S3150201AD604A318003C109686CB9AECEC9F15666D7BC
S3150201AD706A65E518F8155B1C34234C843228E726EC
S3150201AD803868192F776F343AC86ADAE21251D5D286
S3150201AD90ED51E8B13103BDE96272C68EDD46079611
S3150201ADA0D0C5F76E9F1B91052DFF37B656D7DCE945
S3150201ADB0C4F087C98F344CECB7C7FBF38592D5CE65
S3150201ADC087EAE19347350533949FFEC58089C10120
S3150201ADD0C8D56F71696765CD86A095D1C345608176
S3150201ADE08279CC66327F2B6E8F56C3F7682480CC6C
S3150201ADF0B34C971982BAE99D6013B8B59C22B7ABD9
S3150201AE0062BABE6F7A01E24474B7DA5443A7C2C486
S3150201AE101A03AF4E3C4C5D8E178F8342D2236CB719
S3150201AE20EAE4DC688F099A74CD6ECAB6F32CF88708
S3150201AE30C2A0F4183E890F5857E504260730890542
S3150201AE401D9CD156C26AAB6C60DEC12CA0E0DFDC70
S3150201AE505B57C551FF652603EBBE3A07F1320C2C4F
S3150201AE6006867BCD1420886AB57F74A4FE922AA534
S3150201AE7089ABA51F49A412DCCEA447B84BA92DD88C
S3150201AE804ECC1295CEED774D6EEB4FAF7CD111D1F3
S3150201AE90A3A43AB342BA0B05306CB4EE3C4C51173B
S3150201AEA0757DC21B8BDBBE549C18E27745E1C877E0
S3150201AEB045C499FF6A6FE4A34353336DC8DF443136
S3150201AEC0A916427C9E55963AEED22AF4370D5512B0
S3150201AED0F5FBA19804E0788BB24C89338207535D66
S3150201AEE00C8D493E4E4EC80252AABA8068899344D5
S3150201AEF00E9485F2C4AF984CB64854A49BA74AEF68
S3150201AF007FAE7AA510C57852940B4C2974D04DA503
S3150201AF10B6FF18DFB8465DF56683AE8DC5EC6FF0F8
S3150201AF2065D19081665786585C1E904FA4FE1F0C10
S3150201AF3082B78421B76F0B2B88DB140191FF87E55A
S3150201AF4042A18547360F13379F35580D5C501512AE
S3150201AF506BC428FCC713202A4E66EA89AFA1A02436
S3150201AF601F0E13A138B60044C319ED9664B7013A10
S3150201AF70307232EDB00AE031B115CA8357880A52EE
S3150201AF80C7BECC5A87B9AA06BB0EDFF5839933C170
S3150201AF90AC4C2C518F75F3C0E198B30B0A13F12C0B
S3150201AFA0620C27AAF9EC3C6BEFEA2E51F3AC49533A
S3150201AFB049CBC11CD341C1208D689AA9070C18241B
S3150201AFC0172D4BC6D1F95E5508BD733BBA70A7362C
S3150201AFD00CBFAFA308EF4A62F24609B498FF37578E
S3150201AFE09D748133E14D5F67803AC1B646507575EE
S3150201AFF0B943ECA0012F55CC49084A85514B8FBF65
S3150201B00065C08C9AEC5BD436BF75249F8CCD78E8EB
S3150201B01004F7281611AB3E7DFADFD5C4CCED781DB7
S3150201B02003684B3A7BB1E6512E6C55863F70586FD9
S3150201B030BCCEF83B78933B6673AA32FD3C51FA8B40
S3150201B040DD939B698EA3E452FC82176B03522C0E8D
S3150201B050B483AD6C816C81643E076469D9BDDCD071
S3150201B06020C56401F79DD9131DB3DA3BD9F62FA189
S3150201B070FE2D659D0FD825078794BE9AF34F9C0135
S3150201B080433CCD82B850F460CAC0E521C35E4B0190
S3150201B090A2BF19D7C969CB4FA0230075181C5F4EF1
S3150201B0A080ACED559EDE061C7CF5C9824D6394B2D9
S3150201B0B036459324E1FDCB1F5ADB8C41B34D9C9E51
S3150201B0C0FC194445D9F34000ADBBDD89FBA8BEF1AD
S3150201B0D0CBAEAE61BC2CCB3B9D8D9B1FBBA7588FC4
S3150201B0E086A61251DA7E5421D38659FD39E9FDDE4F
S3150201B0F00C380A51892C27F4B91931BB07A42BB78D
S3150201B100F44D254A330A5563EE8A94084D86F4B006
S3150201B1106F1CBA91EE19DC0758A1ACA6AECD7579B2
S3150201B120BBD4624213610B337242CBF993BC68C141
S3150201B13098DBCEC71F71B8AE7A8DAC34AA520E7F98
S3150201B140BB557D7E09C1CE418A806DA2D71996F77C
S3150201B1506D159E1D9ED41FBB27DFA1DB6CC3D77362
S3150201B1607D77281FD94CB4266BE0B54B7E144F95DB
S3150201B1704EBFA8CA49F66764A07045F0079213BF8D
S3150201B1800151CE547B37157EB411B6083520C9223A
S3150201B190BE382D4CE4B00494B5D96F46594C349F50
S3150201B1A0716966826F777B18BD7EA5D4A50458F4B2
S3150201B1B08C37DBBB8679FFE4242E860812339E92F6
S3150201B1C0D84353E08A78867AD8A63A3935900A3036
S3150201B1D0CDB12BA13111502B22C293F077F61F7BF1
S3150201B1E0AD2BB8CAF8C10943375F28B02D8444AFE5
S3150201B1F0DFC8EF47901853879A9720F891E0749524
S3150201B20079556169608D370E555A07837191FAD95D
S3150201B210DC9F006BD25ADB4B0EEF3DD62CAD297863
S3150201B2207738FD7549C58F072D8F872814BDDF87AE
S3150201B230A121941EDD364613A341732551C9174F29
S3150201B240B86C29AD4B8DF95D8AA933B85B4B00E227
S3150201B25030334C2DEC5D774413E9AC7E0644A23AB9
S3150201B260A9008ED5E3302627540BC9ECD08F67F39C
S3150201B270993504129B4501F09BB85837BC5F72267B
S3150201B280AE19A773AAE42543A03918203FE1D4BF1A
S3150201B29061F13D3EE2FFEFAEE31F5D6BF0045BB68B
S3150201B2A0C0FB622BFB85E0521AED929EF8435D18B4
S3150201B2B0C61947FEEA1E4AB04F3FF0A688BE9F490D
S3150201B2C0DD9B853C2F0D8B5DBAF24CA5EA794012C6
S3150201B2D0E7261B00EB6524D7FDF77AC9FDBC436857
S3150201B2E002CDEA552BB42405DB5353D746B38BCB98
S3150201B2F0221E51AE4BB2FCFCEFE60AD5408DA4CB21
S3150201B3005DCBF7F4E5BAE32612FE458DDE3CDA841F
S3150201B310D2E244E418C242BD98357E1F789651A8FE
S3150201B320B2E216563FC94276E4F89545A7DA2323D7
S3150201B330B4BE7A858B8C68DE6E32591C968EC43FFA
S3150201B340BAB8C915CA732E0B56C8D3BFDE84ACCBA5
S3150201B35044F25FB348C3241607AD9C5DCA8DF8B7A4
S3150201B360E8EBC2A24D570E3B843031A59125021D51
S3150201B370720827D6AE4A2DCA20FD0B2F852BA18630
S3150201B38048A77DAD39C4E656E6BABD4249FF04C7B0
S3150201B390791FDEB2E2AD215ED8FA5256F3B35DE908
S3150201B3A0C1EB088F37B522087574388F4748F051BB
S3150201B3B03CCBBE9CF4BC5DB255209FD94412AB9ADC
S3150201B3C0D6A5101C6C9E702C8303736293F2B7E1AF
S3150201B3D02C8ACAEBFF79524B1413D4BF8A77FCDA53
S3150201B3E00F61729C1410EB7D7AEE66876AAF62CBAF
S3150201B3F00ECD535504ECCB66B5E40B0F38018058DC
S3150201B400EAE22CF69F8EE608AD30C14B0A50AD3406
S3150201B4109CD40B3D49DB388DBE890A50983D5CA20E
S3150201B420093BBAEE873F1F2FF9F2B80AD5092D2F2C
S3150201B430DF2359C58D21B9ACB96C767326348F4A8F
S3150201B440F519F738D73BB14C4AB615E5758C84F731
S3150201B45038904ADBBA0195A5501B753F3F310DC2A3
S3150201B460E82EAEC053E3A119C305FABA60751C7D75
S3150201B470615EE5C6A0A0E1B37364D6C0189752E334
S3150201B48086340CC2116B5441BDBD96D5CD7221B421
S3150201B49040FCEE984345E093B50941B44753B19F49
S3150201B4A034AE660299D36B73B4B33493502D53857C
S3150201B4B0736581604B11FD4675835C42305F5FCCDB
S3150201B4C05CAB7FB8A2952241E9D67EF5889BC91964
S3150201B4D025C8F86D26CB935373D20AB31332EE5CA9
S3150201B4E0342E2DB5EB53E114C6EA93E26152652E71
S3150201B4F0DBAC332103925A846B990079CB750946E9
S3150201B50080DD5A198DBB60078A81E6CD171A3E4145
S3150201B51084A069EDA96D1557B1CCCA468F26BF2CF9
S3150201B520F2C53AC39BBE346B0F3AD4A05E27BF67FE
S3150201B530BEEE9B08348EE6AD2EE779D44C138942D2
S3150201B5405454BA32C3F9620FE121B3E3D0E404627F
S3150201B550951EFF287A63AA3B9EBD995BFDCF0C0B14
S3150201B56071D0C8643EDC224D395F3BD68965B4FC95
S3150201B57061CFCB573F6AAE5C05FA3A95D2C2BAFEA3
S3150201B580361437361AA00F1C92D67CBC497454E77E
S3150201B590DF3DF7E6AABE9A0F297E8300A71CF04A71
S3150201B5A083C11B3F5D1BAB63AE3FC554E8E51EC1BC
S3150201B5B0F43F4F2BC1060B6A727AB6E0800F543301
S3150201B5C0EFE307CDC38FF1158CF428B0630775320B
S3150201B5D05F066A5540070206585B49C312D83BD536
S3150201B5E08D505F869B6C7008CC58CC38F290B62190
S3150201B5F072FBCC1E99F742FC5F97CF3771ED6960FA
S3150201B600742D6A82B26FEA25677062FD2400BFA0BB
S3150201B6105A40C0BC5E0F6150DADD96EF262891F9D9
S3150201B620BF0C70A5ED3BC47602A66CE1E849BAC22D
S3150201B6309C15DB0AF8613C8259121E8C1641B292A4
S3150201B6401371BFC277E53F74FF3D343DABA27CF374
S3150201B65017C6AB802D6A8C1ACAFFCCD435E0498E47
S3150201B660B9D1A1BAEE6BB4484612B438411B99CC92
S3150201B6706BC29A6F529C3B24BDABCBB74D49EFB916
S3150201B68000ED82D03D43BA5FD01A94C955E3499C75
S3150201B690848F4974DE4A73B95C3E6666D0FEC34145
S3150201B6A0B310E7E8F8EDCF0E74E2550D4D409784DD
S3150201B6B0532BADC4D963666C3457A9ADD9B02FECFF
S3150201B6C03CF7B8CD20E11726F67D77DABF2DD83BB8
S3150201B6D09E36980BCC77B17199360C8563840E1D13
S3150201B6E0F1D1E2485B94715A424B5B40D53D206FE2
S3150201B6F00945B21004C67E3246882AAC3072349CA1
S3150201B7006AEBFF11FC29DE77744CE23FB2EFB97E98
S3150201B71001BE51169FF4503EEA8D8521DC32A73EC9
S3150201B720F910B85BD77B3717F6F90E63712E3028FD
S3150201B730E0CE642B03A2D4C2BE92624B302008092A
S3150201B74018DF2AA87A74CA5FA58E255CC3032A2349
S3150201B750F10CCB6B2C3AF2866621442E0D8DAD3D52
S3150201B7602B8676AB3C93A804CC1359F1ED3C2BA363
S3150201B77089BDF06F75BCB3CC635F17BCB7D63234E3
S3150201B7800232859B92BA1E0E9563942C6D7EC47EFF
S3150201B790310236A3E74CBAFFD10FBAC50757214A80
S3150201B7A08743F3E61759C626E2BE87DD1B5643F0E9
S3150201B7B0E8DADAB1D27DF12CD495617349CBE11D78
S3150201B7C02C085C1E4B823939FF3D9422B604C6D23F
S3150201B7D0A0B3CF44CEBE8CBC78868097F34F255D4D
S3150201B7E0BFA61C3B4F61A30F506A938C0E2B0869AF
S3150201B7F0B6C5DAC135A0C9F934B6DFC4543EB76F4E
S3150201B80040C12B1D9B410540F082BEB9BDFE03A07E
S3150201B81090AC443AAFC189208EFA5419919F49F8E6
S3150201B82042AB40EF8A21BA1F3EF5C8FA489454AB9F
S3150201B8304137A67B9AE8F681015E2B6C7D6CFD741D
S3150201B840426EC8A8CA3A2E3994017B3E04573E4F2E
S3150201B8507FAFDA08EE3E1DA8F1DEDC99ABC639C828
S3150201B860D56177FF135D536CAF358A3EE934BD4C22
S3150201B87016E887584481072EABB09AF2769C3119A5
S3150201B8803BC10AD5E47FE125D554EBB3788373A78F
S3150201B8907C3C55A566D3691DBA0028F962CF260AF2
S3150201B8A017327E80D512AB01FD66D2F6E791489C2E
S3150201B8B01B7807039BA144073BE261601D8F388811
S3150201B8C00ED54B35A3A63E12962DE34190188D1146
S3150201B8D0485831D8C2E3EDB9D94532D87142AB1EC7
S3150201B8E054A118C9E261394A9763AA04E1BF2961E1
S3150201B8F0CBFCA7A40800968F5894907D89C08B3FF4
S3150201B900A991B2DC3EA49F70902702FDEBCB2A8857
S3150201B910605711C40533AF89F473347DE392F4653C
S3150201B9202B5A5154DFC5B22CCA2AFD638C5D0AEB30
S3150201B930FF4E692E66C12BD23AB0CBF86EF323279E
S3150201B9401F13C8F0EC29F0702E34C549AF92BC1A08
S3150201B950D0FAE6B211D8EEFF294EC8FC8D8CA2EFC1
S3150201B96043C54CA418DFB511FC75A9428ABB7BBF3E
S3150201B97058A3AD9677395C8C48AAEDCD6FC77FE2A5
S3150201B980A620BCF6D75F73196642C842D090ABE3D4
S3150201B9907E54197F0F8E84EBB997A465D0A1032536
S3150201B9A05F89DF911191EF0FB96E1CABA17C50B18A
S3150201B9B0B387B6163E8F44BDAB917A2C7FFB5534C5
S3150201B9C0C1DE2A2F9E227975B7161C5BB8DCB56AD1
S3150201B9D0A5277B3CE8FCC094BE1755731A1CB1A47B
S3150201B9E0AAAF0EBAD0389249578BBA7A526EF4EC94
S3150201B9F07B64D18B478CA015EF6F705FA6C6F17A77
S3150201BA00D5303AF078FA4563A1E715105FF902DFFE
S3150201BA106302B4A91DC40E790711EA33A10E3A4D88
S3150201BA20C9F83AE3E70BF754A4F0D8BDE9CBD393AF
S3150201BA30027317FD1B2C15DB75A8177F6DDCBD7D07
S3150201BA40FE6E428FCC711A3E62BDBA90E3A33CC828
S3150201BA5033C8910267E3ED80C40079D3CC3880C83C
S3150201BA60A11FC31E23C05F2C4F8B03171791BAFE6A
S3150201BA7081EFDEC9213712E534880D5DE7E4971CB3
S3150201BA80C63BDC237AAEAF68656E4502D1E422C4B9
S3150201BA90917BD4CAC14A4187DDFFB6A2BBE29215A8
S3150201BAA00F10C2F5BFD2D9751CE8263676B4D95B1A
S3150201BAB0DD2EA0BC36699689B377F0613D19410A3C
S3150201BAC07154CE0042A297304CB8F8C73477425728
S3150201BAD0E970B2013EA141F1A664E5B4FEADD1021F
S3150201BAE048BD83CE923DB24B86C4956624E762A1D8
S3150201BAF00796A83534631D13372AD1A06115523032
S3150201BB0063B3AFA6AD4B7056B912F952A74A6CAFE1
S3150201BB10C87067D86C5F665E58CDC8A383AC354CD6
S3150201BB207E8AA510C0297A2B026C992799F4D19D98
S3150201BB3052174DE058B0B30C3E2CD07F96887E1F2B
S3150201BB40B13E8BCB6842962FDA2A8F21A05BA97B65
S3150201BB50CAB90F338722F4CF07D9C6566D49DADA45
S3150201BB6054EEBEF496C280530A8D896604274F9D10
S3150201BB707A3FFF0A9987093D45BADA6762F39ED091
S3150201BB809C661C7B5E45617739B4447E09FE681268
S3150201BB90D77D085783A84FE33C9BAD315795CB34EC
S3150201BBA098EE8D7CC068906C9161CE4D015C68D532
S3150201BBB0FC9D1F498A52E469DF060C82292189C646
S3150201BBC0AADA7EFC8F5BF81368F556D9BA6C59006E
S3150201BBD047DAB1600A1917C3CD50DC87C70B7689DC
S3150201BBE079FAA2C1A45EA33145995CA2494C8D178B
S3150201BBF082F76AE4D1C4616CE35E09B84AE88078E7
S3150201BC00AB983D52CC93BE13C4D8D9C178B39D0E1D
S3150201BC10B133B3B2263636B88F236E67EB28D7BE59
S3150201BC20BDC1BC8E08B5C915AF66893EDB3EDF13C1
S3150201BC305F2EE3C27628B49CE7A1EE42C0FD12CE86
S3150201BC403CF0C148622FC1466BC0E6272AFF018933
S3150201BC50B184BDF02AA63E06E5A99BFE965D22AFFA
S3150201BC600C937B132733B37C6A0851B58FDA774F6E
S3150201BC701F3AE72DEE098C6A163A882C22AC860405
S3150201BC8036FF2436074CBB2375DC037A3C13EAC51F
S3150201BC90BD77AB8841A1022C5BA19F2209019BC8FA
S3150201BCA0BD8D906D474DAD4A40000000B4BC010206
S3150201BCB000000000000000000000000000800000FB
S3150201BCC00200000000800000030000000080000066
S3150201BCD00400000000800000050000000080000052
S3150201BCE007000000004000000800000000400000BC
S3150201BCF009000000008000000B0000000080000027
S3150201BD000E000000008000000F0000000008011C68
S3150201BD10000100000008011C010100000008011CCD
S3150201BD20020100000008011C03010000000C011CB5
S3150201BD30040100000000011C050100000000011CB5
S3150201BD40060100000400000007010000000C0117B3
S3150201BD500C010000000001170E01000000000100A5
S3150201BD6008020000000001000902000000000100B3
S3150201BD700A020000000001000B020000000C01177C
S3150201BD8000030000000C011701030000000C01175B
S3150201BD9002030000000C011703030000000C011747
S3150201BDA004030000000C011705030000000C011733
S3150201BDB0060300000004011707030000000401172F
S3150201BDC0080300000000011307040000000001142B
S3150201BDD0080400000000011409040000000C010619
S3150201BDE00A040000000C01060B040000000C010607
S3150201BDF00C040000000C01060D0400000400000002
S3150201BE000E040000000001130005000000000113EA
S3150201BE1001050000000401070B05000000040107EB
S3150201BE200C05000004000000000600000008011CC9
S3150201BE30000800000008011C010800000008011C9E
S3150201BE40020800000008011C030800000008011C8A
S3150201BE50040800000008011C080800000400000094
S3150201BE6009080000000001130E080000000001137A
S3150201BE700F080000000C0104020A0000000C010474
S3150201BE80030A0000000C0104040A0000000C01046C
S3150201BE90050A000000000000060A0000000C010568
S3150201BEA00E0A0000000C01050F0A0000000C011425
S3150201BEB0010B000002040304040400000800000050
S3150201BEC0DCBF01020F000000ECBE0102030000000C
S3150201BED0D4BE010200000068000000680000008074
S3150201BEE000000080000C0022000C00220000006805
S3150201BEF000000068000000900001090D00000068C2
S3150201BF0000000068000000270001020D0000006821
S3150201BF1000000068400000020001010D00000080DF
S3150201BF200000008000000090000109080000008066
S3150201BF3000000080000000270001020800000080C6
S3150201BF40000000804000000200010108000000001C
S3150201BF500000000000000090010109050000000038
S3150201BF600000000000000027010002050000000099
S3150201BF7028650000400000020100010500000020C2
S3150201BF8000000020000000900101090400000020C9
S3150201BF90000000200000002701000204000000202A
S3150201BFA00000002068650002010001040000002271
S3150201BFB00000002200000090000109030000002297
S3150201BFC000000022000000270000020300000022F8
S3150201BFD0F80B0022686500020000010300000068F8
S3150201BFE0000000680001000D000000680000006802
S3150201BFF00001000D00000080000000800001000821
S3150201C0000000008000000080000100082865000091
S3150201C010286500000100000500000020F0900020C4
S3150201C02001000004F80B0022000C002200000003AC
S3150201C030301000228C3300220000000300000000B1
S3150201C04001000200080010002000000003000000A9
S3150201C05054C0010200060E04070100004275696C14
S3150201C0607420776974682052656E65736173204125
S3150201C0706476616E63656420466C657869626C6597
S3150201C08020536F667477617265205061636B6167D5
S3150201C090652076657273696F6E20362E352E3000F5
S3110201C0A0362E352E300000000000050689
S3090201C0ACF8B500BF1B
S3090201C0B0F8B500BF17
S3090201C0B4CD7100023F
S3090201C0B8A571000263
S3090300A100FFFFFFFF56
S3090300A104FFFFFFFF52
S3090300A200FFFFFFFD57
S3090300A28000000000D1
S70502012B814B
