S00E0000626C696E6B792E737265638D
S3150200000000100022792A010265290102752A0102DD
S31502000010752A0102752A0102752A0102752A010250
S31502000020000000000000000000000000752A010226
S31502000030752A010200000000752A0102752A0102D2
S3150200004000000000000000000000000000000000A8
S315020000500000000000000000000000000000000098
S315020000600000000000000000000000000000000088
S315020000700000000000000000000000000000000078
S315020000800000000000000000000000000000000068
S315020000900000000000000000000000000000000058
S315020000A00000000000000000000000000000000048
S315020000B00000000000000000000000000000000038
S315020000C00000000000000000000000000000000028
S315020000D00000000000000000000000000000000018
S315020000E00000000000000000000000000000000008
S315020000F000000000000000000000000000000000F8
S3150200010000000000000000000000000000000000E7
S3150200011000000000000000000000000000000000D7
S3150200012000000000000000000000000000000000C7
S3150200013000000000000000000000000000000000B7
S31502000140D8F81C00D9F81C4000194FF0000B4BEBF5
S315020001500B0B4FEA4B0B0BEBD07B13270BFB07FB6F
S3150200016020F00047B8E80F00B9E870044FF0010C20
S31502000170ECFB640BECFB651BECFB662BECFB6A3BB6
S3150200018099E8700098E80007ECFB684BECFB695BAA
S31502000190ECFB6A6B5F44704798E8FF00B9E8001D04
S315020001A0B0EB080071EB0A0172EB0B0273EB0C0366
S315020001B099E8000F74EB080475EB090576EB0A065D
S315020001C077EB0B0768EB080828F0250910EB090006
S315020001D051EB080152EB080253EB080354EB0804F7
S315020001E055EB080556EB080657EB080758F10008C9
S315020001F028F0250910EB0900704704B587B03CCA00
S31502000200B1E80144A2FB006BA3FB007CE2FB6A7B24
S31502000210C0B4A4FB0086E3FB6A8BA5FB0097E4FB54
S315020002206A9BE5FB6AB7E2FB6E8CE3FB6E9CE4FB22
S315020002306EBCE5FB6EC7B1E80144E2FB6096E3FBE8
S3150200024060B6E4FB60C6E5FB6067CDE902894FF064
S315020002500009E2FB6AB9E3FB6AC9E4FB6A69E5FBEA
S315020002606A794FF0000AE2FB6ECAE3FB6E6AE4FBB0
S315020002706E7AE5FB6E9A51F8048B4FF0000EE2FBA4
S3150200028068E6E3FB6876E4FB6896E5FB68A651F848
S315020002901C894FF00000E2FB6870E3FB6890E4FB08
S315020002A068A0E5FB686001B40A9A10323CCA51F8AC
S315020002B0048B4FF00000E2FB68B0CDF814B0E3FB0C
S315020002C068C0E4FB68E0E5FB680751F8048B4FF071
S315020002D0000BE2FB68CBCDF818C0E3FB68EBE4FB4E
S315020002E0680BE5FB68B751F8048B4FF0000CE2FB94
S315020002F068ECCDF81CE0E3FB680CE4FB68BCE5FBAC
S3150200030068AC51F8048B4FF0000EE2FB680E0890C1
S31502000310E3FB68BEE4FB68AEE5FB686EB1E801018B
S31502000320E2FB60B9CDF824B0E3FB609AE4FB60A679
S315020003305DF804BBE5FB60B6E2FB6897E3FB68A7E2
S31502000340E4FB68B7E5FB6867B1E80101E2FB60AC74
S31502000350E3FB60BCE4FB606CE5FB607CE2FB68BE31
S31502000360E3FB686EE4FB68E7E5FB687CDDE90745CD
S3150200037026234FF00008E3FB6C484FEA480848EA98
S31502000380D47824F0004C132408FB04F807BCE3FBE2
S315020003906508E3FB6918E3FB6A284FF0260918BCD7
S315020003A0E9FB6B38E9FB664860BCE9FB6E58E9FB82
S315020003B0676808EB0C0703B000BD00B585B0A0FB6B
S315020003C0009AA0FB01BC1BEB0B0B4FF0000EEEFBE1
S315020003D06EAB2DE900064FF00008E0FB628C58EB8D
S315020003E00808E1FB618BA0FB039AE1FB629C59EBD7
S315020003F00909EEFB6E9BCDE902894FF00009E0FB8D
S31502000400649AE1FB639C59EB0909E2FB629BCDF816
S315020004101090A0FB0598E1FB649AE2FB639C59EB02
S315020004200909EEFB6E9BCDF814904FF00009E1FB33
S315020004306598E2FB649CE0FB669A59EB0909E3FBCB
S31502000440639BCDF81890A0FB0709E1FB660AE2FB65
S31502000450650CE3FB64084041EEFB6E0BE1FB67981B
S31502000460E2FB669AE3FB65C95CEB0C0CE4FB64BC3D
S31502000470E2FB6798E3FB66A90022E4FB65A25AEB5E
S315020004800A0AEEFB6ECAE3FB6728E4FB669259EBA7
S315020004900909E5FB65A90023E4FB6738E5FB66323B
S315020004A05B41EEFB6E93E5FB678258EB0808E6FBC1
S315020004B06638AEFB0E45E6FB67426441EEFB6E48CC
S315020004C05241E7FB678252EB0E024FF02606E6FB2D
S315020004D0620E4FEA4E0E4EEAD07E20F000471325FA
S315020004E00EFB05FE03BCE6FB6B0EE6FB6C1E9B4693
S315020004F0A4463CBCE6FB6A2EE6FB693EE6FB6B4E77
S31502000500E6FB6C5E40BC4FF0260CECFB686E774453
S3150200051000BD2DE9004105F031FFDDF80080B8F19C
S315020005200108CDF80080F6D101B00DF1040888E883
S31502000530FF0000BD08688A68CB680C694D698E6940
S31502000540CF69496870472DE9F14F9246FFF7F2FFEE
S3150200055020F0070047F08047FFB45FF000082DE95E
S3150200056004015146FFF7E6FF27F00047FFB45FF0AC
S315020005700109A8FB08AB4FF0000C2DE9001D2DE97F
S31502000580001EFFB4A8FB08672DE9C01D2DE9C01D9A
S315020005902DE9001EFE20002341091DF1A80252F892
S315020005A0211000F01F04E14001F00101CDE928010C
S315020005B05940D1F1000E684610A94FF0040B90E89D
S315020005C03C0091E8C003724002EA0E0A96EA0A0665
S315020005D072407B4003EA0E0A97EA0A077B4094EAD6
S315020005E0080404EA0E0A98EA0A0894EA080495EA54
S315020005F0090505EA0E0A99EA0A0995EA09053CC0BF
S31502000600A1E8C003BBF1010BD9D1E8460DF12009DF
S31502000610FFF796FDFFB405F0B1FEFFB40DF14008F9
S315020006200DF16009FFF7B8FDFFB405F0A7FEFFB4B0
S31502000630694610AA05F094FE0DF1800888E8FF00CD
S315020006400DF14008E946FFF7A7FD0DF1400888E8DD
S31502000650FF00DFF84CE2DDF81CC04FF0000BEEFBAA
S3150200066067CB4FEA4B0B0BEBDC7B13270BFB07FB32
S315020006702CF00047BDE80017EEFB608BEEFB619B9A
S31502000680EEFB62ABEEFB63CB07BCEEFB640BEEFB51
S31502000690651BEEFB662B5F4401B087B42DE900179C
S315020006A0694610AA05F05CFE0DF1A00888E8FF0075
S315020006B00DF1C0080DF1E009FFF742FD8DE8FF00DC
S315020006C0694608AA05F04CFE0DF1200888E8FF00ED
S315020006D00DF1C0080DF1E009FFF75EFD8DE8FF00A0
S315020006E0694618AA05F03CFE8DE8FF00E8460DF1C2
S315020006F02009FFF725FD05F041FE0DF1C00888E847
S31502000700FF00E8460DF12009FFF746FD05F036FE2B
S315020007108DE8FF00694640AA05F022FE0DF1E008C9
S3150200072088E8FF0020B0DDE92823501E7FF534AFAC
S3150200073008A8FFC805F022FEFFB405F01FFE05F06B
S315020007401DFEFFB418A96A4605F00AFE8DE8FF00F1
S31502000750694608AA05F004FE0DF1200888E8FF00A4
S3150200076005F00CFEFFB4694608AA05F0F9FD0DF185
S31502000770200888E8FF004FF00508FFF7CAFE694621
S3150200078008AA05F0EDFD0DF1200888E8FF005FF0EC
S315020007900A08FFF7BEFE694608AA05F0E1FD8DE8E4
S315020007A0FF005FF0140888B0FFF7B3FE694608AA97
S315020007B005F0D6FD08B05FF00A08FFF7AAFE694603
S315020007C008AA05F0CDFD0DF1200888E8FF005FF0CC
S315020007D03208FFF79EFE694608AA05F0C1FD8DE8BC
S315020007E0FF005FF0640888B0FFF793FE694608AA27
S315020007F005F0B6FD08B05FF03208FFF78AFE6946DB
S3150200080008AA05F0ADFD5FF00508FFF782FE69460E
S3150200081010AA05F0A5FD8DE8FF00694618AA05F0A5
S315020008209FFD4FEAD7784FF0130908FB09F84FF0FE
S31502000830000A08F1130810EB080851EB0A0852EBFC
S315020008400A0853EB0A0854EB0A0855EB0A0856EB5A
S315020008500A0857EB0A085AEB0A0B4FEAD87848EA15
S315020008604B0808FB09F8DDF8289110EB0800C9F8D7
S31502000870000000204141C9F8041049464241434163
S31502000880444145414641474127F000478A60CB60D3
S315020008900C614D618E61CF614BB0BDE8F08F0000F7
S315020008A042DB0100B2F1000FB0F9003018BF4FEA87
S315020008B00103A0F8003070472DE9F04F40F2190EFF
S315020008C0F8C9B2E8001FD3FA48F3D4FA49F4D5FAC4
S315020008D04AF5D6FA4BF6D7FA4CF7F8C0BEF1010E36
S315020008E07FF4EEAF38C9B2E80007D3FA48F3D4FA78
S315020008F049F4D5FA4AF538C0BDE8F08F2DE9F04F34
S3150200090040F2190EF8C9B2E8001F93FA48F394FAB6
S3150200091049F495FA4AF596FA4BF697FA4CF7F8C067
S31502000920BEF1010E7FF4EEAF38C9B2E8000793FAC2
S3150200093048F394FA49F495FA4AF538C0BDE8F08FBF
S315020009402DE9F04F40F2400E51F8044B52F8046B79
S3150200095051F8045B52F8047BD3F804B053F808CB81
S315020009602CFB06FC40F804CB24FB16FC40F804CB17
S315020009702BFB07FC40F804CB25FB17FC40F804CB05
S31502000980BEF1010E7FF4E0AFBDE8F08F2DE9F04F26
S3150200099040F2400E51F8044B52F8046BD0F8005066
S315020009A053F804CBD0F804702CFB065C40F804CB59
S315020009B024FB167B40F804BB51F8044B52F8046B37
S315020009C0D0F8005053F804CBD0F804702CFB065C28
S315020009D040F804CB24FB167B40F804BBBEF1010EA3
S315020009E07FF4D8AFBDE8F08F2DE9F04F46F608093F
S315020009F0C0F601584FF2013AC6F6A83ADDF824B01D
S31502000A0040F2400E51F8044B52F8046B5BF8045B5B
S31502000A1053F804CB5BF8047B2CFB065505FB0AF561
S31502000A2015FB389524FB167707FB0AF717FB389751
S31502000A30C7EA254540F8045B51F8044B52F8046BAB
S31502000A405BF8045B53F804CB5BF8047B2CFB06557E
S31502000A5005FB0AF515FB389524FB167707FB0AF703
S31502000A6017FB3897C7EA254540F8045BBEF1010E2D
S31502000A707FF4C8AFBDE8F08F2DE9F04F2DED088A5F
S31502000A80C0F6015CB1EC0F4A00F5007E04EE10EAF6
S31502000A900BEE900AD0F82020D0F82430D0F8284067
S31502000AA0D0F82C50D0F83060D0F83470D0F83880B6
S31502000AB0D0F83C9046F6080092FA03FED2FA03F307
S31502000AC094FA05FBD4FA05F596FA07F2D6FA07F771
S31502000AD098FA09F4D8FA09F99EFA0BF8DEFA0BFB32
S31502000AE092FA04F6D2FA04F415EE10AA3AFB05FEBF
S31502000AF03AFB15F51EFB1C0E15FB1C05C5EA2E4E10
S31502000B00D3FA4EF593FA4EF33AFB09FE3AFB19F97C
S31502000B101EFB1C0E19FB1C09C9EA2E4ED7FA4EF90A
S31502000B2097FA4EF798FA06F2D8FA06F616EE10AAD1
S31502000B303AFB07FE3AFB17F71EFB1C0E17FB1C07B8
S31502000B40C7EA2E4ED3FA4EF793FA4EF316EE90AA52
S31502000B503AFB04FE3AFB14F41EFB1C0E14FB1C04A7
S31502000B60C4EA2E4EDBFA0EF89BFA0EF417EE10AA22
S31502000B703AFB09FE3AFB19F91EFB1C0E19FB1C096E
S31502000B80C9EA2E4ED5FA4EF995FA4EF518EE10BA76
S31502000B903BFB03FE3BFB13F31EFB1C0E13FB1C036A
S31502000BA0C3EA2E4318EE90AA19EE10BA3AFB04FED7
S31502000BB03AFB14F41EFB1C0E14FB1C04C4EA2E445E
S31502000BC03BFB05FE3BFB15F51EFB1C0E15FB1C0530
S31502000BD0C5EA2E4519EE90AA1AEE10BA3AFB06FE9F
S31502000BE03AFB16F61EFB1C0E16FB1C06C6EA2E4622
S31502000BF03BFB07FE3BFB17F71EFB1C0E17FB1C07F6
S31502000C00C7EA2E471AEE90AA1BEE10BA3AFB08FE66
S31502000C103AFB18F81EFB1C0E18FB1C08C8EA2E48E5
S31502000C203BFB09FE3BFB19F91EFB1C0E19FB1C09BB
S31502000C30C9EA2E4900EE102A00EE903A01EE104A59
S31502000C4001EE905A02EE106A02EE907A03EE108AD4
S31502000C5003EE909A1BEE900AD0F80020D0F80430EA
S31502000C60D0F80840D0F80C50D0F81060D0F81470C4
S31502000C70D0F81880D0F81C9046F6080092FA03FEC7
S31502000C80D2FA03F394FA05FBD4FA05F596FA07F2BB
S31502000C90D6FA07F798FA09F4D8FA09F99EFA0BF880
S31502000CA0DEFA0BFB92FA04F6D2FA04F415EE10AA57
S31502000CB03AFB05FE3AFB15F51EFB1C0E15FB1C0541
S31502000CC0C5EA2E4ED3FA4EF593FA4EF33AFB09FED7
S31502000CD03AFB19F91EFB1C0E19FB1C09C9EA2E4E1A
S31502000CE0D7FA4EF997FA4EF798FA06F2D8FA06F6B6
S31502000CF016EE10AA3AFB07FE3AFB17F71EFB1C0E6E
S31502000D0017FB1C07C7EA2E4ED3FA4EF793FA4EF399
S31502000D1016EE90AA3AFB04FE3AFB14F41EFB1C0ED6
S31502000D2014FB1C04C4EA2E4EDBFA0EF89BFA0EF4F0
S31502000D3017EE10AA3AFB09FE3AFB19F91EFB1C0E26
S31502000D4019FB1C09C9EA2E4ED5FA4EF995FA4EF54B
S31502000D501BEE900A10EE90BA93FA4BFED3FA4BF3BF
S31502000D60C0F804E0C0F8243011EE90BA95FA4BFEB2
S31502000D70D5FA4BF5C0F80CE0C0F82C5012EE90BA3A
S31502000D8097FA4BFED7FA4BF7C0F814E0C0F8347066
S31502000D9013EE90BA99FA4BFED9FA4BF9C0F81CE059
S31502000DA0C0F83C9011EE105A94FA45FED4FA45FB6F
S31502000DB0C0F808E0C0F828B012EE107A96FA47FE9C
S31502000DC0D6FA47FBC0F810E0C0F830B013EE109A1E
S31502000DD098FA49FED8FA49FBC0F818E0C0F838B0CC
S31502000DE010EE103A92FA43FED2FA43FBC0F820B054
S31502000DF040F840EB14EE10EAB0EB0E0F7FF448AE6B
S31502000E00A0F5007003EE100AD0F80020D0F84030AA
S31502000E10D0F88040D0F8C050D0F80061D0F84071C8
S31502000E20D0F88081D0F8C091B1EC060A46F60800E7
S31502000E304AF6B87AC0F2130A3AFB02FE3AFB12F2FB
S31502000E401EFB1C0E12FB1C02C2EA2E423AFB03FEDA
S31502000E503AFB13F31EFB1C0E13FB1C03C3EA2E43C1
S31502000E603AFB04FE3AFB14F41EFB1C0E14FB1C0494
S31502000E70C4EA2E443AFB05FE3AFB15F51EFB1C0E90
S31502000E8015FB1C05C5EA2E453AFB06FE3AFB16F68D
S31502000E901EFB1C0E16FB1C06C6EA2E463AFB07FE76
S31502000EA03AFB17F71EFB1C0E17FB1C07C7EA2E4759
S31502000EB03AFB08FE3AFB18F81EFB1C0E18FB1C0830
S31502000EC0C8EA2E483AFB09FE3AFB19F91EFB1C0E2C
S31502000ED019FB1C09C9EA2E4992FA03FED2FA03F358
S31502000EE094FA05FBD4FA05F596FA07F2D6FA07F74D
S31502000EF098FA09F4D8FA09F99EFA0BF8DEFA0BFB0E
S31502000F0092FA04F6D2FA04F410EE90AA3AFB05FE1F
S31502000F103AFB15F51EFB1C0E15FB1C05C5EA2E4EEB
S31502000F20D3FA4EF593FA4EF33AFB09FE3AFB19F958
S31502000F301EFB1C0E19FB1C09C9EA2E4ED7FA4EF9E6
S31502000F4097FA4EF798FA06F2D8FA06F611EE90AA32
S31502000F503AFB07FE3AFB17F71EFB1C0E17FB1C0794
S31502000F60C7EA2E4ED3FA4EF793FA4EF312EE10AAB2
S31502000F703AFB04FE3AFB14F41EFB1C0E14FB1C0483
S31502000F80C4EA2E4EDBFA0EF89BFA0EF412EE90AA83
S31502000F903AFB09FE3AFB19F91EFB1C0E19FB1C094A
S31502000FA0C9EA2E4ED5FA4EF995FA4EF5F1E802AB9C
S31502000FB03AFB02FE3AFB12F21EFB1C0E12FB1C024D
S31502000FC0C2EA2E423BFB03FE3BFB13F31EFB1C0E47
S31502000FD013FB1C03C3EA2E43F1E802AB3AFB04FE01
S31502000FE03AFB14F41EFB1C0E14FB1C04C4EA2E442A
S31502000FF03BFB05FE3BFB15F51EFB1C0E15FB1C05FC
S31502001000C5EA2E45F1E802AB3AFB06FE3AFB16F6B6
S315020010101EFB1C0E16FB1C06C6EA2E463BFB07FEF3
S315020010203BFB17F71EFB1C0E17FB1C07C7EA2E47D6
S31502001030F1E802AB3AFB08FE3AFB18F81EFB1C0E5F
S3150200104018FB1C08C8EA2E483BFB09FE3BFB19F9B4
S315020010501EFB1C0E19FB1C09C9EA2E4913EE100AC7
S31502001060C0F80061C0F84071C0F88081C0F8C09134
S31502001070C0F84030C0F88040C0F8C05040F8042B99
S3150200108000F13C0E07EE10EA03EE100AD0F800203B
S31502001090D0F84030D0F88040D0F8C050D0F8006187
S315020010A0D0F84071D0F88081D0F8C09146F6080099
S315020010B051F804AB3AFB03FE3AFB13F31EFB1C0E7C
S315020010C013FB1C03C3EA2E4ED2FA4EF392FA4EF2E9
S315020010D03AFB05FE3AFB15F51EFB1C0E15FB1C051D
S315020010E0C5EA2E4ED4FA4EF594FA4EF43AFB07FEB2
S315020010F03AFB17F71EFB1C0E17FB1C07C7EA2E4E00
S31502001100D6FA4EF796FA4EF63AFB09FE3AFB19F96B
S315020011101EFB1C0E19FB1C09C9EA2E4ED8FA4EF903
S3150200112098FA4EF8F1E802AB3AFB04FE3AFB14F4E5
S315020011301EFB1C0E14FB1C04C4EA2E4ED2FA4EF4FD
S3150200114092FA4EF23BFB05FE3BFB15F51EFB1C0E0F
S3150200115015FB1C05C5EA2E4ED3FA4EF593FA4EF34D
S315020011603AFB08FE3AFB18F81EFB1C0E18FB1C087D
S31502001170C8EA2E4ED6FA4EF896FA4EF63BFB09FE12
S315020011803BFB19F91EFB1C0E19FB1C09C9EA2E4E64
S31502001190D7FA4EF997FA4EF7F1E802AB3AFB06FE9A
S315020011A03AFB16F61EFB1C0E16FB1C06C6EA2E4E54
S315020011B0D2FA4EF692FA4EF23BFB07FE3BFB17F7CC
S315020011C01EFB1C0E17FB1C07C7EA2E4ED3FA4EF760
S315020011D093FA4EF3F1E802AB3AFB08FE3AFB18F833
S315020011E01EFB1C0E18FB1C08C8EA2E4ED4FA4EF83B
S315020011F094FA4EF43BFB09FE3BFB19F91EFB1C0E4F
S3150200120019FB1C09C9EA2E4ED5FA4EF995FA4EF586
S31502001210F1E802AB3AFB02FE3AFB12F21EFB1C0E8F
S3150200122012FB1C02C2EA2E423BFB03FE3BFB13F3FC
S315020012301EFB1C0E13FB1C03C3EA2E43F1E802AB92
S315020012403AFB04FE3AFB14F41EFB1C0E14FB1C04B0
S31502001250C4EA2E443BFB05FE3BFB15F51EFB1C0EAA
S3150200126015FB1C05C5EA2E45F1E802AB3AFB06FE64
S315020012703AFB16F61EFB1C0E16FB1C06C6EA2E468B
S315020012803BFB07FE3BFB17F71EFB1C0E17FB1C075F
S31502001290C7EA2E47F1E802AB3AFB08FE3AFB18F81A
S315020012A01EFB1C0E18FB1C08C8EA2E483BFB09FE57
S315020012B03BFB19F91EFB1C0E19FB1C09C9EA2E4938
S315020012C013EE100AC0F80061C0F84071C0F88081C0
S315020012D0C0F8C091C0F84030C0F88040C0F8C05095
S315020012E040F8042B17EE10EAB0EB0E0F7FF4CCAEEB
S315020012F0BDEC088ABDE8F08F2DE9F04F2DED098A85
S31502001300C0F6015CB1EC0F4A00F1200E0CEE10EAB9
S315020013100BEE900AD0F82020D0F86030D0F8A0402A
S31502001320D0F8E050D0F82061D0F86071D0F8A081F2
S31502001330D0F8E09146F6080014EE10AA3AFB06FE33
S315020013403AFB16F61EFB1C0E16FB1C06C6EA2E4EB2
S31502001350D2FA4EF692FA4EF23AFB07FE3AFB17F72C
S315020013601EFB1C0E17FB1C07C7EA2E4ED3FA4EF7BE
S3150200137093FA4EF33AFB08FE3AFB18F81EFB1C0ED4
S3150200138018FB1C08C8EA2E4ED4FA4EF894FA4EF40C
S315020013903AFB09FE3AFB19F91EFB1C0E19FB1C0946
S315020013A0C9EA2E4ED5FA4EF995FA4EF514EE90AAE2
S315020013B015EE10BA3AFB04FE3AFB14F41EFB1C0EA1
S315020013C014FB1C04C4EA2E4ED2FA4EF492FA4EF2E2
S315020013D03AFB05FE3AFB15F51EFB1C0E15FB1C051A
S315020013E0C5EA2E4ED3FA4EF593FA4EF33BFB08FEB0
S315020013F03BFB18F81EFB1C0E18FB1C08C8EA2E4EF7
S31502001400D6FA4EF896FA4EF63BFB09FE3BFB19F965
S315020014101EFB1C0E19FB1C09C9EA2E4ED7FA4EF901
S3150200142097FA4EF715EE90AA16EE10BA3AFB03FE9D
S315020014303AFB13F31EFB1C0E13FB1C03C3EA2E4ED0
S31502001440D2FA4EF392FA4EF23BFB05FE3BFB15F542
S315020014501EFB1C0E15FB1C05C5EA2E4ED4FA4EF5D4
S3150200146094FA4EF416EE90AA17EE10BA3AFB07FE5D
S315020014703AFB17F71EFB1C0E17FB1C07C7EA2E4E7C
S31502001480D6FA4EF796FA4EF63BFB09FE3BFB19F9E6
S315020014901EFB1C0E19FB1C09C9EA2E4ED8FA4EF980
S315020014A098FA4EF817EE90AA18EE10BA3AFB02FE18
S315020014B03AFB12F21EFB1C0E12FB1C02C2EA2E4261
S315020014C03BFB03FE3BFB13F31EFB1C0E13FB1C0331
S315020014D0C3EA2E4318EE90AA19EE10BA3AFB04FE9E
S315020014E03AFB14F41EFB1C0E14FB1C04C4EA2E4425
S315020014F03BFB05FE3BFB15F51EFB1C0E15FB1C05F7
S31502001500C5EA2E4519EE90AA1AEE10BA3AFB06FE65
S315020015103AFB16F61EFB1C0E16FB1C06C6EA2E46E8
S315020015203BFB07FE3BFB17F71EFB1C0E17FB1C07BC
S31502001530C7EA2E471AEE90AA1BEE10BA3AFB08FE2D
S315020015403AFB18F81EFB1C0E18FB1C08C8EA2E48AC
S315020015503BFB09FE3BFB19F91EFB1C0E19FB1C0982
S31502001560C9EA2E4900EE102A00EE903A01EE104A20
S3150200157001EE905A02EE106A02EE907A03EE108A9B
S3150200158003EE909A1BEE900AD0F80020D0F8403075
S31502001590D0F88040D0F8C050D0F80061D0F8407141
S315020015A0D0F88081D0F8C09146F6080014EE10AA51
S315020015B03AFB06FE3AFB16F61EFB1C0E16FB1C0633
S315020015C0C6EA2E4ED2FA4EF692FA4EF23AFB07FED1
S315020015D03AFB17F71EFB1C0E17FB1C07C7EA2E4E1B
S315020015E0D3FA4EF793FA4EF33AFB08FE3AFB18F893
S315020015F01EFB1C0E18FB1C08C8EA2E4ED4FA4EF827
S3150200160094FA4EF43AFB09FE3AFB19F91EFB1C0E3C
S3150200161019FB1C09C9EA2E4ED5FA4EF995FA4EF572
S3150200162014EE90AA15EE10BA3AFB04FE3AFB14F435
S315020016301EFB1C0E14FB1C04C4EA2E4ED2FA4EF4F8
S3150200164092FA4EF23AFB05FE3AFB15F51EFB1C0E0C
S3150200165015FB1C05C5EA2E4ED3FA4EF593FA4EF348
S315020016603BFB08FE3BFB18F81EFB1C0E18FB1C0876
S31502001670C8EA2E4ED6FA4EF896FA4EF63BFB09FE0D
S315020016803BFB19F91EFB1C0E19FB1C09C9EA2E4E5F
S31502001690D7FA4EF997FA4EF715EE90AA16EE10BA49
S315020016A03AFB03FE3AFB13F31EFB1C0E13FB1C0351
S315020016B0C3EA2E4ED2FA4EF392FA4EF23BFB05FEE7
S315020016C03BFB15F51EFB1C0E15FB1C05C5EA2E4E33
S315020016D0D4FA4EF594FA4EF416EE90AA17EE10BA14
S315020016E03AFB07FE3AFB17F71EFB1C0E17FB1C07FD
S315020016F0C7EA2E4ED6FA4EF796FA4EF63BFB09FE8F
S315020017003BFB19F91EFB1C0E19FB1C09C9EA2E4EDE
S31502001710D8FA4EF998FA4EF81BEE900A10EE90AAF5
S3150200172093FA4AFED3FA4AF3C0F840E0C0F86030B2
S3150200173011EE90AA95FA4AFED5FA4AF5C0F8C0E02B
S31502001740C0F8E05012EE90AA97FA4AFED7FA4AF784
S31502001750C0F840E1C0F8607113EE90AA99FA4AFE09
S31502001760D9FA4AF9C0F8C0E1C0F8E09111EE105A70
S3150200177094FA45FED4FA45FAC0F880E0C0F8A0A073
S3150200178012EE107A96FA47FED6FA47FAC0F800E148
S31502001790C0F820A113EE109A98FA49FED8FA49FA2F
S315020017A0C0F880E1C0F8A0A110EE103A92FA43FE0A
S315020017B0D2FA43FAC0F820A040F804EB1CEE10EA75
S315020017C0B0EB0E0F7FF4A4ADA0F1200000F5007E71
S315020017D006EE90EA0BEE900AD0F80020D0F804301C
S315020017E0D0F80840D0F80C50D0F81060D0F8147039
S315020017F0D0F81880D0F81C9046F6080051F804ABD1
S315020018003AFB06FE3AFB16F61EFB1C0E16FB1C06E0
S31502001810C6EA2E4ED2FA4EF692FA4EF23AFB07FE7E
S315020018203AFB17F71EFB1C0E17FB1C07C7EA2E4EC8
S31502001830D3FA4EF793FA4EF33AFB08FE3AFB18F840
S315020018401EFB1C0E18FB1C08C8EA2E4ED4FA4EF8D4
S3150200185094FA4EF43AFB09FE3AFB19F91EFB1C0EEA
S3150200186019FB1C09C9EA2E4ED5FA4EF995FA4EF520
S31502001870F1E802AB3AFB04FE3AFB14F41EFB1C0E23
S3150200188014FB1C04C4EA2E4ED2FA4EF492FA4EF21D
S315020018903AFB05FE3AFB15F51EFB1C0E15FB1C0555
S315020018A0C5EA2E4ED3FA4EF593FA4EF33BFB08FEEB
S315020018B03BFB18F81EFB1C0E18FB1C08C8EA2E4E32
S315020018C0D6FA4EF896FA4EF63BFB09FE3BFB19F9A1
S315020018D01EFB1C0E19FB1C09C9EA2E4ED7FA4EF93D
S315020018E097FA4EF7F1E802AB3AFB03FE3AFB13F323
S315020018F01EFB1C0E13FB1C03C3EA2E4ED2FA4EF33A
S3150200190092FA4EF23BFB05FE3BFB15F51EFB1C0E47
S3150200191015FB1C05C5EA2E4ED4FA4EF594FA4EF482
S31502001920F1E802AB3AFB07FE3AFB17F71EFB1C0E69
S3150200193017FB1C07C7EA2E4ED6FA4EF796FA4EF654
S315020019403BFB09FE3BFB19F91EFB1C0E19FB1C098E
S31502001950C9EA2E4ED8FA4EF998FA4EF81BEE900ABC
S31502001960C0F81060C0F81470C0F81880C0F81C9057
S31502001970C0F80430C0F80840C0F80C5040F8202BDC
S3150200198016EE90EAB0EB0E0F7FF424AFBDEC098A97
S31502001990BDE8F08F2DE9FF4F46F6080B40F6015AD7
S315020019A04FF2013CC6F6A83C40F20009DDF834408D
S315020019B0DDF838700DEE107ADDF83C700DEE907A97
S315020019C040F2000E08EE903A33F8025B13F8016B10
S315020019D0C5F3033747EA0616C5F30B05C6F30B062E
S315020019E0B5EB0A0F80F04E8022F8025B09F101097D
S315020019F0B9F1040F40F04680A2F1080209EE103A4E
S31502001A0009EE90EA0AEE106A1DEE908A51F8043B3E
S31502001A10D2F8009054F804EB3EFB13F515FB0AB519
S31502001A20C3EA050548F8045B15FB39F613FB09669C
S31502001A3023FB19F5C0F8045040F8086BCEF1000EEE
S31502001A4051F8043BD2F804903EFB13F515FB0AB598
S31502001A50C3EA050548F8045B15FB39F613FB09666C
S31502001A6023FB19F5C0F8045040F8086B0DEE908A76
S31502001A7019EE103A19EE90EA1AEE106A0EF1010EFC
S31502001A8040F20009B6EB0A0F80F04E80BEF1400F1D
S31502001A9080F24A8022F8026B09F10109B9F1040FBA
S31502001AA040F04280A2F1080209EE103A09EE90EAED
S31502001AB01DEE908A51F8043BD2F8009054F804EBDC
S31502001AC03EFB13F515FB0AB5C3EA050548F8045BA8
S31502001AD015FB39F613FB096623FB19F5C0F804500A
S31502001AE040F8086BCEF1000E51F8043BD2F8049090
S31502001AF03EFB13F515FB0AB5C3EA050548F8045B78
S31502001B0015FB39F613FB096623FB19F5C0F80450D9
S31502001B1040F8086B0DEE908A19EE103A19EE90EA2B
S31502001B200EF1010E40F2000918EE907A07F1A807AD
S31502001B3003F10308B8EB070F40F32380BEF1400F11
S31502001B4080F21F8018EE903A08EE10CA09EE100ACB
S31502001B5009EE901A0AEE102A0AEE90EA184640F2A8
S31502001B6001011DEE102A04F0FBFC18EE10CA19EE54
S31502001B70100A19EE901A1AEE102A1AEE90EA18EEC8
S31502001B80903ABEF1400FFFF61FAFBDE8FF8F00BFD0
S31502001B902DE9FF4F46F6080B40F6015A4FF2013C7B
S31502001BA0C6F6A83C40F20009DDF83440DDF838708C
S31502001BB00DEE107ADDF83C700DEE907A40F2000ED2
S31502001BC008EE903A33F8025B13F8016BC5F303375C
S31502001BD047EA0616C5F30B05C6F30B06B5EB0A0F65
S31502001BE080F0548022F8025B09F10109B9F1040F71
S31502001BF040F04C80A2F1080209EE103A09EE90EA92
S31502001C000AEE106A1DEE908A51F8043BD2F8009053
S31502001C10076854F804EB3EFB13F515FB0AB5C3EA55
S31502001C20050548F8045B15FB397513FB095740F89F
S31502001C30047BD0F8007023FB197740F8047BCEF1C1
S31502001C40000E51F8043BD2F8049007683EFB13F5E8
S31502001C5015FB0AB5C3EA050548F8045B15FB397599
S31502001C6013FB095740F8047BD0F8007023FB197761
S31502001C7040F8047B0DEE908A19EE103A19EE90EABE
S31502001C801AEE106A0EF1010E40F20009B6EB0A0FC7
S31502001C9080F05480BEF1400F80F2508022F8026B31
S31502001CA009F10109B9F1040F40F04880A2F10802D6
S31502001CB009EE103A09EE90EA1DEE908A51F8043BBD
S31502001CC0D2F80090076854F804EB3EFB13F515FBB7
S31502001CD00AB5C3EA050548F8045B15FB397513FB1B
S31502001CE0095740F8047BD0F8007023FB197740F8B7
S31502001CF0047BCEF1000E51F8043BD2F8049007683B
S31502001D003EFB13F515FB0AB5C3EA050548F8045B65
S31502001D1015FB397513FB095740F8047BD0F80070A0
S31502001D2023FB197740F8047B0DEE908A19EE103AE0
S31502001D3019EE90EA0EF1010E40F2000918EE907AC1
S31502001D4007F1A80703F10308B8EB070F40F3238056
S31502001D50BEF1400F80F21F8018EE903A08EE10CACC
S31502001D6009EE100A09EE901A0AEE102A0AEE90EA15
S31502001D70184640F201011DEE102A04F0F1FB18EE9E
S31502001D8010CA19EE100A19EE901A1AEE102A1AEE55
S31502001D9090EA18EE903ABEF1400FFFF613AFBDE897
S31502001DA0FF8F00BF2DE9FF4F46F6080B40F6015A9A
S31502001DB04FF2013CC6F6A83C40F20009DDF8344079
S31502001DC0DDF838700DEE107ADDF83C700DEE907A83
S31502001DD00EEE100A0EEE900ADDF8400040F2000EFA
S31502001DE008EE903A33F8025B13F8016BC5F303373A
S31502001DF047EA0616C5F30B05C6F30B06B5EB0A0F43
S31502001E0080F06A8022F8025B09F10109B9F1040F38
S31502001E1040F06280A2F1080209EE103A09EE90EA59
S31502001E200AEE106A1DEE908A51F8043BD2F8009031
S31502001E3050F8047B54F804EB3EFB13F515FB0AB588
S31502001E40C3EA050548F8045B15FB397513FB095609
S31502001E5006FB0CF616FB2AB650F8045B23FB195553
S31502001E6005FB0CF515FB2AB5C5EA26471EEE106AD8
S31502001E7046F8047BCEF1000E51F8043BD2F80490EA
S31502001E803EFB13F515FB0AB5C3EA050550F8047BBC
S31502001E9048F8045B15FB397513FB095505FB0CF570
S31502001EA015FB2AB550F8047B23FB197707FB0CF7C1
S31502001EB017FB2AB7C7EA254746F8047B0EEE106AD7
S31502001EC00DEE908A19EE103A19EE90EA1AEE106AA1
S31502001ED00EF1010E40F20009B6EB0A0F80F06A809D
S31502001EE0BEF1400F80F2668022F8026B09F1010909
S31502001EF0B9F1040F40F05E80A2F1080209EE103A31
S31502001F0009EE90EA1DEE908A51F8043BD2F8009051
S31502001F1050F8047B54F804EB3EFB13F515FB0AB5A7
S31502001F20C3EA050548F8045B15FB397513FB095628
S31502001F3006FB0CF616FB2AB650F8045B23FB195572
S31502001F4005FB0CF515FB2AB5C5EA26471EEE106AF7
S31502001F5046F8047BCEF1000E51F8043BD2F8049009
S31502001F603EFB13F515FB0AB5C3EA050550F8047BDB
S31502001F7048F8045B15FB397513FB095505FB0CF58F
S31502001F8015FB2AB550F8047B23FB197707FB0CF7E0
S31502001F9017FB2AB7C7EA254746F8047B0EEE106AF6
S31502001FA00DEE908A19EE103A19EE90EA0EF1010E34
S31502001FB040F2000918EE907A07F1A80703F1030828
S31502001FC0B8EB070F40F32380BEF1400F80F21F806B
S31502001FD018EE903A08EE10CA09EE100A09EE901AA7
S31502001FE00AEE102A0AEE90EA184640F201011DEEA8
S31502001FF0102A04F0B5FA18EE10CA19EE100A19EEF4
S31502002000901A1AEE102A1AEE90EA18EE903ABEF1DB
S31502002010400FFFF6E7AE1EEE900ABDE8FF8F00BF47
S315020020202DE9FF4F46F6080B40F6015A4FF2013CE6
S31502002030C6F6A83C40F20009DDF834700DEE107ABF
S31502002040DDF838700DEE907A40F2000E08EE903A06
S3150200205033F8025B13F8016BC5F3033747EA06163A
S31502002060C5F30B05C6F30B06B5EB0A0F80F03A80F3
S3150200207022F8025B09F10109B9F1040F40F032803E
S31502002080A2F1080209EE103A09EE90EA0AEE106A87
S315020020901DEE908A51F8043BD2F8009051F8045B89
S315020020A0D2F8046058F804EB2EFB09F723FB19F467
S315020020B040F8047B40F8044B58F8047B27FB06FEE5
S315020020C025FB16F440F804EB40F8044B0DEE908A1B
S315020020D019EE103A19EE90EA1AEE106A0EF1010E96
S315020020E040F20009B6EB0A0F80F03A80BEF1400FCB
S315020020F080F2368022F8026B09F10109B9F1040F68
S3150200210040F02E80A2F1080209EE103A09EE90EA9A
S315020021101DEE908A51F8043BD2F8009051F8045B08
S31502002120D2F8046058F804EB2EFB09F723FB19F4E6
S3150200213040F8047B40F8044B58F8047B27FB06FE64
S3150200214025FB16F440F804EB40F8044B0DEE908A9A
S3150200215019EE103A19EE90EA0EF1010E40F200095C
S3150200216018EE907A07F1A80703F10308B8EB070FF8
S3150200217040F32380BEF1400F80F21F8018EE903AA2
S3150200218008EE10CA09EE100A09EE901A0AEE102A93
S315020021900AEE90EA184640F201011DEE102A04F0FA
S315020021A0DFF918EE10CA19EE100A19EE901A1AEE95
S315020021B0102A1AEE90EA18EE903ABEF1400FFFF698
S315020021C047AFBDE8FF8F00BF2DE9FF4F46F6080B6C
S315020021D040F6015A4FF2013CC6F6A83C40F200090D
S315020021E0DDF834700DEE107ADDF838700DEE907A67
S315020021F040F2000E08EE903A33F8025B13F8016BD8
S31502002200C5F3033747EA0616C5F30B05C6F30B06F5
S31502002210B5EB0A0F80F0418022F8025B09F1010951
S31502002220B9F1040F40F03980A2F1080209EE103A22
S3150200223009EE90EA0AEE106A1DEE908A51F8043B06
S31502002240D2F8009051F8045BD2F80460D0F800701E
S31502002250D0F804E058F8044B24FB097723FB19EE67
S31502002260C0F804E040F8087B58F8044B0768D0F839
S3150200227004E024FB067725FB16EEC0F804E040F8DE
S31502002280087B0DEE908A19EE103A19EE90EA1AEED4
S31502002290106A0EF1010E40F20009B6EB0A0F80F049
S315020022A04180BEF1400F80F23D8022F8026B09F1B7
S315020022B00109B9F1040F40F03580A2F1080209EED6
S315020022C0103A09EE90EA1DEE908A51F8043BD2F8D4
S315020022D0009051F8045BD2F80460D0F80070D0F890
S315020022E004E058F8044B24FB097723FB19EEC0F8E7
S315020022F004E040F8087B58F8044B0768D0F804E07D
S3150200230024FB067725FB16EEC0F804E040F8087BAE
S315020023100DEE908A19EE103A19EE90EA0EF1010EC0
S3150200232040F2000918EE907A07F1A80703F10308B4
S31502002330B8EB070F40F32380BEF1400F80F21F80F7
S3150200234018EE903A08EE10CA09EE100A09EE901A33
S315020023500AEE102A0AEE90EA184640F201011DEE34
S31502002360102A04F0FDF818EE10CA19EE100A19EE3A
S31502002370901A1AEE102A1AEE90EA18EE903ABEF168
S31502002380400FFFF639AFBDE8FF8F00BF2DE9FF4FC3
S3150200239046F6080B40F6015A4FF2013CC6F6A83C37
S315020023A040F20009DDF834700DEE107ADDF838706F
S315020023B00DEE907A0EEE100A0EEE900ADDF83C0053
S315020023C040F2000E08EE903A33F8025B13F8016B06
S315020023D0C5F3033747EA0616C5F30B05C6F30B0624
S315020023E0B5EB0A0F80F0568022F8025B09F101096B
S315020023F0B9F1040F40F04E80A2F1080209EE103A3C
S3150200240009EE90EA0AEE106A1DEE908A51F8043B34
S31502002410D2F8009051F8045BD2F80460D0F804E0D8
S3150200242050F8087B58F8044B24FB097707FB0CF796
S3150200243017FB2AB723FB19EE0EFB0CFE1EFB2ABE68
S31502002440CEEA27471EEE103A43F8047B58F8044BAF
S31502002450D0F804E050F8087B24FB067707FB0CF75C
S3150200246017FB2AB725FB16EE0EFB0CFE1EFB2ABE39
S31502002470CEEA274743F8047B0EEE103A0DEE908A19
S3150200248019EE103A19EE90EA1AEE106A0EF1010EE2
S3150200249040F20009B6EB0A0F80F05680BEF1400FFB
S315020024A080F2528022F8026B09F10109B9F1040F98
S315020024B040F04A80A2F1080209EE103A09EE90EACB
S315020024C01DEE908A51F8043BD2F8009051F8045B55
S315020024D0D2F80460D0F804E050F8087B58F8044BB0
S315020024E024FB097707FB0CF717FB2AB723FB19EE28
S315020024F00EFB0CFE1EFB2ABECEEA27471EEE103A44
S3150200250043F8047B58F8044BD0F804E050F8087BF3
S3150200251024FB067707FB0CF717FB2AB725FB16EEFB
S315020025200EFB0CFE1EFB2ABECEEA274743F8047BAF
S315020025300EEE103A0DEE908A19EE103A19EE90EA66
S315020025400EF1010E40F2000918EE907A07F1A80783
S3150200255003F10308B8EB070F40F32380BEF1400FE7
S3150200256080F21F8018EE903A08EE10CA09EE100AA1
S3150200257009EE901A0AEE102A0AEE90EA184640F27E
S3150200258001011DEE102A03F0EBFF18EE10CA19EE38
S31502002590100A19EE901A1AEE102A1AEE90EA18EE9E
S315020025A0903ABEF1400FFFF60FAF1EEE900ABDE85D
S315020025B0FF8F00BF2DE9F041074690B000F5007687
S315020025C04FF0040E3C46E8464EF001E007F14005A6
S315020025D0C44620686168A268E36808F11008ACE89E
S315020025E00F0010340FF00DC0EC46384600244FF0B1
S315020025F0040E024600234EF001E05CF82310043379
S3150200260042F8041B0FF007C80134042C00F1100035
S315020026100CF1040CEBD1B5422F46D1D110B0BDE876
S31502002620F08100BF2DE9F04F46F6080AC0F60159BF
S315020026304FF2013BC6F6A83B00F5806E53F804CB79
S3150200264092F80260B2F8037092F8058032F8064BEF
S31502002650C4F30335C4F30B0445EA061544EA0544FC
S31502002660C7F30335C7F30B0645EA081546EA0545DF
S3150200267051F8046B51F8047B3CFB14F818FB19A8BB
S3150200268016FB38F816FB048840F8048B26FB14F870
S3150200269040F8048BCCF1000C3CFB15F818FB19A88A
S315020026A017FB38F817FB058840F8048B27FB15F84B
S315020026B040F8048BB0EB0E0F7FF4C0AFBDE8F08F8D
S315020026C02DE9F04F46F6080AC0F601594FF2013BD2
S315020026D0C6F6A83B00F5806E53F804CB92F802606A
S315020026E0B2F8037092F8058032F8064BC4F303354C
S315020026F0C4F30B0445EA061544EA0544C7F3033559
S31502002700C7F30B0645EA081546EA054551F8048B58
S3150200271006683CFB14F717FB19A718FB376718FB6B
S31502002720047740F8047B066828FB146740F8047BAC
S31502002730CCF1000C51F8048B06683CFB15F717FB2D
S3150200274019A718FB376718FB057740F8047B06685C
S3150200275028FB156740F8047BB0EB0E0F7FF4BCAF85
S31502002760BDE8F08F2DE9F04F46F6080AC0F601598A
S315020027704FF2013BC6F6A83BDDF8246000EE906AF4
S3150200278006F5806E53F804CB92F80260B2F8037035
S3150200279092F8058032F8064BC4F30335C4F30B04F2
S315020027A045EA061544EA0544C7F30335C7F30B06A3
S315020027B045EA081546EA054501EE103A10EE903A4A
S315020027C051F8048B53F8046B3CFB14F717FB19A75B
S315020027D018FB376718FB047707FB0BF717FB39A7BC
S315020027E053F8046B28FB146606FB0BF616FB39A698
S315020027F0C6EA274640F8046BCCF1000C51F8048B6C
S3150200280053F8046B3CFB15F717FB19A718FB376740
S3150200281018FB057707FB0BF717FB39A753F8046B71
S3150200282028FB156606FB0BF616FB39A6C6EA2746F3
S3150200283040F8046B00EE903AB3EB0E0F11EE103A2D
S315020028407FF4A0AFBDE8F08F2DE9F04F44F6BF6AE2
S3150200285040F6015B40F2100990E8FE0111FB0AFC0A
S3150200286011FB2AFE4FEAAC6C4FEAAE6E1CFB0BFC68
S315020028701EFB0BFECCEA0E4CD1FA4CF112FB0AFC03
S3150200288012FB2AFE4FEAAC6C4FEAAE6E1CFB0BFC47
S315020028901EFB0BFECCEA0E4CD2FA4CF213FB0AFCE0
S315020028A013FB2AFE4FEAAC6C4FEAAE6E1CFB0BFC26
S315020028B01EFB0BFECCEA0E4CD3FA4CF314FB0AFCBD
S315020028C014FB2AFE4FEAAC6C4FEAAE6E1CFB0BFC05
S315020028D01EFB0BFECCEA0E4CD4FA4CF415FB0AFC9A
S315020028E015FB2AFE4FEAAC6C4FEAAE6E1CFB0BFCE4
S315020028F01EFB0BFECCEA0E4CD5FA4CF516FB0AFC77
S3150200290016FB2AFE4FEAAC6C4FEAAE6E1CFB0BFCC2
S315020029101EFB0BFECCEA0E4CD6FA4CF617FB0AFC53
S3150200292017FB2AFE4FEAAC6C4FEAAE6E1CFB0BFCA1
S315020029301EFB0BFECCEA0E4CD7FA4CF718FB0AFC30
S3150200294018FB2AFE4FEAAC6C4FEAAE6E1CFB0BFC80
S315020029501EFB0BFECCEA0E4CD8FA4CF8A0E8FE01A0
S31502002960B9F101097FF478AFBDE8F08F2DE9F04F98
S3150200297046F6080CC0F6015B44F6AC7AC9F2F47A64
S3150200298040F2100990E8FE013AFB01FE3AFB11F112
S315020029901EFB1BCE11FB1BC1C1EA2E413AFB02FEF6
S315020029A03AFB12F21EFB1BCE12FB1BC2C2EA2E42DE
S315020029B03AFB03FE3AFB13F31EFB1BCE13FB1BC3B0
S315020029C0C3EA2E433AFB04FE3AFB14F41EFB1BCE6B
S315020029D014FB1BC4C4EA2E443AFB05FE3AFB15F56A
S315020029E01EFB1BCE15FB1BC5C5EA2E453AFB06FE92
S315020029F03AFB16F61EFB1BCE16FB1BC6C6EA2E4676
S31502002A003AFB07FE3AFB17F71EFB1BCE17FB1BC74B
S31502002A10C7EA2E473AFB08FE3AFB18F81EFB1BCE06
S31502002A2018FB1BC8C8EA2E48A0E8FE01B9F1010945
S31502002A307FF4A8AFBDE8F08F0000000000000000A0
S31502002A40704700BFAFF30080AFF30080AFF30080A2
S31502002A50AFF30080AFF30080AFF30080AFF30080E6
S31502002A60AFF30080AFF30080AFF30080AFF30080D6
S31502002A70AFF30080AFF30080AFF30080AFF30080C6
S31502002A80000000000000000000000000000000003E
S31502002A90000000000000000000000000000000002E
S31502002AA0000000000000000000000000000000001E
S31502002AB0000000000000000000000000000000000E
S31502002AC000000000000000000000000000000000FE
S31502002AD000000000000000000000000000000000EE
S31502002AE000000000000000000000000000000000DE
S31502002AF000000000000000000000000000000000CE
S31502002B0000000000000000000000000000000000BD
S31502002B1000000000000000000000000000000000AD
S31502002B20000000000000000000000000000000009D
S31502002B30000000000000000000000000000000008D
S31502002B4003B32DE9F04122F00704001912F007023F
S31502002B500BD01C00C2F10805AC4200DD2C00A3EB31
S31502002B600408230000F0ECF84346DA0804D098463D
S31502002B7000F066F808F0070313B1002200F0E0F84F
S31502002B80BDE8F081704700BFAFF30080AFF300806D
S31502002B90AFF30080AFF30080AFF30080AFF30080A5
S31502002BA0AFF30080AFF30080AFF30080AFF3008095
S31502002BB0AFF30080AFF30080AFF30080AFF3008085
S31502002BC000000000000000000000000000000000FD
S31502002BD000000000000000000000000000000000ED
S31502002BE000000000000000000000000000000000DD
S31502002BF000000000000000000000000000000000CD
S31502002C0000000000000000000000000000000000BC
S31502002C1000000000000000000000000000000000AC
S31502002C20000000000000000000000000000000009C
S31502002C30000000000000000000000000000000008C
S31502002C4051F8044B51F8045BD0E9006704F05533A0
S31502002C5043EA530303F0333343EA930303F00F3398
S31502002C6043EA131303F0FF1363F30F2386EA1326D3
S31502002C7005F0553343EA530303F0333343EA930330
S31502002C8003F00F3343EA131303F0FF1343EA13234C
S31502002C9086EA034604F0AA3343EA430303F0CC333D
S31502002CA043EA830303F0F03343EA031303F0FF23FB
S31502002CB043EA032387EA134705F0AA3343EA4303A9
S31502002CC003F0CC3343EA830303F0F03343EA0313FE
S31502002CD003F0FF2343EA03236FF30F035F40E0E8A9
S31502002CE00267013AACD17047AFF30080AFF30080C0
S31502002CF0AFF30080AFF30080AFF30080AFF3008044
S31502002D0000000000000000000000000000000000BB
S31502002D1000000000000000000000000000000000AB
S31502002D20000000000000000000000000000000009B
S31502002D30000000000000000000000000000000008B
S31502002D400024002530B46A4411F8015B02F8015BE5
S31502002D50013BF9D130BCD0E9006704F0553343EAB0
S31502002D60530303F0333343EA930303F00F3343EA87
S31502002D70131303F0FF1363F30F2386EA132605F0FA
S31502002D80553343EA530303F0333343EA930303F021
S31502002D900F3343EA131303F0FF1343EA132386EABE
S31502002DA0034604F0AA3343EA430303F0CC3343EA6F
S31502002DB0830303F0F03343EA031303F0FF2343EAEA
S31502002DC0032387EA134705F0AA3343EA430303F0D2
S31502002DD0CC3343EA830303F0F03343EA031303F0ED
S31502002DE0FF2343EA03236FF30F035F40E0E8026722
S31502002DF0704700BFAFF30080AFF30080AFF30080EF
S31502002E0000000000000000000000000000000000BA
S31502002E1000000000000000000000000000000000AA
S31502002E20000000000000000000000000000000009A
S31502002E30000000000000000000000000000000008A
S31502002E4003B32DE9F04122F00704001912F007023C
S31502002E500BD01C00C2F10805AC4200DD2C00A3EB2E
S31502002E600408230000F0ECF84346DA0804D098463A
S31502002E7000F066F808F0070313B1002200F0E0F84C
S31502002E80BDE8F081704700BFAFF30080AFF300806A
S31502002E90AFF30080AFF30080AFF30080AFF30080A2
S31502002EA0AFF30080AFF30080AFF30080AFF3008092
S31502002EB0AFF30080AFF30080AFF30080AFF3008082
S31502002EC000000000000000000000000000000000FA
S31502002ED000000000000000000000000000000000EA
S31502002EE000000000000000000000000000000000DA
S31502002EF000000000000000000000000000000000CA
S31502002F0000000000000000000000000000000000B9
S31502002F1000000000000000000000000000000000A9
S31502002F200000000000000000000000000000000099
S31502002F300000000000000000000000000000000089
S31502002F40F0E80245230065F31F446FF30F0545EAD7
S31502002F50134584EA142303F47F435C4084EA032482
S31502002F6084EA141303F0F0135C4084EA031484EA3F
S31502002F70940303F00C335C4084EA830484EA54032A
S31502002F8003F022335C4084EA430485EA152303F402
S31502002F907F435D4085EA032585EA151303F0F013A6
S31502002FA05D4085EA031585EA950303F00C335D401F
S31502002FB085EA830585EA550303F022335D4085EAF7
S31502002FC0430541F8044B013A41F8045BB8D1704716
S31502002FD0AFF30080AFF30080AFF30080AFF3008061
S31502002FE0AFF30080AFF30080AFF30080AFF3008051
S31502002FF0AFF30080AFF30080AFF30080AFF3008041
S3150200300000000000000000000000000000000000B8
S3150200301000000000000000000000000000000000A8
S315020030200000000000000000000000000000000098
S315020030300000000000000000000000000000000088
S31502003040F0E80245260065F31F446FF30F0545EAD3
S31502003050164584EA142606F47F46744084EA06245A
S3150200306084EA141606F0F016744084EA061484EA1A
S31502003070940606F00C36744084EA860484EA540602
S3150200308006F02236744084EA460485EA152606F4DA
S315020030907F46754085EA062585EA151606F0F0167E
S315020030A0754085EA061585EA950606F00C367540E2
S315020030B085EA860585EA550606F02236754085EAD2
S315020030C0460530B46A4412F8014B013B01F8014B44
S315020030D0F9D102B0704700BFAFF30080AFF30080B2
S315020030E0AFF30080AFF30080AFF30080AFF3008050
S315020030F0AFF30080AFF30080AFF30080AFF3008040
S3150200310000000000000000000000000000000000B7
S3150200311000000000000000000000000000000000A7
S315020031200000000000000000000000000000000097
S315020031300000000000000000000000000000000087
S3150200314001000000000000000000000089000000ED
S31502003150000000008B0000800000000080800080DC
S31502003160010000008B00000001000000008000004A
S3150200317001000000888000800100000082000080BB
S31502003180000000000B000000000000000A00000022
S3150200319001000000828000000000000003800000A1
S315020031A0010000008B800000010000000B0000807F
S315020031B0010000008A0000800100000081000080FA
S315020031C0000000008100008000000000080000806E
S315020031D00000000083000000000000000380008061
S315020031E00100000088800080000000008800008046
S315020031F001000000008000000000000082800080C4
S31502003200FF000000AFF30080AFF30080AFF3008051
S31502003210AFF30080AFF30080AFF30080AFF300801E
S31502003220AFF30080AFF30080AFF30080AFF300800E
S31502003230AFF30080AFF30080AFF30080AFF30080FE
S31502003240AFF204112DE9F05F86B00591D0F8203077
S31502003250D0F84810D0F87050D0F898B0D0F8C0C066
S3150200326083EA010383EA050383EA0B0383EA0C0379
S31502003270D0F80C70D0F83410D0F85C50D0F884B086
S31502003280D0F8ACC087EA010787EA050787EA0B0789
S3150200329087EA0C0783EAF776D0F81440D0F83C1098
S315020032A0D0F86450D0F88CB0D0F8B4C0CDF8006035
S315020032B084EA010484EA050484EA0B0484EA0C0421
S315020032C083EA0406D0F81830D0F84010D0F86850D7
S315020032D0D0F890B0D0F8B8C0CDF80C6083EA0103FC
S315020032E083EA050383EA0B0383EA0C0387EA0302F4
S315020032F0D0F80070D0F82810D0F85050D0F878B036
S31502003300D0F8A0C087EA010787EA050787EA0B0714
S3150200331087EA0C0787EAF47AD0F81C40D0F8441002
S31502003320D0F86C50D0F894B0D0F8BCC084EA01044E
S3150200333084EA050484EA0B0484EA0C0484EA070E90
S31502003340D0F80870D0F83010D0F85850D0F880B0C5
S31502003350D0F8A8C087EA010787EA050787EA0B07BC
S3150200336087EA0C0787EAF476D0F82440D0F84C10A6
S31502003370D0F87450D0F89CB0D0F8C4C0CDF8106024
S3150200338084EA010484EA050484EA0B0484EA0C0450
S3150200339084EA0708D0F81070D0F83810D0F86050D8
S315020033A0D0F888B0D0F8B0C0CDF8048087EA01071B
S315020033B087EA050787EA0B0787EA0C0787EAF479A3
S315020033C0D0F80440D0F82C10D0F85450D0F87CB085
S315020033D0D0F8A4C0CDF8089084EA010484EA050472
S315020033E084EA0B0484EA0C0484EA070B83EAF47C7D
S315020033F0D0F81830D0F84840D0F85450D0F884604D
S31502003400D0F8B470C0F8541089EA03038CEA0404B5
S3150200341088EA05058BEA060682EA070725EA346189
S3150200342081EA3351C0F8541026EA755181EA7431A3
S31502003430C0F8841027EA362181EA7571C0F8B41003
S3150200344023EAF73181EAF651C0F8181024EA3371FB
S3150200345081EAF721D0F80830D0F83C40D0F868501D
S31502003460D0F89C60D0F8A470C0F848108AEA03032A
S3150200347082EA040489EA05058EEA060688EA07074F
S3150200348025EA742181EA3331C0F8A41026EA3561AF
S3150200349081EA7401C0F8081027EA761181EA75718B
S315020034A0C0F83C1023EAF75181EA3671C0F8681079
S315020034B024EAF30181EAB761DDF80080D0F824300E
S315020034C0D0F82840D0F85850D0F88C60D0F8B870B0
S315020034D0C0F89C108EEA030388EA04048AEA05050A
S315020034E082EA060689EA070725EAF44181EAF351E8
S315020034F0C0F8281026EAF50181EAB451C0F858103E
S3150200350027EA365181EAF551C0F88C1023EAB74111
S3150200351081EAB611C0F8B81024EA331181EAB7512C
S31502003520D0F81430D0F84040D0F87050D0F8786017
S31502003530D0F8AC70C0F8241082EA030389EA0404C6
S315020035408CEA050588EA06068BEA070725EA34614E
S3150200355081EA3351C0F8781026EA750181EA74616E
S31502003560C0F8AC1027EA763181EAB531C0F81410FA
S3150200357023EAB77181EAF621C0F8401024EA3371D2
S3150200358081EAB761DDF80C90D0F80030046B456E25
S31502003590D0F89460D0F8C070C0F8701088EA0303BF
S315020035A08AEA040482EA050589EA06068CEA07071E
S315020035B026EA755181EA7451C0F8301027EA36714D
S315020035C081EA7541C0F8641023EA776181EA76518F
S315020035D0C0F8941024EAB35181EAF731C0F8C0105A
S315020035E025EA040505990C6883EAB52384EA0301F2
S315020035F0DDF81020D0F81C30D0F84C40D0F85050EE
S31502003600D0F88060D0F8B070C0F8001089EA0303E1
S315020036108EEA040488EA05058AEA060682EA0707AC
S3150200362025EAF45181EAF341C0F8501026EA7551B1
S3150200363081EA3431C0F8801027EA362181EA7571B1
S31502003640C0F8B01023EA374181EA3661C0F81C108F
S3150200365024EA337181EA3731D0F80C30D0F8384099
S31502003660D0F86C50D0F89860D0F8A070C0F84C1022
S315020036708BEA030382EA040489EA05058CEA060654
S3150200368088EA070725EAB42181EA3331C0F8A01097
S3150200369026EAF55181EA7401C0F80C1027EA761180
S315020036A081EA3571C0F8381023EA376181EA76710A
S315020036B0C0F86C1024EAB30181EAB761DDF8048030
S315020036C0D0F82030D0F82C40D0F85C50D0F8886082
S315020036D0D0F8BC70C0F898108CEA030388EA040498
S315020036E08BEA050582EA060689EA070725EAF44116
S315020036F081EA3361C0F82C1026EAB50181EA7451D9
S31502003700C0F85C1027EA765181EAF551C0F88810B4
S3150200371023EA774181EAB611C0F8BC1024EA731194
S3150200372081EAB751D0F81030D0F84440D0F874503E
S31502003730D0F87C60D0F8A870C0F8201082EA0303A3
S3150200374089EA04048EEA050588EA06068AEA070774
S3150200375025EA346181EA7351C0F87C1026EA7501C4
S3150200376081EA7461C0F8A81027EA363181EA753118
S31502003770C0F8101023EAB77181EAB621C0F84410E6
S3150200378024EA737181EAF761DDF80890D0F8043013
S31502003790446B056ED0F89060D0F8C470C0F874100F
S315020037A088EA03038BEA040482EA050589EA060627
S315020037B08EEA070726EA755181EA3451C0F83410B9
S315020037C027EA767181EAB541C0F8601023EA77618B
S315020037D081EAB651C0F8901024EAB35181EAF73172
S315020037E0C0F8C41025EAF47505994C6883EAF523F6
S315020037F084EA030ED0F8C030D0F84810D0F89850BA
S31502003800D0F824B0D0F874C0C0F804E083EA3133AB
S3150200381083EAF54383EA3B1383EABC63D0F8347048
S31502003820D0F88010D0F80850D0F85CB0D0F8ACC010
S3150200383087EA315787EAB51787EAFB0787EABC5753
S315020038404FEAB32383EA7756D0F86040D0F8B01037
S31502003850D0F83C50D0F888B0D0F814C0CDF800604B
S3150200386084EA712484EAB57484EAFB2484EABC14EB
S3150200387083EA7466D0F89430D0F81810D0F86C50F9
S31502003880D0F8B8B0D0F844C0CDF80C6083EAB143A2
S3150200389083EAF57383EABB4383EA7C0383EAB7527E
S315020038A0D0F80070D0F85410D0F8A050D0F828B054
S315020038B0D0F87CC087EAB17787EAF54787EAFB67E3
S315020038C087EA3C3787EA346AD0F89040D0F81C1071
S315020038D0D0F86850D0F8BCB0D0F840C084EAB14401
S315020038E084EA050484EAFB4484EA7C0484EA070E3B
S315020038F0D0F83070D0F88410D0F80C50D0F858B008
S31502003900D0F8A8C087EA315787EAF51787EAFB0796
S3150200391087EABC574FEA775787EAF476D0F8C4406D
S31502003920D0F84C10D0F89C50D0F820B0D0F870C027
S31502003930CDF8106084EA313484EAF54484EA3B1413
S3150200394084EAFC6487EAB428D0F86470D0F8B4102C
S31502003950D0F83850D0F88CB0D0F810C0CDF804802A
S3150200396087EA312787EAB57787EAFB2787EABC1712
S315020039704FEA776787EA7429D0F80440D0F85010E6
S31502003980D0F8A450D0F82CB0D0F878C0CDF8089072
S3150200399084EAF17484EA355484EAFB6484EA7C346A
S315020039A084EA070B83EAF47CD0F89430D0F84840D6
S315020039B0D0F8A450D0F85C60D0F81470C0F8A41007
S315020039C089EA03038CEAB45488EA35558BEA7666AB
S315020039D082EAF77725EA346181EA3351C0F8A41006
S315020039E026EA755181EA7431C0F85C1027EA36215D
S315020039F081EA7571C0F8141023EAF73181EAF651AB
S31502003A00C0F8941024EA337181EAF721D0F83030F5
S31502003A10D0F8B040D0F86C50D0F82060D0F878706A
S31502003A20C0F848108AEA735382EAB40489EAF57543
S31502003A308EEAB63688EA773725EA742181EA333187
S31502003A40C0F8781026EA356181EA7401C0F83010B0
S31502003A5027EA761181EA7571C0F8B01023EAF751A8
S31502003A6081EA3671C0F86C1024EAF30181EAB76183
S31502003A70DDF80080D0F8C430D0F85440D0F80C50AD
S31502003A80D0F88860D0F84470C0F820108EEAB323CC
S31502003A9088EAB4748AEA357582EA361689EA7707BD
S31502003AA025EAF44181EAF351C0F8541026EAF501F9
S31502003AB081EAB451C0F80C1027EA365181EAF55171
S31502003AC0C0F8881023EAB74181EAB611C0F844105B
S31502003AD024EA331181EAB751D0F86030D0F81840A1
S31502003AE0D0F89850D0F82860D0F8AC70C0F8C4105E
S31502003AF082EA736389EAB4448CEA757588EAF666E3
S31502003B008BEA373725EA346181EA3351C0F8281047
S31502003B1026EA750181EA7461C0F8AC1027EA7631AB
S31502003B2081EAB531C0F8601023EAB77181EAF6215D
S31502003B30C0F8181024EA337181EAB761DDF80C90F7
S31502003B40D0F80030D0F88440C56BD0F8BC60476F1F
S31502003B50C0F8981088EA03038AEA742482EAF555C3
S31502003B6089EAF6468CEA371726EA755181EA7451D4
S31502003B70C0F8841027EA367181EA7541C0F83C1014
S31502003B8023EA776181EA7651C0F8BC1024EAB35180
S31502003B9081EAF731C0F8741025EA040505998C68A4
S31502003BA083EAB52384EA0301DDF81020D0F89030C9
S31502003BB0D0F84C40D0F8A050D0F85860D0F8107029
S31502003BC0C0F8001089EA03038EEAB45488EAF54580
S31502003BD08AEA366682EAF77725EAF45181EAF34100
S31502003BE0C0F8A01026EA755181EA3431C0F858109F
S31502003BF027EA362181EA7571C0F8101023EA3741A7
S31502003C0081EA3661C0F8901024EA337181EA3731CD
S31502003C10D0F83430D0F8B440D0F86850D0F82460E8
S31502003C20D0F87C70C0F84C108BEAB35382EA740465
S31502003C3089EA05058CEAB63688EA373725EAB421D9
S31502003C4081EA3331C0F87C1026EAF55181EA740123
S31502003C50C0F8341027EA761181EA3571C0F8B4103B
S31502003C6023EA376181EA7671C0F8681024EAB30163
S31502003C7081EAB761DDF80480D0F8C030D0F8504050
S31502003C80D0F80850D0F88C60D0F84070C0F82410F4
S31502003C908CEAB32388EAF4748BEA357582EA36161F
S31502003CA089EA770725EAF44181EA3361C0F85010C0
S31502003CB026EAB50181EA7451C0F8081027EA76515E
S31502003CC081EAF551C0F88C1023EA774181EAB611F0
S31502003CD0C0F8401024EA731181EAB751D0F8643073
S31502003CE0D0F81C40D0F89C50D0F82C60D0F8A870C0
S31502003CF0C0F8C01082EA736389EAB4448EEA757525
S31502003D0088EAF6668AEAF72725EA346181EA735178
S31502003D10C0F82C1026EA750181EA7461C0F8A81071
S31502003D2027EA363181EA7531C0F8641023EAB771A1
S31502003D3081EAB621C0F81C1024EA737181EAF761A0
S31502003D40DDF80890D0F80430D0F88040856BD0F8C2
S31502003D50B860076FC0F89C1088EA03038BEAB424A4
S31502003D6082EAF55589EAB6468EEA771726EA75514A
S31502003D7081EA3451C0F8801027EA767181EAB541AA
S31502003D80C0F8381023EA776181EAB651C0F8B81054
S31502003D9024EAB35181EAF731C0F8701025EAF475C6
S31502003DA00599CC6883EAF52384EA030ED0F87430C9
S31502003DB0D0F84810D0F82450D0F8C4B0D0F89CC03F
S31502003DC0C0F804E083EA313383EAF54383EA3B131E
S31502003DD083EABC63D0F88070D0F85810D0F830501F
S31502003DE0D0F808B0D0F8ACC087EA315787EAB517E1
S31502003DF087EAFB0787EABC574FEAB32383EA77567B
S31502003E00D0F83840D0F81010D0F8B050D0F88CB0B6
S31502003E10D0F860C0CDF8006084EA712484EAB574F3
S31502003E2084EAFB2484EABC1483EA7466D0F8BC30C4
S31502003E30D0F89410D0F86850D0F844B0D0F81CC02E
S31502003E40CDF80C6083EAB14383EAF57383EABB4398
S31502003E5083EA7C0383EAB752D0F80070D0F8A41044
S31502003E60D0F87C50D0F854B0D0F82CC087EAB1779D
S31502003E7087EAF54787EAFB6787EA3C3787EA346AC7
S31502003E80D0F8B840D0F89010D0F86C50D0F840B0C6
S31502003E90D0F818C084EAB14484EA050484EAFB44F3
S31502003EA084EA7C0484EA070ED0F88470D0F85C10A9
S31502003EB0D0F83450D0F80CB0D0F8A8C087EA315701
S31502003EC087EAF51787EAFB0787EABC574FEA77576F
S31502003ED087EAF476D0F87040D0F84C10D0F820502B
S31502003EE0D0F8C0B0D0F898C0CDF8106084EA31346A
S31502003EF084EAF54484EA3B1484EAFC6487EAB4283B
S31502003F00D0F83C70D0F81410D0F8B450D0F888B07D
S31502003F10D0F864C0CDF8048087EA312787EAB577FE
S31502003F2087EAFB2787EABC174FEA776787EA74298D
S31502003F30D0F80440D0F8A010D0F87850D0F850B09D
S31502003F40D0F828C0CDF8089084EAF17484EA355492
S31502003F5084EAFB6484EA7C3484EA070B83EAF47C11
S31502003F60D0F8BC30D0F84840D0F87850D0F8086085
S31502003F70D0F86070C0F8781089EA03038CEAB4546A
S31502003F8088EA35558BEA766682EAF77725EA34615E
S31502003F9081EA3351C0F8781026EA755181EA743104
S31502003FA0C0F8081027EA362181EA7571C0F8601058
S31502003FB023EAF73181EAF651C0F8BC1024EA3371DC
S31502003FC081EAF721D0F88430D0F81040D0F8685052
S31502003FD0D0F8C060D0F82870C0F848108AEA735347
S31502003FE082EAB40489EAF5758EEAB63688EA773744
S31502003FF025EA742181EA3331C0F8281026EA3561B0
S3150200400081EA7401C0F8841027EA761181EA757193
S31502004010C0F8101023EAF75181EA3671C0F8681029
S3150200402024EAF30181EAB761DDF80080D0F8703046
S31502004030D0F8A440D0F83450D0F88C60D0F81C7078
S31502004040C0F8C0108EEAB32388EAB4748AEA3575DA
S3150200405082EA361689EA770725EAF44181EAF351BC
S31502004060C0F8A41026EAF50181EAB451C0F834106A
S3150200407027EA365181EAF551C0F88C1023EAB74196
S3150200408081EAB611C0F81C1024EA331181EAB7514D
S31502004090D0F83830D0F89440D0F82450D0F8546094
S315020040A0D0F8AC70C0F8701082EA736389EAB4443F
S315020040B08CEA757588EAF6668BEA373725EA346143
S315020040C081EA3351C0F8541026EA750181EA746117
S315020040D0C0F8AC1027EA763181EAB531C0F838105B
S315020040E023EAB77181EAF621C0F8941024EA337103
S315020040F081EAB761DDF80C90D0F80030C46DD0F8D3
S31502004100B050066CD0F89C70C0F8241088EA0303FD
S315020041108AEA742482EAF55589EAF6468CEA371762
S3150200412026EA755181EA7451C0F85C1027EA3671A5
S3150200413081EA7541C0F8B01023EA776181EA7651C7
S31502004140C0F8401024EAB35181EAF731C0F89C1056
S3150200415025EA040505990C6983EAB52384EA030175
S31502004160DDF81020D0F8B830D0F84C40D0F87C50AA
S31502004170D0F80C60D0F86470C0F8001089EA030326
S315020041808EEAB45488EAF5458AEA366682EAF77711
S3150200419025EAF45181EAF341C0F87C1026EA75510A
S315020041A081EA3431C0F80C1027EA362181EA7571AA
S315020041B0C0F8641023EA374181EA3661C0F8B810C4
S315020041C024EA337181EA3731D0F88030D0F81440CE
S315020041D0D0F86C50D0F8C460D0F82C70C0F84C10EF
S315020041E08BEAB35382EA740489EA05058CEAB63689
S315020041F088EA373725EAB42181EA3331C0F82C1030
S3150200420026EAF55181EA7401C0F8801027EA761190
S3150200421081EA3571C0F8141023EA376181EA7671B2
S31502004220C0F86C1024EAB30181EAB761DDF80480B4
S31502004230D0F87430D0F8A040D0F83050D0F888606A
S31502004240D0F81870C0F8C4108CEAB32388EAF47464
S315020042508BEA357582EA361689EA770725EAF4414A
S3150200426081EA3361C0F8A01026EAB50181EA7451E9
S31502004270C0F8301027EA765181EAF551C0F8881065
S3150200428023EA774181EAB611C0F8181024EA7311BD
S3150200429081EAB751D0F83C30D0F89040D0F820509F
S315020042A0D0F85060D0F8A870C0F8741082EA736330
S315020042B089EAB4448EEA757588EAF6668AEAF727C9
S315020042C025EA346181EA7351C0F8501026EA750175
S315020042D081EA7461C0F8A81027EA363181EA75319D
S315020042E0C0F83C1023EAB77181EAB621C0F89010F3
S315020042F024EA737181EAF761DDF80890D0F8043098
S31502004300846DD0F8B450466CD0F89870C0F820107E
S3150200431088EA03038BEAB42482EAF55589EAB646AB
S315020043208EEA771726EA755181EA3451C0F8581099
S3150200433027EA767181EAB541C0F8B41023EA7761BB
S3150200434081EAB651C0F8441024EAB35181EAF73142
S31502004350C0F8981025EAF47505994C6983EAF523A5
S3150200436084EA030ED0F89C30D0F84810D0F8C45036
S31502004370D0F870B0D0F820C0C0F804E083EA313338
S3150200438083EAF54383EA3B1383EABC63D0F85870A9
S31502004390D0F80C10D0F88450D0F830B0D0F8ACC0B9
S315020043A087EA315787EAB51787EAFB0787EABC57D8
S315020043B04FEAB32383EA7756D0F8B440D0F86410B4
S315020043C0D0F81050D0F888B0D0F838C0CDF80060D8
S315020043D084EA712484EAB57484EAFB2484EABC1470
S315020043E083EA7466D0F84030D0F8BC10D0F86C502E
S315020043F0D0F81CB0D0F890C0CDF80C6083EAB14377
S3150200440083EAF57383EABB4383EA7C0383EAB75202
S31502004410D0F80070D0F87810D0F82C50D0F8A4B0AC
S31502004420D0F850C087EAB17787EAF54787EAFB6793
S3150200443087EA3C3787EA346AD0F84440D0F8B810A5
S31502004440D0F86850D0F818B0D0F894C084EAB144D5
S3150200445084EA050484EAFB4484EA7C0484EA070EBF
S31502004460D0F85C70D0F80810D0F88050D0F834B08C
S31502004470D0F8A8C087EA315787EAF51787EAFB071B
S3150200448087EABC574FEA775787EAF476D0F898401E
S31502004490D0F84C10D0F8C050D0F874B0D0F824C080
S315020044A0CDF8106084EA313484EAF54484EA3B1498
S315020044B084EAFC6487EAB428D0F8B070D0F86010B9
S315020044C0D0F81450D0F88CB0D0F83CC0CDF80480A7
S315020044D087EA312787EAB57787EAFB2787EABC1797
S315020044E04FEA776787EA7429D0F80440D0F87C103F
S315020044F0D0F82850D0F8A0B0D0F854C0CDF8089023
S3150200450084EAF17484EA355484EAFB6484EA7C34EE
S3150200451084EA070B83EAF47CD0F84030D0F84840AE
S31502004520D0F82850D0F83060D0F83870C0F828108B
S3150200453089EA03038CEAB45488EA35558BEA76662F
S3150200454082EAF77725EA346181EA33514FEAB1719B
S31502004550C0F8281026EA755181EA74314FEA7121B2
S31502004560C0F8301027EA362181EA75714FEA7101E7
S31502004570C0F8381023EAF73181EAF6514FEAB14121
S31502004580C0F8401024EA337181EAF7214FEAB151AB
S31502004590D0F85C30D0F86440D0F86C50D0F8746033
S315020045A0D0F85470C0F848108AEA735382EAB40409
S315020045B089EAF5758EEAB63688EA773725EA7421EE
S315020045C081EA33314FEA3151C0F8541026EA356197
S315020045D081EA74014FEA3171C0F85C1027EA76115C
S315020045E081EA75714FEAF151C0F8641023EAF75176
S315020045F081EA3671C0F86C1024EAF30181EAB761E8
S315020046004FEA7171DDF80080D0F89830D0F8784022
S31502004610D0F88050D0F88860D0F89070C0F8741046
S315020046208EEAB32388EAB4748AEA357582EA3616C4
S3150200463089EA770725EAF44181EAF3514FEAF16103
S31502004640C0F8781026EAF50181EAB4514FEA3161E1
S31502004650C0F8801027EA365181EAF5514FEA311146
S31502004660C0F8881023EAB74181EAB6114FEAB14190
S31502004670C0F8901024EA331181EAB7514FEAB131FA
S31502004680D0F8B430D0F8BC40D0F8C450D0F8A4600A
S31502004690D0F8AC70C0F8981082EA736389EAB44421
S315020046A08CEA757588EAF6668BEA373725EA34614D
S315020046B081EA33514FEA7131C0F8A41026EA750136
S315020046C081EA74614FEA3131C0F8AC1027EA7631DB
S315020046D081EAB5314FEAF171C0F8B41023EAB77135
S315020046E081EAF6214FEA7101C0F8BC1024EA33715F
S315020046F081EAB7614FEA7111DDF80C90D0F800300B
S31502004700846805698669076AC0F8C41088EA0303E3
S315020047108AEA742482EAF55589EAF6468CEA37175C
S3150200472026EA755181EA74514FEA7151C0F80810B0
S3150200473027EA367181EA75414FEA7161C0F81010B5
S3150200474023EA776181EA7651C0F8181024EAB35158
S3150200475081EAF7314FEAB121C0F8201025EA0405B3
S3150200476005998C6983EAB52384EA0301DDF81020F2
S31502004770D0F84430D0F84C40D0F82C50D0F8346001
S31502004780D0F83C70C0F8001089EA03038EEAB454EC
S3150200479088EAF5458AEA366682EAF77725EAF45127
S315020047A081EAF3414FEAF171C0F82C1026EA7551FD
S315020047B081EA34314FEAB121C0F8341027EA3621B2
S315020047C081EA75714FEAB101C0F83C1023EA37411C
S315020047D081EA36614FEAB141C0F8441024EA3371E6
S315020047E081EA37314FEAB151D0F85830D0F86040FB
S315020047F0D0F86850D0F87060D0F85070C0F84C10FD
S315020048008BEAB35382EA740489EA05058CEAB63662
S3150200481088EA373725EAB42181EA33314FEAF14192
S31502004820C0F8501026EAF55181EA74014FEA317157
S31502004830C0F8581027EA761181EA35714FEAF1512C
S31502004840C0F8601023EA376181EA76714FEAF171A6
S31502004850C0F8681024EAB30181EAB7614FEA7171C0
S31502004860DDF80480D0F89C30D0F87C40D0F8845033
S31502004870D0F88C60D0F89470C0F870108CEAB3232C
S3150200488088EAF4748BEA357582EA361689EA77077E
S3150200489025EAF44181EA33614FEAF161C0F87C10FE
S315020048A026EAB50181EA74514FEA7161C0F88410B3
S315020048B027EA765181EAF5514FEA3111C0F88C1098
S315020048C023EA774181EAB6114FEAF141C0F8941022
S315020048D024EA731181EAB7514FEAB131D0F8B03008
S315020048E0D0F8B840D0F8C050D0F8A060D0F8A87080
S315020048F0C0F89C1082EA736389EAB4448EEA75753D
S3150200490088EAF6668AEAF72725EA346181EA73516C
S315020049104FEA3131C0F8A01026EA750181EA7461C6
S315020049204FEAF121C0F8A81027EA363181EA75313B
S315020049304FEAF171C0F8B01023EAB77181EAB621E5
S315020049404FEA7101C0F8B81024EA737181EAF7617F
S315020049504FEA3111DDF80890D0F80430C468456991
S31502004960C669476AC0F8C01088EA03038BEAB42412
S3150200497082EAF55589EAB6468EEA771726EA75512E
S3150200498081EA34514FEAB151C0F80C1027EA767128
S3150200499081EAB5414FEA7161C0F8141023EA7761E2
S315020049A081EAB651C0F81C1024EAB35181EAF73104
S315020049B04FEAB121C0F8241025EAF4750599CC69AD
S315020049C051F8207F0591FF2F83EAF52384EA03013C
S315020049D0C0F804107EF43AAC06B0BDE8F09F00BF02
S315020049E02DE9F04F82B00090FBF707FCDDF800805E
S315020049F088E8FF0002B0BDE8F08F70472DE9F04F5E
S31502004A0090ED001F90ED043F0024002500260027AC
S31502004A105FF000085FF000095FF0000A5FF0000B2C
S31502004A20A1FE224EB1FE226EC1FE228ED1FE22AE22
S31502004A30A1FE224EB1FE226EC1FE228ED1FE22AE12
S31502004A40A1FE224EB1FE226EC1FE228ED1FE22AE02
S31502004A50A1FE224EB1FE226EC1FE228ED1FE22AEF2
S31502004A60A1FE224EB1FE226EC1FE228ED1FE22AEE2
S31502004A70A1FE224EB1FE226EC1FE228ED1FE22AED2
S31502004A80A1FE224EB1FE226EC1FE228ED1FE22AEC2
S31502004A90A1FE224EB1FE226EC1FE228ED1FE22AEB2
S31502004AA0A1FE224EB1FE226EC1FE228ED1FE22AEA2
S31502004AB0A1FE224EB1FE226EC1FE228ED1FE22AE92
S31502004AC0A1FE224EB1FE226EC1FE228ED1FE22AE82
S31502004AD0A1FE224EB1FE226EC1FE228ED1FE22AE72
S31502004AE0A1FE224EB1FE226EC1FE228ED1FE22AE62
S31502004AF0A1FE224EB1FE226EC1FE228ED1FE22AE52
S31502004B00A1FE224EB1FE226EC1FE228ED1FE22AE41
S31502004B10A1FE224EB1FE226EC1FE228ED1FE22AE31
S31502004B203444444454440462BDE8F08F2DE9F04F06
S31502004B3090ED001F90ED043F00240025A1FE224EB9
S31502004B40A1FE224EA1FE224EA1FE224EA1FE224E21
S31502004B50A1FE224EA1FE224EA1FE224EA1FE224E11
S31502004B60A1FE224EA1FE224EA1FE224EA1FE224E01
S31502004B70A1FE224EA1FE224EA1FE224EA1FE224EF1
S31502004B80A1FE224EA1FE224EA1FE224EA1FE224EE1
S31502004B90A1FE224EA1FE224EA1FE224EA1FE224ED1
S31502004BA0A1FE224EA1FE224EA1FE224EA1FE224EC1
S31502004BB0A1FE224EA1FE224EA1FE224EA1FE224EB1
S31502004BC0A1FE224EA1FE224EA1FE224EA1FE224EA1
S31502004BD0A1FE224EA1FE224EA1FE224EA1FE224E91
S31502004BE0A1FE224EA1FE224EA1FE224EA1FE224E81
S31502004BF0A1FE224EA1FE224EA1FE224EA1FE224E71
S31502004C00A1FE224EA1FE224EA1FE224EA1FE224E60
S31502004C10A1FE224EA1FE224EA1FE224EA1FE224E50
S31502004C20A1FE224EA1FE224EA1FE224EA1FE224E40
S31502004C30A1FE224EA1FE224EA1FE224E0462BDE834
S31502004C40F08F2DE9F04F90ED001F90ED043F90EDAF
S31502004C50085F90ED0C7F90ED101F90ED143F90EDE4
S31502004C60185F90ED1C7F90ED201F90ED243F90ED94
S31502004C70285F90ED2C7F90ED301F90ED343F90ED44
S31502004C80385F90ED3C7F90ED401F90ED443F90EDF4
S31502004C90485F90ED4C7F90ED501F90ED543F90EDA4
S31502004CA0585F90ED5C7F90ED601F90ED643F90ED54
S31502004CB0685F90ED6C7F90ED001F90ED043F90EDE4
S31502004CC0085F90ED0C7F90ED101F90ED143F90ED74
S31502004CD0185F90ED1C7F90ED201F90ED243F90ED24
S31502004CE0285F90ED2C7F90ED301F90ED343F90EDD4
S31502004CF0385F90ED3C7F90ED401F90ED443F90ED84
S31502004D00485F90ED4C7F90ED501F90ED543F90ED33
S31502004D10585F90ED5C7F90ED601F90ED643F90EDE3
S31502004D20685F90ED6C7F90ED001F90ED043F90ED73
S31502004D30085F90ED0C7F90ED101F90ED143F90ED03
S31502004D40185F90ED1C7FBDE8F08F2DE9F04F90EDD6
S31502004D50001F90ED043F21FE024E21FE026E21FE4F
S31502004D60024E21FE026E21FE024E21FE026E21FE3F
S31502004D70024E21FE026E21FE024E21FE026E21FE2F
S31502004D80024E21FE026E21FE024E21FE026E21FE1F
S31502004D90024E21FE026E21FE024E21FE026E21FE0F
S31502004DA0024E21FE026E21FE024E21FE026E21FEFF
S31502004DB0024E21FE026E21FE024E21FE026E21FEEF
S31502004DC0024E21FE026E21FE024E21FE026E21FEDF
S31502004DD0024E21FE026E21FE024E21FE026E21FECF
S31502004DE0024E21FE026E21FE024E21FE026E21FEBF
S31502004DF0024E21FE026E21FE024E21FE026E21FEAF
S31502004E00024E21FE026E21FE024E21FE026E21FE9E
S31502004E10024E21FE026E21FE024E21FE026E21FE8E
S31502004E20024E21FE026E21FE024E21FE026E21FE7E
S31502004E30024E21FE026E21FE024E21FE026E21FE6E
S31502004E40024E21FE026E21FE024E21FE026E21FE5E
S31502004E50024E21FE026E80ED105FBDE8F08F2DE955
S31502004E60F04F0268436800240025002600275FF001
S31502004E7000085FF000095FF0000A5FF0000BE2FB3A
S31502004E806345E2FB6367E2FB6389E2FB63ABE2FB3A
S31502004E906345E2FB6367E2FB6389E2FB63ABE2FB2A
S31502004EA06345E2FB6367E2FB6389E2FB63ABE2FB1A
S31502004EB06345E2FB6367E2FB6389E2FB63ABE2FB0A
S31502004EC06345E2FB6367E2FB6389E2FB63ABE2FBFA
S31502004ED06345E2FB6367E2FB6389E2FB63ABE2FBEA
S31502004EE06345E2FB6367E2FB6389E2FB63ABE2FBDA
S31502004EF06345E2FB6367E2FB6389E2FB63ABE2FBCA
S31502004F006345E2FB6367E2FB6389E2FB63ABE2FBB9
S31502004F106345E2FB6367E2FB6389E2FB63ABE2FBA9
S31502004F206345E2FB6367E2FB6389E2FB63ABE2FB99
S31502004F306345E2FB6367E2FB6389E2FB63ABE2FB89
S31502004F406345E2FB6367E2FB6389E2FB63ABE2FB79
S31502004F506345E2FB6367E2FB6389E2FB63ABE2FB69
S31502004F606345E2FB6367E2FB6389E2FB63ABE2FB59
S31502004F706345E2FB6367E2FB6389E2FB63AB3444AE
S31502004F80444454440462BDE8F08F2DE9F04F90ED9D
S31502004F90001F046990ED083F056B90ED101F046D2C
S31502004FA090ED183F056F90ED201FD0F8904090EDE0
S31502004FB0283FD0F8B05090ED301FD0F8D04090ED99
S31502004FC0383FD0F8F05090ED401FD0F8104190EDE8
S31502004FD0483FD0F8305190ED501FD0F8504190ED37
S31502004FE0583FD0F8705190ED601FD0F8904190ED87
S31502004FF0683FD0F8B05190ED001F046990ED083F6C
S31502005000056B90ED101F046D90ED183F056F90ED46
S31502005010201FD0F8904090ED283FD0F8B05090ED88
S31502005020301FD0F8D04090ED383FD0F8F05090EDD8
S31502005030401FD0F8104190ED483FD0F8305190ED26
S31502005040501FD0F8504190ED583FD0F8705190ED76
S31502005050601FD0F8904190ED683FD0F8B05190EDC6
S31502005060001F046990ED083F056B90ED101F046D5B
S3150200507090ED183F056F2C440464BDE8F08F2DE9CE
S31502005080F04F82B000908C469CE8FF00FBF795F942
S31502005090DDF8008088E8FF0002B0BDE8F08F2DE958
S315020050A0F04F90ED001F90ED043F00240025A0FE76
S315020050B0224EA0FE224EA0FE224EA0FE224EA0FEB0
S315020050C0224EA0FE224EA0FE224EA0FE224EA0FEA0
S315020050D0224EA0FE224EA0FE224EA0FE224EA0FE90
S315020050E0224EA0FE224EA0FE224EA0FE224EA0FE80
S315020050F0224EA0FE224EA0FE224EA0FE224EA0FE70
S31502005100224EA0FE224EA0FE224EA0FE224EA0FE5F
S31502005110224EA0FE224EA0FE224EA0FE224EA0FE4F
S31502005120224EA0FE224EA0FE224EA0FE224EA0FE3F
S31502005130224EA0FE224EA0FE224EA0FE224EA0FE2F
S31502005140224EA0FE224EA0FE224EA0FE224EA0FE1F
S31502005150224EA0FE224EA0FE224EA0FE224EA0FE0F
S31502005160224EA0FE224EA0FE224EA0FE224EA0FEFF
S31502005170224EA0FE224EA0FE224EA0FE224EA0FEEF
S31502005180224EA0FE224EA0FE224EA0FE224EA0FEDF
S31502005190224EA0FE224EA0FE224EA0FE224EA0FECF
S315020051A0224EA0FE224EA0FE224EA0FE224E0462F7
S315020051B0BDE8F08F2DE9F04F2DED108BBDEC108B75
S315020051C02DED108BBDEC108B2DED108BBDEC108BE5
S315020051D02DED108BBDEC108B2DED108BBDEC108BD5
S315020051E02DED108BBDEC108B2DED108BBDEC108BC5
S315020051F02DED108BBDEC108B2DED108BBDEC108BB5
S315020052002DED108BBDEC108B2DED108BBDEC108BA4
S315020052102DED108BBDEC108B2DED108BBDEC108B94
S315020052202DED108BBDEC108B2DED108BBDEC108B84
S315020052302DED108BBDEC108B2DED108BBDEC108B74
S315020052402DED108BBDEC108B2DED108BBDEC108B64
S315020052502DED108BBDEC108B2DED108BBDEC108B54
S315020052602DED108BBDEC108B2DED108BBDEC108B44
S315020052702DED108BBDEC108B2DED108BBDEC108B34
S315020052802DED108BBDEC108B2DED108BBDEC108B24
S315020052902DED108BBDEC108B2DED108BBDEC108B14
S315020052A02DED108BBDEC108B2DED108BBDEC108B04
S315020052B02DED108BBDEC108BBDE8F08F2DE9F04F74
S315020052C02DE9F00FBDE8F00F2DE9F00FBDE8F00F64
S315020052D02DE9F00FBDE8F00F2DE9F00FBDE8F00F54
S315020052E02DE9F00FBDE8F00F2DE9F00FBDE8F00F44
S315020052F02DE9F00FBDE8F00F2DE9F00FBDE8F00F34
S315020053002DE9F00FBDE8F00F2DE9F00FBDE8F00F23
S315020053102DE9F00FBDE8F00F2DE9F00FBDE8F00F13
S315020053202DE9F00FBDE8F00F2DE9F00FBDE8F00F03
S315020053302DE9F00FBDE8F00F2DE9F00FBDE8F00FF3
S315020053402DE9F00FBDE8F00F2DE9F00FBDE8F00FE3
S315020053502DE9F00FBDE8F00F2DE9F00FBDE8F00FD3
S315020053602DE9F00FBDE8F00F2DE9F00FBDE8F00FC3
S315020053702DE9F00FBDE8F00F2DE9F00FBDE8F00FB3
S315020053802DE9F00FBDE8F00F2DE9F00FBDE8F00FA3
S315020053902DE9F00FBDE8F00F2DE9F00FBDE8F00F93
S315020053A02DE9F00FBDE8F00F2DE9F00FBDE8F00F83
S315020053B02DE9F00FBDE8F00F2DE9F00FBDE8F00F73
S315020053C0BDE8F08F2DE9F04F0DA393ED001F93ED8D
S315020053D0043FA1FE024EC0E9004593ED085FA5FE1B
S315020053E0044EC0E9024521FE026E80ED047F21FED5
S315020053F0027E80ED087FBDE8F08F00BFAFF300802C
S31502005400010000000200000003000000040000008A
S315020054100A00000064000000E803000010270000F4
S31502005420FFFFFFFFFFFFFFFFFFFFFFFFFFFFFFFF84
S3150200543070472DE9F04F82B00090FFF7F9FFDDF8D3
S31502005440008088E8FF0002B0BDE8F08F704700BF19
S31502005450100000222DE9F04F2DED108BEB460BF0DC
S315020054600C0CADEB0C0D84B0CDF800C08EB04FF233
S31502005470FF2C5FF824B00C9000F58071FBE8062340
S315020054805BE904455BE902674FF0080E91ED009F68
S3150200549019FE632EAEF1010E19EE625E91ED201F2A
S315020054A011FE63EE91ED049F11EE621E90ED207FD8
S315020054B01FEE4C0E90ED00BF13EE4C4E16EF40E879
S315020054C01FFE65CE1AEF44281FEE64FE1AFF4448FB
S315020054D01DEE4CEE16FF40C81DFE676E12EF4EA87B
S315020054E01DEE66DE12FF4E0817EE4CCEA0EC04BF90
S315020054F014EF4C28A1EC043F14FF4CE881ED1CFF8D
S3150200550019FE632E80ED1C1F0FF03BC019EE62FEE2
S3150200551091ED201F11EE625E90ED20DF11FE630E0B
S3150200552090ED00BF11EE4C4E13EE4CEE1CEF4428EC
S3150200553013FE650E1CFF44C813EE643E1AEF4E6856
S3150200554011EE4C2E1AFF4EE81DFE670E16EF42A80C
S315020055501DEE66DEA0EC04BF11EE4CCE16FF42280D
S3150200556080ED1C3F1EEF4C28A1EC043F1EFF4CE8C9
S3150200557081ED1CFF0C984FF0040E00BFDBE902849C
S31502005580FBE80E2A90ED189F19EE62DE90ED1C3FA5
S3150200559019FE6AEE90ED107F1FEE4CCE90ED089F3D
S315020055A017EE62FE90ED141F17FE6AAE18EF4C4816
S315020055B01BEE4CEE18FF4CA88DED08BF15EE68DE0B
S315020055C090ED009F18FF4E6815FE64AE18EF4EE888
S315020055D01BEE4CCE8DED007F11FE6A4E1EEF4C88FF
S315020055E013EE62BE1EFF4CC813FE6A2E90ED0CFF30
S315020055F013EE4CAE5BE908571EEF4A2811EE621E07
S315020056001EFF4A6815EE4C0E90ED04FF13EE68BEBF
S315020056101EEF404813FE642E1EFF400813EE4CAEEA
S315020056208DED041F14FF4A0811EE653E14EF4AA8D9
S3150200563011FE674E5BE9064A15EE4C2E9DED08FFFC
S315020056401CFF424817EE641E1CEF42C817FE6A6E24
S3150200565080ED0C5F1FFE6A4E5BE902561FEE64FE8A
S315020056605BE904A117EE4C0E9DED047F16FF402860
S3150200567015EE4CEE16EF406817FE610E80ED08DF60
S3150200568013EE65DE5BE90A3917EE6A5E9DED007F71
S3150200569011EE4C4E16EF4E0813FE662E16FF4EE81E
S315020056A013EE4CCE10EF442880ED103F10FF440855
S315020056B080ED141F1BEE635E1EFF4C0880ED1C1F5F
S315020056C01BFE69AE1EEF4CC81BEE4C4E80ED18DF7A
S315020056D018FF440880ED041F18EF44E8A0EC20FFF1
S315020056E00FF0B5C00C994FF0080E00BF91FC013FB8
S315020056F091FC213F91FC413FB1FC613FBBECB0BE46
S3150200570016EF5A09AEF1010E18EF5AC91BEDA8BEE3
S3150200571018FF4AEB1BED909E1FEE4CCE1BED88FE4A
S3150200572016FF4AAB14FF4C681BEE4C0E14EF4CA846
S3150200573016FF4E4B1BED98DE16EF588912FF406896
S3150200574015EE4C8E1BEDA0FE16EF484801ED085FE4
S3150200575016FF484801ED045F12EF400891FC013F35
S315020057601AEF5EE991FC213F1AFF4CAB91FC413FD7
S315020057701BEE4CEEB1FC613F10EF4EC8BBECB0BE67
S3150200578010FF4E0801ED1C1F16EF5A0901ED20DF2E
S315020057900FF047C018EF5AA91BEDA8FE18FF4E8B53
S315020057A01BED88DE19EE4CAE1BED909E16FF4EEBFE
S315020057B014FF4A681FEE4C0E14EF4A4816FF4CAB14
S315020057C012FF40E816EF58C912EF40681BEE4CCEA6
S315020057D01BEDA0BE1EFF4C0801ED041F14EF5AA9D3
S315020057E01BED989E14FF484B1EEF4C0815EE4CAE6F
S315020057F001ED081F16EF4A4801ED105F16FF4A88B1
S3150200580001ED0C9F0EB0DDF800C004B0E544BDEC1E
S31502005810108BBDE8F04F704700000000000000004A
S31502005820080400222DE9F04F2DED108B4FF2FF2CCC
S315020058305FF814B000F58071FBE802234FF0100EFA
S3150200584091ED001F11FE632EAEF1010E11EE62DE26
S3150200585090ED00BF13EE4CCE91ED041F1AFF4CE8FB
S31502005860A1EC04FF1AEF4CE811FE632EA0EC04FF34
S315020058700FF015C011EE621E13EE4C0E90ED003FB6
S3150200588012FF40E8A1EC04FF12EF40E8A0EC04FF8F
S31502005890A0F580704FF00201FBE806235BE90445A0
S315020058A05BE902674FF0040E90ED203F13EE627E35
S315020058B0AEF1010E13FE630E90ED303F13EE62FE63
S315020058C090ED10BF13FE632E90ED00DF13EE4CEE4B
S315020058D090ED243F11EE4C6E1AFF4E0811EE669EB5
S315020058E01CEF464811FE670E1CFF466811EE4C8EF1
S315020058F01AEF4EE81FFE65AE16FF48C81FEE64FE9D
S3150200590016EF48081BEE4CEE80ED30DF14FF4EC852
S3150200591080ED10DF13EE627E80ED201F14EF4EA89D
S31502005920A0EC04BF0FF03BC013FE63EE90ED305FB8
S3150200593015EE62DE90ED103F15FE630E90ED005FF0
S3150200594011EE4CCE1FEE4C6E12EF4CE81FFE658E2A
S3150200595014EF46081FEE64BE14FF464819EE4CAE1D
S3150200596012FF4CC81DFE676E10FF4AE880ED10FF5D
S315020059701DEE66FE10EF4A2817EE4CEEA0EC043F31
S3150200598014FF4EC880ED2CDF14EF4EE880ED1CFFAD
S3150200599000F1C00001397FF47FAFA0F500704FF02F
S315020059A0080EFBE8068A90ED0CFF1FFE6A6E5BE9A5
S315020059B004711FEE683E90ED04FF17EE4C2EAEF119
S315020059C0010E00BF1EEF420811EE677E90ED089FA2
S315020059D019EE68BE1EFF42C819FE6AEE5BE9026452
S315020059E01FEE4CAE90ED00FF11FE618E1EFF4A08BF
S315020059F019EE4C6E1EEF4A281DEE665E12FF4688B1
S31502005A001DFE64CE12EF46681DEE4C4EFBE8068A7A
S31502005A1010FF44C85BE9047110EF44A890ED1C3FE7
S31502005A2013FE6AEE80FC017F13EE683E80FC217F46
S31502005A301FEE4C2E80FC417F90ED14FFA0FC617F8F
S31502005A400FF041C090ED089F19EE687E5BE9029562
S31502005A5019FE6A8E1EFF424819EE4C6E90ED001F2B
S31502005A6015FE658E10FF46A815EE695E10EF4668B4
S31502005A7019EE4C4E1EEF42E81FEE671E1AFF44C88F
S31502005A801FFE618E1AEF44A819EE4C0E16FF4088CF
S31502005A9016EF406880FC017F80FC217F80FC417FFD
S31502005AA0A0FC617FA0F500704FF0080E90ED0CFF90
S31502005AB0BBECB05E1EEF54691BEDA81E1EFF40EB49
S31502005AC090ED043F1FEE4C6EAEF1010E12FF46C87A
S31502005AD090ED08BF1AEF544912EF46681AFF402BA1
S31502005AE01BED909E13EE4C4E90ED003F12EF44A834
S31502005AF01CEF580912FF44481BED889E1CFF488B79
S31502005B001BEDA0FE19EE4C0E1BED983E16FF428BC6
S31502005B1014EF40C816EF5E6914FF40E819EE4C6EAA
S31502005B2090ED1C3F1AEF46889BED881E1AFF46A889
S31502005B30BBECB05E12EF546980FC019F12FF402B52
S31502005B4080FC219F13EE4C6E80FC419F90ED143F2A
S31502005B50A0FC619F0FF047C090ED08DF1CEF54894F
S31502005B6012FF46A81CFF40EB12EF46681FEE4C8E52
S31502005B7090ED003F12EF48C81BEDA0FE12FF480849
S31502005B8016EF5EE91BED983E16FF422B1BED907E4B
S31502005B9013EE4CEE1BED883E1AEF56491CEF4E886B
S31502005BA01AFF422B1CFF4EA813EE4C4E10EF44C8B0
S31502005BB010FF44E880FC019F80FC219F80FC419FEE
S31502005BC0A0FC619FBDEC108BBDE8F04F704700BF93
S31502005BD000080022AFF30080AFF30080AFF300802D
S31502005BE02DE9F04F2DED108B4FF2FF2C5FF820B010
S31502005BF040F2607844F6980942F25F714FF0080E5F
S31502005C0090ED08FF1FEE687E1FFE698EAEF1010E53
S31502005C1019EE4C6E90ED0CFF1FEE689E90ED043F60
S31502005C201FFE69CE90ED001F1DEE4C8E13FE69CE4F
S31502005C3016FF48A813EE68FE16EF48881DEE4CEED6
S31502005C4011EE687E9BED083F11FE694E9BED101F1B
S31502005C5015EE4C6E9BED145F1AEF500916EF4EC807
S31502005C601AFF44AB9BED0C5F1BEE4C0E16FF4EA8C3
S31502005C701AEF52E91CFF48281AFF444B1CEF4888CA
S31502005C8015EE4CEE9BED04DF12FF4CAB1EFF4048B7
S31502005C9014FF4CCBBBEC187F14EF5649A0EC109FB7
S31502005CA01DEE4C4E00ED045F12EF562990ED087F73
S31502005CB01BEE4C2E1EEF40A817FE698E00ED083F24
S31502005CC017EE687E00ED0CBF0FF05FC019EE4C6E4A
S31502005CD090ED0CFF1FEE68DE1FFE692E13EE4CCE12
S31502005CE090ED043F13FE69EE90ED001F13EE689EE1
S31502005CF016FF4CA81FEE4C8E16EF4C2811EE687E4E
S31502005D009BED085F11FE69CE9BED10FF1DEE4C6EFA
S31502005D109BED14DF1AEF5EE916EF48081AFF4CAB4B
S31502005D209BED0CDF1BEE4CEE16FF486816EF54494E
S31502005D3010FF428816FF4C6B10EF420817EE4C4ECE
S31502005D409BED04DF18FF4CAB14FF4E6816FF4C2B7D
S31502005D50BBEC18DF16EF5C69A0EC101F13EE4C6E5D
S31502005D6000ED047F18EF5CC914EF4E6800ED0C7F5E
S31502005D701BEE4CCE00ED08DFA0F500704FF0080ECA
S31502005D8090FC017F90FC217F90FC417FB0FC617FFB
S31502005D90AEF1010E16EF484815EE61EE1AEF4C0809
S31502005DA011EE612EDBE904261AFF4CA81BEE62DE19
S31502005DB096EF52221BFE66AE96EF5EE213EE4C0E95
S31502005DC016FF48881FEE4C4EDBE902751BEE4CCEE1
S31502005DD014EF406819FE652E00ED107F19EE677EFE
S31502005DE014FF40E813EE4C6EFBE8062716FF4C083C
S31502005DF01FFE674E16EF4C281FEE62FE90FC017FD7
S31502005E0015EE4CEE90FC217F13EE614E00ED08FF7D
S31502005E1011FE67EE90FC417F11EE621E96EF544230
S31502005E201FEE4C0EB0FC617F00ED141F15EE4C2EDA
S31502005E3000ED1C3F0FF053C016EF482813EE614EDB
S31502005E401AEF4CE81FEE610E96EF5442DBE9042787
S31502005E5015EE4C2E1AFF4C4815EE62DE96EF5002F6
S31502005E6015FE67AEDBE902591BEE4CCE16FF48481B
S31502005E7015EE65BEFBE8065811EE4CEE15FE696E90
S31502005E8012FF4E8819EE655E19FE680E12EF4E2855
S31502005E9017EE4CAE00ED103F11EE4C4E1AFF4C2899
S31502005EA013FE688E1AEF4CA81BEE61EE00ED085F3A
S31502005EB013EE655E96EF5EE219EE4C4E00ED045F60
S31502005EC01FEE4CAE00ED0CBFA0F500704FF00201C4
S31502005ED0FBE806235BE904455BE902674FF0040E23
S31502005EE090ED001FAEF1010E90ED105F10FF44C859
S31502005EF090ED309F1DFE65AE90ED207F16FF48E8BF
S31502005F001FFE672E10EF44081FEE66FE16EF488846
S31502005F1013EE4CEE10FF482813EE625E10EF48882F
S31502005F201DEE647EA0EC049F1BEE4C6E90ED001FEE
S31502005F3013FE63AE16FF4E2813EE629E16EF4E68F0
S31502005F401BEE4C4E80ED0C7F13FE63EE80ED1C5F64
S31502005F501FEE4C8E80ED2C9F0FF03BC090ED10BFD4
S31502005F6010FF4AE81FFE652E90ED209F1FEE645E2D
S31502005F7090ED30FF18FF4EC81DEE667E10EF4A0800
S31502005F801DFE67AE18EF4EC81BEE4C6E10FF4CA8F6
S31502005F901BFE638E10EF4C0813EE4C4EA0EC041F52
S31502005FA01BEE62FE14FF462813EE621E14EF4668CD
S31502005FB013FE632E80ED0C7F19EE4CEE80ED1CFF76
S31502005FC013EE4C0E80ED2C1F00F1C00001397FF458
S31502005FD07FAFA0F5007000F58071FBE802234FF059
S31502005FE0100E91ED005FAEF1010E00BF90ED00FFC5
S31502005FF01EFF446817FE638E1EEF44E8A0EC04FF02
S3150200600017EE627E91ED045F19EE4C6EA1EC047FF1
S315020060100FF015C090ED00FF1EFF448819EE627E58
S315020060201EEF440819FE638EA0EC041F19EE4C6E97
S31502006030A1EC047FBDEC108BBDE8F04F704700BFAA
S3150200604004B58AB03CCAB1E80144A2FB006BA3FBCB
S31502006050007CE2FB6A7BCDE90067A4FB0086E3FBDA
S315020060606A8BA5FB0097E2FB6E8CE4FB6A9BE5FB61
S315020060706AB7E3FB6E9CE4FB6EBCE5FB6EC7B1E858
S315020060800144E2FB6096E3FB60B6CDE902894FF07C
S315020060900009E4FB60C6E2FB6AB951F8048BE5FB32
S315020060A06067E3FB6AC94FF00000E4FB6A69E5FB3F
S315020060B06A794FF0000AE2FB6ECAE3FB6E6AE4FB02
S315020060C06E7AE5FB6E9A4FF0000EE2FB68E6E3FBA2
S315020060D06876E4FB6896E5FB68A651F81C89E2FB44
S315020060E06870E3FB68900A9AE4FB68A0E5FB6860C7
S315020060F010323CCA51F8048B09904FF00000E2FBC3
S3150200610068B0E3FB68C0E4FB68E0E5FB680751F8AA
S31502006110048BCDF810B04FF0000BE2FB68CBE3FB2B
S3150200612068EBE4FB680BE5FB68B751F8048BCDF826
S3150200613014C04FF0000CE2FB68ECE3FB680CE4FBD6
S3150200614068BCE5FB68AC51F8048BCDF818E04FF05B
S31502006150000EE2FB680EE3FB68BEE4FB68AEE5FBFD
S31502006160686E0790B1E80101E2FB60B9E3FB609A51
S31502006170CDF820B0DDF824B0E2FB6897E4FB60A618
S31502006180E5FB60B6E3FB68A7E4FB68B7E5FB686777
S31502006190B1E80101E2FB60ACE3FB60BCE4FB606CCE
S315020061A0E2FB68BEE3FB686EE5FB607C2623E4FB4C
S315020061B068E79DE80700E5FB687CDDE907454FF0E7
S315020061C00008E3FB6C484FEA480824F0004C48EA12
S315020061D0D478132408FB04F8E3FB6508E3FB69188B
S315020061E0E3FB6A284FF02609DDE90334E9FB6B3845
S315020061F0E9FB6648DDE90556E9FB6E58E9FB676887
S3150200620008EB0C070BB000BD00B585B0A0FB009AE9
S31502006210A0FB01BC1BEB0B0B4FF0000EEEFB6EABB3
S315020062202DE900064FF00008A0FB039AE0FB628C02
S31502006230E1FB629C58EB0808E1FB618B59EB09090B
S31502006240EEFB6E9BCDE902894FF00009E0FB649AF2
S31502006250E1FB639C59EB0909E2FB629BCDF81090C6
S31502006260A0FB0598E1FB649AE2FB639C59EB0909E2
S31502006270EEFB6E9BCDF814904FF00009E1FB65989A
S31502006280E2FB649CE0FB669A59EB0909E3FB639B1C
S31502006290CDF81890A0FB0709E1FB660AE2FB650C44
S315020062A0E3FB6408E1FB6798E2FB669A4041E3FB85
S315020062B065C9E2FB67985CEB0C0CE3FB66A900225E
S315020062C0EEFB6E0BE4FB65A2E3FB6728E4FB66923A
S315020062D05AEB0A0AE4FB64BC59EB0909EEFB6ECAE7
S315020062E00023E5FB65A9E4FB6738E5FB6632E5FBBF
S315020062F06782AEFB0E455B41E6FB674258EB080838
S31502006300EEFB6E93E6FB66386441EEFB6E48524145
S31502006310E7FB67824FF0260652EB0E02E6FB620EA1
S3150200632013254FEA4E0E20F000474EEAD07E0EFBB2
S3150200633005FE03BCE6FB6B0EE6FB6C1E9B46A44603
S315020063403CBCE6FB6A2EE6FB693EE6FB6B4EE6FBD1
S315020063506C5E40BC4FF0260CECFB686E774400BDC9
S31502006360DFF814C0DCF800C0BCF1000F01D1F9F768
S3150200637044BFFFF765BE0000E0120022DFF814C03A
S31502006380DCF800C0BCF1000F01D1FAF716B8FFF72E
S315020063903BBF0000E81200222DE9F04F82B00090C8
S315020063A088469146F9F7CCFEDDF8008088E8FF00C2
S315020063B002B0BDE8F08F2DE9F04F82B0009088461A
S315020063C09146F9F7E9FEDDF8008088E8FF0002B0A1
S315020063D0BDE8F08F2DE9F04FC3B04090DDF800C163
S315020063E00CF12008E146F9F7ABFE0DF1000C8CE842
S315020063F0FF00DDF800C1DCF8802000A9FFF7B0FF3E
S315020064000DF1000C8CE8FF00DDF800C10CF120084C
S31502006410E146F9F7C1FE0DF1200C8CE8FF00DDF82C
S3150200642000C1DCF8842008A9FFF79AFF0DF1200CC1
S315020064308CE8FF00DDF800C1DCF888100CF1600280
S31502006440FFF78EFF0DF1400C8CE8FF00DDF800C16E
S315020064500CF140080CF14009F9F772FE0DF1600CDF
S315020064608CE8FF000DF100080DF12009F9F794FE02
S315020064700DF1800C8CE8FF000DF100080DF12009EA
S31502006480F9F75EFE0DF1A00C8CE8FF000DF1600835
S315020064900DF14009F9F754FE0DF1C00C8CE8FF002E
S315020064A00DF160080DF14009F9F776FE0DF1E00CE9
S315020064B08CE8FF00DDF800C1DCF88CC00DF1C00AE3
S315020064C00DF1E00B8AEA0B0909EA0C098AEA090AC4
S315020064D08BEA090BCDF800A0CDF820B020A9089AC6
S315020064E0FFF73EFFDDF800C18CE8FF0028A9009AFD
S315020064F0FFF736FFDDF800C10CF1200C8CE8FF0037
S3150200650030A938AAFFF72CFFDDF800C10CF1400CC8
S315020065108CE8FF0020A928AAFFF722FFDDF800C1B8
S315020065200CF1600C8CE8FF0043B0BDE8F08F2DE95A
S31502006530F04F82B0009001928C469CE8FF00FFF774
S315020065401DFFDDF804C0BCF1010CCDF804C0F6D184
S31502006550DDF800C08CE8FF0002B0BDE8F08F00BF96
S30D020065605FF800F04995000204
S315020065680080FFFFFF7F0000424242420000000017
S31502006578C0F9FFFF7BC2FFFF13FDFFFF33E3FFFFF7
S31502006588D8FFFFFF76FEFFFF51FDFFFF96E5FFFFEF
S3150200659826040000D528000028010000620B00002E
S315020065A88EFCFFFF16DEFFFF7EFAFFFFC9C9FFFF5B
S315020065B83B0500007C330000C4050000C13800001A
S315020065C87602000039180000C10000006C070000BE
S315020065D8E5FEFFFF1EF5FFFF380000002702000058
S315020065E81D030000A51E0000BFFBFFFF21D6FFFF0B
S315020065F8350500004133000068FAFFFFF1C8FFFFC6
S31502006608E1FDFFFF1FEBFFFF92050000D4360000F5
S315020066182DFBFFFF84D0FFFFBBFFFFFF59FDFFFFE6
S31502006628170200009214000041FEFFFFD0EEFFFFA2
S31502006638500300009B20000039020000E11500000B
S3150200664858FCFFFF03DCFFFF3EFEFFFFB3EEFFFF32
S31502006658D1F9FFFF22C3FFFFB5FAFFFFE6CBFFFF23
S3150200666835030000911F0000210121014B014B0156
S31502006678B4FFB4FFDBF9DBF91D0B1D0BBA0CBA0C20
S3150200668814FD14FD85C385C3110011004702470294
S3150200669865066506EFFBEFFBA700A7006B166B16F0
S315020066A8F13EF13EF9D7F9D7C8FDC8FD58FD58FDA8
S315020066B8D302D3024C044C0429EA29EADBE5DBE5DA
S315020066C8CD1BCD1B4C2A4C2AAD04AD04FFFBFFFBA8
S315020066D8E4FBE4FB06FB06FB062E062E97D897D8A4
S315020066E88DD78DD704CF04CF81058105D0FFD0FF82
S315020066F8F402F402C6FEC6FE2D362D3628FE28FE04
S31502006708111D111DEDF3EDF365FD65FDE900E900C7
S315020067186BFB6BFBE9FEE9FE5BE65BE6F508F50853
S31502006728E6D2E6D246F546F58A028A02B8FAB8FAF7
S31502006738D0FCD0FC78027802FE18FE1804CC04CCF1
S31502006748A0E0A0E04D184D18A6F9A6F9E4FDE4FD6F
S3150200675836FA36FAB505B5057BC17BC13DEB3DEB8D
S3150200676804C704C72D382D3873067306FCF9FCF9DD
S31502006778B803B8037EFD7EFD7B3F7B3FC9C4C9C40F
S315020067889B249B2451E751E730FE30FE210021006D
S31502006798280528057AFA7AFA29EE29EE45014501ED
S315020067A8C132C132A2C9A2C9AB03AB0384FC84FCC1
S315020067B8DD02DD020C010C011B241B24B4DDB4DD51
S315020067C82F1C2F1C4E0A4E0A03FC03FC53FC53FCD7
S315020067D820FC20FC81028102BED8BED8D2DBD2DBE5
S315020067E8DCD9DCD9A518A5180EFC0EFC9B059B0561
S315020067F827032703C401C4012AD92AD92D372D37DD
S31502006808071F071F6111611130063006F4FAF4FA00
S315020068187701770129FB29FBE83CE83C53CE53CEA6
S315020068286B0E6B0E5CD05CD0F9FBF9FB93FF93FF02
S31502006838F4FCF4FC6D066D065CD85CD8CFFBCFFB86
S3150200684802E202E2403F403F9E059E0533FE33FECA
S31502006858FE05FE0561FC61FC4B374B3746EE46EEFC
S31502006868FB3AFB3A5BDC5BDC27042704D4FDD4FD48
S3150200687832FB32FBA1FCA1FCDF28DF289FEA9FEA54
S31502006888B5D0B5D0D1DED1DE3F013F01F502F50222
S315020068983102310221FD21FD440C440C1B1D1B1D36
S315020068A892159215BDE3BDE356FD56FD38FD38FD3A
S315020068B8C905C90588028802C7E5C7E5A0E4A0E4B8
S315020068C8F238F238EA18EA18F3FDF3FD9301930158
S315020068D877047704D6FDD6FDD0EBD0EB7F0F7F0F7A
S315020068E8F32BF32BB3EAB3EA440444040204020486
S315020068F865FB65FB76037603FD29FD297327732756
S31502006908ABD2ABD211221122A9FCA9FC25FF25FF85
S31502006918CB04CB048E038E0320DF20DF94F794F793
S315020069282E2F2E2FFD22FD22B9F9B9F951FA51FA65
S315020069383DFB3DFB7503750336C236C20EC80EC84B
S3150200694821D121D107220722BC04BC04050405046F
S3150200695876FE76FE69FB69FB9A2E9A2E9127912777
S31502006968DAF0DAF0D2D2D2D2C0F9FFFF7BC2FFFF49
S3150200697813FDFFFF33E3FFFF51FDFFFF96E5FFFF20
S315020069887602000039180000D8FFFFFF76FEFFFFE7
S3150200699868FAFFFFF1C8FFFF500300009B200000C2
S315020069A826040000D528000028010000620B00001A
S315020069B88EFCFFFF16DEFFFF7EFAFFFFC9C9FFFF47
S315020069C83B0500007C330000C4050000C138000006
S315020069D8C10000006C070000E5FEFFFF1EF5FFFF81
S315020069E838000000270200001D030000A51E000053
S315020069F8BFFBFFFF21D6FFFF35050000413300002C
S31502006A08E1FDFFFF1FEBFFFF92050000D4360000F1
S31502006A182DFBFFFF84D0FFFFBBFFFFFF59FDFFFFE2
S31502006A28170200009214000041FEFFFFD0EEFFFF9E
S31502006A3839020000E115000058FCFFFF03DCFFFFE6
S31502006A483EFEFFFFB3EEFFFFD1F9FFFF22C3FFFFB2
S31502006A58B5FAFFFFE6CBFFFF35030000911F0000E2
S31502006A68210121014B014B01B4FFB4FFDBF9DBF92C
S31502006A781D0B1D0BBA0CBA0C14FD14FD85C385C378
S31502006A88110011004702470265066506EFFBEFFB98
S31502006A98A700A7006B166B16F13EF13EF9D7F9D798
S31502006AA8C8FDC8FD58FD58FDD302D3024C044C0458
S31502006AB829EA29EADBE5DBE5CD1BCD1B4C2A4C2A64
S31502006AC8AD04AD04FFFBFFFBE4FBE4FB06FB06FBA0
S31502006AD8062E062E97D897D88DD78DD704CF04CFF2
S31502006AE881058105D0FFD0FFF402F402C6FEC6FE78
S31502006AF82D362D3628FE28FE111D111DEDF3EDF358
S31502006B0865FD65FDE900E9006BFB6BFBE9FEE9FE45
S31502006B185BE65BE6F508F508E6D2E6D246F546F503
S31502006B288A028A02B8FAB8FAD0FCD0FC780278024D
S31502006B38FE18FE1804CC04CCA0E0A0E04D184D18AF
S31502006B48A6F9A6F9E4FDE4FD36FA36FAB505B50561
S31502006B587BC17BC13DEB3DEB04C704C72D382D38FD
S31502006B6873067306FCF9FCF9B803B8037EFD7EFDCD
S31502006B787B3F7B3FC9C4C9C49B249B2451E751E789
S31502006B8830FE30FE21002100280528057AFA7AFA15
S31502006B9829EE29EE45014501C132C132A2C9A2C96F
S31502006BA8AB03AB0384FC84FCDD02DD020C010C01A1
S31502006BB81B241B24B4DDB4DD2F1C2F1C4E0A4E0ADF
S31502006BC803FC03FC53FC53FC20FC20FC81028102DB
S31502006BD8BED8BED8D2DBD2DBDCD9DCD9A518A5183B
S31502006BE80EFC0EFC9B059B0527032703C401C40163
S31502006BF82AD92AD92D372D37071F071F6111611187
S31502006C0830063006F4FAF4FA7701770129FB29FBF4
S31502006C18E83CE83C53CE53CE6B0E6B0E5CD05CD090
S31502006C28F9FBF9FB93FF93FFF4FCF4FC6D066D0682
S31502006C385CD85CD8CFFBCFFB02E202E2403F403F82
S31502006C489E059E0533FE33FEFE05FE0561FC61FCCC
S31502006C584B374B3746EE46EEFB3AFB3A5BDC5BDCE0
S31502006C6827042704D4FDD4FD32FB32FBA1FCA1FC88
S31502006C78DF28DF289FEA9FEAB5D0B5D0D1DED1DE7C
S31502006C883F013F01F502F5023102310221FD21FDE4
S31502006C98440C440C1B1D1B1D92159215BDE3BDE346
S31502006CA856FD56FD38FD38FDC905C9058802880214
S31502006CB8C7E5C7E5A0E4A0E4F238F238EA18EA180C
S31502006CC8F3FDF3FD9301930177047704D6FDD6FD10
S31502006CD8D0EBD0EB7F0F7F0FF32BF32BB3EAB3EA9C
S31502006CE8440444040204020465FB65FB7603760346
S31502006CF8FD29FD2973277327ABD2ABD211221122A4
S31502006D08A9FCA9FC25FF25FFCB04CB048E038E0321
S31502006D1820DF20DF94F794F72E2F2E2FFD22FD2257
S31502006D28B9F9B9F951FA51FA3DFB3DFB75037503F9
S31502006D3836C236C20EC80EC821D121D10722072271
S31502006D48BC04BC040504050476FE76FE69FB69FBF1
S31502006D589A2E9A2E91279127DAF0DAF0D2D2D2D247
S31502006D6872FC72FC35FB35FBDB00DB00570357036D
S31502006D7803DD03DDD2D0D2D06C086C08E020E02017
S31502006D88970497048A018A01FBFBFBFB44FB44FB3D
S31502006D982E2D2E2D260F260F6FD86FD866D166D1C7
S31502006DA88BFC8BFCC304C304AF05AF054706470635
S31502006DB8F9DDF9DDDF2EDF2EF237F237CA3DCA3D9D
S31502006DC878FD78FD37FA37FAC802C802AA02AA027B
S31502006DD816E716E70EC70EC7601B601B391A391A63
S31502006DE88AFC8AFC9B049B04FEFBFEFBBCFBBCFBE9
S31502006DF8EFDDEFDD552D552D8DD88DD803D603D66B
S31502006E082A022A0289FB89FB6DFE6DFE0D020D021E
S31502006E184D154D150DD40DD481F081F03014301472
S31502006E289F039F0302FA02FACD01CD0162FA62FAC2
S31502006E38A523A52305C505C5BA11BA11B5C8B5C88E
S31502006E48DF02DF02CFFDCFFD0BFD0BFDC1FEC1FE4A
S31502006E58431C431C6EEA6EEAE5E2E5E2BCF3BCF3C8
S31502006E685F035F03CE04CE042C022C02D9FBD9FBA6
S31502006E782F212F214B2F4B2F6115611521D721D792
S31502006E883CFE3CFED9FCD9FC65FA65FAF203F2032C
S31502006E989FEE9FEEF9E0F9E0D3C8D3C8D626D626E8
S31502006EA893F993F90C030C036D006D0007040704AC
S31502006EB8C0C0C0C0FE1DFE1D31043104A427A4278C
S31502006EC8D704D70489FE89FE0C050C05D0F9D0F93A
S31502006ED8A42FA42F95F195F1AD31AD3118C318C37E
S31502006EE886058605D8FAD8FADFFFDFFFD001D0017A
S31502006EF85E365E363FCD3FCDBBFEBBFED711D71100
S31502006F087FFD7FFDE003E003AD03AD03FD03FD0353
S31502006F185BE75BE7242624262E242E2442274227D3
S31502006F28F4FEF4FE23FD23FD7C037C0355FC55FC8D
S31502006F38B2F5B2F5D1E3D1E34C224C22E5DBE5DB2F
S31502006F4888FD88FD300330034805480576FD76FD41
S31502006F58B3E7B3E7601F601FFC33FC3302E702E7BF
S31502006F688202820248FC48FC040604068DF98DF961
S31502006F78AF18AF1865DB65DB373B373B85C085C085
S31502006F884BFA4BFACA05CA051C021C025A065A06CD
S31502006F98D3C7D3C7FC38FC38C314C314853E853E11
S31502006FA8FA04FA041C041C040104010453FB53FBEF
S31502006FB8FC30FC307328732869276927FAD1FAD17D
S31502006FC8170117019504950417FF17FF9B029B02E9
S31502006FD8BA0ABA0A1A2D1A2D0BF70BF7A519A5190B
S31502006FE83A013A010CFD0CFD300030007FFA7FFAB7
S31502006FF8130C130CEFE2EFE2D801D801D3C9D3C9B7
S31502007008250625064C004C00B5FEB5FEDFFEDFFE62
S315020070187B3C7B3CEC02EC0246F346F3E3F4E3F4F6
S31502007028B4FBB4FB2DFD2DFDA802A80238023802D6
S31502007038B4D5B4D533E433E4251A251AD715D715AA
S31502007048110411049BF99BF9B9FDB9FDEFFFEFFF96
S31502007058072807280FC10FC195E995E959FF59FF76
S315020070682F060000DE3C0000CBFCFFFF6FE0FFFFAF
S315020070784B0500001A340000C7FDFFFF1FEAFFFF99
S31502007088C20100004D110000A8030000FD23000004
S3150200709845000000A7020000BF01000030110000F1
S315020070A8E9FDFFFF6EEBFFFF1F020000E11400007F
S315020070B8D30400007C2F00006EFAFFFF2CC9FFFFE5
S315020070C8E3FCFFFF5BE1FFFFCBFAFFFFBFCCFFFF4D
S315020070D841040000DF2900003FFFFFFF94F8FFFF8D
S315020070E8C8FFFFFFD9FDFFFF1B010000E20A0000EF
S315020070F882050000373600003CFAFFFF3FC7FFFF54
S31502007108C5FAFFFF84CCFFFFDAFBFFFF2BD7FFFF91
S3150200711872030000EA210000D8FEFFFF9EF4FFFF7B
S31502007128280000008A010000B0FCFFFF65DFFFFFB0
S31502007138980500000F370000ED020000CD1C000084
S315020071488AFDFFFFC7E7FFFFAF0200006A1A0000C9
S30D0200715840060000853D00001F
S315020071600348044B834202D0034B03B118477047CE
S31502007170F80B0022F80B002200000000064B07491C
S31502007180C91A891048BF0131491003D0044B0BB10B
S3150200719001481847704700BFF80B0022F80B00227F
S315020071A00000000010B5064C237843B9FFF7D8FF5C
S315020071B0044B13B10448AFF300800123237010BDC2
S315020071C0301000220000000084A2000308B5054B1F
S315020071D01BB105490548AFF30080BDE80840FFF73B
S315020071E0CDBF00BF000000003410002284A20003BD
S315020071F0F0B51A4B1D6865BB06460F461446B446E3
S3150200720002204FF0080E3B685A0802F0553203F08E
S3150200721055331A44831E22FA00F122FA03F303F0CD
S31502007220030301F0030104305B1A0CB9ACF8004009
S31502007230BCF90010BEF1010E0B442CF8023BE9D159
S315020072400835B5F5807F07F1040706F11006D6D199
S31502007250F0BDBDE8F04001F045BC00BF6010002261
S315020072602DE9F0419646ADF6486D02ACA4464FF0C4
S315020072700308DEF80C3005460F461068516892681E
S315020072800026ACE80F00DEF81000DEF81410DEF877
S315020072901820DEF81C30ACE80F00214620462122D9
S315020072A08DF8288002F0C6F900230AA91A4692A888
S315020072B000F0F2FF0AA90DF589600023012200F011
S315020072C0EBFF0AA9002302220DF5C96000F0E4FFD4
S315020072D092A801F0BBFE33460DF6480292A912A807
S315020072E0CDE9004600F036FB12A800F0F1FF424657
S315020072F001230AA912A800F0CFFF12A800F0E6FFA8
S31502007300284612A900F060FF0DF6480292A9012351
S3150200731012A8CDE9004600F0E5FB12A800F0D8FF5E
S31502007320012304220AA912A800F0B6FF12A800F04F
S31502007330CDFF12A905F5C07000F046FF0DF6480212
S3150200734092A9022312A80196009400F0CBFB12A880
S3150200735000F0BEFF012305220AA912A800F09CFF35
S3150200736012A800F0B3FF12A905F5407000F02CFF39
S31502007370384692A901F042FEA446BCE80F00C5F8C1
S315020073808004C5F88414C5F88824C5F88C34BCE892
S315020073900F00C5F89004C5F89414C5F89824C5F8EA
S315020073A09C340DF6486DBDE8F08100BF2DE9F04F23
S315020073B01D460023174601240646ADF5905D83B0AF
S315020073C01A460DF5C1608946294600F065FF00237D
S315020073D0012229460DF6080000F05EFF0023022274
S315020073E029460DF6082000F057FF07F5906A0DF5BD
S315020073F0C16001F02BFE00230DF608420DF5C161B6
S3150200740002A8CDE900A400F0A5FA02A800F060FFE8
S3150200741023460322294602A800F03EFF02A800F0F6
S3150200742059FF0022304602A900F030FDA3465FFA5A
S3150200743084F843460DF608420DF5C16102A8CDE96E
S3150200744000AB00F04FFB02A800F042FF01232946E1
S3150200745008F1030202A800F01FFF02A800F03AFF9B
S315020074602246304602A900F011FD012C01D1022468
S31502007470DDE782AC394602A800F0D2FE0DF60843DB
S3150200748002AA20460DF5C16100F01AFF02A807F50F
S31502007490C07100F0C5FE02AA0DF6086320460DF67D
S315020074A0080100F00FFF07F5407102A800F0B8FED0
S315020074B00DF580530DF6082102AA0DF5C1600833B9
S315020074C0009400F001FF0DF5C16000F001FF0123F9
S315020074D0062229460DF5C16000F0DEFE494602A8E5
S315020074E000F0FEFE0DF5C161084602AA00F0F4FEA8
S315020074F00DF5C16000F0EEFE0DF5C16106F5707086
S3150200750000F008FC0DF5905D03B0BDE8F08F00BFFA
S315020075102DE9F04F1F460023914601258046ADF521
S31502007520905D85B01A468A460DF5C260394600F06E
S31502007530B3FE0023012239460DF5016000F0ACFED0
S315020075400023022239460DF5216000F0A5FE09F559
S31502007550906B0DF5C26001F079FD00230DF54162D5
S315020075600DF5C26104A8CDE900B500F0F3F904A84F
S3150200757000F0AEFE2B460322394604A800F08CFE2C
S3150200758004A800F0A7FE0022404604A900F09EFDD2
S315020075900446C617CDF80CA001215FFA85FA5346B8
S315020075A00DF54162CDE900B104A80DF5C26100F006
S315020075B099FA04A800F08CFE012339460AF1030267
S315020075C004A800F069FE04A800F084FE2A4640469C
S315020075D004A900F07BFD012D44EA000446EAE076A8
S315020075E001D10225D8E784AD494604A8DDF80CA0EE
S315020075F000F016FE0DF5416304AA28460DF5C26198
S3150200760000F05EFE04A809F5C07100F009FE04AAA6
S315020076100DF5616328460DF5016100F053FE09F58B
S31502007620407104A800F0FCFD0DF580530DF52161B3
S3150200763004AA0DF5C2601033009500F045FE0DF563
S31502007640C26000F045FE0123062239460DF5C260EE
S3150200765000F022FE514604A800F042FE0DF5C2617A
S31502007660084604AA00F038FE0DF5C26000F032FEAC
S315020076700DF5C26108F5707000F0C2FC0443644265
S3150200768046EAE07060EB4000C00F0DF5905D05B074
S31502007690BDE8F08F70B515460C460646ADF5006D91
S315020076A00022684600F056FC684600F00FFE2A46A5
S315020076B069460DF5806000F0D7FD2146012280A8BB
S315020076C000F048FC80A800F001FE80A90DF580605C
S315020076D005F5C07200F0CEFD2146022280A800F018
S315020076E039FC80A800F0F2FD0DF5806305F54072C5
S315020076F080A9684600F0C4FD684600F0E9FD80A84E
S3150200770004F5707100F05EFB6A4680A9684600F0D7
S31502007710E5FD684600F0DEFD6946304600F00CFEE7
S315020077200DF5006D70BD00BFF8B50C4606464FF468
S3150200773094671546FFF794FD31463A4604F5906084
S315020077400BF0CAFA3A46314604F5126001F04CFFD4
S315020077502E6A696AAA6AEB6AC4F84069C4F84419CF
S31502007760C4F84829C4F84C392E6B696BAA6BEB6BCB
S31502007770C4F85069C4F85419C4F85829C4F85C39D5
S315020077800020F8BD70B5A0B0EC469E4615460C46E4
S315020077909A68596806461868DB68ACE80F00DEF896
S315020077A01000DEF81410DEF81820DEF81C30ACE803
S315020077B00F00294660464FF4946201F015FF4022FD
S315020077C069460DEB020001F035FF2A46694630464E
S315020077D018ABFFF7EBFD0DF1400CBCE80F00206083
S315020077E06160A260E360BCE80F0020610020616175
S315020077F0A261E36120B070BD70B514460E46A0B01A
S3150200780005466846FFF746FFD4F82009D4F824193E
S31502007810D4F82829D4F82C390DF1200CACE80F0045
S31502007820D4F83009D4F83419D4F83829D4F83C39C4
S31502007830ACE80F0069466046402201F0FBFE69464D
S3150200784018AB04F590623046FFF762FE034604F574
S3150200785014611C463246284601F0DAFCC4F10103E3
S315020078602846202210A9DBB201F0F2FC002020B04B
S3150200787070BD00BF2DE9F04F0F461969ADF56F7D5A
S31502007880039700244FF0040E0F460290D3F800B07F
S31502007890D3F804A0D3F80890D3F80C805E699D69EA
S315020078A0D8690DF1100CF89BCCF800B0002BE3B2AE
S315020078B016BF194611461346BEF1010ECCF804A0B6
S315020078C0CCF80890CCF80C80CCF81070CCF8146088
S315020078D0CCF81850CCF81C008CF821108CF820300B
S315020078E004F101040CF1220CDDD1222426AD0DF1A6
S315020078F07603284604A900930DF1320215AB0194D2
S31502007900039F0AF01FFB012300263846CDE9003506
S3150200791007F5AA7207F5FF7307F1AA010AF024FB1D
S31502007920029B3C4607F52A7729461846C8220BF0E1
S31502007930D3F9034684F8A86084F8A960AA34A7425A
S3150200794003F1C80305F1C805EED10DF56F7DBDE85B
S31502007950F08F00BF2DE9F04F2DED068B2DED04DBE8
S315020079605E4CADF6E41D256880460E4614461F465B
S31502007970DDF8349A002D76D1B9F1000F5AD1B0ADA7
S315020079804A462846DDF8301A01F08EFB2A460121C6
S3150200799006A801F0D9FDDFF848A10DF5BC6B31460A
S315020079A05846CDE90154CDF800A006AB04AA0BF067
S315020079B0BFF9B9F1000F4ED001233A462846DDF849
S315020079C0301A01F071FB2A46012106A801F0BCFD1E
S315020079D004F5007302935846CDE900A506AB04AA46
S315020079E006F500710BF0DCF9B9F1000F2BD03A461F
S315020079F002232846DDF8301A01F056FB2A460121F9
S31502007A0006A801F0A1FD04F580644046CDF80CB04D
S31502007A100195029406AB04AACDF800A006F5806192
S31502007A200BF0D6F90DF6E41DBDEC04DBBDEC068BBE
S31502007A30BDE8F08F2B46B0AD3A462846DDF8301A3F
S31502007A4001F032FBA2E73B4602222846DDF8301A55
S31502007A5001F02AFBD2E73B4601222846DDF8301A1E
S31502007A6001F022FBAFE7B0AD3A462846DDF8303AE0
S31502007A70CDF8009006A9FFF7FDFE0195184D0DF50C
S31502007A80BC673146384606AB04AA029400950BF051
S31502007A904FF904F500730293E2AB01933846009561
S31502007AA004AA0DF1C20306F500710BF079F90DF582
S31502007AB08A6304F58064CDE90134404604AA03973B
S31502007AC000955BAB06F580610BF082F90DF6E41DBD
S31502007AD0BDEC04DBBDEC068BBDE8F08F083300225B
S31502007AE0F83301022DE9F04F2DED068B2DED04DB67
S31502007AF0564CADF6E41D256880460E4614461F46D2
S31502007B00DDF830AADDF8349A002D69D1B9F1000FFB
S31502007B1050D1B0AD4A465146284601F0C5FA2A462A
S31502007B20012106A801F010FD0DF5BC6B3146584641
S31502007B30CDE9005406AB04AA0BF05AF9B9F1000FCD
S31502007B4047D001233A465146284601F0ADFA2A4665
S31502007B50012106A801F0F8FC04F5007301935846CA
S31502007B60009506AB04AA06F500710BF0F1F8B9F11F
S31502007B70000F27D03A4651460223284601F094FACE
S31502007B802A46012106A801F0DFFC04F5806440467E
S31502007B90CDE90054CDF808B006AB04AA06F580611B
S31502007BA00BF006F90DF6E41DBDEC04DBBDEC068B0D
S31502007BB0BDE8F08F2B46B0AD3A465146284601F055
S31502007BC073FAACE73B4651460222284601F06CFAAC
S31502007BD0D6E73B4601225146284601F065FAB6E74A
S31502007BE0B0AD53463A462846CDF8009006A9FFF7AF
S31502007BF041FE00950DF5BC653146284606AB01945B
S31502007C0004AA0BF0F5F804F500730193E2AB0093B6
S31502007C1028460DF1C20304AA06F500710BF098F886
S31502007C200DF58A6304F5806400934046CDE901456B
S31502007C3004AA5BAB06F580610BF0BAF80DF6E41DFB
S31502007C40BDEC04DBBDEC068BBDE8F08F08330022E9
S31502007C5038B501230F4A00F00F0C156803FA0CF32E
S31502007C602B430D4913600B6873B10B68012B03D0CC
S31502007C70BDE838400BF08CB804460BF085F8204678
S31502007C80BDE838400BF048B80449BDE838400BF06F
S31502007C9037B800BF581000225C100022F8310102EA
S31502007CA0F8B50123154A0746146800F00F00834011
S31502007CB02343134913600B6883B14FF48072114E4C
S31502007CC0114DB91E346831F9023F9C42C8BF336078
S31502007CD02C689C42B8BF2B60013AF3D10B4B384655
S31502007CE01B6823B9BDE8F84009490BF049B80BF007
S31502007CF013F83846BDE8F8400BF01EB850100022C3
S31502007D004C1000220400002200000022541000221F
S31502007D10F82D01022DE9F043294B83B01C68002C93
S31502007D2049D10D4640F6015C04304FF0080E2A4652
S31502007D304EF001E00DF1FF3132F9026B0CEAE67307
S31502007D4033441BB21B0103F28163C3EB8316C3EBFD
S31502007D50062303EB83031B0F01F8013F0FF015C047
S31502007D609DF801909DF800609DF803809DF8021031
S31502007D709DF805709DF804209DF807E09DF80630F1
S31502007D80083446EA091641EA081142EA071243EAAA
S31502007D900E13B4F5807F00F8046C00F8031C00F89B
S31502007DA0022C00F8013C05F1100500F10400BCD1DB
S31502007DB003B0BDE8F08303B0BDE8F04301F034B888
S31502007DC06010002210B5304B1C68002C58D14FF0C1
S31502007DD0200E0B4640F6015C4EF001E0043313F828
S31502007DE0042C103002F00F020CFB02F208321211C0
S31502007DF0043320F8102C13F8082C12090CFB02F29B
S31502007E000832121120F80E2C13F8072C02F00F027A
S31502007E100CFB02F20832121120F80C2C13F8072C74
S31502007E2012090CFB02F20832121120F80A2C13F87E
S31502007E30062C02F00F020CFB02F20832121120F895
S31502007E40082C13F8062C12090CFB02F20832121146
S31502007E5020F8062C13F8052C02F00F020CFB02F296
S31502007E600832121120F8042C13F8052C12090CFB07
S31502007E7002F20832121120F8022C0FF051C010BD86
S31502007E80BDE8104000F0E4BF601000222DE9F04F7B
S31502007E902E4B83B01D68002D53D1884640F60157FC
S31502007EA040F2816402EB820300EB83162848083114
S31502007EB008F502784FF0040EEC464EF001E0083960
S31502007EC0AB4631F9023B07EAE37999441FFA89FA8C
S31502007ED05AEA8F2B1AEB0402A2FB00924BF1000323
S31502007EE000FB0323C3F309032CF8023B0FF019C06E
S31502007EF00023BDF802C0BDF80090BDF804B0BDF87D
S31502007F0006204FEA8C0E4EEA192E4FEA0B1A69F337
S31502007F1007034AEA9C1A6EF30F234FEA821C0831C2
S31502007F204CEA1B1C92086AF3174332716CF31F6307
S31502007F30884506F1050646F8053CBBD103B0BDE807
S31502007F40F08F03B0BDE8F04F00F05ABF6010002278
S31502007F50B7AF130030B5294B1D68002D49D14FF03C
S31502007F60400E40F6015C4EF001E002EB820301EBAB
S31502007F708312537811781B0203F440730B430CFBF4
S31502007F8003F303F5007308309B0A053220F8083C18
S31502007F9012F8033C12F8041C9B0103F4707343EAC3
S31502007FA091030CFB03F303F500739B0A20F8063CCE
S31502007FB012F8023C12F8031C1B0103F47C7343EA19
S31502007FC011130CFB03F303F500739B0A20F8043C20
S31502007FD012F8013C12F8021C9B0043EA91130CFBB7
S31502007FE003F303F500739B0A20F8023C0FF03FC827
S31502007FF030BDBDE8304000F035BE00BF6010002243
S315020080002DE9F047304B82B01C68002C56D10D4644
S31502008010264640F6015C4FF0080E2A464EF001E075
S315020080200DF1FF3132F9027B0CEAE7733B441BB2D6
S315020080301B0103F28163C3EB8317C3EB072303EB35
S3150200804083031B0F01F8013F0FF015C09DF805A031
S315020080509DF8047081789DF803909DF8023090F89F
S3150200806001E09DF801809DF8002047EA0A1743EADD
S3150200807009134F409DF807909DF8061042EA081230
S3150200808083EA0E0390F8008090F803E041EA0911B2
S3150200809082EA08023B4381EA0E0132430B4308346B
S315020080A01343B4F5807F03F0FF0600F1040005F1E7
S315020080B01005B0D1304602B0BDE8F08702B0BDE887
S315020080C0F04700F0BBBE00BF601000222DE9F04F62
S315020080D03B4B85B01C68002C6CD1A046894640F605
S315020080E0015740F28164464602EB8203DFF8D4C0B0
S315020080F000EB8315083109F502794FF0040E4EF0B4
S3150200810001E002A8083931F9023B07EAE37A9A4408
S315020081101FFA8AF3CDE90036DDE9002352EA8F23FE
S31502008120CDE900231219A2FB0CA2019B43F1000325
S315020081300CFB0323C3F3090320F8023B0FF01DC80F
S31502008140BDF80AE0BDF808B0BDF80CA02A784FEADF
S315020081508E0343EA1B2382EA0B024FEA0A1BBDF88F
S315020081600E0048EA02024BEA9E1B95F8018095F83A
S3150200817002E083EA08038BEA0E0B95F803804FEAC6
S31502008180801E4EEA1A1E8EEA080E95F8048043EA0D
S315020081900B0388EA900043EA0E03083103431343B4
S315020081A0894503F0FF0805F10505A6D1404605B04D
S315020081B0BDE8F08F05B0BDE8F04F00F02BBE00BF62
S315020081C060100022B7AF130070B5144B1D6805BBD3
S315020081D00E46044608460AF007FE30460AF004FE3A
S315020081E04FF0800E20462A464EF001E0B11C36F9C9
S315020081F0225031F92230C5F3072444EA0314C3F3AB
S315020082000B13057044708370013203300FF011C8EE
S3150200821070BDBDE8704000F0A5BC00BF6010002232
S31502008220104B1A68E2B910B54FF0800E0B46844621
S3150200823011464EF001E0841C5A781878120202F4B4
S31502008240706202432CF821209A785878120142EA89
S31502008250101224F82120033301310FF013C810BD88
S3150200826000F0C4BC60100022014B0AF059BD00BFE9
S31502008270F8330102014B0AF0A7BD00BFF833010231
S3150200828010B51C4682B0034B00940AF071FD02B091
S3150200829010BD00BFF833010230B594468E4604463F
S315020082A01D46A1B0724668466346802100F08CFFE7
S315020082B02A4669462046FEF79BFF21B030BD00BF25
S315020082C00AF042BD0AF08CBD0AF02EBDFFF7C0BC13
S315020082D0FFF7E6BC0AF088BD0AF046BD0AF00CBDFF
S315020082E02DE9F843134B1B68FBB90E4699461F4608
S315020082F0A0F102084546002425F8027F327840F2B2
S3150200830081612241284602F0010201340AF024FD6D
S31502008310082CF1D109F10809B9F5807F08F1100896
S3150200832006F10106E6D1BDE8F883BDE8F84300F0A0
S3150200833029BE00BF60100022184BD3F800C0BCF162
S31502008340000F28D1F0B50C466546013800264FF0DD
S31502008350080E214632464EF001E000F8015F31F97F
S31502008360023B5B0003F28163C3EB8317C3EB072374
S3150200837003EB8303C3F3007393403343DEB2067009
S3150200838001320FF015C00CF1080CBCF5807F04F128
S315020083901004DBD1F0BD00F099BD00BF60100022D1
S315020083A010B540F6015C40F2816240F2FF334FF0B5
S315020083B0400E124C2DED088BA0EE10CBA8EE104B02
S315020083C0A2EE102BA4EE103B4EF001E0B9EC04AF86
S315020083D0A1EF5A6006EF506126EF4A68AAEF56658A
S315020083E022EF466827FE096E06EF5461A8EC046F79
S315020083F00FF015C0BDEC088B10BD00BFB7AF130060
S31502008400F0B5ADF5017D054668461446FFF7C8FF8F
S315020084104FF0400E6B464EF001E004EB840405EB90
S3150200842084100022B3F802C01E889F88D9884FEABA
S315020084308C0545EA16253C0166F3070244EA9C14BC
S3150200844065F30F224FEA811C4CEA171C890864F374
S31502008450174201716CF31F620530083340F8052C90
S315020084600FF021C80DF5017DF0BD00BF2DE9F04FDB
S31502008470ADF5017D054668461446FFF791FF4FF0BC
S31502008480400E0020EC464EF001E004EB840405EBBE
S315020084908411BCF802A0BCF80040BCF80470BCF819
S315020084A006200B7991F8009091F801B04FEA8A06FE
S315020084B091F8028083EA920389EA040946EA1426BD
S315020084C03C01CD7843EA090386EA0B0644EA9A148C
S315020084D09201334384EA080442EA171223436A40AC
S315020084E013430343D8B205310CF1080C0FF02FC821
S315020084F00DF5017DBDE8F08F10B540F6015C46F63C
S3150200850010020F234FF0400E114C2DED088BA0EEFA
S3150200851010CBA8EE104BA2EE102BA4EE103B4EF0A1
S3150200852001E0B9EC04AFA1EF5A6006EF506126EF05
S315020085304A68A8EF566522EF466827FE096E06EFDF
S315020085405461A8EC046F0FF015C0BDEC088B10BD8A
S31502008550FB3A010010B5ADF5007D04466846FFF70B
S31502008560CBFF4FF0800E6A464EF001E0601E518846
S3150200857032F8043B43EA011300F8013F0FF009C841
S315020085800DF5007D10BD00BF10B5ADF5007D0446AA
S315020085906846FFF7B1FF4FF0800E00206A464EF0A4
S315020085A001E0611EB2F802C032F8043B11F8014F35
S315020085B043EA0C1363401843C0B20FF00DC80DF521
S315020085C0007D10BD10B5ADF5007D04466846FFF787
S315020085D093FF4FF0100E6B464EF001E093FC805E67
S315020085E0B3FCA05E94EF562524EF5241A4EC884ECC
S315020085F00FF00DC00DF5007D10BD00BF10B52DEDBD
S31502008600048BADF5007D04466846FFF775FF002230
S315020086104FF0100E6B46A2EE302B4EF001E093FCAB
S31502008620805EB3FCA05E94EF5685B4FC880E24EF00
S31502008630584104FF504122EF54210FF011C000208F
S31502008640E6FE020F80B2003818BF01200DF5007D4C
S31502008650BDEC048B10BD00BF70B57C4D2DED108BAB
S3150200866095ED009F0125A6EE105B032502EB820223
S31502008670062300EB821040F60152AAEE105B744DFF
S31502008680A4EE102B95ED001F4FF0020CA2EE103B4C
S31502008690B8B020EF466828EF422804248DED185F13
S315020086A0A4EE10CB8DED287F8DED243FA6EE104B68
S315020086B028EF442820EF44488DED2C5F28EF4648EA
S315020086C026EF4068634A4FF0100EAEEE102B8DED8A
S315020086D0347F20EF4A688DED0C9F8DED14BF4EF06E
S315020086E001E08DED101F8DED1C3F8DED205F8DEDB0
S315020086F0307F8DED04FF9DED1C7F9DED203F2031E7
S31502008700A1F1200595EC164F9DED0C1F95EC126F0D
S315020087109DED243F40F2816495EC12EF95EC102F0B
S315020087208DED083FA2EE104B9DED18DF8DED003F5B
S31502008730A1EF542002EF5C2124EF42289DED005F59
S31502008740AAEF522522EF44289DED045F23FE052E53
S31502008750A1EF564004EF5C4126EF44480F239DEDFE
S31502008760007FAAEF5445A0EE103B04AB24EF464827
S3150200877040F2FF3C93ED007FAAEE10CB25FE074E9A
S315020087803F2204EF5A4102EF5A2104EF5001A1EFB2
S315020087905E60A8EE102B06EF5C6102EF5881A4EF33
S315020087A05005BAFF522022EF50212EEF46089DEDCA
S315020087B000FFAAEF500508AD93ED007F20EF4E08AB
S315020087C095ED00FF21FE070EA1EF5E6006EF5C61EC
S315020087D02EEF46689DED00FFAAEF56659DED04DF7C
S315020087E026EF4E6827FE0D6E00EF5A0106EF5A611C
S315020087F09DED10BFA2EF588580EC0A6FB8FF566058
S3150200880026EF58619DED289F80EC086F9DED2C7F29
S3150200881080EC062F9DED147F00EF5661BCFF54409D
S31502008820A6EF566524EF56419DED307F80EC064F4C
S31502008830BEFF50009DED347F80EC060F14300FF022
S31502008840A7C038B0BDEC108B70BD00BF2835010241
S3150200885098350102B7AF130002EB820200EB8210D9
S315020088600322F0B59C4B2DED108B93ED009FAAEEE3
S31502008870102B01230022A6EE103BA2EE102B40F68F
S3150200888001530624954ED9B096ED001FA4EE103B77
S315020088904FF0020C8DED083FA2EE104B20EF46681A
S315020088A028EF422804258DED385FA4EE10CB8DED1E
S315020088B0487F8DED443FA6EE105B28EF442820EF5B
S315020088C044488DED4C5F28EF464820EF4668844BBE
S315020088D04FF0100EACEE103B8DED547F20EF4A6840
S315020088E08DED2C9F8DED34BF4EF001E08DED301FE6
S315020088F08DED3C3F8DED405F8DED507F8DED00DFC0
S315020089009DED3C5F2031A1F1200696EC146F9DEDA2
S31502008910405F9DED441F96EC142F9DED309F9DED1B
S315020089202C5F9DED48DF96EC14EF96EC104F90FC11
S31502008930080F90FC0C8F06468DED285F8DED241FE7
S315020089409DED4C5F9DED501F8DED209F9DED549F3B
S3150200895090FC04CF0F2290FC004FFF2396FC080FD9
S315020089608DED1CDF8DED141FACEE102BA0EE103B2F
S315020089708DED0CDF8DED041F9DED38DFA1EF560066
S3150200898000EF5C0140F2816526EF4068AAEE105BBB
S31502008990AAEF56659DED001F26EF4A6840F2FF34A6
S315020089A027FE016EA8EE104B4FF03F0C06EF586102
S315020089B08DED185FA4EE10CB06EF5441A2EF54459D
S315020089C08DED105FA1EF524004EF5C4122EF444867
S315020089D0AAEF544524EF4A4825FE014E9DED0C3F71
S315020089E004EF5841A1EF5E0004EF522100EF5C0153
S315020089F0A4EF5225BAFF56602EEF400826EF5261C9
S31502008A009DED043FAAEF500506EF52619DED1C3F16
S31502008A1020EF4A0802FF56619DED003F9DED28FFBB
S31502008A2021FE030EA1EF5E2002EF5C212EEF42280B
S31502008A30AAEF522522EF4A289DED00BF23FE0B2EF8
S31502008A4000EF580102EF58219DED049F9DED24BFD2
S31502008A5000EF58819DED10DFB8FF50000AFF5881E4
S31502008A609DED08FF9DED20BF20EF5C012EEF5881A2
S31502008A700AFF50019DED34BF28EF508128EF568141
S31502008A8002EF5A61BCFF5440A6EF566524EF5641E9
S31502008A909DED047F04EF56419DED187FBEFF5220E7
S31502008AA006FF54419DED141F28EF548100FF522109
S31502008AB028EF526114AE0CAA8DED087F14300FF028
S31502008AC0E1C80020EAFE060F003818BF012059B09F
S31502008AD0BDEC108BF0BD00BF2835010298350102AE
S31502008AE0B7AF130000B54FF0030C4FF0550E2DED46
S31502008AF0108B1023A8EE30EBA4EE30CB91FD806EE6
S31502008B0006EF58A19FFF566006EF586116EF4A68B6
S31502008B109EFF56C006EF54A10CEF54C11AFF4CA893
S31502008B209CFF56C09AFF56600CEF54C106EF546183
S31502008B3008311CFF46683AB190FC80DE90FCA0DE4C
S31502008B401AEF4CA816EF4E682AEF5A0126EF562165
S31502008B50013B80FC801EA0FCA01ECFD1BDEC108B79
S31502008B605DF804FB38B50D462DED108B044608461C
S31502008B700AF03AF928460AF037F940F6FF724FF042
S31502008B80200E1649164B91ED00BF93ED009F154935
S31502008B90154B91ED001FA2EE103B28462346A4EE8C
S31502008BA0102B4EF001E0B0EC047FBCFF56C006EF7E
S31502008BB054610CEF52C126EF5C61B8FF56E0B0FF7C
S31502008BC056C083EC0A6F83EC08EF83EC00CF0C33BC
S31502008BD00FF017C8BDEC108B38BD00BFC8350102B7
S31502008BE0B8350102A835010200F0FF0010B540F6C3
S31502008BF0FF734FF0200E184A184C92ED001F184AC8
S31502008C002DED0C8B92ED003F94ED009FA4EE103BF0
S31502008C104EF001E00B4691FC00AF93FC02CFA8EFA9
S31502008C205AA5B0EF5CC591FC086F2AEF5CA126EF4E
S31502008C305A61B4FF56A00AEF54A106EF5461B0EF91
S31502008C405AA526EF5A610C31A0EC047F0FF01FC023
S31502008C50BDEC0C8B10BD00BFB8350102C835010250
S31502008C60A83501022DE9F0475F4B2DED108B93EDF0
S31502008C70007F5E4BACB093ED005F06238DED005F87
S31502008C80A4EE103B002626EF44488DED285FA4EEA5
S31502008C90106B022526EF44488DED1C5FA4EE105B97
S31502008CA0042426EF44488DED205FA4EE104B26EFF8
S31502008CB04468DFF840A18DED247F9AED007FDFF84E
S31502008CC0389102EB82028DED047F01EB821199ED60
S31502008CD0007F0F22DFF82481A2EE102B03238DEDF5
S31502008CE0087F98ED007F424F8DED143F4FF03F0C09
S31502008CF0A2EE103B4FF400724FF0100E8DED0C7F7A
S31502008D0097ED007F8DED183F40F601534EF001E0DE
S31502008D108DED107FAEEE10CBA8EE102B9DED047FED
S31502008D209DED0C3F91FC064F9DED00BF9DED087F2A
S31502008D309DED10DF0A4691FC060F91FC026F91FC35
S31502008D400A2F92FC0CAF9DED18DF04EF5CC1A8EF71
S31502008D505CC522EF5C2123EE633E28EF42289DED9F
S31502008D601CDFB6FF522080EC1C2F9DED143F00EF56
S31502008D705221BEFF5440A6EF522524EF524125EE62
S31502008D80635E28EF44489DED203FB6FF544080ECD9
S31502008D90124F06EF5E41BCFF5000A4EF544520EF90
S31502008DA05441A2EF5AA5BAFF566025EE635E26EF3E
S31502008DB05A6128EF444827EE637EB6FF54409DED84
S31502008DC0243F28EF466880EC124FB6FF56609DEDB1
S31502008DD0285F143180EC146F20300FF061C82CB07C
S31502008DE0BDEC108BBDE8F0872835010298350102EB
S31502008DF058350102883501027835010268350102CB
S31502008E00034B1B68022B01D0FFF7FABAFFF724BC0B
S31502008E1060100022034B1B68022B01D0FFF726BB12
S31502008E20FFF71ABD60100022034B1B68022B01D00C
S31502008E30FFF790BBFFF7C6BB60100022034B1B680F
S31502008E40022B01D0FFF7A0BBFFF7D8BB60100022B0
S31502008E5000B54FF00F0C08224FF0200E184B2DEDE7
S31502008E600C8B93ED00BF174BA2EE10CB93ED009F38
S31502008E70154BA4EE102B93ED001F4EF001E040F6C9
S31502008E8001530A4692FC006F06EF52C1BCFF5660C0
S31502008E902DEE63DE27EE637E24EF4CC824EF466890
S31502008EA0BCFF5CC0BCFF566080EC1ACF043180EC7C
S31502008EB0186F10300FF01BC8BDEC0C8B5DF804FB6D
S31502008EC048350102383501021835010240F60153D0
S31502008ED010B52DED108BACEE103B274B46F6100C61
S31502008EE0A8EE103B254B01224FF0200E93ED007F9A
S31502008EF0234C84B094ED00FFAAEE10CB4EF001E0B5
S31502008F00A0EE102B8DED007F01380B46BBEC042F33
S31502008F10A1EF526006EF5C6126EF4268A5EF566547
S31502008F202AEF466827FE096E06EF50619BED004F59
S31502008F3026EF5E69F9FE062FA1EF546006EF5C612B
S31502008F4026EF4468A5EF56652AEF466827FE096EA6
S31502008F509DED005F06EF506126EF5469F9FE06CFDC
S31502008F6002EB0C03103100F8013F0FF033C004B0DE
S31502008F70BDEC108B10BD00BFFB3A0100F8340102B4
S31502008F800835010210B540F2816200234FF0200E2F
S31502008F90184C2DED088B94ED00BF174CA2EE102B4A
S31502008FA094ED009FA4EE103B4EF001E0013911F85A
S31502008FB0012F0346A6EE102B06EF5A0106EF586163
S31502008FC021FE840FFDEE10CA27FE840FFDEE102A45
S31502008FD0EDEE10CA33FE050FEDEE102AABEC040FD0
S31502008FE033FE056F10308BED006F0FF021C0BDEC24
S31502008FF0088B10BD08350102F834010238B5044663
S315020090000D46FFF7E1F805F5007104F5C070FFF7AC
S31502009010DBF805F5806104F54070BDE83840FFF7DE
S31502009020D3B800BF38B504460D46FFF7F9F805F583
S31502009030C07104F50070FFF7F3F805F5407104F509
S315020090408060BDE83840FFF7EBB800BF10B50446B4
S31502009050FFF73CF904F50070FFF738F904F5806074
S31502009060BDE81040FFF732B9014B1860704700BFE8
S315020090700800002299B100B541F001E0094A013821
S31502009080136883EA433383EA534383EA431300F8BC
S31502009090013F0FF00BC0136000205DF804FB0020B7
S315020090A0704700BF080000222DE9F047414C0546F3
S315020090B0266891460C4698468AB0002E62D03E4EED
S315020090C0B1EC047F3346B3EC041F91ED005F93EDE0
S315020090D0003F06FF506104FF524126EF546116EE2F
S315020090E0103A36EE101B354F0B433A680DF1040A5F
S315020090F0002A08BF43F0010317EE102B134337EE85
S31502009100102B134319D14FF0190E4EF001E02C4CDF
S31502009110A5F10801F4E90267E1E902670FF007C069
S3150200912002232022514628468DF804908DF80580A8
S3150200913009F0EEFD0AB0BDE8F087D4464FF0000E06
S3150200914020686168A268E368043EACE80F00206903
S315020091506169A269E369043CACE80F002222514628
S315020091601848ADF824E000F0DBF94FF0080E4EF097
S3150200917001E054F8043F46F8043F0FF007C001230C
S315020091803B60C0E70868A268E368496801AE0FC69B
S3150200919020696169A269E3690FC62222284601A9EC
S315020091A08DF824908DF8258000F0BAF90AB0BDE852
S315020091B0F08700BF501100226810002264100022BE
S315020091C0801000228810002270B5964605460E468B
S315020091D01C468AB010685168DEF80C3092680DF1B0
S315020091E0040CACE80F00DEF81000DEF81410DEF80E
S315020091F01820DEF81C30ACE80F0021233146284641
S3150200920001AA8DF8244000F0CDF90AB070BD00BF66
S3150200921070B50E4615460446B4B0684600F03AF9F3
S3150200922031466846202200F041F929464FF4886209
S31502009230684600F03BF9684600F03EF96A4620218E
S31502009240204600F067F9684600F068F934B070BD50
S31502009250AAB100B542F001E05B42DBB20139013846
S3150200926010F801CF11F8012F8CEA02021A408CEA9B
S31502009270020C80F800C00FF00DC85DF804FB7047C1
S3150200928030B54D1E83B08DF80720D0E93223002B6E
S3150200929008BFAA42044615D001230DF1070109F0C1
S315020092A037FD4FF0800C01232A4620460DF10701B7
S315020092B08DF807C009F02CFD00220023C4E93223F1
S315020092C003B030BD9DF80750012365F07F050DF10F
S315020092D007018DF8075009F01BFDEDE72DE9F04770
S315020092E01D4688469146D0E93223A91843F1000368
S315020092F0414573F10003044624D300260027DFF814
S3150200930060A04946A8EB0203204609F001FDD4F805
S31502009310C830DAF80020A3EB08010132A8EB0303F8
S315020093200D442046C4E932679944CAF8002009F080
S3150200933007FDD4E93223A91843F10003414573F12D
S315020093400003DED22B464946204609F0E1FCD4E969
S3150200935032325B1942F10002C4E93232BDE8F087CB
S31502009360541100228B422DE9F8430C461E468046D4
S31502009370174613D3DFF87890394623460022404633
S3150200938009F0C6FCD9F8005040460135361BC9F82B
S31502009390005009F0D5FCB4422744EDD9013C86B908
S315020093A080253246404608A9012309F0B1FC012373
S315020093B02246404608A98DF8205009F0A9FCBDE8CE
S315020093C0F883334600223946404609F0A1FCB442EE
S315020093D0E6D19DF82040012364F07F0432464046E0
S315020093E008A98DF8204009F093FCBDE8F88300BF78
S315020093F0541100222DE9F0474FF0000AD2E9324912
S31502009400A14215469846A3EB04027AEB09030E46DF
S3150200941007460DD20B460146284609F0CDFCD5E992
S3150200942032329B1B62F10002C5E93232BDE8F08797
S3150200943023460146284609F0BFFCD5F8C830274422
S315020094401B1BC5F8C830D5F8CC3063EB0903361BB5
S31502009450C5F8CC30EAD0DFF83890D9F80020284693
S315020094600132C9F8002009F06BFCB045444628BF1A
S315020094703446394623460022284609F09DFCA8EBCD
S315020094800403361BC5E9323A2744E6D1BDE8F08724
S3150200949054110022C82210B50021044609F014FC1A
S315020094A000220023C4E9322310BD00BF8C461346B6
S315020094B088216246FFF712BF1F2310B582B0D0E99A
S315020094C032218DF80730A2F187030B43044615D0EB
S315020094D001230DF1070109F01BFC4FF0800C01235B
S315020094E0872220460DF107018DF807C009F010FC0E
S315020094F000220023C4E9322302B010BD4FF09F0CB4
S31502009500012387220DF107018DF807C009F000FC3F
S31502009510EEE700BF8823FFF76DBF00BF704700BFAD
S31502009520F0B50D46164604461F2783B0C822002111
S3150200953009F0CAFBA82133462A4620460097FFF7C0
S3150200954011FF03B0F0BD00BF31B32DE9F04105466E
S315020095500C461646114FDFF8488008E029461522C8
S31502009560304605F0DDFC013C05F1A80512D03B684A
S31502009570304601333B6009F0E3FBD8F80020002AAD
S31502009580ECD12946A823304609F016FC013C05F128
S31502009590A805ECD1BDE8F081704700BF5411002246
S315020095A0E4120022F0B5B5B004460D461646002177
S315020095B0C82268461F4609F087FB00220023684638
S315020095C0CDE9322388213B463246FFF787FE6846BD
S315020095D01F228821FFF754FE88236A462946204621
S315020095E0FFF708FF35B0F0BD2DE970430D4616466C
S315020095F04FF000084FF000090446B4B0C82200211B
S31502009600684609F061FB33462A4668468821CDE959
S315020096103289FFF763FE684606228821FFF730FE8D
S31502009620882320216A462046FFF7E4FE34B0BDE8CF
S31502009630708300BF2DE970430D4616464FF00008B1
S315020096404FF000090446B4B0C8220021684609F06A
S315020096503BFB33462A4668464821CDE93289FFF765
S315020096603DFE684606224821FFF70AFE48234021AE
S315020096706A462046FFF7BEFE34B0BDE8708300BFDF
S315020096802DE9F84FA4B04FF0260C96465368176A98
S315020096909468D2680CFB02F615900A92DEF8100066
S315020096A08A691E960292DEF8146000EBC00200EB95
S315020096B04208CDF86080DEF81C200CFB06F80D96F9
S315020096C00E691B9704960F6A16464D6A1497DEF8C2
S315020096D0187019953A462546CDF874800CFB06F8A3
S315020096E007EBC70704EBC40402EB470A0B9505EB2D
S315020096F0440410930CFB03F51390CB6948691C9242
S315020097001296CDF85880CF68DEF8242006978F6827
S315020097100CFB02FC0597DEF800701A924A6808975D
S315020097201B9F01920A680A99CDF844C007EBC70C41
S3150200973007EB4C0C01EBC10E149F01EB4E0ECDF85C
S3150200974024C0AEFB07EC1999189EE1FB04ECA4FBBE
S3150200975007411893E6FB03EC199B059FE3FB0541C2
S31502009760A046189B1E9D029CE5FB0381E6FB048135
S315020097701D9C049DE4FB0081EAFB0581169C18965C
S31502009780069EE4FB0681099E019CE6FB0781119E6B
S31502009790E6FB0481089E029CE6FB02810D9E0F9168
S315020097A006EBC60106EB4101E1FB04EC129CEAFB67
S315020097B000ECCDF8388028F07C48CDF8848004EBA4
S315020097C0C40804EB4808E8FB05EC069E099D1F90B9
S315020097D0E5FB06ECDDE90E6756EA9F6740461A9DF1
S315020097E0CDE90E6705EBC508059F05EB4808E8FBC2
S315020097F007EC089C019D0C92E5FB04EC109D0E9C67
S31502009800E5FB02EC6A00149F17920F9A1EEB040402
S3150200981046464CEB0209A046DDE9182524F07E4CAB
S31502009820A7FB0141E5FB02410246EAFB0341209008
S315020098300298CDF888C0E2FB00411F98099A1F964C
S31502009840E2FB00413246049E58EA5F69E2FB0641AA
S31502009850069E089AE6FB0241109E059AE2FB064125
S315020098600B9E019AE2FB0641A4460C9A0A9C049EB0
S31502009870E4FB02C1189CCDF88CC0A4FB07EC1E9C2D
S31502009880169AE5FB04EC1D9C059FE4FB03EC029C87
S31502009890EAFB04ECE2FB00EC099AE2FB06EC069E0C
S315020098A0119AE2FB06EC089AE7FB02EC179A019F73
S315020098B0E7FB02ECDDE90B72E7FB02EC1EEB080E9E
S315020098C04CEB0902CDF838E00F920A9ADDE90E89CF
S315020098D058EA9F692EF07C4C5200CDF878C0199256
S315020098E0209A149FCDE90E89A7FB02ECE5FB0AEC50
S315020098F0099AE2FB03EC1F9AE2FB04EC089A049C29
S31502009900E0FB02EC109AE4FB02EC0B9C019AE6FBEC
S3150200991004EC0A9C059EE6FB04EC4446239E34199D
S31502009920A0460F9E24F07E4441EB0609139958EA9D
S315020099305F69E2FB01ECDDE90C16E6FB01EC159A28
S31502009940CDF838E0AAFB07E1D4601D9C099AE5FB35
S3150200995004E1169C119EE4FB03E1029CE2FB04E196
S31502009960E6FB00E1089A049EE6FB02E1069E179AD0
S31502009970E6FB02E1059E0B9AE6FB02E1019A199EBD
S31502009980E2FB06E1139E0C9AE6FB02E11EEB080ED1
S3150200999041EB0901CDF808E00391DDE9028958EAB5
S315020099A09F691F9E159A2EF07C41A7FB06AE116198
S315020099B0099A109EE5FB02AE089A0294E3FB02AEF8
S315020099C0E4FB06AE0B9C049EE0FB04AE0A9C059AE1
S315020099D0E6FB04AE069E139C0D99E6FB04AE4446D6
S315020099E00E9E490034190D9E0E94E2FB06AE159AA0
S315020099F024F07E4454611C9C019A4CEB090CE2FB58
S31502009A0004AE129C0C9ACDF83CC0E4FB02AEDDE932
S31502009A100E89CDF850A0099A58EA5F69A2FB074C55
S31502009A20169A1893E5FB024C119A049EE2FB034C2C
S31502009A30029B089ACDE90E89E3FB024C179B059A15
S31502009A40E0FB034C0B9BE6FB034C069E199BE6FBD5
S31502009A50034C139BE2FB034C019B0C9AE3FB014C68
S31502009A601C9BE3FB024C14EB08080F9CCDF81880F4
S31502009A704CEB04040794DDE9062352EA9F63CDE921
S31502009A800623159B109A28F07C48C3F81880129B6F
S31502009A90A7FB02C84FEA4309089B119AE5FB03C8D4
S31502009AA0A7FB033AE5FB023ADDE917240B9DE4FB2B
S31502009AB0023AE4FB05C8029C059AE4FB053A0A9DB4
S31502009AC0E4FB05C8199D139CE0FB053AE0FB04C8BC
S31502009AD004981A9DE0FB043A0D9CE6FB013AE0FB72
S31502009AE004C81C98129CE6FB00C8E2FB003AE2FBA3
S31502009AF004C81B98019A149EE2FB093AE2FB00C8CD
S31502009B000C9AE0FB023AE2FB05C8069A079DB418D6
S31502009B10224619464EEB050352EA5F6315988918E9
S31502009B2024F07E44C4610C464AEB030554EA9F6561
S31502009B301CEB040C624648EB050352EA5F631446CB
S31502009B401D4654EACF0521F07C4101622CF07E418C
S31502009B504162A11845EB030449186441891844EB94
S31502009B600304219BC9180A4644F1000352EA9F6383
S31502009B7021F07C41016022998B181E9923F07E42C6
S31502009B8001EB5363C0E9012324B0BDE8F88F00BF9F
S31502009B902DE9F84FA4B007B443F2043BC2F2002BFE
S31502009BA0DBF800B00BF5FE7B01A309E0AFF3008002
S31502009BB00000000004000000080000000C00000085
S31502009BC093ED00FF43F20433C2F200231B6803F253
S31502009BD0F4532FEE43EF07BC4FF0260C1BED7F1F0D
S31502009BE0964653681BED6B3F176A9468D26800FF6E
S31502009BF052010CFB02F615900A921BED573FDEF856
S31502009C0010008A691E9600FF52010292DEF8146065
S31502009C1000EBC0021BED433F00EB4208CDF860802B
S31502009C20DEF81C2000FF52010CFB06F80D960E69A9
S31502009C301BED2F3F1B97049600FF52010F6A164633
S31502009C404D6A8EFD2F1E1497DEF8187019951BEDBE
S31502009C507B1F3A462546CDF874801BED673F0CFB09
S31502009C6006F807EBC70704EBC40400FF520102EB38
S31502009C70470A0B9505EB44041BED533F10930CFB6F
S31502009C8003F5139000FF5201CB6948691C921BED44
S31502009C903F3F1296CDF8588000FF5201CF68DEF89A
S31502009CA0242006971BED2B3F8F680CFB02FC0597C1
S31502009CB000FF5201DEF800701A924A688EFD331ECA
S31502009CC008971B9F01921BED771F0A680A99CDF828
S31502009CD044C01BED633F07EBC70C07EB4C0C01EBD3
S31502009CE0C10E00FF5201149F01EB4E0E1BED4F3FBA
S31502009CF0CDF824C0AEFB07EC199900FF5201189E5D
S31502009D00E1FB04ECA4FB07411BED3B3F1893E6FB8A
S31502009D1003EC199B00FF5201059FE3FB0541A04698
S31502009D201BED273F189B1E9D029C00FF5201E5FB7F
S31502009D300381E6FB04811D9C8EFD371E049DE4FB18
S31502009D400081EAFB05811BED731F169C18961BED1D
S31502009D505F3F069EE4FB0681099E00FF5201019CBD
S31502009D60E6FB0781119E1BED4B3FE6FB0481089E35
S31502009D70029C00FF5201E6FB02810D9E0F911BED34
S31502009D80373F06EBC60106EB4101E1FB04EC00FF9F
S31502009D905201129CEAFB00ECCDF838801BED233F02
S31502009DA028F07C48CDF8848004EBC40800FF5201F9
S31502009DB004EB4808E8FB05EC8EFD3B1E069E099D5A
S31502009DC01F901BED6F1FE5FB06ECDDE90E6756EAF9
S31502009DD09F671BED5B3F40461A9DCDE90E6700FF6C
S31502009DE0520105EBC508059F05EB48081BED473FE9
S31502009DF0E8FB07EC089C019D00FF52010C92E5FB73
S31502009E0004EC109D1BED333F0E9CE5FB02EC00FFBC
S31502009E1052016A00149F17921BED1F3F0F9A1EEB09
S31502009E200404464600FF52014CEB0209A046DDE956
S31502009E3018258EFD3F1E24F07E4CA7FB0141E5FB53
S31502009E4002419BED011F0246EAFB034120909BED76
S31502009E50153F0298CDF888C0E2FB004100FF52018F
S31502009E601F98099A1F969BED293FE2FB0041324655
S31502009E7000FF5201049E58EA5F69E2FB06419BED30
S31502009E803D3F069E089AE6FB024100FF5201109EE4
S31502009E90059AE2FB06419BED513F0B9E019AE2FBBE
S31502009EA0064100FF5201A4460C9A0A9C8EFD431EEF
S31502009EB0049EE4FB02C1189C9BED051FCDF88CC0E5
S31502009EC0A4FB07EC1E9C9BED193F169AE5FB04ECDE
S31502009ED000FF52011D9C059FE4FB03EC9BED2D3F09
S31502009EE0029CEAFB04ECE2FB00EC00FF5201099A39
S31502009EF0E2FB06EC069E9BED413F119AE2FB06EC65
S31502009F00089A00FF5201E7FB02EC179A019F9BEDAC
S31502009F10553FE7FB02ECDDE90B72E7FB02EC00FFC3
S31502009F2052011EEB080E4CEB09028EFD471ECDF8C0
S31502009F3038E00F920A9A9BED091FDDE90E8958EA6D
S31502009F409F692EF07C4C9BED1D3F5200CDF878C0E8
S31502009F50199200FF5201209A149FCDE90E899BEDBA
S31502009F60313FA7FB02ECE5FB0AEC099A00FF52011E
S31502009F70E2FB03EC1F9AE2FB04EC9BED453F089AD9
S31502009F80049CE0FB02EC00FF5201109AE4FB02EC97
S31502009F909BED593F0B9C019AE6FB04EC00FF520134
S31502009FA00A9C059EE6FB04EC8EFD4B1E4446239E50
S31502009FB034199BED0D1FA0460F9E24F07E449BEDA7
S31502009FC0213F41EB0609139958EA5F6900FF5201E6
S31502009FD0E2FB01ECDDE90C16E6FB01EC9BED353FFD
S31502009FE0159ACDF838E0AAFB07E100FF5201D460CA
S31502009FF01D9C9BED493F099AE5FB04E1169C00FF77
S3150200A0005201119EE4FB03E1029C9BED5D3FE2FBE4
S3150200A01004E1E6FB00E1089A00FF5201049EE6FB1A
S3150200A02002E1069E8EFD4F1E179AE6FB02E1059E91
S3150200A0309BED111F0B9AE6FB02E1019A9BED253F70
S3150200A040199EE2FB06E100FF5201139E0C9AE6FB03
S3150200A05002E19BED393F1EEB080E41EB0901CDF8FB
S3150200A06008E000FF52010391DDE9028958EA9F697F
S3150200A0709BED4D3F1F9E159A2EF07C4100FF52012B
S3150200A080A7FB06AE1161099A9BED613F109EE5FBA7
S3150200A09002AE089A00FF52010294E3FB02AEE4FB11
S3150200A0A006AE8EFD531E0B9C049E9EFD471EE0FBD4
S3150200A0B004AE0A9C059AA1EF5025E6FB04AE069E65
S3150200A0C0139CA1FF50240D99E6FB04AE44469EFD67
S3150200A0D03F5E0E9E4900341902FF54210D9E0E94D6
S3150200A0E0E2FB06AE8EFD573E159A24F07E4454617D
S3150200A0F09EFD331E1C9C019A4CEB090C9EFD535E81
S3150200A100E2FB04AE129C00FF54010C9ACDF83CC04F
S3150200A110E4FB02AE8EFD6B1EDDE90E89CDF850A082
S3150200A120099A9EFD4B1E58EA5F69A2FB074C169AD6
S3150200A130A1EF50251893E5FB024C119AA1FF50247A
S3150200A140049EE2FB034C029B9EFD2F5E089ACDE91C
S3150200A1500E89E3FB024C02FF5421179B059A8EFDE2
S3150200A1605B3EE0FB034C0B9BE6FB034C9EFD371E5E
S3150200A170069E199BE6FB034C9EFD435E139BE2FB88
S3150200A180034C019B00FF54010C9AE3FB014C1C9B00
S3150200A1908EFD6F1EE3FB024C14EB08080F9C9EFD1E
S3150200A1A04F1ECDF818804CEB04040794A1EF5025FE
S3150200A1B0DDE9062352EA9F63CDE90623A1FF502477
S3150200A1C0159B109A9EFD335E28F07C48C3F81880D2
S3150200A1D0129B02FF5421A7FB02C84FEA4309089BC0
S3150200A1E08EFD5F3E119AE5FB03C8A7FB033A9EFD6F
S3150200A1F03B1EE5FB023ADDE917240B9D9EFD475EF9
S3150200A200E4FB023AE4FB05C8029C00FF5401059AEE
S3150200A210E4FB053A0A9D8EFD731EE4FB05C8199DF3
S3150200A220139C9EFD531EE0FB053AE0FB04C8A1EF1A
S3150200A230502504981A9DE0FB043AA1FF50240D9C78
S3150200A240E6FB013AE0FB04C89EFD375E1C98129CB1
S3150200A250E6FB00C802FF5421E2FB003AE2FB04C817
S3150200A2601B988EFD633E019A149EE2FB093A9EFDFF
S3150200A2703F1EE2FB00C80C9AE0FB023A9EFD4B5ED3
S3150200A280E2FB05C8069A00FF5401079DB418224650
S3150200A2908EFD771E19464EEB050352EA5F639EFD5D
S3150200A2A0431E1598891824F07E44A1EF5025C461F7
S3150200A2B00C464AEB0305A1FF502454EA9F651CEBAA
S3150200A2C0040C62469EFD3B5E48EB050352EA5F6361
S3150200A2D0144602FF54211D4654EACF0521F07C4163
S3150200A2E08EFD673E01622CF07E419EFD2F1E41626D
S3150200A2F0A11845EB03049EFD4F5E49186441891877
S3150200A30000FF540144EB0304219BC9188EFD7B1EFA
S3150200A3100A4644F1000352EA9F639EFD577E21F0EE
S3150200A3207C41016022999EFD6B9E8B181E9923F03B
S3150200A3307E421BED7F1F01EB5363C0E9012324B06C
S3150200A340BDE8F88FAFF30080AFF30080AFF3008073
S3150200A3502DE9F84FA4B007B443F2043BC2F2002B36
S3150200A360DBF800B00BF5FE7B01A309E0AFF300803A
S3150200A3700000000004000000080000000C000000BD
S3150200A38093ED00FF43F20433C2F200231B6803F28B
S3150200A390F4532FEE43EF07BC4FF0260C9BED013F23
S3150200A3A09646536800FF5601176A9468D26802FF00
S3150200A3B058210CFB02F615900A9220EF5041DEF866
S3150200A3C010008A691E968BED655F0292DEF81460B4
S3150200A3D000EBC00222EF52A100EB4208CDF86080EA
S3150200A3E0DEF81C200EFD35BE0CFB06F80D961BEDA5
S3150200A3F06B1F0E691B9704969BED153F0F6A164657
S3150200A4004D6A00FF56011497DEF81870199502FF7F
S3150200A41058213A462546CDF87480B2EF50450CFBDA
S3150200A42006F807EBC70704EBC404B2FF504402EB7D
S3150200A430470A0B9505EB44040EFD595E10930CFB7F
S3150200A44003F5B2EF52A51390CB694869B2FF52A445
S3150200A4501C921296CDF858808EFD0BBECF68DEF8A0
S3150200A460242006971BED571F8F680CFB02FC0597ED
S3150200A4709BED293FDEF800701A924A6800FF5601EA
S3150200A48008971B9F019202FF58210A680A99A2EFB8
S3150200A4905245CDF844C007EBC70C07EB4C0CA2FFA4
S3150200A4A0524401EBC10E149F01EB4E0E0EFD7D5E72
S3150200A4B0CDF824C0AEFB07EC1999A1EF50A5189E62
S3150200A4C0E1FB04ECA4FB0741A1FF50A41893E6FBB1
S3150200A4D003EC199B0EFD19BE059FE3FB05411BED1F
S3150200A4E0431FA046189B1E9D9BED3D3F029CE5FB2C
S3150200A4F00381E6FB048100FF56011D9C049DE4FBDB
S3150200A500008102FF5821EAFB0581169C1896B5EFD9
S3150200A5105245069EE4FB0681099EB5FF5244019C04
S3150200A520E6FB0781119E0EFD3D5EE6FB0481089E59
S3150200A530B4EF50A5029CE6FB02810D9EB4FF50A427
S3150200A5400F9106EBC60106EB41018EFD27BEE1FB2C
S3150200A55004EC129CEAFB00EC1BED2F1FCDF83880B1
S3150200A56028F07C48CDF884809BED513F04EBC4086B
S3150200A57004EB4808E8FB05EC00FF5601069E099D20
S3150200A5801F9002FF5821E5FB06ECDDE90E67A9EFF5
S3150200A590504556EA9F6740461A9DA9FF5044CDE9A9
S3150200A5A00E6705EBC508059F0EFD615E05EB4808C3
S3150200A5B0E8FB07EC089CA9EF52A5019D0C92E5FB6E
S3150200A5C004ECA9FF52A4109D0E9CE5FB02EC8EFD45
S3150200A5D003BE6A00149F9EFD5B7E17920F9A1EEBC6
S3150200A5E004049EFD6F9E46464CEB0209A0461BEDF7
S3150200A5F07B1FDDE9182524F07E4CA7FB01419BED6C
S3150200A600053FE5FB02410246EAFB034100FF560114
S3150200A61020900298CDF888C002FF5821E2FB004143
S3150200A6201F98099AA1EF52451F96E2FB0041A1FF2E
S3150200A63052443246049E58EA5F690EFD715EE2FBA1
S3150200A6400641069E089A20EF50A1E6FB0241109EA3
S3150200A650059A0EFD0DBEE2FB06410B9E019A1BED0D
S3150200A660671FE2FB0641A4460C9A9BED193F0A9C22
S3150200A670049EE4FB02C100FF5601189CCDF88CC073
S3150200A68002FF5821A4FB07EC1E9C169AB6EF504512
S3150200A690E5FB04EC1D9C059FB6FF5044E4FB03EC6E
S3150200A6A0029CEAFB04EC8BED695FE2FB00EC099A83
S3150200A6B0E2FB06ECB6EF52A5069E119AE2FB06EC09
S3150200A6C0B6FF52A4089AE7FB02EC0EFD31BE179ABA
S3150200A6D0019FE7FB02EC1BED531FDDE90B72E7FB63
S3150200A6E002EC1EEB080E9BED2D3F4CEB0902CDF85A
S3150200A6F038E00F9200FF56010A9ADDE90E8958EA00
S3150200A7009F6902FF58212EF07C4C5200CDF878C08A
S3150200A710A5EF50451992209A149FA5FF5044CDE902
S3150200A7200E89A7FB02EC0EFD555EE5FB0AEC099AC3
S3150200A730E2FB03ECA5EF52A51F9AE2FB04EC089A92
S3150200A740A5FF52A4049CE0FB02EC109A8EFD0FBEFC
S3150200A750E4FB02EC0B9C019A1BED3F1FE6FB04ECAB
S3150200A7600A9C059E9BED413FE6FB04EC4446239E74
S3150200A77000FF56013419A04602FF58210F9E24F00D
S3150200A7807E4441EB0609B7EF5245139958EA5F69D1
S3150200A790E2FB01ECB7FF5244DDE90C16E6FB01ECE5
S3150200A7A0159A0EFD795ECDF838E0AAFB07E1D46072
S3150200A7B0B6EF50A51D9C099AE5FB04E1B6FF50A42D
S3150200A7C0169C119EE4FB03E10EFD15BE029CE2FB04
S3150200A7D004E11BED2B1FE6FB00E1089A049E9BEDAC
S3150200A7E0553FE6FB02E1069E179A00FF5601E6FB7D
S3150200A7F002E1059E0B9A02FF5821E6FB02E1019A4D
S3150200A800199EA1EF5045E2FB06E1139E0C9AA1FFA9
S3150200A8105044E6FB02E11EEB080E0EFD395E41EBEB
S3150200A8200901CDF808E00391A1EF52A5DDE90289FD
S3150200A83058EA9F691F9EA1FF52A4159A2EF07C41E9
S3150200A840A7FB06AE8EFD2BBE1161099A109E9EFDD8
S3150200A8505F7EE5FB02AE089A02949EFD739EE3FBC1
S3150200A86002AEE4FB06AE0B9C1BED771F049EE0FBDB
S3150200A87004AE9BED093F0A9C059AE6FB04AE00FF77
S3150200A8805601069E139C0D9902FF5821E6FB04AE63
S3150200A89044460E9EBFEF5045490034190D9EBFFF38
S3150200A8A050440E94E2FB06AE159A0EFD495E24F064
S3150200A8B07E4454611C9CBFEF52A5019A4CEB090CD5
S3150200A8C0BFFF52A4E2FB04AE129C0C9A8EFD1BBE85
S3150200A8D0CDF83CC0E4FB02AEDDE90E891BED631F39
S3150200A8E0CDF850A0099A58EA5F699BED1D3FA2FB7D
S3150200A8F0074C169A189300FF5601E5FB024C119A73
S3150200A900049E02FF5821E2FB034C029BA3EF504533
S3150200A910089ACDE90E89E3FB024CA3FF5044179B2C
S3150200A920059AE0FB034C0EFD6D5E0B9BE6FB034CAA
S3150200A930069EA3EF52A5199BE6FB034C139BA3FFAE
S3150200A94052A4E2FB034C019B0C9A0EFD09BEE3FBEB
S3150200A950014C1C9BE3FB024C1BED4F1F14EB08083A
S3150200A9600F9C9BED313FCDF818804CEB0404079405
S3150200A97000FF5601DDE9062352EA9F63CDE906236D
S3150200A98002FF5821159B109A28F07C48B6EF5245D3
S3150200A990C3F81880129BA7FB02C8B6FF52444FEABF
S3150200A9A04309089B119A8BED6D5FE5FB03C8A7FB74
S3150200A9B0033AE5FB023AB5EF50A5DDE917240B9DF4
S3150200A9C0B5FF50A4E4FB023AE4FB05C8029C0EFD67
S3150200A9D02DBE059AE4FB053A0A9D1BED3B1FE4FBDF
S3150200A9E005C8199D139C9BED453FE0FB053AE0FB2C
S3150200A9F004C8049800FF56011A9DE0FB043A0D9C18
S3150200AA0002FF5821E6FB013AE0FB04C8A8EF5245D3
S3150200AA101C98129CE6FB00C8A8FF5244E2FB003ACF
S3150200AA20E2FB04C81B980EFD515E019A149EE2FBDE
S3150200AA30093AA7EF50A5E2FB00C80C9AE0FB023ADE
S3150200AA40A7FF50A4E2FB05C8069A079D8EFD13BE1A
S3150200AA50B418224619461BED271F4EEB050352EA90
S3150200AA605F639BED593F1598891824F07E4400FFD9
S3150200AA705601C4610C464AEB030502FF582154EA0B
S3150200AA809F651CEB040C6246BFEF524548EB05037B
S3150200AA9052EA5F631446BFFF52441D4654EACF058D
S3150200AAA021F07C410EFD755E01622CF07E41416211
S3150200AAB0BEEF50A5A11845EB0304BEFF50A44918EA
S3150200AAC0644189180EFD11BE44EB0304219BC9188B
S3150200AAD09EFD637E0A4644F1000352EA9F639EFD91
S3150200AAE0779E21F07C41016022991BED731F8B1822
S3150200AAF01E9923F07E429BED0D3F01EB5363C0E9A5
S3150200AB00012324B0BDE8F88FAFF30080AFF30080D5
S3150200AB102DE9F84FA4B007B443F2043BC2F2002B6E
S3150200AB20DBF800B00BF5FE7B01A309E0AFF3008072
S3150200AB300000000004000000080000000C000000F5
S3150200AB4093ED00FF43F20433C2F200231B6803F2C3
S3150200AB50F4532FEE43EF07BC4FF0260C00FF5601CD
S3150200AB609646536802FF5821176A9468D268AEEF78
S3150200AB7050450CFB02F615900A92AEFF5044DEF8E1
S3150200AB8010008A691E968BED795F0292DEF81460D8
S3150200AB9000EBC002AEEF52A500EB4208CDF8608092
S3150200ABA0DEF81C20AEFF52A40CFB06F80D960EFD35
S3150200ABB021BE0E691B9704961BED5F1F0F6A164690
S3150200ABC04D6A9BED213F1497DEF81870199500FF28
S3150200ABD056013A462546CDF8748002FF58210CFBF1
S3150200ABE006F807EBC70704EBC404BCEF524502EBB9
S3150200ABF0470A0B9505EB4404BCFF524410930CFB29
S3150200AC0003F50EFD455E1390CB694869BBEF50A56F
S3150200AC101C921296CDF85880BBFF50A4CF68DEF87E
S3150200AC20242006978EFD1FBE8F680CFB02FC05973B
S3150200AC301BED4B1FDEF800701A924A689BED353FFA
S3150200AC4008971B9F019200FF56010A680A9902FFA4
S3150200AC505821CDF844C007EBC70C07EB4C0CADEFFF
S3150200AC60524501EBC10E149F01EB4E0EADFF52444D
S3150200AC70CDF824C0AEFB07EC19990EFD695E189E4D
S3150200AC80E1FB04ECA4FB0741ACEF50A51893E6FBED
S3150200AC9003EC199BACFF50A4059FE3FB05410EFD97
S3150200ACA005BEA046189B1E9D1BED371F029CE5FBA9
S3150200ACB00381E6FB04819BED493F1D9C049DE4FB59
S3150200ACC0008100FF5601EAFB0581169C189602FFD9
S3150200ACD05821069EE4FB0681099EABEF5245019C74
S3150200ACE0E6FB0781119EABFF5244E6FB0481089EF8
S3150200ACF08BED715F029CE6FB02810D9EAAEF50A5C9
S3150200AD000F9106EBC60106EB4101AAFF50A4E1FB37
S3150200AD1004EC129CEAFB00EC0EFD29BECDF838804D
S3150200AD2028F07C48CDF884801BED231F04EBC40871
S3150200AD3004EB4808E8FB05EC9BED5D3F069E099D8A
S3150200AD401F9000FF5601E5FB06ECDDE90E6702FFE8
S3150200AD50582156EA9F6740461A9DBCEF5045CDE9F9
S3150200AD600E6705EBC508059FBCFF504405EB480876
S3150200AD70E8FB07EC089C0EFD4D5E019D0C92E5FB7F
S3150200AD8004ECBCEF52A5109D0E9CE5FB02ECBCFF49
S3150200AD9052A46A00149F8EFD17BE17920F9A1EEBDD
S3150200ADA004049EFD677E46464CEB0209A0469EFDC4
S3150200ADB07B9EDDE9182524F07E4CA7FB01411BEDA5
S3150200ADC06F1FE5FB02410246EAFB03419BED113F81
S3150200ADD020900298CDF888C000FF5601E2FB0041A0
S3150200ADE01F98099A02FF58211F96E2FB0041AEEF17
S3150200ADF052453246049E58EA5F69AEFF5244E2FB70
S3150200AE000641069E089A0EFD5D5EE6FB0241109E15
S3150200AE10059AADEF50A5E2FB06410B9E019AADFFE6
S3150200AE2050A4E2FB0641A4460C9A8EFD07BE0A9C7C
S3150200AE30049EE4FB02C11BED5B1F189CCDF88CC07F
S3150200AE409BED253FA4FB07EC1E9C169A00FF5601BC
S3150200AE50E5FB04EC1D9C059F02FF5821E4FB03EC75
S3150200AE60029CEAFB04ECAAEF5045E2FB00EC099ACD
S3150200AE70E2FB06ECAAFF5044069E119AE2FB06ECA0
S3150200AE808BED7D5F089AE7FB02ECAAEF52A5179AB3
S3150200AE90019FE7FB02ECAAFF52A4DDE90B72E7FB76
S3150200AEA002EC1EEB080E0EFD1DBE4CEB0902CDF8A0
S3150200AEB038E00F921BED471F0A9ADDE90E8958EA20
S3150200AEC09F699BED393F2EF07C4C5200CDF878C03D
S3150200AED000FF56011992209A149F02FF5821CDE9CC
S3150200AEE00E89A7FB02ECB4EF5245E5FB0AEC099A80
S3150200AEF0E2FB03ECB4FF52441F9AE2FB04EC089A0D
S3150200AF000EFD415E049CE0FB02EC109AB3EF50A5E5
S3150200AF10E4FB02EC0B9C019AB3FF50A4E6FB04ECA3
S3150200AF200A9C059E8EFD23BEE6FB04EC4446239E48
S3150200AF301BED331F3419A0469BED4D3F0F9E24F0A7
S3150200AF407E4441EB060900FF5601139958EA5F69F0
S3150200AF50E2FB01EC02FF5821DDE90C16E6FB01ECEF
S3150200AF60159AA4EF5045CDF838E0AAFB07E1D46064
S3150200AF70A4FF50441D9C099AE5FB04E10EFD655EA3
S3150200AF80169C119EE4FB03E1A4EF52A5029CE2FB90
S3150200AF9004E1A4FF52A4E6FB00E1089A049E0EFD1A
S3150200AFA001BEE6FB02E1069E179A1BED1F1FE6FB9A
S3150200AFB002E1059E0B9A9BED613FE6FB02E1019AD7
S3150200AFC0199E00FF5601E2FB06E1139E0C9A02FF50
S3150200AFD05821E6FB02E11EEB080EA7EF504541EBB6
S3150200AFE00901CDF808E00391A7FF5044DDE9028983
S3150200AFF058EA9F691F9E8BED755F159A2EF07C416C
S3150200B000A7FB06AEA7EF52A51161099A109EA7FFEC
S3150200B01052A4E5FB02AE089A02940EFD25BEE3FB9E
S3150200B02002AEE4FB06AE0B9C9BED651F049EE0FBA5
S3150200B03004AE9BED693F0A9C059AE6FB04AE9BEDC6
S3150200B0406D5F069E139C0D999BED71BFE6FB04AEE8
S3150200B05044460E9E9BED75DF490034190D9E14EF92
S3150200B06052610E94E2FB06AE159A06FF506124F079
S3150200B0707E4454611C9C0BED7F7F019A4CEB090CBC
S3150200B0801AEF5461E2FB04AE129C0C9A06FF52615F
S3150200B090CDF83CC0E4FB02AEDDE90E890BED7B7F09
S3150200B0A0CDF850A0099A58EA5F691CEF5A61A2FBD3
S3150200B0B0074C169A189306FF5461E5FB024C119A47
S3150200B0C0049E0BED777FE2FB034C029B10EF5C6163
S3150200B0D0089ACDE90E89E3FB024C06FF5A61179BDB
S3150200B0E0059AE0FB034C0BED737F0B9BE6FB034CCF
S3150200B0F0069E12EF5061199BE6FB034C139B06FF5B
S3150200B1005C61E2FB034C019B0C9A0BED6F7FE3FB48
S3150200B110014C1C9BE3FB024C9BED791F14EB0808C8
S3150200B1200F9C9BED7D3FCDF818804CEB04040794F1
S3150200B1301EFD7D5EDDE9062352EA9F63CDE9062305
S3150200B1401EFD79BE159B109A28F07C481EFD75DE01
S3150200B150C3F81880129BA7FB02C814EF52614FEA8C
S3150200B1604309089B119A06FF5061E5FB03C8A7FB3A
S3150200B170033AE5FB023A0BED6B7FDDE917240B9DE3
S3150200B1801AEF5461E4FB023AE4FB05C8029C06FF8F
S3150200B1905261059AE4FB053A0A9D0BED677FE4FBD3
S3150200B1A005C8199D139C1CEF5A61E0FB053AE0FBAA
S3150200B1B004C8049806FF54611A9DE0FB043A0D9CEC
S3150200B1C00BED637FE6FB013AE0FB04C810EF5C611E
S3150200B1D01C98129CE6FB00C806FF5A61E2FB003A85
S3150200B1E0E2FB04C81B980BED5F7F019A149EE2FBFB
S3150200B1F0093A12EF5061E2FB00C80C9AE0FB023AF0
S3150200B20006FF5C61E2FB05C8069A079D0BED5B7FB4
S3150200B210B418224619461EFD711E4EEB050352EA6C
S3150200B2205F631EFD6D3E1598891824F07E441EFD4F
S3150200B230695EC4610C464AEB03051EFD65BE54EA0F
S3150200B2409F651CEB040C62461EFD61DE48EB05039E
S3150200B25052EA5F63144614EF52611D4654EACF0563
S3150200B26021F07C4106FF506101622CF07E41416271
S3150200B2700BED577FA11845EB03041AEF54614918E9
S3150200B2806441891806FF526144EB0304219BC918E5
S3150200B2900BED537F0A4644F1000352EA9F631CEF0B
S3150200B2A05A6121F07C410160229906FF54618B1894
S3150200B2B01E9923F07E420BED4F7F01EB5363C0E9EB
S3150200B2C0012324B0BDE8F88FAFF30080AFF300800E
S3150200B2D02DE9F84FA4B007B443F2043BC2F2002BA7
S3150200B2E0DBF800B00BF5FE7B01A309E0AFF30080AB
S3150200B2F00000000004000000080000000C0000002E
S3150200B30093ED00FF43F20433C2F200231B6803F2FB
S3150200B310F4532FEE43EF07BC4FF0260C10EF5C619F
S3150200B3209646536806FF5A61176A9468D2680BED0F
S3150200B3304B7F0CFB02F615900A9212EF5061DEF873
S3150200B34010008A691E9606FF5C610292DEF814609E
S3150200B35000EBC0020BED477F00EB4208CDF86080A0
S3150200B360DEF81C201EFD5D1E0CFB06F80D961EFD6A
S3150200B370593E0E691B9704961EFD555E0F6A1646C8
S3150200B3804D6A1EFD51BE1497DEF8187019951EFD02
S3150200B3904DDE3A462546CDF8748014EF52610CFB19
S3150200B3A006F807EBC70704EBC40406FF506102EB7D
S3150200B3B0470A0B9505EB44040BED437F10930CFBF8
S3150200B3C003F51AEF54611390CB69486906FF52617F
S3150200B3D01C921296CDF858800BED3F7FCF68DEF8AF
S3150200B3E0242006971CEF5A618F680CFB02FC059716
S3150200B3F006FF5461DEF800701A924A680BED3B7F35
S3150200B40008971B9F019210EF5C610A680A9906FF72
S3150200B4105A61CDF844C007EBC70C07EB4C0C0BED99
S3150200B420377F01EBC10E149F01EB4E0E12EF5061F6
S3150200B430CDF824C0AEFB07EC199906FF5C61189E95
S3150200B440E1FB04ECA4FB07410BED337F1893E6FB0B
S3150200B45003EC199B1EFD491E059FE3FB05411EFDDC
S3150200B460453EA046189B1E9D1EFD415E029CE5FBC5
S3150200B4700381E6FB04811EFD3DBE1D9C049DE4FB8B
S3150200B48000811EFD39DEEAFB0581169C189614EF33
S3150200B4905261069EE4FB0681099E06FF5061019CED
S3150200B4A0E6FB0781119E0BED2F7FE6FB0481089ECA
S3150200B4B01AEF5461029CE6FB02810D9E06FF526161
S3150200B4C00F9106EBC60106EB41010BED2B7FE1FB6B
S3150200B4D004EC129CEAFB00EC1CEF5A61CDF83880B2
S3150200B4E028F07C48CDF8848006FF546104EBC4083A
S3150200B4F004EB4808E8FB05EC0BED277F069E099D49
S3150200B5001F9010EF5C61E5FB06ECDDE90E6706FFB6
S3150200B5105A6156EA9F6740461A9D0BED237FCDE995
S3150200B5200E6705EBC508059F12EF506105EB48084B
S3150200B530E8FB07EC089C06FF5C61019D0C92E5FBAB
S3150200B54004EC0BED1F7F109D0E9CE5FB02EC1EFD2D
S3150200B550351E6A00149F1EFD313E17920F9A1EEB8E
S3150200B56004041EFD2D5E46464CEB0209A0461EFD56
S3150200B57029BEDDE9182524F07E4CA7FB01411EFDFC
S3150200B58025DEE5FB02410246EAFB034114EF526166
S3150200B59020900298CDF888C006FF5061E2FB004178
S3150200B5A01F98099A8BED017F1F96E2FB00411AEF65
S3150200B5B054613246049E58EA5F6906FF5261E2FB15
S3150200B5C00641069E089A8BED057FE6FB0241109E18
S3150200B5D0059A1CEF5A61E2FB06410B9E019A06FF91
S3150200B5E05461E2FB0641A4460C9A8BED097F0A9C44
S3150200B5F0049EE4FB02C110EF5C61189CCDF88CC07E
S3150200B60006FF5A61A4FB07EC1E9C169A8BED0D7F72
S3150200B610E5FB04EC1D9C059F12EF5061E4FB03EC75
S3150200B620029CEAFB04EC06FF5C61E2FB00EC099A71
S3150200B630E2FB06EC8BED117F069E119AE2FB06EC0D
S3150200B6401EFD211E089AE7FB02EC1EFD1D3E179AFF
S3150200B650019FE7FB02EC1EFD195EDDE90B72E7FBBB
S3150200B66002EC1EEB080E1EFD15BE4CEB0902CDF8D0
S3150200B67038E00F921EFD11DE0A9ADDE90E8958EABC
S3150200B6809F6914EF52612EF07C4C5200CDF878C0BF
S3150200B69006FF50611992209A149F8BED157FCDE912
S3150200B6A00E89A7FB02EC1AEF5461E5FB0AEC099A34
S3150200B6B0E2FB03EC06FF52611F9AE2FB04EC089AD6
S3150200B6C08BED197F049CE0FB02EC109A1CEF5A6189
S3150200B6D0E4FB02EC0B9C019A06FF5461E6FB04ECC8
S3150200B6E00A9C059E8BED1D7FE6FB04EC4446239ED9
S3150200B6F010EF5C613419A04606FF5A610F9E24F0D2
S3150200B7007E4441EB06098BED217F139958EA5F6966
S3150200B710E2FB01EC12EF5061DDE90C16E6FB01ECEF
S3150200B720159A06FF5C61CDF838E0AAFB07E1D46002
S3150200B7308BED257F1D9C099AE5FB04E11EFD0D1E7E
S3150200B740169C119EE4FB03E11EFD093E029CE2FBF0
S3150200B75004E11EFD055EE6FB00E1089A049E1EFD5D
S3150200B76001BEE6FB02E1069E179A9EFD03DEE6FB9C
S3150200B77002E1059E0B9A14EF5261E6FB02E1019A81
S3150200B780199E06FF5061E2FB06E1139E0C9A8BEDB1
S3150200B790297FE6FB02E11EEB080E1AEF546141EB2C
S3150200B7A00901CDF808E0039106FF5261DDE902893D
S3150200B7B058EA9F691F9E8BED2D7F159A2EF07C41CC
S3150200B7C0A7FB06AE1CEF5A611161099A109E06FF8D
S3150200B7D05461E5FB02AE089A02948BED317FE3FBDE
S3150200B7E002AEE4FB06AE0B9C10EF5C61049EE0FB2E
S3150200B7F004AE06FF5A610A9C059AE6FB04AE8BED7F
S3150200B800357F069E139C0D9912EF5061E6FB04AE3E
S3150200B81044460E9E06FF5C61490034190D9E8BED6F
S3150200B820397F0E94E2FB06AE159A9EFD071E24F0A2
S3150200B8307E4454611C9C9EFD0B3E019A4CEB090C06
S3150200B8409EFD0F5EE2FB04AE129C0C9A9EFD13BE99
S3150200B850CDF83CC0E4FB02AEDDE90E899EFD17DEA3
S3150200B860CDF850A0099A58EA5F6914EF5261A2FB1B
S3150200B870074C169A189306FF5061E5FB024C119A83
S3150200B880049E8BED3D7FE2FB034C029B1AEF546153
S3150200B890089ACDE90E89E3FB024C06FF5261179B1B
S3150200B8A0059AE0FB034C8BED417F0B9BE6FB034CB9
S3150200B8B0069E1CEF5A61199BE6FB034C139B06FF7F
S3150200B8C05461E2FB034C019B0C9A8BED457FE3FB33
S3150200B8D0014C1C9BE3FB024C10EF5C6114EB080865
S3150200B8E00F9C06FF5A61CDF818804CEB04040794AE
S3150200B8F08BED497FDDE9062352EA9F63CDE90623F4
S3150200B90012EF5061159B109A28F07C4806FF5C6185
S3150200B910C3F81880129BA7FB02C88BED4D7F4FEA36
S3150200B9204309089B119A9EFD1B1EE5FB03C8A7FB54
S3150200B930033AE5FB023A9EFD1F3EDDE917240B9D05
S3150200B9409EFD235EE4FB023AE4FB05C8029C9EFDD3
S3150200B95027BE059AE4FB053A0A9D9EFD2BDEE4FB13
S3150200B96005C8199D139C14EF5261E0FB053AE0FBF2
S3150200B97004C8049806FF50611A9DE0FB043A0D9C28
S3150200B9808BED517FE6FB013AE0FB04C81AEF5461E6
S3150200B9901C98129CE6FB00C806FF5261E2FB003AC5
S3150200B9A0E2FB04C81B988BED557F019A149EE2FBBD
S3150200B9B0093A1CEF5A61E2FB00C80C9AE0FB023A14
S3150200B9C006FF5461E2FB05C8069A079D8BED597F77
S3150200B9D0B4182246194610EF5C614EEB050352EA93
S3150200B9E05F6306FF5A611598891824F07E448BED31
S3150200B9F05D7FC4610C464AEB030512EF506154EABF
S3150200BA009F651CEB040C624606FF5C6148EB05036E
S3150200BA1052EA5F6314468BED617F1D4654EACF05F9
S3150200BA2021F07C411BED1B1F01622CF07E4141621D
S3150200BA301BED7F3FA11845EB030402FF5021491875
S3150200BA40644189180BED7F3F44EB0304219BC9181F
S3150200BA501BED171F0A4644F1000352EA9F639BED52
S3150200BA60013F21F07C410160229902FF50218B188F
S3150200BA701E9923F07E428BED013F01EB5363C0E931
S3150200BA80012324B0BDE8F88FAFF30080AFF3008046
S3150200BA902DE9F84FA4B007B443F2043BC2F2002BDF
S3150200BAA0DBF800B00BF5FE7B01A309E0AFF30080E3
S3150200BAB00000000004000000080000000C00000066
S3150200BAC093ED00FF43F20433C2F200231B6803F234
S3150200BAD0F4532FEE43EF07BC4FF0260C1BED7F1FEE
S3150200BAE096465368176A9468D2681BED6B3F0CFB47
S3150200BAF002F615900A92DEF810008A691E9600FF79
S3150200BB0052010292DEF8146000EBC00200EB42081A
S3150200BB10CDF86080DEF81C201BED573F0CFB06F8C3
S3150200BB200D960E691B9704960F6A00FF5201164680
S3150200BB304D6A1497DEF8187019951BED433F3A4685
S3150200BB402546CDF874800CFB06F807EBC70704EB15
S3150200BB50C40400FF520102EB470A0B9505EB4404AD
S3150200BB6010930CFB03F513901BED2F3FCB6948692D
S3150200BB701C921296CDF85880CF6800FF5201DEF86B
S3150200BB80242006978F680CFB02FC05978EFD2F1E5C
S3150200BB90DEF800701A924A6808971B9F01921BED05
S3150200BBA07B1F0A680A99CDF844C007EBC70C07EB5E
S3150200BBB04C0C01EBC10E1BED673F149F01EB4E0EC1
S3150200BBC0CDF824C0AEFB07EC1999189E00FF52016E
S3150200BBD0E1FB04ECA4FB07411893E6FB03EC199B7B
S3150200BBE0059F1BED533FE3FB0541A046189B1E9D97
S3150200BBF0029C00FF5201E5FB0381E6FB04811D9CCA
S3150200BC00049DE4FB0081EAFB05811BED3F3F169C88
S3150200BC101896069EE4FB0681099E019C00FF5201CE
S3150200BC20E6FB0781119EE6FB0481089E029CE6FB69
S3150200BC3002811BED2B3F0D9E0F9106EBC60106EB13
S3150200BC404101E1FB04EC00FF5201129CEAFB00EC0D
S3150200BC50CDF8388028F07C48CDF8848004EBC408FF
S3150200BC608EFD331E04EB4808E8FB05EC069E099D93
S3150200BC701F90E5FB06EC1BED771FDDE90E6756EA22
S3150200BC809F6740461A9DCDE90E6705EBC5081BED79
S3150200BC90633F059F05EB4808E8FB07EC089C019DFE
S3150200BCA00C9200FF5201E5FB04EC109D0E9CE5FB95
S3150200BCB002EC6A001BED4F3F149F17920F9A1EEB80
S3150200BCC0040446464CEB020900FF5201A046DDE998
S3150200BCD0182524F07E4CA7FB0141E5FB02410246F2
S3150200BCE01BED3B3FEAFB034120900298CDF888C04A
S3150200BCF0E2FB00411F9800FF5201099A1F96E2FBE0
S3150200BD0000413246049E1BED273F58EA5F69E2FB7B
S3150200BD100641069E089AE6FB0241109E00FF52016A
S3150200BD20059AE2FB06410B9E019AE2FB0641A446F6
S3150200BD308EFD371E0C9A0A9C049EE4FB02C1189CD7
S3150200BD40CDF88CC01BED731FA4FB07EC1E9C169A44
S3150200BD50E5FB04EC1D9C059F1BED5F3FE4FB03EC3A
S3150200BD60029CEAFB04ECE2FB00EC099A00FF52019A
S3150200BD70E2FB06EC069E119AE2FB06EC089AE7FB4A
S3150200BD8002EC1BED4B3F179A019FE7FB02ECDDE944
S3150200BD900B72E7FB02EC1EEB080E00FF52014CEBA6
S3150200BDA00902CDF838E00F920A9ADDE90E8958EABF
S3150200BDB09F691BED373F2EF07C4C5200CDF878C0C0
S3150200BDC01992209A00FF5201149FCDE90E89A7FB12
S3150200BDD002ECE5FB0AEC099AE2FB03EC1BED233FBE
S3150200BDE01F9AE2FB04EC089A049CE0FB02EC109A10
S3150200BDF000FF5201E4FB02EC0B9C019AE6FB04EC09
S3150200BE000A9C059E8EFD3B1EE6FB04EC4446239EE1
S3150200BE103419A0460F9E1BED6F1F24F07E4441EBA2
S3150200BE200609139958EA5F69E2FB01EC1BED5B3FD9
S3150200BE30DDE90C16E6FB01EC159ACDF838E0AAFB13
S3150200BE4007E1D46000FF52011D9C099AE5FB04E15B
S3150200BE50169C119EE4FB03E11BED473F029CE2FBAD
S3150200BE6004E1E6FB00E1089A049EE6FB02E100FF1C
S3150200BE705201069E179AE6FB02E1059E0B9A1BEDFE
S3150200BE80333FE6FB02E1019A199EE2FB06E1139EAD
S3150200BE900C9A00FF5201E6FB02E11EEB080E41EB93
S3150200BEA00901CDF808E00391DDE902891BED1F3F88
S3150200BEB058EA9F691F9E159A2EF07C41A7FB06AE93
S3150200BEC0116100FF5201099A109EE5FB02AE089A23
S3150200BED00294E3FB02AE8EFD3F1EE4FB06AE0B9C14
S3150200BEE0049EE0FB04AE0A9C9BED011F059AE6FB4D
S3150200BEF004AE069E139C0D99E6FB04AE9BED153F20
S3150200BF0044460E9E490034190D9E0E9400FF5201BE
S3150200BF10E2FB06AE159A24F07E4454611C9C019AFB
S3150200BF209BED293F4CEB090CE2FB04AE129C0C9AEA
S3150200BF30CDF83CC000FF5201E4FB02AEDDE90E89FA
S3150200BF40CDF850A0099A58EA5F69A2FB074C9BED0F
S3150200BF503D3F169A1893E5FB024C119A049EE2FBAA
S3150200BF60034C00FF5201029B089ACDE90E89E3FBBE
S3150200BF70024C179B059A9BED513FE0FB034C0B9B32
S3150200BF80E6FB034C069E199BE6FB034C00FF52019F
S3150200BF90139BE2FB034C019B0C9AE3FB014C8EFDC7
S3150200BFA0431E1C9BE3FB024C14EB08080F9CCDF8C6
S3150200BFB018804CEB04049BED051F0794DDE906236C
S3150200BFC052EA9F63CDE90623159B109A9BED193F12
S3150200BFD028F07C48C3F81880129BA7FB02C84FEAD8
S3150200BFE04309089B00FF5201119AE5FB03C8A7FB10
S3150200BFF0033AE5FB023ADDE917249BED2D3F0B9D43
S3150200C000E4FB023AE4FB05C8029C059AE4FB053A06
S3150200C01000FF52010A9DE4FB05C8199D139CE0FB33
S3150200C020053AE0FB04C89BED413F04981A9DE0FBEC
S3150200C030043A0D9CE6FB013AE0FB04C800FF5201FC
S3150200C0401C98129CE6FB00C8E2FB003AE2FB04C81D
S3150200C0501B989BED553F019A149EE2FB093AE2FBBF
S3150200C06000C80C9A00FF5201E0FB023AE2FB05C847
S3150200C070069A079DB41822468EFD471E19464EEBB8
S3150200C080050352EA5F631598891824F07E449BEDF6
S3150200C090091FC4610C464AEB030554EA9F651CEB73
S3150200C0A0040C62469BED1D3F48EB050352EA5F63B3
S3150200C0B014461D4654EACF0500FF520121F07C4189
S3150200C0C001622CF07E414162A11845EB03049BED0F
S3150200C0D0313F49186441891844EB0304219BC9186E
S3150200C0E000FF52010A4644F1000352EA9F6321F01F
S3150200C0F07C41016022999BED453F8B181E9923F0E6
S3150200C1007E4201EB5363C0E9012324B0BDE8F88FF8
S3150200C1102DE9F84FA4B007B443F2043BC2F2002B58
S3150200C120DBF800B00BF5FE7B01A309E0AFF300805C
S3150200C1300000000004000000080000000C000000DF
S3150200C14093ED00FF43F20433C2F200231B6803F2AD
S3150200C150F4532FEE43EF07BC4FF0260C00FF5201BB
S3150200C16096465368176A9468D2689BED593F0CFB52
S3150200C17002F615900A92DEF810008A691E9600FFF2
S3150200C18052010292DEF8146000EBC00200EB420894
S3150200C190CDF86080DEF81C208EFD4B1E0CFB06F8E7
S3150200C1A00D960E691B9704969BED0D1F0F6A164698
S3150200C1B04D6A1497DEF8187019959BED213F3A46A1
S3150200C1C02546CDF874800CFB06F807EBC70704EB8F
S3150200C1D0C40400FF520102EB470A0B9505EB440427
S3150200C1E010930CFB03F59BED353F1390CB69486921
S3150200C1F01C921296CDF8588000FF5201CF68DEF8E5
S3150200C200242006978F680CFB02FC05979BED493F9D
S3150200C210DEF800701A924A6808971B9F019200FF87
S3150200C22052010A680A99CDF844C007EBC70C07EB1E
S3150200C2304C0C9BED5D3F01EBC10E149F01EB4E0EC4
S3150200C240CDF824C0AEFB07EC199900FF5201189EE7
S3150200C250E1FB04ECA4FB07411893E6FB03EC199BF4
S3150200C2608EFD4F1E059FE3FB0541A046189B1E9DB2
S3150200C2709BED111F029CE5FB0381E6FB04811D9CDD
S3150200C280049DE4FB00819BED253FEAFB0581169C9C
S3150200C2901896069EE4FB0681099E00FF5201019C48
S3150200C2A0E6FB0781119EE6FB0481089E9BED393F62
S3150200C2B0029CE6FB02810D9E0F9106EBC60106EB80
S3150200C2C0410100FF5201E1FB04EC129CEAFB00EC87
S3150200C2D0CDF8388028F07C48CDF884809BED4D3F20
S3150200C2E004EBC40804EB4808E8FB05EC069E099D2E
S3150200C2F01F9000FF5201E5FB06ECDDE90E6756EAE8
S3150200C3009F6740461A9D9BED613FCDE90E6705EB9F
S3150200C310C508059F05EB4808E8FB07EC089C00FFEB
S3150200C3205201019D0C92E5FB04EC109D0E9CE5FB6F
S3150200C33002EC8EFD531E6A00149F17920F9A1EEB93
S3150200C34004049EFD471E46464CEB0209A046DDE963
S3150200C350182524F07E4CA7FB0141A1EF5025E5FBF1
S3150200C36002410246EAFB034120900298CDF888C0BA
S3150200C370A1FF5024E2FB00411F98099A1F96E2FB97
S3150200C38000419EFD3F5E3246049E58EA5F69E2FB2B
S3150200C3900641069E089A02FF5421E6FB0241109EC0
S3150200C3A0059AE2FB06410B9E019A8EFD573EE2FB81
S3150200C3B00641A4460C9A0A9C049EE4FB02C19EFD19
S3150200C3C0331E189CCDF88CC0A4FB07EC1E9C169A53
S3150200C3D09EFD535EE5FB04EC1D9C059FE4FB03EC0E
S3150200C3E0029CEAFB04EC00FF5401E2FB00EC099A12
S3150200C3F0E2FB06EC069E119AE2FB06EC8EFD6B1E34
S3150200C400089AE7FB02EC179A019FE7FB02EC9EFDF6
S3150200C4104B1EDDE90B72E7FB02EC1EEB080E4CEB42
S3150200C4200902CDF838E00F92A1EF50250A9ADDE90C
S3150200C4300E8958EA9F692EF07C4C5200CDF878C0DE
S3150200C440A1FF50241992209A149FCDE90E89A7FBC9
S3150200C45002EC9EFD2F5EE5FB0AEC099AE2FB03EC79
S3150200C4601F9AE2FB04EC089A02FF5421049CE0FBAB
S3150200C47002EC109AE4FB02EC0B9C019A8EFD5B3EE9
S3150200C480E6FB04EC0A9C059EE6FB04EC4446239E6E
S3150200C4909EFD371E3419A0460F9E24F07E4441EBC2
S3150200C4A006099EFD435E139958EA5F69E2FB01ECB9
S3150200C4B0DDE90C16E6FB01EC159A00FF5401CDF8F6
S3150200C4C038E0AAFB07E1D4601D9C099AE5FB04E16A
S3150200C4D08EFD6F1E169C119EE4FB03E1029CE2FB9D
S3150200C4E004E19EFD4F1EE6FB00E1089A049EE6FB70
S3150200C4F002E1069E179AA1EF5025E6FB02E1059E90
S3150200C5000B9AE6FB02E1019A199EA1FF5024E2FB77
S3150200C51006E1139E0C9AE6FB02E11EEB080E9EFD57
S3150200C520335E41EB0901CDF808E00391DDE90289AA
S3150200C53058EA9F691F9E02FF5421159A2EF07C41EC
S3150200C540A7FB06AE1161099A109E8EFD5F3EE5FBC2
S3150200C55002AE089A0294E3FB02AEE4FB06AE0B9C23
S3150200C5609EFD3B1E049EE0FB04AE0A9C059AE6FB7A
S3150200C57004AE9EFD475E069E139C0D99E6FB04AE35
S3150200C58044460E9E00FF5401490034190D9E0E9436
S3150200C590E2FB06AE159A8EFD731E24F07E445461AC
S3150200C5A01C9C019A4CEB090C9EFD531EE2FB04AE49
S3150200C5B0129C0C9ACDF83CC0E4FB02AEDDE90E8972
S3150200C5C0A1EF5025CDF850A0099A58EA5F69A2FB5F
S3150200C5D0074C169A1893A1FF5024E5FB024C119AB8
S3150200C5E0049EE2FB034C029B9EFD375E089ACDE950
S3150200C5F00E89E3FB024C179B059AE0FB034C02FFF4
S3150200C60054210B9BE6FB034C069E199BE6FB034C4F
S3150200C610139B8EFD633EE2FB034C019B0C9AE3FBEC
S3150200C620014C1C9BE3FB024C9EFD3F1E14EB0808CB
S3150200C6300F9CCDF818804CEB040407949EFD4B5ECC
S3150200C640DDE9062352EA9F63CDE90623159B109A7C
S3150200C65028F07C4800FF5401C3F81880129BA7FB00
S3150200C66002C84FEA4309089B119A8EFD771EE5FB25
S3150200C67003C8A7FB033AE5FB023ADDE917240B9D43
S3150200C6809EFD431EE4FB023AE4FB05C8029C059AA2
S3150200C690E4FB053A0A9DA1EF5025E4FB05C8199D66
S3150200C6A0139CE0FB053AE0FB04C80498A1FF502462
S3150200C6B01A9DE0FB043A0D9CE6FB013AE0FB04C836
S3150200C6C09EFD3B5E1C98129CE6FB00C8E2FB003A0C
S3150200C6D0E2FB04C81B9802FF5421019A149EE2FB56
S3150200C6E0093AE2FB00C80C9AE0FB023A8EFD673E6D
S3150200C6F0E2FB05C8069A079DB418224619469EFD16
S3150200C7002F1E4EEB050352EA5F631598891824F033
S3150200C7107E449EFD4F5EC4610C464AEB030554EA15
S3150200C7209F651CEB040C624600FF540148EB0503AF
S3150200C73052EA5F6314461D4654EACF0521F07C4156
S3150200C7408EFD7B1E01622CF07E414162A11845EBF3
S3150200C75003049EFD577E49186441891844EB03047D
S3150200C760219BC9189EFD6B9E0A4644F1000352EABC
S3150200C7709F6321F07C41016022991BED7F1F8B187C
S3150200C7801E9923F07E4201EB5363C0E9012324B0D4
S3150200C790BDE8F88FAFF30080AFF30080AFF30080FF
S3150200C7A02DE9F84FA4B007B443F2043BC2F2002BC2
S3150200C7B0DBF800B00BF5FE7B01A309E0AFF30080C6
S3150200C7C00000000004000000080000000C00000049
S3150200C7D093ED00FF43F20433C2F200231B6803F217
S3150200C7E0F4532FEE43EF07BC4FF0260C9BED013FAF
S3150200C7F096465368176A9468D26800FF56010CFB86
S3150200C80002F615900A92DEF810008A691E9602FF59
S3150200C81058210292DEF8146000EBC00200EB4208D7
S3150200C820CDF86080DEF81C2020EF50410CFB06F8A4
S3150200C8300D960E691B9704968BED655F0F6A164679
S3150200C8404D6A1497DEF81870199522EF52A13A46EE
S3150200C8502546CDF874800CFB06F807EBC70704EBF8
S3150200C860C4040EFD35BE02EB470A0B9505EB4404E4
S3150200C87010930CFB03F51BED6B1F1390CB694869F4
S3150200C8801C921296CDF858809BED153FCF68DEF8C4
S3150200C890242006978F680CFB02FC059700FF5601C1
S3150200C8A0DEF800701A924A6808971B9F019202FFEF
S3150200C8B058210A680A99CDF844C007EBC70C07EB62
S3150200C8C04C0CB2EF504501EBC10E149F01EB4E0E1C
S3150200C8D0CDF824C0AEFB07EC1999B2FF5044189E5E
S3150200C8E0E1FB04ECA4FB07411893E6FB03EC199B5E
S3150200C8F00EFD595E059FE3FB0541A046189B1E9D52
S3150200C900B2EF52A5029CE5FB0381E6FB04811D9C66
S3150200C910049DE4FB0081B2FF52A4EAFB0581169C4A
S3150200C9201896069EE4FB0681099E8EFD0BBE019CAF
S3150200C930E6FB0781119EE6FB0481089E1BED571F4D
S3150200C940029CE6FB02810D9E0F9106EBC60106EBE9
S3150200C95041019BED293FE1FB04EC129CEAFB00EC52
S3150200C960CDF8388028F07C48CDF8848000FF560147
S3150200C97004EBC40804EB4808E8FB05EC069E099D97
S3150200C9801F9002FF5821E5FB06ECDDE90E6756EA29
S3150200C9909F6740461A9DA2EF5245CDE90E6705EB09
S3150200C9A0C508059F05EB4808E8FB07EC089CA2FFB3
S3150200C9B05244019D0C92E5FB04EC109D0E9CE5FB96
S3150200C9C002EC0EFD7D5E6A00149F17920F9A1EEB13
S3150200C9D00404A1EF50A546464CEB0209A046DDE948
S3150200C9E0182524F07E4CA7FB0141A1FF50A4E5FBCC
S3150200C9F002410246EAFB034120900298CDF888C024
S3150200CA000EFD19BEE2FB00411F98099A1F96E2FB32
S3150200CA1000411BED431F3246049E58EA5F69E2FB62
S3150200CA200641069E089A9BED3D3FE6FB0241109E9B
S3150200CA30059AE2FB06410B9E019A00FF5601E2FBB4
S3150200CA400641A4460C9A0A9C049EE4FB02C102FF1C
S3150200CA505821189CCDF88CC0A4FB07EC1E9C169A94
S3150200CA60B5EF5245E5FB04EC1D9C059FE4FB03EC88
S3150200CA70029CEAFB04ECB5FF5244E2FB00EC099A85
S3150200CA80E2FB06EC069E119AE2FB06EC0EFD3D5E0B
S3150200CA90089AE7FB02EC179A019FE7FB02ECB4EF58
S3150200CAA050A5DDE90B72E7FB02EC1EEB080E4CEB20
S3150200CAB00902CDF838E00F92B4FF50A40A9ADDE9D4
S3150200CAC00E8958EA9F692EF07C4C5200CDF878C048
S3150200CAD08EFD27BE1992209A149FCDE90E89A7FBD7
S3150200CAE002EC1BED2F1FE5FB0AEC099AE2FB03ECB5
S3150200CAF01F9AE2FB04EC089A9BED513F049CE0FB73
S3150200CB0002EC109AE4FB02EC0B9C019A00FF560120
S3150200CB10E6FB04EC0A9C059EE6FB04EC4446239ED7
S3150200CB2002FF58213419A0460F9E24F07E4441EBA1
S3150200CB300609A9EF5045139958EA5F69E2FB01EC31
S3150200CB40DDE90C16E6FB01EC159AA9FF5044CDF877
S3150200CB5038E0AAFB07E1D4601D9C099AE5FB04E1D3
S3150200CB600EFD615E169C119EE4FB03E1029CE2FB54
S3150200CB7004E1A9EF52A5E6FB00E1089A049EE6FB52
S3150200CB8002E1069E179AA9FF52A4E6FB02E1059E60
S3150200CB900B9AE6FB02E1019A199E8EFD03BEE2FBA9
S3150200CBA006E1139E0C9AE6FB02E11EEB080E9EFDC1
S3150200CBB05B7E41EB0901CDF808E00391DDE90289CC
S3150200CBC058EA9F691F9E9EFD6F9E159A2EF07C4124
S3150200CBD0A7FB06AE1161099A109E1BED7B1FE5FBB2
S3150200CBE002AE089A0294E3FB02AEE4FB06AE0B9C8D
S3150200CBF09BED053F049EE0FB04AE0A9C059AE6FB0C
S3150200CC0004AE00FF5601069E139C0D99E6FB04AE88
S3150200CC1044460E9E02FF5821490034190D9E0E9479
S3150200CC20E2FB06AE159AA1EF524524F07E4454610A
S3150200CC301C9C019A4CEB090CA1FF5244E2FB04AE88
S3150200CC40129C0C9ACDF83CC0E4FB02AEDDE90E89DB
S3150200CC500EFD715ECDF850A0099A58EA5F69A2FBF3
S3150200CC60074C169A189320EF50A1E5FB024C119A35
S3150200CC70049EE2FB034C029B0EFD0DBE089ACDE913
S3150200CC800E89E3FB024C179B059AE0FB034C1BED56
S3150200CC90671F0B9BE6FB034C069E199BE6FB034CA8
S3150200CCA0139B9BED193FE2FB034C019B0C9AE3FBA2
S3150200CCB0014C1C9BE3FB024C00FF560114EB0808D7
S3150200CCC00F9CCDF818804CEB0404079402FF582100
S3150200CCD0DDE9062352EA9F63CDE90623159B109AE6
S3150200CCE028F07C48B6EF5045C3F81880129BA7FB84
S3150200CCF002C84FEA4309089B119AB6FF5044E5FB66
S3150200CD0003C8A7FB033AE5FB023ADDE917240B9DAC
S3150200CD108BED695FE4FB023AE4FB05C8029C059AC7
S3150200CD20E4FB053A0A9DB6EF52A5E4FB05C8199D38
S3150200CD30139CE0FB053AE0FB04C80498B6FF52A434
S3150200CD401A9DE0FB043A0D9CE6FB013AE0FB04C89F
S3150200CD500EFD31BE1C98129CE6FB00C8E2FB003AAF
S3150200CD60E2FB04C81B981BED531F019A149EE2FBBB
S3150200CD70093AE2FB00C80C9AE0FB023A9BED2D3F12
S3150200CD80E2FB05C8069A079DB4182246194600FF1B
S3150200CD9056014EEB050352EA5F631598891824F093
S3150200CDA07E4402FF5821C4610C464AEB030554EA4D
S3150200CDB09F651CEB040C6246A5EF504548EB050344
S3150200CDC052EA5F6314461D4654EACF0521F07C41C0
S3150200CDD0A5FF504401622CF07E414162A11845EB49
S3150200CDE003040EFD555E49186441891844EB030499
S3150200CDF0219BC918A5EF52A50A4644F1000352EA3F
S3150200CE009F6321F07C4101602299A5FF52A48B18F1
S3150200CE101E9923F07E4201EB5363C0E9012324B03D
S3150200CE20BDE8F88FAFF30080AFF30080AFF3008068
S3150200CE302DE9F84FA4B007B443F2043BC2F2002B2B
S3150200CE40DBF800B00BF5FE7B01A309E0AFF300802F
S3150200CE500000000004000000080000000C000000B2
S3150200CE6093ED00FF43F20433C2F200231B6803F280
S3150200CE70F4532FEE43EF07BC4FF0260C8EFD0FBE88
S3150200CE8096465368176A9468D2681BED3F1F0CFBDF
S3150200CE9002F615900A92DEF810008A691E969BED3C
S3150200CEA0413F0292DEF8146000EBC00200EB42083A
S3150200CEB0CDF86080DEF81C2000FF56010CFB06F858
S3150200CEC00D960E691B97049602FF58210F6A1646A5
S3150200CED04D6A1497DEF818701995B7EF52453A461F
S3150200CEE02546CDF874800CFB06F807EBC70704EB62
S3150200CEF0C404B7FF524402EB470A0B9505EB440400
S3150200CF0010930CFB03F50EFD795E1390CB6948690D
S3150200CF101C921296CDF85880B6EF50A5CF68DEF86F
S3150200CF20242006978F680CFB02FC0597B6FF50A4D7
S3150200CF30DEF800701A924A6808971B9F01920EFD4E
S3150200CF4015BE0A680A99CDF844C007EBC70C07EB71
S3150200CF504C0C1BED2B1F01EBC10E149F01EB4E0E69
S3150200CF60CDF824C0AEFB07EC19999BED553F189EF0
S3150200CF70E1FB04ECA4FB07411893E6FB03EC199BC7
S3150200CF8000FF5601059FE3FB0541A046189B1E9D27
S3150200CF9002FF5821029CE5FB0381E6FB04811D9CEE
S3150200CFA0049DE4FB0081A1EF5045EAFB0581169C36
S3150200CFB01896069EE4FB0681099EA1FF5044019C39
S3150200CFC0E6FB0781119EE6FB0481089E0EFD395E93
S3150200CFD0029CE6FB02810D9E0F9106EBC60106EB53
S3150200CFE04101A1EF52A5E1FB04EC129CEAFB00EC25
S3150200CFF0CDF8388028F07C48CDF88480A1FF52A471
S3150200D00004EBC40804EB4808E8FB05EC069E099D00
S3150200D0101F908EFD2BBEE5FB06ECDDE90E6756EA98
S3150200D0209F6740461A9D9EFD5F7ECDE90E6705EB22
S3150200D030C508059F05EB4808E8FB07EC089C9EFD22
S3150200D040739E019D0C92E5FB04EC109D0E9CE5FB84
S3150200D05002EC1BED771F6A00149F17920F9A1EEBC4
S3150200D06004049BED093F46464CEB0209A046DDE966
S3150200D070182524F07E4CA7FB014100FF5601E5FB73
S3150200D08002410246EAFB034120900298CDF888C08D
S3150200D09002FF5821E2FB00411F98099A1F96E2FB04
S3150200D0A00041BFEF50453246049E58EA5F69E2FBF3
S3150200D0B00641069E089ABFFF5044E6FB0241109EB7
S3150200D0C0059AE2FB06410B9E019A0EFD495EE2FBC2
S3150200D0D00641A4460C9A0A9C049EE4FB02C1BFEFD9
S3150200D0E052A5189CCDF88CC0A4FB07EC1E9C169A80
S3150200D0F0BFFF52A4E5FB04EC1D9C059FE4FB03EC79
S3150200D100029CEAFB04EC8EFD1BBEE2FB00EC099AD4
S3150200D110E2FB06EC069E119AE2FB06EC1BED631F90
S3150200D120089AE7FB02EC179A019FE7FB02EC9BEDDC
S3150200D1301D3FDDE90B72E7FB02EC1EEB080E4CEB22
S3150200D1400902CDF838E00F9200FF56010A9ADDE98E
S3150200D1500E8958EA9F692EF07C4C5200CDF878C0B1
S3150200D16002FF58211992209A149FCDE90E89A7FB36
S3150200D17002ECA3EF5045E5FB0AEC099AE2FB03EC4D
S3150200D1801F9AE2FB04EC089AA3FF5044049CE0FBBE
S3150200D19002EC109AE4FB02EC0B9C019A0EFD6D5E0A
S3150200D1A0E6FB04EC0A9C059EE6FB04EC4446239E41
S3150200D1B0A3EF52A53419A0460F9E24F07E4441EBFC
S3150200D1C00609A3FF52A4139958EA5F69E2FB01EC30
S3150200D1D0DDE90C16E6FB01EC159A0EFD09BECDF84B
S3150200D1E038E0AAFB07E1D4601D9C099AE5FB04E13D
S3150200D1F01BED4F1F169C119EE4FB03E1029CE2FB12
S3150200D20004E19BED313FE6FB00E1089A049EE6FB52
S3150200D21002E1069E179A00FF5601E6FB02E1059E11
S3150200D2200B9AE6FB02E1019A199E02FF5821E2FBE4
S3150200D23006E1139E0C9AE6FB02E11EEB080EB6EF20
S3150200D240524541EB0901CDF808E00391DDE9028977
S3150200D25058EA9F691F9EB6FF5244159A2EF07C41EA
S3150200D260A7FB06AE1161099A109E8BED6D5FE5FB79
S3150200D27002AE089A0294E3FB02AEE4FB06AE0B9CF6
S3150200D280B5EF50A5049EE0FB04AE0A9C059AE6FBA8
S3150200D29004AEB5FF50A4069E139C0D99E6FB04AEA0
S3150200D2A044460E9E0EFD2DBE490034190D9E0E9467
S3150200D2B0E2FB06AE159A1BED3B1F24F07E44546139
S3150200D2C01C9C019A4CEB090C9BED453FE2FB04AE1C
S3150200D2D0129C0C9ACDF83CC0E4FB02AEDDE90E8945
S3150200D2E000FF5601CDF850A0099A58EA5F69A2FBE1
S3150200D2F0074C169A189302FF5821E5FB024C119A25
S3150200D300049EE2FB034C029BA8EF5245089ACDE924
S3150200D3100E89E3FB024C179B059AE0FB034CA8FF20
S3150200D32052440B9BE6FB034C069E199BE6FB034C01
S3150200D330139B0EFD515EE2FB034C019B0C9AE3FB31
S3150200D340014C1C9BE3FB024CA7EF50A514EB08080B
S3150200D3500F9CCDF818804CEB04040794A7FF50A449
S3150200D360DDE9062352EA9F63CDE90623159B109A4F
S3150200D37028F07C488EFD13BEC3F81880129BA7FBCB
S3150200D38002C84FEA4309089B119A1BED271FE5FBCA
S3150200D39003C8A7FB033AE5FB023ADDE917240B9D16
S3150200D3A09BED593FE4FB023AE4FB05C8029C059A51
S3150200D3B0E4FB053A0A9D00FF5601E4FB05C8199DE8
S3150200D3C0139CE0FB053AE0FB04C8049802FF5821CF
S3150200D3D01A9DE0FB043A0D9CE6FB013AE0FB04C809
S3150200D3E0BFEF52451C98129CE6FB00C8E2FB003ACE
S3150200D3F0E2FB04C81B98BFFF5244019A149EE2FB4B
S3150200D400093AE2FB00C80C9AE0FB023A0EFD755E91
S3150200D410E2FB05C8069A079DB41822461946BEEFD6
S3150200D42050A54EEB050352EA5F631598891824F05E
S3150200D4307E44BEFF50A4C4610C464AEB030554EA7F
S3150200D4409F651CEB040C62460EFD11BE48EB0503FC
S3150200D45052EA5F6314461D4654EACF0521F07C4129
S3150200D4609EFD637E01622CF07E414162A11845EB6E
S3150200D47003049EFD779E49186441891844EB030410
S3150200D480219BC9181BED731F0A4644F1000352EA99
S3150200D4909F6321F07C41016022999BED0D3F8B1821
S3150200D4A01E9923F07E4201EB5363C0E9012324B0A7
S3150200D4B0BDE8F88FAFF30080AFF30080AFF30080D2
S3150200D4C02DE9F84FA4B007B443F2043BC2F2002B95
S3150200D4D0DBF800B00BF5FE7B01A309E0AFF3008099
S3150200D4E00000000004000000080000000C0000001C
S3150200D4F093ED00FF43F20433C2F200231B6803F2EA
S3150200D500F4532FEE43EF07BC4FF0260C00FF5601F3
S3150200D51096465368176A9468D26802FF58210CFB34
S3150200D52002F615900A92DEF810008A691E96AEEF90
S3150200D53050450292DEF8146000EBC00200EB42088E
S3150200D540CDF86080DEF81C20AEFF50440CFB06F8D6
S3150200D5500D960E691B9704968BED795F0F6A164638
S3150200D5604D6A1497DEF818701995AEEF52A53A4631
S3150200D5702546CDF874800CFB06F807EBC70704EBCB
S3150200D580C404AEFF52A402EB470A0B9505EB440412
S3150200D59010930CFB03F50EFD21BE1390CB6948696F
S3150200D5A01C921296CDF858801BED5F1FCF68DEF8ED
S3150200D5B0242006978F680CFB02FC05979BED213F02
S3150200D5C0DEF800701A924A6808971B9F019200FFC4
S3150200D5D056010A680A99CDF844C007EBC70C07EB57
S3150200D5E04C0C02FF582101EBC10E149F01EB4E0EAB
S3150200D5F0CDF824C0AEFB07EC1999BCEF5245189E34
S3150200D600E1FB04ECA4FB07411893E6FB03EC199B30
S3150200D610BCFF5244059FE3FB0541A046189B1E9D95
S3150200D6200EFD455E029CE5FB0381E6FB04811D9C23
S3150200D630049DE4FB0081BBEF50A5EAFB0581169C25
S3150200D6401896069EE4FB0681099EBBFF50A4019C28
S3150200D650E6FB0781119EE6FB0481089E8EFD1FBE36
S3150200D660029CE6FB02810D9E0F9106EBC60106EBBC
S3150200D67041011BED4B1FE1FB04EC129CEAFB00ECA3
S3150200D680CDF8388028F07C48CDF884809BED353F74
S3150200D69004EBC40804EB4808E8FB05EC069E099D6A
S3150200D6A01F9000FF5601E5FB06ECDDE90E6756EA20
S3150200D6B09F6740461A9D02FF5821CDE90E6705EB8A
S3150200D6C0C508059F05EB4808E8FB07EC089CADEF8B
S3150200D6D05245019D0C92E5FB04EC109D0E9CE5FB68
S3150200D6E002ECADFF52446A00149F17920F9A1EEB8A
S3150200D6F004040EFD695E46464CEB0209A046DDE9CE
S3150200D700182524F07E4CA7FB0141ACEF50A5E5FBA2
S3150200D71002410246EAFB034120900298CDF888C0F6
S3150200D720ACFF50A4E2FB00411F98099A1F96E2FB48
S3150200D73000410EFD05BE3246049E58EA5F69E2FBD1
S3150200D7400641069E089A1BED371FE6FB0241109E14
S3150200D750059AE2FB06410B9E019A9BED493FE2FBCD
S3150200D7600641A4460C9A0A9C049EE4FB02C100FFF1
S3150200D7705601189CCDF88CC0A4FB07EC1E9C169A89
S3150200D78002FF5821E5FB04EC1D9C059FE4FB03EC1C
S3150200D790029CEAFB04ECABEF5245E2FB00EC099A71
S3150200D7A0E2FB06EC069E119AE2FB06ECABFF524444
S3150200D7B0089AE7FB02EC179A019FE7FB02EC8BED56
S3150200D7C0715FDDE90B72E7FB02EC1EEB080E4CEB18
S3150200D7D00902CDF838E00F92AAEF50A50A9ADDE9C0
S3150200D7E00E8958EA9F692EF07C4C5200CDF878C01B
S3150200D7F0AAFF50A41992209A149FCDE90E89A7FB7D
S3150200D80002EC0EFD29BEE5FB0AEC099AE2FB03ECEB
S3150200D8101F9AE2FB04EC089A1BED231F049CE0FB13
S3150200D82002EC109AE4FB02EC0B9C019A9BED5D3F25
S3150200D830E6FB04EC0A9C059EE6FB04EC4446239EAA
S3150200D84000FF56013419A0460F9E24F07E4441EB98
S3150200D850060902FF5821139958EA5F69E2FB01ECB7
S3150200D860DDE90C16E6FB01EC159ABCEF5045CDF846
S3150200D87038E0AAFB07E1D4601D9C099AE5FB04E1A6
S3150200D880BCFF5044169C119EE4FB03E1029CE2FBA2
S3150200D89004E10EFD4D5EE6FB00E1089A049EE6FBFE
S3150200D8A002E1069E179ABCEF52A5E6FB02E1059E2F
S3150200D8B00B9AE6FB02E1019A199EBCFF52A4E2FB17
S3150200D8C006E1139E0C9AE6FB02E11EEB080E8EFDA4
S3150200D8D017BE41EB0901CDF808E00391DDE90289A3
S3150200D8E058EA9F691F9E9EFD677E159A2EF07C411F
S3150200D8F0A7FB06AE1161099A109E9EFD7B9EE5FB73
S3150200D90002AE089A0294E3FB02AEE4FB06AE0B9C5F
S3150200D9101BED6F1F049EE0FB04AE0A9C059AE6FB14
S3150200D92004AE9BED113F069E139C0D99E6FB04AED9
S3150200D93044460E9E00FF5601490034190D9E0E9470
S3150200D940E2FB06AE159A02FF582124F07E4454618A
S3150200D9501C9C019A4CEB090CAEEF5245E2FB04AE5D
S3150200D960129C0C9ACDF83CC0E4FB02AEDDE90E89AE
S3150200D970AEFF5244CDF850A0099A58EA5F69A2FB5D
S3150200D980074C169A18930EFD5D5EE5FB024C119A42
S3150200D990049EE2FB034C029BADEF50A5089ACDE92B
S3150200D9A00E89E3FB024C179B059AE0FB034CADFF85
S3150200D9B050A40B9BE6FB034C069E199BE6FB034C0D
S3150200D9C0139B8EFD07BEE2FB034C019B0C9AE3FB05
S3150200D9D0014C1C9BE3FB024C1BED5B1F14EB08087E
S3150200D9E00F9CCDF818804CEB040407949BED253F61
S3150200D9F0DDE9062352EA9F63CDE90623159B109AB9
S3150200DA0028F07C4800FF5601C3F81880129BA7FB3A
S3150200DA1002C84FEA4309089B119A02FF5821E5FB07
S3150200DA2003C8A7FB033AE5FB023ADDE917240B9D7F
S3150200DA30AAEF5045E4FB023AE4FB05C8029C059AAC
S3150200DA40E4FB053A0A9DAAFF5044E4FB05C8199D6A
S3150200DA50139CE0FB053AE0FB04C804988BED7D5F5E
S3150200DA601A9DE0FB043A0D9CE6FB013AE0FB04C872
S3150200DA70AAEF52A51C98129CE6FB00C8E2FB003AEC
S3150200DA80E2FB04C81B98AAFF52A4019A149EE2FB69
S3150200DA90093AE2FB00C80C9AE0FB023A0EFD1DBEF3
S3150200DAA0E2FB05C8069A079DB418224619461BEDE5
S3150200DAB0471F4EEB050352EA5F631598891824F057
S3150200DAC07E449BED393FC4610C464AEB030554EA9A
S3150200DAD09F651CEB040C624600FF560148EB0503EA
S3150200DAE052EA5F6314461D4654EACF0521F07C4193
S3150200DAF002FF582101622CF07E414162A11845EBDA
S3150200DB000304B4EF524549186441891844EB0304EF
S3150200DB10219BC918B4FF52440A4644F1000352EA53
S3150200DB209F6321F07C41016022990EFD415E8B18B4
S3150200DB301E9923F07E4201EB5363C0E9012324B010
S3150200DB40BDE8F88FAFF30080AFF30080AFF300803B
S3150200DB502DE9F84FA4B007B443F2043BC2F2002BFE
S3150200DB60DBF800B00BF5FE7B01A309E0AFF3008002
S3150200DB700000000004000000080000000C00000085
S3150200DB8093ED00FF43F20433C2F200231B6803F253
S3150200DB90F4532FEE43EF07BC4FF0260CB3EF50A51C
S3150200DBA096465368176A9468D268B3FF50A40CFB72
S3150200DBB002F615900A92DEF810008A691E968EFD0C
S3150200DBC023BE0292DEF8146000EBC00200EB4208AC
S3150200DBD0CDF86080DEF81C201BED331F0CFB06F827
S3150200DBE00D960E691B9704969BED4D3F0F6A1646DE
S3150200DBF04D6A1497DEF81870199500FF56013A46D9
S3150200DC002546CDF874800CFB06F807EBC70704EB34
S3150200DC10C40402FF582102EB470A0B9505EB4404A4
S3150200DC2010930CFB03F5A4EF50451390CB6948699A
S3150200DC301C921296CDF85880A4FF5044CF68DEF8A5
S3150200DC40242006978F680CFB02FC05970EFD655E85
S3150200DC50DEF800701A924A6808971B9F0192A4EF99
S3150200DC6052A50A680A99CDF844C007EBC70C07EB20
S3150200DC704C0CA4FF52A401EBC10E149F01EB4E0EF5
S3150200DC80CDF824C0AEFB07EC19990EFD01BE189E15
S3150200DC90E1FB04ECA4FB07411893E6FB03EC199B9A
S3150200DCA01BED1F1F059FE3FB0541A046189B1E9D0A
S3150200DCB09BED613F029CE5FB0381E6FB04811D9C13
S3150200DCC0049DE4FB008100FF5601EAFB0581169CD8
S3150200DCD01896069EE4FB0681099E02FF5821019CC6
S3150200DCE0E6FB0781119EE6FB0481089EA7EF5045DD
S3150200DCF0029CE6FB02810D9E0F9106EBC60106EB26
S3150200DD004101A7FF5044E1FB04EC129CEAFB00EC44
S3150200DD10CDF8388028F07C48CDF884808BED755F8D
S3150200DD2004EBC40804EB4808E8FB05EC069E099DD3
S3150200DD301F90A7EF52A5E5FB06ECDDE90E6756EA52
S3150200DD409F6740461A9DA7FF52A4CDE90E6705EBD1
S3150200DD50C508059F05EB4808E8FB07EC089C0EFD85
S3150200DD6025BE019D0C92E5FB04EC109D0E9CE5FB85
S3150200DD7002EC9BED651F6A00149F17920F9A1EEB29
S3150200DD8004049BED693F46464CEB0209A046DDE9D9
S3150200DD90182524F07E4CA7FB01419BED6D5FE5FB48
S3150200DDA002410246EAFB034120900298CDF888C060
S3150200DDB09BED71BFE2FB00411F98099A1F96E2FB99
S3150200DDC000419BED75DF3246049E58EA5F69E2FB2D
S3150200DDD00641069E089A14EF5261E6FB0241109E26
S3150200DDE0059AE2FB06410B9E019A06FF5061E2FB91
S3150200DDF00641A4460C9A0A9C049EE4FB02C10BED62
S3150200DE007F7F189CCDF88CC0A4FB07EC1E9C169A4B
S3150200DE101AEF5461E5FB04EC1D9C059FE4FB03EC41
S3150200DE20029CEAFB04EC06FF5261E2FB00EC099A53
S3150200DE30E2FB06EC069E119AE2FB06EC0BED7B7FFB
S3150200DE40089AE7FB02EC179A019FE7FB02EC1CEF2C
S3150200DE505A61DDE90B72E7FB02EC1EEB080E4CEB96
S3150200DE600902CDF838E00F9206FF54610A9ADDE9FD
S3150200DE700E8958EA9F692EF07C4C5200CDF878C084
S3150200DE800BED777F1992209A149FCDE90E89A7FB95
S3150200DE9002EC10EF5C61E5FB0AEC099AE2FB03EC8B
S3150200DEA01F9AE2FB04EC089A06FF5A61049CE0FB07
S3150200DEB002EC109AE4FB02EC0B9C019A0BED737FC9
S3150200DEC0E6FB04EC0A9C059EE6FB04EC4446239E14
S3150200DED012EF50613419A0460F9E24F07E4441EBA6
S3150200DEE0060906FF5C61139958EA5F69E2FB01ECD9
S3150200DEF0DDE90C16E6FB01EC159A0BED6F7FCDF80A
S3150200DF0038E0AAFB07E1D4601D9C099AE5FB04E10F
S3150200DF109BED791F169C119EE4FB03E1029CE2FB3A
S3150200DF2004E19BED7D3FE6FB00E1089A049EE6FBD9
S3150200DF3002E1069E179A1EFD7D5EE6FB02E1059E44
S3150200DF400B9AE6FB02E1019A199E1EFD79BEE2FBDF
S3150200DF5006E1139E0C9AE6FB02E11EEB080E1EFD7D
S3150200DF6075DE41EB0901CDF808E00391DDE902898E
S3150200DF7058EA9F691F9E14EF5261159A2EF07C4152
S3150200DF80A7FB06AE1161099A109E06FF5061E5FBDA
S3150200DF9002AE089A0294E3FB02AEE4FB06AE0B9CC9
S3150200DFA00BED6B7F049EE0FB04AE0A9C059AE6FB32
S3150200DFB004AE1AEF5461069E139C0D99E6FB04AE5D
S3150200DFC044460E9E06FF5261490034190D9E0E9478
S3150200DFD0E2FB06AE159A0BED677F24F07E44546190
S3150200DFE01C9C019A4CEB090C1CEF5A61E2FB04AE35
S3150200DFF0129C0C9ACDF83CC0E4FB02AEDDE90E8918
S3150200E00006FF5461CDF850A0099A58EA5F69A2FB4F
S3150200E010074C169A18930BED637FE5FB024C119A97
S3150200E020049EE2FB034C029B10EF5C61089ACDE969
S3150200E0300E89E3FB024C179B059AE0FB034C06FF95
S3150200E0405A610B9BE6FB034C069E199BE6FB034CAF
S3150200E050139B0BED5F7FE2FB034C019B0C9AE3FBE8
S3150200E060014C1C9BE3FB024C12EF506114EB0808B7
S3150200E0700F9CCDF818804CEB0404079406FF5C61F4
S3150200E080DDE9062352EA9F63CDE90623159B109A22
S3150200E09028F07C480BED5B7FC3F81880129BA7FB28
S3150200E0A002C84FEA4309089B119A1EFD711EE5FB41
S3150200E0B003C8A7FB033AE5FB023ADDE917240B9DE9
S3150200E0C01EFD6D3EE4FB023AE4FB05C8029C059A7E
S3150200E0D0E4FB053A0A9D1EFD695EE4FB05C8199D2F
S3150200E0E0139CE0FB053AE0FB04C804981EFD65BEDE
S3150200E0F01A9DE0FB043A0D9CE6FB013AE0FB04C8DC
S3150200E1001EFD61DE1C98129CE6FB00C8E2FB003A8B
S3150200E110E2FB04C81B9814EF5261019A149EE2FBBB
S3150200E120093AE2FB00C80C9AE0FB023A06FF50618C
S3150200E130E2FB05C8069A079DB418224619460BED5E
S3150200E140577F4EEB050352EA5F631598891824F050
S3150200E1507E441AEF5461C4610C464AEB030554EA45
S3150200E1609F651CEB040C624606FF526148EB0503F1
S3150200E17052EA5F6314461D4654EACF0521F07C41FC
S3150200E1800BED537F01622CF07E414162A11845EBF3
S3150200E19003041CEF5A6149186441891844EB0304CD
S3150200E1A0219BC91806FF54610A4644F1000352EA4C
S3150200E1B09F6321F07C41016022990BED4F7F8B1802
S3150200E1C01E9923F07E4201EB5363C0E9012324B07A
S3150200E1D0BDE8F88FAFF30080AFF30080AFF30080A5
S3150200E1E02DE9F84FA4B007B443F2043BC2F2002B68
S3150200E1F0DBF800B00BF5FE7B01A309E0AFF300806C
S3150200E2000000000004000000080000000C000000EE
S3150200E21093ED00FF43F20433C2F200231B6803F2BC
S3150200E220F4532FEE43EF07BC4FF0260C10EF5C6160
S3150200E23096465368176A9468D26806FF5A610CFBC1
S3150200E24002F615900A92DEF810008A691E960BED08
S3150200E2504B7F0292DEF8146000EBC00200EB42082C
S3150200E260CDF86080DEF81C2012EF50610CFB06F838
S3150200E2700D960E691B97049606FF5C610F6A164699
S3150200E2804D6A1497DEF8187019950BED477F3A46DA
S3150200E2902546CDF874800CFB06F807EBC70704EB9E
S3150200E2A0C4041EFD5D1E02EB470A0B9505EB4404F2
S3150200E2B010930CFB03F51EFD593E1390CB6948697A
S3150200E2C01C921296CDF858801EFD555ECF68DEF878
S3150200E2D0242006978F680CFB02FC05971EFD51BE93
S3150200E2E0DEF800701A924A6808971B9F01921EFD7B
S3150200E2F04DDE0A680A99CDF844C007EBC70C07EB56
S3150200E3004C0C14EF526101EBC10E149F01EB4E0E41
S3150200E310CDF824C0AEFB07EC199906FF5061189E92
S3150200E320E1FB04ECA4FB07411893E6FB03EC199B03
S3150200E3300BED437F059FE3FB0541A046189B1E9DFF
S3150200E3401AEF5461029CE5FB0381E6FB04811D9CE6
S3150200E350049DE4FB008106FF5261EAFB0581169CDF
S3150200E3601896069EE4FB0681099E0BED3F7F019CF3
S3150200E370E6FB0781119EE6FB0481089E1CEF5A61AB
S3150200E380029CE6FB02810D9E0F9106EBC60106EB8F
S3150200E390410106FF5461E1FB04EC129CEAFB00EC2E
S3150200E3A0CDF8388028F07C48CDF884800BED3B7F91
S3150200E3B004EBC40804EB4808E8FB05EC069E099D3D
S3150200E3C01F9010EF5C61E5FB06ECDDE90E6756EA8D
S3150200E3D09F6740461A9D06FF5A61CDE90E6705EB17
S3150200E3E0C508059F05EB4808E8FB07EC089C0BED02
S3150200E3F0377F019D0C92E5FB04EC109D0E9CE5FB1C
S3150200E40002EC12EF50616A00149F17920F9A1EEBEC
S3150200E410040406FF5C6146464CEB0209A046DDE9B0
S3150200E420182524F07E4CA7FB01410BED337FE5FB5B
S3150200E43002410246EAFB034120900298CDF888C0C9
S3150200E4401EFD491EE2FB00411F98099A1F96E2FB38
S3150200E45000411EFD453E3246049E58EA5F69E2FBD4
S3150200E4600641069E089A1EFD415EE6FB0241109E8B
S3150200E470059AE2FB06410B9E019A1EFD3DBEE2FB9A
S3150200E4800641A4460C9A0A9C049EE4FB02C11EFDA8
S3150200E49039DE189CCDF88CC0A4FB07EC1E9C169A9C
S3150200E4A014EF5261E5FB04EC1D9C059FE4FB03ECB3
S3150200E4B0029CEAFB04EC06FF5061E2FB00EC099ABF
S3150200E4C0E2FB06EC069E119AE2FB06EC0BED2F7FB1
S3150200E4D0089AE7FB02EC179A019FE7FB02EC1AEF98
S3150200E4E05461DDE90B72E7FB02EC1EEB080E4CEB06
S3150200E4F00902CDF838E00F9206FF52610A9ADDE969
S3150200E5000E8958EA9F692EF07C4C5200CDF878C0ED
S3150200E5100BED2B7F1992209A149FCDE90E89A7FB4A
S3150200E52002EC1CEF5A61E5FB0AEC099AE2FB03ECEA
S3150200E5301F9AE2FB04EC089A06FF5461049CE0FB76
S3150200E54002EC109AE4FB02EC0B9C019A0BED277F7E
S3150200E550E6FB04EC0A9C059EE6FB04EC4446239E7D
S3150200E56010EF5C613419A0460F9E24F07E4441EB05
S3150200E570060906FF5A61139958EA5F69E2FB01EC44
S3150200E580DDE90C16E6FB01EC159A0BED237FCDF8BF
S3150200E59038E0AAFB07E1D4601D9C099AE5FB04E179
S3150200E5A012EF5061169C119EE4FB03E1029CE2FB12
S3150200E5B004E106FF5C61E6FB00E1089A049EE6FBC5
S3150200E5C002E1069E179A0BED1F7FE6FB02E1059E0E
S3150200E5D00B9AE6FB02E1019A199E1EFD351EE2FB2D
S3150200E5E006E1139E0C9AE6FB02E11EEB080E1EFDE7
S3150200E5F0313E41EB0901CDF808E00391DDE90289DC
S3150200E60058EA9F691F9E1EFD2D5E159A2EF07C41CB
S3150200E610A7FB06AE1161099A109E1EFD29BEE5FBF7
S3150200E62002AE089A0294E3FB02AEE4FB06AE0B9C32
S3150200E6301EFD25DE049EE0FB04AE0A9C059AE6FB5F
S3150200E64004AE14EF5261069E139C0D99E6FB04AECE
S3150200E65044460E9E06FF5061490034190D9E0E94E3
S3150200E660E2FB06AE159A8BED017F24F07E445461DF
S3150200E6701C9C019A4CEB090C1AEF5461E2FB04AEA6
S3150200E680129C0C9ACDF83CC0E4FB02AEDDE90E8981
S3150200E69006FF5261CDF850A0099A58EA5F69A2FBBB
S3150200E6A0074C169A18938BED057FE5FB024C119ADF
S3150200E6B0049EE2FB034C029B1CEF5A61089ACDE9C9
S3150200E6C00E89E3FB024C179B059AE0FB034C06FFFF
S3150200E6D054610B9BE6FB034C069E199BE6FB034C1F
S3150200E6E0139B8BED097FE2FB034C019B0C9AE3FB28
S3150200E6F0014C1C9BE3FB024C10EF5C6114EB080817
S3150200E7000F9CCDF818804CEB0404079406FF5A615F
S3150200E710DDE9062352EA9F63CDE90623159B109A8B
S3150200E72028F07C488BED0D7FC3F81880129BA7FB5F
S3150200E73002C84FEA4309089B119A12EF5061E5FBA2
S3150200E74003C8A7FB033AE5FB023ADDE917240B9D52
S3150200E75006FF5C61E4FB023AE4FB05C8029C059AEB
S3150200E760E4FB053A0A9D8BED117FE4FB05C8199D72
S3150200E770139CE0FB053AE0FB04C804981EFD211E2B
S3150200E7801A9DE0FB043A0D9CE6FB013AE0FB04C845
S3150200E7901EFD1D3E1C98129CE6FB00C8E2FB003AD9
S3150200E7A0E2FB04C81B981EFD195E019A149EE2FB49
S3150200E7B0093AE2FB00C80C9AE0FB023A1EFD15BEBE
S3150200E7C0E2FB05C8069A079DB418224619461EFDA5
S3150200E7D011DE4EEB050352EA5F631598891824F0A1
S3150200E7E07E4414EF5261C4610C464AEB030554EAB7
S3150200E7F09F651CEB040C624606FF506148EB05035D
S3150200E80052EA5F6314461D4654EACF0521F07C4165
S3150200E8108BED157F01622CF07E414162A11845EB1A
S3150200E82003041AEF546149186441891844EB03043E
S3150200E830219BC91806FF52610A4644F1000352EAB7
S3150200E8409F6321F07C41016022998BED197F8B1821
S3150200E8501E9923F07E4201EB5363C0E9012324B0E3
S3150200E860BDE8F88FAFF30080AFF30080AFF300800E
S3150200E8702DE9F84FA4B007B443F2043BC2F2002BD1
S3150200E880DBF800B00BF5FE7B01A309E0AFF30080D5
S3150200E8900000000004000000080000000C00000058
S3150200E8A093ED00FF43F20433C2F200231B6803F226
S3150200E8B0F4532FEE43EF07BC4FF0260C1CEF5A61C0
S3150200E8C096465368176A9468D26806FF54610CFB31
S3150200E8D002F615900A92DEF810008A691E968BEDF2
S3150200E8E01D7F0292DEF8146000EBC00200EB4208C4
S3150200E8F0CDF86080DEF81C2010EF5C610CFB06F898
S3150200E9000D960E691B97049606FF5A610F6A164604
S3150200E9104D6A1497DEF8187019958BED217F3A46E9
S3150200E9202546CDF874800CFB06F807EBC70704EB07
S3150200E930C40412EF506102EB470A0B9505EB44043F
S3150200E94010930CFB03F506FF5C611390CB694869D3
S3150200E9501C921296CDF858808BED257FCF68DEF893
S3150200E960242006978F680CFB02FC05971EFD0D1EE0
S3150200E970DEF800701A924A6808971B9F01921EFDE4
S3150200E980093E0A680A99CDF844C007EBC70C07EBA3
S3150200E9904C0C1EFD055E01EBC10E149F01EB4E0EE3
S3150200E9A0CDF824C0AEFB07EC19991EFD01BE189ED8
S3150200E9B0E1FB04ECA4FB07411893E6FB03EC199B6D
S3150200E9C09EFD03DE059FE3FB0541A046189B1E9DA7
S3150200E9D014EF5261029CE5FB0381E6FB04811D9C58
S3150200E9E0049DE4FB008106FF5061EAFB0581169C4B
S3150200E9F01896069EE4FB0681099E8BED297F019CF3
S3150200EA00E6FB0781119EE6FB0481089E1AEF54611C
S3150200EA10029CE6FB02810D9E0F9106EBC60106EBF8
S3150200EA20410106FF5261E1FB04EC129CEAFB00EC99
S3150200EA30CDF8388028F07C48CDF884808BED2D7F88
S3150200EA4004EBC40804EB4808E8FB05EC069E099DA6
S3150200EA501F901CEF5A61E5FB06ECDDE90E6756EAEC
S3150200EA609F6740461A9D06FF5461CDE90E6705EB86
S3150200EA70C508059F05EB4808E8FB07EC089C8BEDEB
S3150200EA80317F019D0C92E5FB04EC109D0E9CE5FB8B
S3150200EA9002EC10EF5C616A00149F17920F9A1EEB4C
S3150200EAA0040406FF5A6146464CEB0209A046DDE91C
S3150200EAB0182524F07E4CA7FB01418BED357FE5FB43
S3150200EAC002410246EAFB034120900298CDF888C033
S3150200EAD012EF5061E2FB00411F98099A1F96E2FB72
S3150200EAE0004106FF5C613246049E58EA5F69E2FB1A
S3150200EAF00641069E089A8BED397FE6FB0241109E7F
S3150200EB00059AE2FB06410B9E019A9EFD071EE2FB59
S3150200EB100641A4460C9A0A9C049EE4FB02C19EFD91
S3150200EB200B3E189CCDF88CC0A4FB07EC1E9C169AD3
S3150200EB309EFD0F5EE5FB04EC1D9C059FE4FB03ECCA
S3150200EB40029CEAFB04EC9EFD13BEE2FB00EC099A72
S3150200EB50E2FB06EC069E119AE2FB06EC9EFD17DE30
S3150200EB60089AE7FB02EC179A019FE7FB02EC14EF07
S3150200EB705261DDE90B72E7FB02EC1EEB080E4CEB71
S3150200EB800902CDF838E00F9206FF50610A9ADDE9D4
S3150200EB900E8958EA9F692EF07C4C5200CDF878C057
S3150200EBA08BED3D7F1992209A149FCDE90E89A7FB22
S3150200EBB002EC1AEF5461E5FB0AEC099AE2FB03EC5C
S3150200EBC01F9AE2FB04EC089A06FF5261049CE0FBE2
S3150200EBD002EC109AE4FB02EC0B9C019A8BED417F4E
S3150200EBE0E6FB04EC0A9C059EE6FB04EC4446239EE7
S3150200EBF01CEF5A613419A0460F9E24F07E4441EB65
S3150200EC00060906FF5461139958EA5F69E2FB01ECB3
S3150200EC10DDE90C16E6FB01EC159A8BED457FCDF886
S3150200EC2038E0AAFB07E1D4601D9C099AE5FB04E1E2
S3150200EC3010EF5C61169C119EE4FB03E1029CE2FB71
S3150200EC4004E106FF5A61E6FB00E1089A049EE6FB30
S3150200EC5002E1069E179A8BED497FE6FB02E1059ECD
S3150200EC600B9AE6FB02E1019A199E12EF5061E2FB52
S3150200EC7006E1139E0C9AE6FB02E11EEB080E06FF66
S3150200EC805C6141EB0901CDF808E00391DDE90289F7
S3150200EC9058EA9F691F9E8BED4D7F159A2EF07C4197
S3150200ECA0A7FB06AE1161099A109E9EFD1B1EE5FB8F
S3150200ECB002AE089A0294E3FB02AEE4FB06AE0B9C9C
S3150200ECC09EFD1F3E049EE0FB04AE0A9C059AE6FBEF
S3150200ECD004AE9EFD235E069E139C0D99E6FB04AED2
S3150200ECE044460E9E9EFD27BE490034190D9E0E9483
S3150200ECF0E2FB06AE159A9EFD2BDE24F07E4454619D
S3150200ED001C9C019A4CEB090C14EF5261E2FB04AE17
S3150200ED10129C0C9ACDF83CC0E4FB02AEDDE90E89EA
S3150200ED2006FF5061CDF850A0099A58EA5F69A2FB26
S3150200ED30074C169A18938BED517FE5FB024C119AFC
S3150200ED40049EE2FB034C029B1AEF5461089ACDE93A
S3150200ED500E89E3FB024C179B059AE0FB034C06FF68
S3150200ED6052610B9BE6FB034C069E199BE6FB034C8A
S3150200ED70139B8BED557FE2FB034C019B0C9AE3FB45
S3150200ED80014C1C9BE3FB024C1CEF5A6114EB080876
S3150200ED900F9CCDF818804CEB0404079406FF5461CF
S3150200EDA0DDE9062352EA9F63CDE90623159B109AF5
S3150200EDB028F07C488BED597FC3F81880129BA7FB7D
S3150200EDC002C84FEA4309089B119A10EF5C61E5FB02
S3150200EDD003C8A7FB033AE5FB023ADDE917240B9DBC
S3150200EDE006FF5A61E4FB023AE4FB05C8029C059A57
S3150200EDF0E4FB053A0A9D8BED5D7FE4FB05C8199D90
S3150200EE00139CE0FB053AE0FB04C8049812EF50613C
S3150200EE101A9DE0FB043A0D9CE6FB013AE0FB04C8AE
S3150200EE2006FF5C611C98129CE6FB00C8E2FB003AF6
S3150200EE30E2FB04C81B988BED617F019A149EE2FBEC
S3150200EE40093AE2FB00C80C9AE0FB023A1BED1B1FD3
S3150200EE50E2FB05C8069A079DB418224619461BED21
S3150200EE607F3F4EEB050352EA5F631598891824F03B
S3150200EE707E4402FF5021C4610C464AEB030554EA64
S3150200EE809F651CEB040C62460BED7F3F48EB0503C6
S3150200EE9052EA5F6314461D4654EACF0521F07C41CF
S3150200EEA01BED171F01622CF07E414162A11845EB52
S3150200EEB003049BED013F49186441891844EB03049E
S3150200EEC0219BC91802FF50210A4644F1000352EA67
S3150200EED09F6321F07C41016022998BED013F8B18E3
S3150200EEE01E9923F07E4201EB5363C0E9012324B04D
S3150200EEF0BDE8F88F80ED009F80ED04BF80ED08DF4E
S3150200EF0080ED0CFF704790ED009F90ED04BF90EDF1
S3150200EF1008DF90ED0CFF70470000000000000000C3
S3150200EF2070B5F0E80245230065F31F446FF30F0541
S3150200EF3045EA134584EA142385EA152603F47F433A
S3150200EF4006F47F465C40754084EA032485EA06257A
S3150200EF5084EA141385EA151603F0F01306F0F01688
S3150200EF605C40754084EA031485EA061584EA940334
S3150200EF7085EA950603F00C3306F00C365C407540C4
S3150200EF8084EA830485EA860584EA540385EA5506FB
S3150200EF9003F0223306F022365C40754084EA4304CD
S3150200EFA085EA460541F8044B013A41F8045BB8D1BB
S3150200EFB070BD00BF0000000000000000000000005D
S3150200EFC02DE9F04F2DED108B00F5FE7A00F2F45B81
S3150200EFD01AED7F1F1AED6B3F00FF52011AED573FE4
S3150200EFE000FF52011AED433F00FF52011AED2F3F77
S3150200EFF000FF52018BED2F1F1AED7B1F1AED673FA3
S3150200F00000FF52011AED533F00FF52011AED3F3F36
S3150200F01000FF52011AED2B3F00FF52018BED331F09
S3150200F0201AED771F1AED633F00FF52011AED4F3FAB
S3150200F03000FF52011AED3B3F00FF52011AED273F36
S3150200F04000FF52018BED371F1AED731F1AED5F3F5A
S3150200F05000FF52011AED4B3F00FF52011AED373FF6
S3150200F06000FF52011AED233F00FF52018BED3B1FB9
S3150200F0701AED6F1F1AED5B3F00FF52011AED473F73
S3150200F08000FF52011AED333F00FF52011AED1F3FF6
S3150200F09000FF52018BED3F1F9AED011F9AED153FBE
S3150200F0A000FF52019AED293F00FF52019AED3D3FC2
S3150200F0B000FF52019AED513F00FF52018BED431FB3
S3150200F0C09AED051F9AED193F00FF52019AED2D3F69
S3150200F0D000FF52019AED413F00FF52019AED553F62
S3150200F0E000FF52018BED471F9AED091F9AED1D3F56
S3150200F0F000FF52019AED313F00FF52019AED453F62
S3150200F10000FF52019AED593F00FF52018BED4B1F52
S3150200F1109AED0D1F9AED213F00FF52019AED353F00
S3150200F12000FF52019AED493F00FF52019AED5D3F01
S3150200F13000FF52018BED4F1F9AED111F9AED253FED
S3150200F14000FF52019AED393F00FF52019AED4D3F01
S3150200F15000FF52019AED613F00FF52018BED531FF2
S3150200F1609BED471FA1EF5025A1FF50249BED3F5F6A
S3150200F17002FF54218BED573F9BED331F9BED535FEF
S3150200F18000FF54018BED6B1F9BED4B1FA1EF50252A
S3150200F190A1FF50249BED2F5F02FF54218BED5B3FB5
S3150200F1A09BED371F9BED435F00FF54018BED6F1FF5
S3150200F1B09BED4F1FA1EF5025A1FF50249BED335F1E
S3150200F1C002FF54218BED5F3F9BED3B1F9BED475F9B
S3150200F1D000FF54018BED731F9BED531FA1EF5025CA
S3150200F1E0A1FF50249BED375F02FF54218BED633F55
S3150200F1F09BED3F1F9BED4B5F00FF54018BED771F8D
S3150200F2009BED431FA1EF5025A1FF50249BED3B5FD1
S3150200F21002FF54218BED673F9BED2F1F9BED4F5F46
S3150200F22000FF54018BED7B1F9BED57DF9BED6BFFC0
S3150200F2301AED7F1F9AED013F00FF5C0102FF5E217E
S3150200F24020EF50418AED655F22EF52610BED357F6B
S3150200F2501AED6B1F9AED153F00FF5C0102FF5E215E
S3150200F260B2EF5045B2FF50440BED595FB2EF526513
S3150200F270B2FF52648BED0B7F1AED571F9AED293FB1
S3150200F28000FF5C0102FF5E21A2EF5245A2FF52443B
S3150200F2900BED7D5FA1EF5065A1FF50640BED197F69
S3150200F2A01AED431F9AED3D3F00FF5C0102FF5E210E
S3150200F2B0B5EF5245B5FF52440BED3D5FB4EF5065D5
S3150200F2C0B4FF50648BED277F1AED2F1F9AED513F45
S3150200F2D000FF5C0102FF5E21A9EF5045A9FF5044E1
S3150200F2E00BED615FA9EF5265A9FF52648BED037FB7
S3150200F2F09BED5BDF9BED6FFF1AED7B1F9AED053FE2
S3150200F30000FF5C0102FF5E21A1EF5245A1FF5244BC
S3150200F3100BED715F20EF50610BED0D7F1AED671F4C
S3150200F3209AED193F00FF5C0102FF5E21B6EF5045E0
S3150200F330B6FF50448AED695FB6EF5265B6FF526476
S3150200F3400BED317F1AED531F9AED2D3F00FF5C0145
S3150200F35002FF5E21A5EF5045A5FF50440BED555F18
S3150200F360A5EF5265A5FF52648BED0F7F1AED3F1F85
S3150200F3709AED413F00FF5C0102FF5E21B7EF524565
S3150200F380B7FF52440BED795FB6EF5065B6FF506496
S3150200F3900BED157F1AED2B1F9AED553F00FF5C0111
S3150200F3A002FF5E21A1EF5045A1FF50440BED395FEC
S3150200F3B0A1EF5265A1FF52648BED2B7F9BED5FDFC0
S3150200F3C09BED73FF1AED771F9AED093F00FF5C0173
S3150200F3D002FF5E21BFEF5045BFFF50440BED495F70
S3150200F3E0BFEF5265BFFF52648BED1B7F1AED631FA1
S3150200F3F09AED1D3F00FF5C0102FF5E21A3EF50451F
S3150200F400A3FF50440BED6D5FA3EF5265A3FF526459
S3150200F4100BED097F1AED4F1F9AED313F00FF5C019C
S3150200F42002FF5E21B6EF5245B6FF52448AED6D5F8A
S3150200F430B5EF5065B5FF50640BED2D7F1AED3B1FFE
S3150200F4409AED453F00FF5C0102FF5E21A8EF52459F
S3150200F450A8FF52440BED515FA7EF5065A7FF50641A
S3150200F4608BED137F1AED271F9AED593F00FF5C01C2
S3150200F47002FF5E21BFEF5245BFFF52440BED755F9F
S3150200F480BEEF5065BEFF50640BED117F9BED63DF4F
S3150200F4909BED77FF1AED731F9AED0D3F00FF5C019E
S3150200F4A002FF5E21AEEF5045AEFF50448AED795F12
S3150200F4B0AEEF5265AEFF52640BED217F1AED5F1F70
S3150200F4C09AED213F00FF5C0102FF5E21BCEF52452F
S3150200F4D0BCFF52440BED455FBBEF5065BBFF50646A
S3150200F4E08BED1F7F1AED4B1F9AED353F00FF5C0136
S3150200F4F002FF5E21ADEF5245ADFF52440BED695F4F
S3150200F500ACEF5065ACFF50640BED057F1AED371F6B
S3150200F5109AED493F00FF5C0102FF5E21ABEF5245C7
S3150200F520ABFF52448AED715FAAEF5065AAFF5064A1
S3150200F5300BED297F1AED231F9AED5D3F00FF5C015B
S3150200F54002FF5E21BCEF5045BCFF50440BED4D5F00
S3150200F550BCEF5265BCFF52648BED177F9BED67DFF4
S3150200F5609BED7BFF1AED6F1F9AED113F00FF5C01C9
S3150200F57002FF5E21AEEF5245AEFF52440BED5D5FD8
S3150200F580ADEF5065ADFF50648BED077F1AED5B1F43
S3150200F5909AED253F00FF5C0102FF5E21AAEF50456E
S3150200F5A0AAFF50448AED7D5FAAEF5265AAFF526414
S3150200F5B00BED1D7F1AED471F9AED393F00FF5C01E7
S3150200F5C002FF5E21B4EF5245B4FF52440BED415F98
S3150200F5D0B3EF5065B3FF50648BED237F1AED331FF3
S3150200F5E09AED4D3F00FF5C0102FF5E21A4EF5045FC
S3150200F5F0A4FF50440BED655FA4EF5265A4FF52646D
S3150200F6000BED017F1AED1F1F9AED613F00FF5C01B2
S3150200F61002FF5E21A7EF5045A7FF50448AED755FB2
S3150200F620A7EF5265A7FF52640BED257F9AED651F82
S3150200F6309AED693F9AED6D5F9AED717F9AED759F2E
S3150200F64014EF52A10AFF50A10AED7FBF16EF54A193
S3150200F6500AFF52A10AED7BBF18EF56A10AFF54A179
S3150200F6600AED77BF10EF58A10AFF56A10AED73BF44
S3150200F67012EF50A10AFF58A10AED6FBF9AED791F4A
S3150200F6809AED7D3F1BED7D5F1BED797F1BED759F2F
S3150200F69014EF52A10AFF50A10AED6BBF16EF54A157
S3150200F6A00AFF52A10AED67BF18EF56A10AFF54A13D
S3150200F6B00AED63BF10EF58A10AFF56A10AED5FBF1C
S3150200F6C012EF50A10AFF58A10AED5BBF1BED711F95
S3150200F6D01BED6D3F1BED695F1BED657F1BED619FAA
S3150200F6E014EF52A10AFF50A10AED57BF16EF54A11B
S3150200F6F00AFF52A10AED53BF18EF56A10AFF54A101
S3150200F7000AED4FBF10EF58A10AFF56A10AED4BBFF3
S3150200F71012EF50A10AFF58A10AED47BF1BED5D1F6C
S3150200F7201BED593F1BED555F1BED517F1BED4D9FA9
S3150200F73014EF52A10AFF50A10AED43BF16EF54A1DE
S3150200F7400AFF52A10AED3FBF18EF56A10AFF54A1C4
S3150200F7500AED3BBF10EF58A10AFF56A10AED37BFCB
S3150200F76012EF50A10AFF58A10AED33BF1BED491F44
S3150200F7701BED453F1BED415F1BED3D7F1BED399FA9
S3150200F78014EF52A10AFF50A10AED2FBF16EF54A1A2
S3150200F7900AFF52A10AED2BBF18EF56A10AFF54A188
S3150200F7A00AED27BF10EF58A10AFF56A10AED23BFA3
S3150200F7B012EF50A10AFF58A10AED1FBF1BED351F1C
S3150200F7C01BED313F1BED2D5F1BED297F1BED259FA9
S3150200F7D014EF52A10AFF50A18AED01BF16EF54A100
S3150200F7E00AFF52A18AED05BF18EF56A10AFF54A1DE
S3150200F7F08AED09BF10EF58A10AFF56A18AED0DBF87
S3150200F80012EF50A10AFF58A18AED11BF1BED211F6D
S3150200F8101BED1D3F1BED195F1BED157F1BED119FA8
S3150200F82014EF52A10AFF50A18AED15BF16EF54A19B
S3150200F8300AFF52A18AED19BF18EF56A10AFF54A179
S3150200F8408AED1DBF10EF58A10AFF56A18AED21BF0E
S3150200F85012EF50A10AFF58A18AED25BF1BED0D1F1D
S3150200F8601BED093F1BED055F1BED017F9BED039F22
S3150200F87014EF52A10AFF50A18AED29BF16EF54A137
S3150200F8800AFF52A18AED2DBF18EF56A10AFF54A115
S3150200F8908AED31BF10EF58A10AFF56A18AED35BF96
S3150200F8A012EF50A10AFF58A18AED39BF9BED071F3F
S3150200F8B09BED0B3F9BED0F5F9BED137F9BED179F20
S3150200F8C014EF52A10AFF50A18AED3DBF16EF54A1D3
S3150200F8D00AFF52A18AED41BF18EF56A10AFF54A1B1
S3150200F8E08AED45BF10EF58A10AFF56A18AED49BF1E
S3150200F8F012EF50A10AFF58A18AED4DBF9BED1B1FC7
S3150200F9009BED1F3F9BED235F9BED277F9BED2B9F7F
S3150200F91014EF52A10AFF50A18AED51BF16EF54A16E
S3150200F9200AFF52A18AED55BF18EF56A10AFF54A14C
S3150200F9308AED59BF10EF58A10AFF56A18AED5DBFA5
S3150200F94012EF50A10AFF58A18AED61BF1AED1B1FE3
S3150200F9501AED7F3F02FF50210AED7F3F1AED171F76
S3150200F9609AED013F02FF50218AED013FBDEC108B5B
S3150200F970BDE8F08F2DE9F04F4FF02608D1E9084394
S3150200F980A1B00B9308FB03F304EBC40500934B6988
S3150200F99004EB450901938F694B464FF0000A3A463C
S3150200F9A0D1F81CC00894CDF84890DC18D1F8049020
S3150200F9B04AEB0A0B07EBC7070D6802EB47071190E4
S3150200F9C0059288680A690694CDF81CB0CC68CB46C5
S3150200F9D008FB0CF18E46049515466246019BCDF84E
S3150200F9E00CB008FB03F8A300A3FB0B3BECFB0E3B9E
S3150200F9F0F9194AEB0A069218E0FB003B1792019AA4
S3150200FA00CDF830C04AEB0A0C92184AEB0A0ACDF836
S3150200FA1064A09A46CDF860C0F4460E9202956A003A
S3150200FA20049D1092E2FB05ABCDE91CAB019B059A46
S3150200FA309B000F9353000A930C9BA5FB05BA9B00F0
S3150200FA401393089BCDF824E05B000D930B9BDDF826
S3150200FA5008E05B001493019B4FEA4909E3FB08BAED
S3150200FA60009BA3FB0038ECFB0E389C46DDF80CE04D
S3150200FA70E9FB05C8AEFB0939E7FB02391F46CDF89B
S3150200FA8054C04FEA400CECFB0579029D1A97A5FB80
S3150200FA900173019A05FB06331BEB070BA2FB0171EF
S3150200FAA043EB0A03DDF818A002FB0611A0FB0A6A63
S3150200FAB01BEB060B079E159A00FB06AA4AEB030AE6
S3150200FAC0009BDDF814C0A3FB0E36DDF824E0EEFB46
S3150200FAD00436DB1876411BEB03034AEB0606D719FD
S3150200FAE041EB08014FEA936A23F07C48009BCDF86C
S3150200FAF05480A3FB0538EEFB0C38DDF80CB04FEA58
S3150200FB00400CEBFB0C389B46049D4FEA440CECFB85
S3150200FB1005B8069ACDF86CB0A4FB023BDDF81CE0F2
S3150200FB204AEA861A04FB0EBBFB18DDF808C04BEB4B
S3150200FB30010B13EB0A0323F07E411691ACFB02176D
S3150200FB400CFB0E771A9A4BEB966B5E0E009B5118C6
S3150200FB5047EB0907A3FB0439DDF824C0019A46EAFC
S3150200FB60CB16ECFB0239DB1849EB0909CB184FEA35
S3150200FB70440C47EB09079B1923F07C4E4FEA936A24
S3150200FB80A4FB0C31DDF84890089E47EB5B67E9FB66
S3150200FB900631DDF840B0DDF80C90EBFB0031CDF814
S3150200FBA024E0DDF83CE00A9AEEFB0931E2FB05317E
S3150200FBB01093ACFB0036009DDDF814C01291E5FBF4
S3150200FBC00C361946EBFB09160591A4FB0E310F966E
S3150200FBD00B9EDDF84CE0E6FB0531029D1646E5FB81
S3150200FBE00531E2FB0031E9FB0E319946049A0D9B81
S3150200FBF0DDF800E0E3FB02911391A4FB0B318B4687
S3150200FC000899CDF82C90EEFB013B0E990293A1FBCD
S3150200FC10052ECDF820B0CDF878E0069B1A92019A0F
S3150200FC20DDF81CE0A2FB0312A4FB0696019C4AEA3D
S3150200FC30871A04FB0E251B9C1F966118119E45EB25
S3150200FC40080511EB0A014FEA516821F07E4145EBA6
S3150200FC509765F160ACFB03170CFB0E77DDF830C03D
S3150200FC601C9CACFB03A26118009B1D9C0CFB0E2284
S3150200FC70DDF838C047EB0407A3FB0CB411EB0B010C
S3150200FC80B346DDF864E048EAC51803FB0E44049B5C
S3150200FC9044EB070411EB080144EB55648D0E21F089
S3150200FCA07C413161ACFB0317059EDDF85CE07118FF
S3150200FCB00F9E45EA841546EB070611EB0A0142EB55
S3150200FCC00602ACFB00A8A0FB0E67491900984FEA92
S3150200FCD0516521F07E4142EB9462CBF81410A0FBF1
S3150200FCE00E14DDF860C045EAC21500FB0C441098FC
S3150200FCF0DDF820C04118129844EB0004491944EB80
S3150200FD005264029A0B9812EB0A054CEB080CDDF8CA
S3150200FD1028A0DDF80C80EAFB085CF2469E46A3FBAF
S3150200FD200A23AA184FEA916545EA84154CEB030C9F
S3150200FD3021F07C4152194CEB946CCBF81810510E01
S3150200FD40139C41EACC11411844EB5C64DDF868C0AF
S3150200FD50DDE91E051CEB090340EB05059B190D9811
S3150200FD6045EB0705E8FB0035149822F07E42EEFBD0
S3150200FD700035CBF81C208A0E42EA84129B1845EB0A
S3150200FD8094625C0E44EAC21421F07C41520E23F0C6
S3150200FD907E43CBF82010CBF82430D100E3001B19A8
S3150200FDA041EA547142EB0101DB1849411B1942EB4E
S3150200FDB001021599DDF824E05B1842F10002990E62
S3150200FDC041EA8211169A23F07C430A4422F07E41CC
S3150200FDD00EEB5262CBE90031CBF8082021B0BDE828
S3150200FDE0F08F00BF2DE9F04F8046131E18BF012386
S3150200FDF0D8E90176D8E90354D8F814908FB0D8F828
S3150200FE0018A00068CDF80090C446D8E907B9D8F81A
S3150200FE102480CDF80890D1F800905B42CDF804A07A
S3150200FE20CDF80C80DA4309EA030A00EA020802EA7C
S3150200FE3009094AEA080A1840D1F8048040EA09008A
S3150200FE40086007EA020908EA03001F4002EA0808F6
S3150200FE5047EA08074F60D1F808808F6840EA090030
S3150200FE6005901F4002EA080006EA020847EA080768
S3150200FE700697D1F80C80CF681E4006431F4002EA5F
S3150200FE80080005EA020847EA08070797D1F8108032
S3150200FE900F691D4005431F4002EA080004EA0208F2
S3150200FEA047EA08071C4044EA0008CDF810A04C694E
S3150200FEB008974F69DDF8009002EA07001C4009EA3C
S3150200FEC002073C43DDF804A08F69099403EA09049A
S3150200FED0D1F8189004431F4002EA09000AEA02090F
S3150200FEE047EA09070A9703EA0A07D1F81CA007435B
S3150200FEF002EA0A090AEA03000BEA020A40EA0A00CF
S3150200FF000B9003EA0B0040EA0900D1F820B0D1F8C1
S3150200FF1020A00090029802EA0B090AEA030A00EA04
S3150200FF20020B4AEA0B0ACDF830A003EA000A4AEAB3
S3150200FF3009090398D1F824A000EA020B0AEA030A87
S3150200FF400340486A4AEA0B0A02401343009ACDF874
S3150200FF5034A00DF1100EC1E90265C1E90484C1E9BC
S3150200FF6007298F614B62BEE80F00ACE80F00BEE8BE
S3150200FF700F00ACE80F009EE803008CE803000FB008
S3150200FF80BDE8F08F2DE9F04F90F8F73291B00446B4
S3150200FF900191032B00F2B782DFE813F0EE00E000D6
S3150200FFA011000400019B00F5157200F50B714C302F
S3150200FFB09847042384F8F73211B0BDE8F08FD4F8DD
S3150200FFC0B852D4F89462D0F87C22D0F8A412D0F8B1
S3150200FFD080320395D0F8A802D4F8C0520D96D4F810
S3150200FFE0C86202900595D4F89C52CDE908610F9239
S3150200FFF05118029AD4F8ACC2D4F884B2D4F8BC72BE
S315020100000695D4F8C452D4F8B0E2D4F888A2C4F85A
S31502010010B4119918D4F8B402D4F88C92D4F8908217
S3150201002004970795D4F89872D4F8A0520E93C4F89F
S31502010030B8110BEB0C01039BC4F8BC110AEB0E01C0
S31502010040C4F8C01109EB0001C4F8C41108EB03019D
S315020100500D9EC4F8C81104990C9005987118C4F83C
S31502010060CC113918DDE90623C4F8D011D118089A42
S31502010070C4F8D411A918C4F8D81104F19C0004F5E6
S31502010080DA71CDF828C0CDF82CE0FFF773FC06989B
S315020100900F9A06F1006102F1006200F10066099809
S315020100A00E9B263A121AC4F8DC2103F18063029AE6
S315020100B0DDF828C00BF1006B023BDDF82CE09B1A40
S315020100C0ABF1020B0AF1806AC4F8E031AAF1020A25
S315020100D0ABEB0C0309F10069DDF830C0C4F8E43179
S315020100E0A9F10209AAEB0E03C4F8E83108F1806806
S315020100F0A9EB0C03DDF80CC0A8F10208C4F8EC3137
S31502010100A8EB0C03C4F8F031049B059807F180674C
S315020101100239089AC91A05F18065079B023F3F1AFF
S31502010120023E023DF61AAD1AC4F8F87104F53377A8
S315020101303846C4F8F411C4E97F6504F5EE71FFF798
S3150201014019FC019B3A4604F1240104F1C4009847C3
S31502010150032384F8F73211B0BDE8F08F019B00F555
S315020101608A7200F59E7100F529709847022384F878
S31502010170F73211B0BDE8F08FB0F9F43290F8F662B9
S31502010180C3F3CC020244157903F007031D4105F0BE
S3150201019001056E40324600F19C014C30FFF722FE0A
S315020101A0324604F1C40104F17400FFF71BFEA06F8D
S315020101B084F8F652D4F88450E26C616FD4F8886000
S315020101C002900395D4F88C50236D09910E92511821
S315020101D0029AD4F87CE0D4F854B0676E0496069578
S315020101E0D4F89060D4F89450D4F88000D4F858A08A
S315020101F0C4F8EC109918D4F898C0D4F85C90D4F8E5
S31502010200608005970796A76EE66E0895256F0D9392
S31502010210039AC4F8F0100BEB0E01C4F8F4100AEBC2
S315020102200001C4F8F81009EB0201C4F8FC100499A4
S31502010230DDE905324144C4F800119918C4F80411E4
S315020102400799089A7918C4F80811B118C4F80C115B
S31502010250614669180B90C4F8101104F50B7004F18C
S31502010260EC01CDF828E0CDF830C0FFF783FB0E9AFA
S3150201027009980D9B02F10062263A121A03F1806374
S315020102800298DDF828E00BF1006B023B1B1AABF179
S31502010290020B0B980AF1806AC4F81831AAF1020A14
S315020102A0ABEB0E03C4F81C3109F10069AAEB00039A
S315020102B00398A9F10209C4F8203108F18068A9EB73
S315020102C000030498DDF814C0A8F10208C4F8243129
S315020102D0A8EB00030CF10061C4F82831069B023930
S315020102E0C91A07F18067079B023FFF1A06F10066EA
S315020102F0089B023EF61A05F180650C9B023DED1A3A
S31502010300C4F81421C4F82C11C4F83071C4F834614C
S31502010310C4F8385104F58A7104F51570FFF72AFB02
S31502010320D4F83032D4F8582203F18063023B9B1A87
S31502010330C4F89031D4F83432D4F85C2203F1006364
S31502010340023B9B1AC4F89431D4F83832D4F86022AD
S3150201035003F18063023B9B1AC4F89831D4F83C320C
S31502010360D4F8642203F10063023B9B1AC4F89C3160
S31502010370D4F84032D4F8682203F18063023B9B1A17
S31502010380C4F8A031D4F84432D4F86C2203F10063E4
S31502010390023B9B1AC4F8A431D4F84832D4F870222D
S315020103A003F18063023B9B1AC4F8A831D4F84C329C
S315020103B0D4F8742203F10063023B9B1AC4F8AC31F0
S315020103C0D4F85032D4F8782203F18063023B9B1AA7
S315020103D0C4F8B031D4F82C32D4F8542203F10063B4
S315020103E0D4F89C60263B9B1AD4F8C4A0C4F88C317D
S315020103F006F10063263BA3EB0A03D4E92850C4F8AD
S31502010400643105F18063023BD4E93298A3EB090317
S31502010410C4F8683100F10063D4F8A810023B4044E5
S31502010420A3EB0803C4F84401C4F86C31D4F8D00034
S3150201043001F18063023B1B1AC4F87031D4F8AC3067
S315020104400144D4F8D4C0C4F8481103F10063D4F8C6
S31502010450AC10023B6144A3EB0C0CD4F8B0304D4412
S315020104601846D4E939B7C4F84051C4F84C11D4F846
S31502010470D85003F18061D4F8B43002392844491BBB
S315020104801D465644C4F83C61C4F85001D4F8DC60F8
S3150201049003F10060D4F8B83002383544861B184699
S315020104A0C4F8545103F18065D4F8E030D4F8BCE0C5
S315020104B01844023DED1AC4F85801D4F8C0300EF1C1
S315020104C000600238DE44A0EB0B0B03F180600238B8
S315020104D0C4F85CE1C01B03EB070EC4F860E104F14A
S315020104E0EC02C4E95DC1C4E961B0019BC4E95F657F
S315020104F004F5B27104F51F709847012384F8F732A7
S3150201050011B0BDE8F08FD0F88C316A4AD0E96406A1
S31502010510A3FB02834FEA986141EA83119B0EE0FB3A
S3150201052002131F46D4E967034FEA516C4CEAC71C12
S315020105307F0EE6FB02C7BE46D4F898514FEA9C6786
S3150201054047EA8E174FEA9E6EE5FB027E7D0E45EA6D
S31502010550CE154FEA5E6EE0FB025E4FEA956949EA05
S315020105608E194FEA9E6EE3FB029ED4F8A4614FEA0E
S31502010570596040EACE104FEA5E6EE6FB020EF24683
S31502010580D4F8603227F07E47C4F8D8724FEA906EEB
S315020105901F44D4F8A8314EEA8A1E4FEA9A66E3FB53
S315020105A002E6D4F8643225F07C454FEA5E6AC4F865
S315020105B0DC524AEAC61A1D44730ED4F8AC6129F01C
S315020105C07E49E6FB02A3D4F86862C4F8E09209EB1D
S315020105D0060BD4F8B0614FEA9A6949EA83199B0E70
S315020105E0E6FB02931E46D4F86C3220F07C40C4F836
S315020105F0E40218444FEA596343EAC61329F07E46D8
S3150201060003EBC30903EB490328F07C48984421F024
S315020106107E4101EB98612CF07C4C0CEB5163D4F8D2
S3150201062058C221F07E418C44C4F8D012D4F85C122F
S315020106302AF07C4203EB010AD4F87412C4F8EC22C4
S315020106401144D4F87822C4F8F062C4F8D4321644BC
S31502010650D4F87032D4F854222EF07E4E28F07C481B
S3150201066073444244C4F8E8E2C4F808C2C4F8042256
S31502010670C4F8CC8204F50172C4E983A7C4E98703ED
S31502010680C4E98916019BC4E9855B04F5C67104F1C7
S31502010690740098470022B4F8F43284F8F722013B39
S315020106A01BB29342A4F8F432BCBF012384F8F83298
S315020106B082E400BF42DB010070B51B4B86461B6814
S315020106C0012B26D0022B06D0184A7346BDE870408C
S315020106D01146174818474FF43F73164C16482268BD
S315020106E003FB020191F8F81282F0010541B103FB05
S315020106F0050393F8F832002BE6D12A4685F0010567
S315020107004FF43F73714603FB0200FFF73BFC256082
S3150201071070BD094890F8F832002BD5D17146BDE873
S315020107207040FFF72FBC00BF5C110022D8350102D1
S31502010730000000205811002228000020094B1868E9
S3150201074078B1094A012892F8F932B3FA83F34FEAEA
S31502010750531305D092F8F525002A53EA13907047F0
S31502010760184670475C110022280000202DE9F04747
S3150201077000F030FE2A4A1388002B4FD000254FF095
S31502010780010A5768274EDFF8A890274C07EB430862
S31502010790EFF310828AF31088336823B9402189F86E
S315020107A0143089F8141033680133336082F31088E8
S315020107B0A8EB070EAEF1020E4FEA5E0E0EF1010E26
S315020107C039464EF001E0194831F8022B130A1B0192
S315020107D053FA82F254F8223003402B4343F00403C6
S315020107E044F822300FF011C0EFF310828AF3108819
S315020107F0336813B13368013B3360336823B980210F
S3150201080089F8143089F8141082F310884FF47A713A
S31502010810642085F0010502F061F8B9E7FEE700BF41
S3150201082044BF01026833002200084040FE3FFEFF3A
S31502010830000D4040022800D070470249024801F0EB
S31502010840F5BE00BFA0BB01022033002230B5EFF393
S315020108500A84002585F30A886D468D468047AD4692
S3150201086084F30A8830BD00BFBFF34F8FBFF36F8F8A
S315020108704FF0FF320E4BC3F8202CDA6F0260596833
S315020108801A6892B242EA01424260D9689A6892B201
S3150201089042EA0142826059691A6992B242EA014206
S315020108A0C260DA699B699BB243EA024303617047FC
S315020108B0003000E02DE9F0478A46244F1546BC4632
S315020108C01C46DAF80820DAF80C30814608684968CD
S315020108D0089EACE80F00DAF81000DAF81410DAF81C
S315020108E01820DAF81C3007F1600EACE80F00286810
S315020108F06968AA68EB68DFF85880ACE80F002869D6
S315020109006969AA69EB69ACE80F000FCCACE80F0084
S3150201091094E80F008CE80F0030687168B268F368DA
S31502010920AEE80F003069B2697169F369AEE80F008A
S3150201093098E80300C7F88000A7F8841048463946AC
S31502010940BDE8F0478622F8F74FBE00BFE008002057
S315020109500036010270B50C4606461E4D9AB029466E
S31502010960224602A8F6F748FFD4F86009D4F86419BA
S31502010970D4F86829D4F86C390DF1480CACE80F00AB
S31502010980D4F87009D4F87419D4F87829D4F87C39D2
S3150201099005F58865ACE80F009DF848302A4623F034
S315020109A007038DF848309DF867300AA803F07F03E4
S315020109B043F0400312A904F518648DF8673002F07A
S315020109C0A3F92B4630460AAA02A90094FFF772FF41
S315020109D01AB070BDA809002010B50D4CADF5286DF1
S315020109E021460DF59060F8F71DFB68460DF59061FD
S315020109F0F8F704FB4FF490622146684602F054F977
S31502010A00003818BF012040420DF5286D10BD00BF08
S31502010A10080E002030B5ABB0FFF7DEFF002840D14B
S31502010A20402104461AA8F8F725FB1F4A1AAB02A968
S31502010A301E48F6F7A7FE1E4B0DF1480C0DF1880E66
S31502010A401D68BEE80F00ACE80F009DF8483023F0A0
S31502010A5007038DF848309EE80F008CE80F009DF8D9
S31502010A60673012A903F07F0343F040038DF8673024
S31502010A709DB9104A104802F047F9104D12A92A46AB
S31502010A800AA802F041F90C4B0D480AAA02A90095DF
S31502010A90FFF710FF20462BB030BD074801F08CFA54
S31502010AA0EBE74FF0FF34F5E7080E0020A809002016
S31502010AB0EC12002220390102E80D0020A8120020C2
S31502010AC088090020202370B50446A0B00DEB03006F
S31502010AD060212A4AF8F766FD214608AA04F51A603A
S31502010AE0F6F722FEEC460DF1600EBEE80F00C4F8E1
S31502010AF06009C4F86419C4F86829C4F86C39BEE8F7
S31502010B000F00C4F87009C4F87419D4F86009D4F84E
S31502010B106419C4F87829C4F87C39D4F86829D4F858
S31502010B206C39174EACE80F00D4F87419D4F87C3935
S31502010B30D4F87009D4F8782904F51865ACE80F00E1
S31502010B409DF800209DF81F30316803F07F0322F0E3
S31502010B50070243F040038DF800208DF81F3029B1BA
S31502010B606946284601F028FA20B070BD6946284632
S31502010B70044A02F0C9F820B070BD00BFC8120020B5
S31502010B80EC1200222039010200B52021ADF6446D96
S31502010B900E48F8F76FFA6846FFF794FF0C4B0DF50E
S31502010BA01A614FF49462184602F096F80DF5186E22
S31502010BB000F5946CBEE80F00ACE80F009EE80F004A
S31502010BC08CE80F000DF6446D5DF804FBC812002097
S31502010BD0080E002010B50446ADF5646D6846FFF7B0
S31502010BE071FF69462046FFF7B5FE0DF5646D10BD2E
S31502010BF003462DE9F04F08461446A5B0002B00F036
S31502010C00E0800222B24901910A60B24AB2491360F6
S31502010C1000220A60B14ADFF82CB31360B04ADFF84A
S31502010C2028A31360AF4A1360AF4A1360CBF80030B2
S31502010C30F8F71AFAFFF7A8FFAC48FFF743FFFFF7E9
S31502010C40E9FE20B1DAF800300133CAF80030A749CB
S31502010C5004A8FFF77FFE0CA8FFF7BCFF202204A918
S31502010C60A34802F021F80023DAF800204FF0200E03
S31502010C70984252EA02920DF10F060DF12F05CAF8BA
S31502010C8000204EF001E02946324612F8017F11F8A2
S31502010C90010F874253EA03930FF009C89549DFF81A
S31502010CA068920A6814A81A4499F800300A6083F017
S31502010CB05A038E4989F80030FFF74CFE1CA8FFF74C
S31502010CC089FF4FF0200E0DF14F0800234EF001E08F
S31502010CD04746414699F800000DF16F0280F05A002D
S31502010CE089F8000012F801CF11F8010F844553EA81
S31502010CF003930FF009C8DFF854922022D9F80010A5
S31502010D007B480B4414A90293C9F8003001F0CCFFC9
S31502010D10DAF80030002853EA1393CAF80030002C9F
S31502010D2053D0754C754D4FF498627549754801F06B
S31502010D30D3FF0FCD0FC495E80F00DFF81482DFF859
S31502010D40B09184E80F004FF48C626F496F4801F04D
S31502010D50C3FFB9E80F00A8E80F0099E80F00DFF812
S31502010D60F4E104AD88E80F000FCDAEE80F0095E877
S31502010D700F00DFF8E4C10CAE8EE80F000FCEACE82F
S31502010D800F0096E80F00624F14AC8CE80F000FCCEF
S31502010D900FC794E80F0087E80F000023019A13603A
S31502010DA04C4A13604C4A13604C4A13604C4A136016
S31502010DB04C4A13604C4A1360CBF8003025B0BDE8AB
S31502010DC0F08F434A019213601FE74FF4986E224651
S31502010DD04EF001E04F49504B11F801CF13F8010FC4
S31502010DE0844552EA02920FF009C84FF0200E002301
S31502010DF04EF001E049494A48D1F800A04949CDF8E7
S31502010E000CA010F801AF11F801CFE24553EA0393A2
S31502010E100FF009C84FF48C6E13444EF001E0002224
S31502010E20DDF80CA040484149534410F801AF11F8CE
S31502010E3001CFE24552EA02920FF009C84FF0200EA5
S31502010E401A444EF001E0002339483A4910F801AF3D
S31502010E5011F801CFE24553EA03930FF009C8A5EB56
S31502010E60060E1A444EF001E00023334916F801CF6B
S31502010E7011F8010F844553EA03930FF009C8A8EB51
S31502010E80050E1A444EF001E000232C4915F8016FB4
S31502010E9011F8010F864253EA03930FF009C80DF1C7
S31502010EA06F01A1EB080E4EF001E01A441B4B1A60CA
S31502010EB0234B17F8011F13F8012F914254EA0494A8
S31502010EC00FF009C8029B2344C9F8003065E700BF49
S31502010ED05C100022541000224C10002260100022E5
S31502010EE0EC120022E0120022E8120022E81200208F
S31502010EF088090020D0120022603E0020C81200207C
S31502010F00080E002000480020A8090020003A00200F
S31502010F1080390020070E0020FF470020DC12002244
S31502010F20C71200205F3E0020A7090020FF390020DA
S31502010F3087090020DF390020BF3900209F390020B0
S31502010F407F390020F0120022D8120022D412002288
S31502010F50E0390020C0390020A0390020002370B5F5
S31502010F604FF041440C4E0D480D490E4A0E4D336069
S31502010F7003600B601360214601220020FFF738FE51
S31502010F80214604F51E44002201203734FFF730FEC4
S31502010F90AC42F0D170BD00BFDC120022D812002291
S31502010FA0D4120022D0120022B8F104C12DE9F84F61
S31502010FB00026494B49481B68494C03EB8301C55C32
S31502010FC0DFF848B1DFF848A1DFF84891DFF8488138
S31502010FD0444F04EB0114002D57D00223CBF8003005
S31502010FE00123CAF800300023C9F800303E4BC8F885
S31502010FF000503D601D603D4B3D481D603D4B1D60EF
S31502011000002E46D0F8F730F8FFF7BEFD3A48FFF753
S3150201101059FD3A48F8F728F8012E01D0FFF7FAFCF4
S315020110204FF0FF32364BC3F8202CD3F8042E42F090
S315020110300202C3F8042ED3F8042E42F00402C3F8C6
S31502011040042EBFF34F8FBFF36F8F2E4AC3F8002CC6
S3150201105016B3012E3DD0022E36D02B48FFF7BAFD2C
S315020110602046FFF701FC00231F4ACBF80030CAF8DD
S315020110700030C9F80030C8F800303B6013601B4AE3
S3150201108013601C4A1360BDE8F88F2B46CBF800505B
S31502011090A7E7F7F7E9FFC3E7FFF776FD2046FFF774
S315020110A0E3FB0023104ACBF80030CAF80030C9F836
S315020110B00030C8F800303B6013600C4A01361360F9
S315020110C00C4A1434136086E70B490F48FFF742FCBA
S315020110D0E4E7FFF79FFCE1E760110022AC38010269
S315020110E090110022EC120022E0120022E8120022E4
S315020110F0011000DDF0120022E8120020022000DDBC
S31502011100003000E0FF000080680900205C10002228
S31502011110541000224C10002260100022002170B5EA
S31502011120184D84B00DF1040C8646A5FB0023DB089D
S3150201113003EB8304A0EB44003030BEF1090F0A46EB
S315020111400CF8010B01F101011846EDD801AB991812
S3150201115041F6FE7C00260C480C4D531C00E021464C
S3150201116002684C1E624508D8026891F900E0511CDA
S315020111700160016805F802E06E54013BEFD104B04B
S3150201118070BD00BFCDCCCCCCF8320022F8120022C1
S31502011190F8B54FF0000C202641F6FE7507463D4B89
S315020111A03D4C3E492268AA4206D82268501C20605C
S315020111B020688E5401F800C013F9016F002EF1D197
S315020111C03868FFF7ABFF202541F6FE70344B3349F1
S315020111D02268824209D8226802F1010CC4F800C0D1
S315020111E0D4F800C08D5401F80C6013F9015F002D8B
S315020111F0EED17868FFF792FF202641F6FE70294B61
S3150201120026492268824209D8226802F1010CC4F8F1
S3150201121000C0D4F800C08E5401F80C5013F9016FC6
S31502011220002EEED1B868FFF779FF202541F6FE7050
S315020112301D4B1A492268824209D8226802F1010C21
S31502011240C4F800C0D4F800C08D5401F80C6013F93B
S31502011250015F002DEED1F868FFF760FF41F6FE76D9
S315020112602023124A0D482168B14209D8216801F1A9
S31502011270010CC4F800C0D4F800C0435400F80C5065
S3150201128012F9013F002BEED13869BDE8F840FFF7AC
S3150201129045BF00BF08360102F8320022F8120022C9
S315020112A010360102183601022036010228360102E1
S315020112B0F8B590F900300E461146002B7ED041F664
S315020112C0FE7C4FF0000E3E4C3E4F2568654506D822
S315020112D025686A1C226022687B5507F802E010F92C
S315020112E0013F002BF1D12022304601F0DDFC00281E
S315020112F04FD03A2341F6FE704FF0000C324A314D7F
S315020113002168814206D821684F1C276027686B54E1
S3150201131005F807C012F9013F002BF1D141F6FE7023
S315020113201D462022DFF8A8C0264F711E266811F835
S31502011330013F86420DD826681B0906F1010EC4F843
S3150201134000E01CF90330D4F800E0BB5507F80E5053
S315020113500B78266803F00F03864208D826681CF923
S3150201136003E0731C2360236807F806E0FD54013A83
S31502011370DCD141F6FE7322689A4208D80A2500207A
S315020113802268104B511C216021689D54585401203A
S31502011390F8BD3A2341F6FE7684460C4A094D216888
S315020113A0B14206D821684F1C276027686B5405F89D
S315020113B007C012F9013F002BF1D1F8BD004C92E7AB
S315020113C0F8320022F81200223836010230360102C2
S315020113D0C83801022DE9F04FB148B24A9DB0904298
S315020113E007D2013A121A22F00702AF49083201F076
S315020113F073FCBFF34F8FBFF36F8F3D2341F6FE7030
S315020114000027AA4AAA4C1278AA4DAB4A2168814200
S3150201141005D821684E1C266026686B54AF5512F911
S31502011420013F002BF2D13D2541F6FE70A34AA14EA2
S315020114302168814205D821684F1C276027687554A7
S31502011440F35512F9015F002DF2D14FF0700B4FF0F7
S315020114506A0ADFF8E08204AEB8E80F000FC698E820
S315020114600F0086E80F00964A04A90CA88DF810B061
S315020114708DF82FA001F048FC924A0CA99248FFF779
S3150201148017FF924F0DF1100C81460FCFACE80F00FA
S315020114904FF058038DF8103097E80F0086E80F00D9
S315020114A04FF06B0204A98DF82F200CA8844A01F093
S315020114B02BFC874A0CA98748FFF7FAFEA8F1100E02
S315020114C00DF1100C8144BEE80F00ACE80F0098E85C
S315020114D00F0086E80F007E4A04A90CA88DF810B009
S315020114E08DF82FA001F010FC7B4A0CA97B48FFF76F
S315020114F0DFFEA7F1100E0DF1100C00EB0908BEE894
S315020115000F00ACE80F004FF058038DF8103097E842
S315020115100F0086E80F004FF06B0204A98DF82F2009
S315020115200CA8684A01F0F0FB0CA96B4A6C48FFF75C
S31502011530BFFE3D2641F6FE716A4B5E4F804422682C
S315020115408A4205D82268501C20602068BE543D5448
S3150201155013F9016F002EF2D13246634914A8F8F746
S3150201156043F8624A14A96248FFF7A2FE03226149BF
S31502011570804414A8F8F738F85F4A14A95F48FFF7C0
S3150201158097FE5F4A404410601268DFF8ACC1002A38
S315020115905C4B4FF00A0741F6FE7108BF6346454DA3
S315020115A022688A4205D82268501C20602068AF54FE
S315020115B02E5413F9017F002FF2D153495348FFF7F5
S315020115C045F9652541F6FE71514B3A4822688A4230
S315020115D005D82268561C266026688554875513F954
S315020115E0015F002DF2D14B4B2026D3F800B05846AD
S315020115F0FFF794FD41F6FE71474B2E4822688A4257
S3150201160005D82268571C276027688654C55513F9E1
S31502011610016F002EF2D1414B20251B68184601931A
S31502011620FFF77CFD41F6FE713D4B224822688A4254
S3150201163005D82268571C276027688554C65513F9B1
S31502011640015F002DF2D1374B20261B681846029303
S31502011650FFF764FD41F6FE71334B164822688A4252
S3150201166005D82268571C276027688654C55513F981
S31502011670016F002EF2D12D4B1B6818460393FFF71B
S315020116804DFD41F6FE7322689A4207D80A20226866
S31502011690084B511C2160216898545E54244A4DE03E
S315020116A00000000028650000400000020000000062
S315020116B0F8320022F8120022B8360102F03601028F
S315020116C0203901028039010214370102443801022C
S315020116D06039010220370102403901022C37010229
S315020116E03837010244370102783601020039010214
S315020116F0703701027C370102E038010280370102AC
S31502011700FC3200227C360102C08800205D0F0102F4
S315020117108C370102DC120022A4370102D812002200
S31502011720AC370102D4120022B8370102D0120022CC
S3150201173000ED00E06838010248360102C64BD2F8D4
S31502011740FC1041F08071C2F8FC10196821F0010108
S315020117501960BFF34F8FBFF36F8F4FF0FF37012031
S3150201176000211E68BD4D03F500532E60D2F80461B7
S3150201177046F00F06C2F80461C3F8207CD3F8042EA2
S3150201178022F00102C3F8042ED3F8042E0243C3F851
S31502011790042EC3F80014D3F8042E42F00202C3F851
S315020117A0042EC3F8000C1491149A632A07D8C3F8BD
S315020117B0A00C149A01321492149A632AF7D90122BF
S315020117C04FF0FF3E4FF0080C1E2703200021A44BC9
S315020117D0A44EC3F8202C1A6892B23260C3F820ECE8
S315020117E0C3F800C4C3F80474D3F8042E42F002020B
S315020117F0C3F8042EC3F8000C1491149B9A4A93421F
S3150201180006D800BF149B01331493149B9342F8D953
S3150201181003224FF0FF301E214FF0080A4FF03F0915
S315020118204FF03E0E4FF03D0C8D4B904FC3F8202CDE
S315020118305A681FFA82F8C7F800801A6892B242EA19
S315020118400842DFF85482C8F80020C3F8200CD3F806
S31502011850042E22F00102C3F8042ED3F8042E42F01C
S315020118600102C3F8042EC3F800A4C3F80414C3F892
S315020118700894C3F80C14C3F810E4C3F81414C3F89B
S3150201188018C4C3F81C14C3F8200CD3F8042E42F072
S315020118900202C3F8042ED3F8042E42F00402C3F85E
S315020118A0042EBFF34F8FBFF36F8F4FF06509704A56
S315020118B07048C3F8002CFEF7D7FF41F6FE714FF0D0
S315020118C0000E4A466C4B6D48D4F800C08C450BD8C5
S315020118D0D4F800C00CF10109C4F80090D4F80090C4
S315020118E000F80C2000F809E013F9012F002AEBD1C8
S315020118F04FF0200A2D6891462846FFF70FFC41F664
S31502011900FE71AE4652465E4B5C4825688D4209D849
S31502011910256805F1010CC4F800C0D4F800C042558F
S3150201192000F80C9013F9012F002AEED10EF00109ED
S31502011930484692462025FFF7F1FB41F6FE71514BCF
S315020119404E4822688A4209D8226802F1010CC4F87B
S3150201195000C0D4F800C0855400F80CA013F9015F49
S31502011960002DEED14FF0200A36683046FFF7D6FB3E
S3150201197041F6FE71AC46B6465246434B3F48256890
S315020119808D4206D825686E1C26602668425500F8E7
S3150201199006C013F9012F002AF1D17646D8F8008044
S315020119A092464046FFF7BAFB202541F6FE70B44641
S315020119B0364A324B2168814206D821684E1C26607E
S315020119C026685D5403F806A012F9015F002DF1D1D4
S315020119D0D7F800A066465046FFF7A0FB0A2741F654
S315020119E0FE70AE462A4A254B2168814206D82168F5
S315020119F04D1C256025685F5403F805E012F9017F45
S31502011A00002FF1D11B48FFF7C3FB41F6FE72216895
S31502011A10914207D80A2021684A1C2260174A50546B
S31502011A2021685754B8F5803F28BFBAFA8AF8019B54
S31502011A30029A5B441344039A38BF4FF001081344D8
S31502011A404B4428BF4FEA5818642E53EA03930025E4
S31502011A50DFF848900F4F23E0001000E064110022E6
S31502011A60003000E0701100229F86010068110022F9
S31502011A70FF00008078110022C8370102F812002205
S31502011A80E4370102F0370102F83701020038010298
S31502011A9008380102C08800206C1100226011002260
S31502011AA06E4E08EB030BC9F8005039463046013534
S31502011AB0FEF7CCFE042DF6D10023D9460193684BDD
S31502011AC0DFF8CCA1674D0393039B41F6FE761F46D1
S31502011AD04FF0000B644903F1040865238C46634AFF
S31502011AE02068B04206D82068411C216021682B5427
S31502011AF005F801B012F9013F002BF1D10198CDF899
S31502011B0008C0FFF70BFB029920238C46584A20682E
S31502011B10B04206D82068411C216021682B5405F881
S31502011B2001B012F9013F002BF1D122686146B2429E
S31502011B300BD8D4F800C0019A4E4880560CF1010226
S31502011B402260226805F80C00AB5420238C464A4ACF
S31502011B502068B04206D82068411C216021682B54B6
S31502011B6005F801B012F9013F002BF1D1614651F896
S31502011B70042B92F900308C4673B12068B04206D824
S31502011B802068411C216021682B5405F801B012F925
S31502011B90013F002BF1D1614638460291FFF7F8FA6F
S31502011BA023680299B34207D80A2023685A1C226085
S31502011BB02268E85405F802B07B6858F8042CB3FA97
S31502011BC083F35B09002A53EA13938A4507F1140743
S31502011BD008F11408994480D1019B039A01335032CA
S31502011BE0042B019303927FF46FAF244BB9F1000FDB
S31502011BF0234ACB4618BF1A4641F6FE7065230027D3
S31502011C00184D2168814205D821684E1C2660266836
S31502011C106B54AF5512F9013F002BF2D1482141F61F
S31502011C20FE7518481A4603680E4E5B440360164B4E
S31502011C302068A84205D82068471C276027683154C6
S31502011C40F25513F9011F0029F2D1BFF34F8F012279
S31502011C500E4B1A601DB0BDE8F08F00BFAD0F010239
S31502011C6090110022F8120022B0380102283801022E
S31502011C7018380102C03801022038010288360102F1
S31502011C80A0360102FC32002234380102003300225E
S31502011C90C038010230B500250F4A011D02F5007454
S31502011CA04FF0190E00234EF001E0081F50F823C031
S31502011CB042F833C051F823C044F833C002330FF05F
S31502011CC00BC80135042D02F1040201F1C80104F128
S31502011CD00404E5D130BD00BF0089002030B50025DE
S31502011CE00F4A011D02F500744FF0190E00234EF042
S31502011CF001E0081F52F823C040F813C054F823C06C
S31502011D0041F813C004330FF00BC80135042D02F15B
S31502011D10040204F1040401F1C801E5D130BD00BF9A
S31502011D200089002008B50D48FEF7C6FC0C48FEF7EF
S31502011D30C3FC0C48FEF7C0FC0B48FEF7BDFC0B4882
S31502011D40FEF7BAFC0A48FEF7B7FC0A48FEF7B4FCEE
S31502011D50BDE808400848FEF7AFBC00BF91BA0002D1
S31502011D6011C10002A1C7000231CE0002C1D4000294
S31502011D7051DB0002E1E1000271E800022DE9F04FB8
S31502011D8083B00190FFF786FF2F4A1368043313606D
S31502011D90FEF7D4FCE0B92D4C2D4DA0462D4E05F192
S31502011DA0600955F8042F56F8043F4046C4E96422F7
S31502011DB0C4E96622C4E96833C4E96A33FDF700F966
S31502011DC0A945EED1019803B0BDE8F04FFFF786BFF2
S31502011DD0214B1E4CDFF878B0054620481C601D4F8A
S31502011DE0FDF788F8DFF878A0DFF87890DFF87880D9
S31502011DF00BF1600603E0FFF795FFB3451BD05BF8D5
S31502011E00042F57F8043F012DC4E96422C4E966226E
S31502011E10C4E96833C4E96A33EDD15046FEF74CFC96
S31502011E204846FEF749FC4046FEF746FC0F48FEF7D8
S31502011E3043FCB345E3D10948FDF765F8019803B0C0
S31502011E40BDE8F04FFFF74ABF541100220089002076
S31502011E50FC3901029C39010204330022C0880020A8
S31502011E60919B000251A3000211AB0002D1B2000202
S31502011E702DE9F04F14468A461F460646636887B027
S31502011E800393A3684FF448720493E3680021059310
S31502011E90236802AD029300F017FF574528BF06F5E6
S31502011EA0487825D3A9463446AB46204653460022F6
S31502011EB05BF8041BC83400F02BFF4445F5D13046CC
S31502011EC0FFF75CFF06ABA3EB050EAEF1040E4FEA7C
S31502011ED09E0E0EF1010E4EF001E0D9F80030534488
S31502011EE049F8043B0FF007C8A7EB0A07BA45D9D947
S31502011EF04FF01F0880240DF118090AF1FF3A8DF8F7
S31502011F0006808DF80740AFB9304601233A460DF1F6
S31502011F10060100F0FDFE04353046012352460DF15D
S31502011F20070100F0F5FE4D4506F1C806E7D107B0F7
S31502011F30BDE8F08F3B4600223046296800F0E8FEF4
S31502011F40E2E700BF70B50E4615461C4684B0089BF3
S31502011F50A82103936A46099BCDE900650294FFF71E
S31502011F6087FF04B070BD00BF2DE9F04385B00C9C1C
S31502011F70CDE90001CDE90223DDF83490C4B104F1C3
S31502011F80FF3809F548774846FFF7F8FE6E464D4693
S31502011F90346828462146A8230022C83500F00CFFE2
S31502011FA0A834BD4246F8044BF2D1B8F10108EAD28F
S31502011FB005B0BDE8F08300BF2DE9F04F8C46ADF5C3
S31502011FC01D7D22AC2646984BDCF8082007461D6883
S31502011FD00868DCF80C3049680FC6DCF81820DCF812
S31502011FE01C30DCF81000DCF814100FC6E27F2378EF
S31502011FF002F07F0203F0F80342F040022370E27717
S315020120000DB18A4A556800220DF22716B4465620AA
S315020120109646114600E0635C1F2901F1010918BFCA
S3150201202014F8099002F0070818BF43EA092323FAB4
S3150201203008F303F00703734403F1030E2EF00708B6
S315020120400332A3EB080301384FEAD2010CF8013F30
S315020120504FEADE0EDFD1744B1B6833B1744A734B00
S315020120605B6811680B445B1B1360724800210446CE
S31502012070082377AA01E054F8041F013B42F8041F22
S31502012080F9D16D4C0121254608237FAA01E055F8B5
S31502012090041F013B42F8041FF9D10121082387AA33
S315020120A001E054F8041F013B42F8041FF9D1002153
S315020120B008238FAA01E050F8041F013B42F8041FCE
S315020120C0F9D15E4DDFF88491DFF884B1DFF884E15E
S315020120D068AB60AA83EA02084C465B46B1462E46C5
S315020120E075465748CDF8208009974F4919F9012FAE
S315020120F0D1F80080D117B8F1000F02D04B4FD7F8B3
S315020121000480B3464FF0000E4A40CDE90481CDE981
S315020121100669521A039260AA00264FF0040CB246CF
S31502012120B146B0463746CDE900E25946CDF808B088
S31502012130DDF80CB001378BEA070ECEF1000242EA56
S315020121400E02D20F013A104014401540BCF1010CA7
S3150201215002EA030248EA000849EA04094AEA050AC8
S3150201216046EA020605D0D1E91804D1E91A536031CB
S31502012170E0E7DDE900E20EF1040EBEF1180FC2E955
S315020121800089C2E902A6DDF808B002F1100206D002
S31502012190DBE90404DBE906530BF1100BBCE7089BF0
S315020121A0DDE904819B91194070AB9A93039B1E4C06
S315020121B058421843C043DDE9066968AD4D40609A4D
S315020121C0689BC00F9895246860AD6940024303433A
S315020121D09991609268933CB11A49144B5B680A68FB
S315020121E01344A3EB08030B600F4B1B6813B10F4B90
S315020121F0D3F8048078A800F0B3FD0B4B1B683BB102
S3150201220011490A4B5B680A681344A3EB08030B6086
S315020122100DF27D134B451FD0D6E96004D6E9625310
S3150201222006F5C07661E700BF1C330022001000E00C
S3150201223010330022803A0102603A0102A03A0102F9
S315020122403E9140D718330022143300220539109DDE
S31502012250059F39FDB3BE40D1884B099F1C680CB15D
S31502012260874B5C6880AA88A90AA800F0B5FD80AAF6
S3150201227088A912A800F098FD12A92AA800F0A0FDCB
S315020122802AA932A800F09CFD32A9084600F098FD61
S3150201229032AA104612A900F07FFD2AA9084632AADF
S315020122A000F07AFD2AA93AA800F08AFD32A9084669
S315020122B03AAA00F071FD052232A93AA800F05CFDA6
S315020122C032AA10463AA900F067FD0A2232A93AA8B3
S315020122D000F052FD3AA9084632AA00F05DFD142229
S315020122E03AA942A800F048FD3AAA104642A900F0CE
S315020122F053FD3AA908460A2200F03EFD32AA1046CB
S315020123003AA900F049FD322232A93AA800F034FD79
S315020123103AA9084632AA00F03FFD64223AA942A828
S3150201232000F02AFD3AAA104642A900F035FD3AA963
S315020123300846322200F020FD32AA10463AA900F0E0
S315020123402BFD32A90846052200F016FD2AAA32A95A
S315020123501AA800F021FD0AA908461AAA00F01CFDD6
S3150201236000264FF0020C0DF1280E0DF1E808BEE829
S315020123700F00A8E80F009EE80F0088E80F0041ADA4
S315020123804FF0070E4EF001E0419B3AA923F00042BD
S315020123904192DB173A9A03F01303D31846EB06026E
S315020123A03A9351F8043F9B1846F100020B600FF075
S315020123B009C0BCF1010F02D04FF0010CE0E74FF06A
S315020123C002080DF1E40C4FF0080E66462A46A946AC
S315020123D0604613234FF0000A4EF001E050F8041F45
S315020123E0C9184AF1000349F8041F4FEAE37A0FF0CC
S315020123F00BC84FF0080E61464EF001E0499820F0F5
S3150201240000434993C01751F8049F52F8043F89EAE1
S315020124100303034083EA09030B600FF00DC0B8F111
S31502012420010F02D04FF00108CDE7A5EB0C0EAEF17C
S31502012430040E4FEA9E0E0EF1010E4EF001E056F821
S31502012440043F0437180A190C1A0E07F8030C07F889
S31502012450021C07F8012C07F8043C0FF011C0074BC8
S315020124601B6833B1074A064B5B6811680B441B1B99
S3150201247013600DF51D7DBDE8F08F00BF1C330022F0
S31502012480001000E00C33002208B5FEF76FF90020B8
S3150201249008BD00BF2DE9F84F0388DBB14FF0000AF2
S315020124A080464FF00109DFF8D4B00024314D4FEADE
S315020124B0CA07D8F8043035F8022BD919898891420E
S315020124C00AD00134032CF4D1B8F800300AF1010A1A
S315020124D05345EAD8BDE8F88FDB5909FA04F603F049
S315020124E0B853B3F1807F244BF6B293F84C2C12D039
S315020124F0324230D104F120021BF81230DB09E0D05E
S315020125001BF81230012123F08003C8200BF8123088
S3150201251000F0E4F9D5E7324210D004F120021BF8AB
S315020125201230DB09CDD11BF81230012143F08003B1
S31502012530C8200BF8123000F0D1F9C2E7012000F0F1
S315020125406FFA0D4B012093F84C2C324383F84C2C35
S3150201255000F036FAE1E7012000F062FA064B0120AB
S3150201256093F84C2C22EA060283F84C2C00F028FA46
S31502012570C0E700BFACBD010200E0014000202040DF
S31502012580F8B50646FFF786FFEFF31082012383F3C0
S315020125901088234F3B681BB9402022490B750875E9
S315020125A03B6801333B6082F31088338800211BB3F9
S315020125B01D4D08E01B01134445F8234032880131C1
S315020125C08BB29A4218D9736853F8314003EBC102B0
S315020125D09288E0034FEA1223D2B2EBD502EB031043
S315020125E055F820E024F4803C2EF4803E45F820E0A4
S315020125F01B0145F820C0DEE7EFF31082012383F3C6
S3150201260010883B6813B13B68013B3B603B681BB9D1
S31502012610802004490B75087582F31088F8BD00BF46
S3150201262068330022000D40400008404008B5034BC4
S3150201263003600846FFF7A4FF002008BD54524F501D
S315020126401E4A92F8263092F82420DBB202F00F02DB
S31502012650A2F1080103292BD8DFE801F020160C02AA
S315020126601749184A51F82330A2FB03231B09164ABC
S31502012670136070471249134A51F82330A2FB032310
S31502012680114ADB08136070470D490E4A51F823308F
S31502012690A2FB03230C4A9B08136070470849094AA7
S315020126A051F82330A2FB0323074A5B0813607047E4
S315020126B0034951F82330D340D9E700BF00E0014076
S315020126C000100022ABAAAAAA78330022704700BFE3
S315020126D0F8B54AF2035001234B494C4AA1F8FA03D1
S315020126E0938093889BB2002BFBD101244FF40040C7
S315020126F09FED416B9FED427B454B4649C3E907116D
S315020127005961148083ED007F1861FFF799FF092251
S3150201271006213D4B83F8501A83F8A22093F8002C28
S315020127201AB993F8013C980760D0374C94F8003CEB
S31502012730002B50D00022344B83F8012C83F8002C55
S315020127400023314A82F8323092F83C301907FBD520
S3150201275045F6017040F2111100232B4C1085A2F8A7
S315020127604C1082F82A3094F83C309B06FBD50422A1
S3150201277001250526254B284F1A77276284F824500E
S3150201278084F82660FFF75CFF2946962000F0A6F83A
S31502012790002384F824302762FFF752FF2946962048
S315020127A000F09CF884F82660FFF74AFF4AF20152CC
S315020127B01A4B1A80BFF35F8F1D72BFF35F8F4FF4FF
S315020127C025421A8084F8305084F8525084F85350C6
S315020127D0A4F8FA23F8BD0121C82084F8001C00F0F0
S315020127E07DF894F8003C012BFBD1A3E74FF47A70F4
S315020127F0FFF76CFFA4E700BF006CDC0200127A004F
S3150201280000800000002D310100E0014000C10140BD
S315020128100010002200389C1C322312310020004095
S3150201282038B50025284C0121C82084F8285000F02B
S3150201283055F884F8245094F82430002BFBD194F8EF
S315020128402430214943F0020384F8243091F82430DC
S31502012850C3F340009B07F9D41B4A81F8220092F880
S31502012860223003F0FF00002BF9D192F840301649CD
S3150201287060F3C71382F8403091F84030DB09FBD18F
S3150201288091F84200104A63F3C71081F8420092F8A8
S315020128904230DB09FBD192F844000B4963F3C710BE
S315020128A082F8440091F84430C3F3C014DB09F9D12C
S315020128B0012000F0B5F8054B012083F84C4CBDE828
S315020128C0384000F07DB800BF0020204000E0014002
S315020128D0A0F101000028FBD1704700BF1E4B1F4A21
S315020128E01B6800FB01F1934213D302F1854202F503
S315020128F0071203F5742302F6834203F23F23A2FB76
S3150201290003239B0CA3FB01314FF0FF30E1B1FFF72B
S31502012910DFBF4FF47A7210B4114C4FF0FF30B4FBA3
S31502012920F3F3A1FB02C434B9BCFBF3F080B15DF849
S31502012930044BFFF7CDBFB1FBF3F1A1FB0212002A53
S31502012940F5D1084620B1F2E71846002BDFD17047D0
S315020129505DF8044B704700BF7833002200127A00FB
S3150201296000CA9A3B70B500240D4B0E4EB3F80021F6
S31502012970B3F82051ADB2154025FA04F3DB0704D5AD
S3150201298056F82430E0B203B198470134102CF3D142
S31502012990034AA2F81051B2F820311D42FBD170BD93
S315020129A000C0004028330022034B1A8812B1034BA0
S315020129B0C3F80023704700BF34BF010200C00040C4
S315020129C0EFF31081012383F31088124B33F81020A1
S315020129D092B22AB133F81020013A92B223F81020AA
S315020129E033F810309BB293B910B40B4A0B4CB2F8C0
S315020129F0FA3334F810009BB243F4254323EA000369
S31502012A00A2F8FA3381F310885DF8044B704781F31B
S31502012A10108870476C33002200E0014038BF010282
S31502012A2030B4EFF31081012383F310880E4A32F892
S31502012A3010309BB26BB90D4C0D4DB4F8FA3335F823
S31502012A4010C09BB243EA0C0343F425439BB2A4F89C
S31502012A50FA3332F8103001339BB222F8103081F387
S31502012A60108830BC704700BF6C33002200E0014081
S31502012A7038BF010200BE704708B500F035F8FFF70E
S31502012A8003FDFEE7F8B5174F05463E68A6B17C6819
S31502012A9006EB460604EB860602E00C34B4420BD082
S31502012AA0637AAB42F9D1D4E900020021121A0C343D
S31502012AB000F00AF9B442F3D1BE6896B1FC6804EBA0
S31502012AC0061602E01034A6420BD0637BAB42F9D163
S31502012AD0D4E90002A168121A103400F0FDF8A642E8
S31502012AE0F3D1F8BDB4BD0102F8B5644A644B5A612B
S31502012AF0BFF34F8FBFF36F8F1B6803F47002B2F5FA
S31502012B00801F00F0928013F4600F7AD05D4A136839
S31502012B1043F004031360BFF34F8FBFF36F8F4FF47C
S31502012B207002594B564C0020C4F88820A360FDF769
S31502012B3081FE0025FFF7CCFD4AF202514FF42542F0
S31502012B40524B0120A3F8FA1383F8B05AA3F8FA23D9
S31502012B50FDF770FE4E4B83F30A884A4B1A689207B9
S31502012B6003D5A268B2F1007F63D00020FFF78AFF86
S31502012B70FFF766FDFFF754FE0320FFF751FF00231F
S31502012B804FF00C0E1C464EF001E0424903F10C02D5
S31502012B9021F8224001330FF007C80320FFF710FF87
S31502012BA00320FFF73DFF3C4B03205C609C60DC6029
S31502012BB01C61FFF705FF0120FFF764FFBFF34F8F8B
S31502012BC0BFF36F8F2E4BC3F85042BFF34F8FBFF344
S31502012BD06F8F324B324D5B1B002B4FEAA30606DD8C
S31502012BE0002455F8043B01349847A642F9DC022039
S31502012BF0FDF720FEFFF7D8FEBDE8F840002000F001
S31502012C0051B8204A136843F004031360BFF34F8F90
S31502012C10BFF36F8F4FF0E022936843F480339360E2
S31502012C20BFF34F8FBFF36F8F79E719077FF46EAF4B
S31502012C3069E701211A695869C2F3C302093201FA25
S31502012C4002F300260027DB0843F007C0AFF300803A
S31502012C50E5E802670FF005C0C0F3C303093301FAC1
S31502012C6003F34FF00052DB0843F007C0AFF30080D5
S31502012C70E2E802670FF005C077E700BF01020E0026
S31502012C8000ED00E000E001E00000000200E001408A
S31502012C90000C0022000D404000402040B0BF01025E
S31502012CA0ACBF0102704700BF0139024410B5904220
S31502012CB001D1002005E0037811F8014FA34201D0AA
S31502012CC0181B10BD0130F2E702440346934200D1BC
S31502012CD0704703F8011BF9E70A44431E914200D1EA
S31502012CE0704710B511F8014B914203F8014FF9D122
S31502012CF010BD0000000000005FF800F07908000036
S31502012D005FF800F0B91200005FF800F00705000055
S31502012D105FF800F0012B00005FF800F07525000056
S31502012D205FF800F0E52500005FF800F0A909000050
S31502012D305FF800F0551900005FF800F0A15B000092
S31502012D405FF800F0013200005FF800F001090000AF
S31502012D505FF800F0892100005FF800F065080000C5
S31502012D605FF800F0956300005FF800F0BD0800000F
S31502012D705FF800F0252700005FF800F0EF6400001D
S31502012D805FF800F0390A00005FF800F01554000000
S31502012D905FF800F0E55700005FF800F0A149000076
S31502012DA05FF800F0511B00005FF800F07763000046
S31502012DB05FF800F04D2300005FF800F0012E0000DD
S31502012DC05FF800F03F5000005FF800F08126000036
S31502012DD05FF800F0651D00005FF800F0596300001E
S31502012DE05FF800F04D0900005FF800F009280000C5
S31502012DF05FF800F0E11F0000B8AF1300B8AF13008F
S31502012E004B3A0A7BB8AF1300A97413034B3A0A7BF8
S31502012E109C1B9939B8AF130078F0C9BEA974130384
S31502012E20A6928DCF4B3A0A7BEFE91E6E9C1B99390E
S31502012E30318DD434B8AF13004B3A0A7BB8AF1300C5
S31502012E40A97413034B3A0A7B9C1B9939A0E82F916B
S31502012E5033704D11E6587CAFE28719B4DBE36D6B33
S31502012E604B3BFD23309A2BC99943919F1D8FBB7909
S31502012E70D078DDC0C40F33680D6205BAE751D710A9
S31502012E80F1CBA4A18DDDBF4155B3E4628BF76D6A27
S31502012E903B05BC73A4AD2EA12BD160159B214B2FF3
S31502012EA0B8AE20573740BD6378F0C9BE1D8FBB79D6
S31502012EB05A713ED4D078DDC065E09A22C40F3368D8
S31502012EC09576FA479C19B3E7AE2CBB7E4F00FC33CD
S31502012ED028FB3ECD4E0C601F373ED71129EC01E788
S31502012EE07CB8A1C902F2B5C2000A7E99327BBE53F1
S31502012EF0098FBC6C5C5976FD50F67D9A6D7CAE23CA
S31502012F000A890A77B0111AAD6F69A5997BC3120CAA
S31502012F103279D801318BEEE2C7EFD2498FBF4575BF
S31502012F20A974130378F0C9BEEFE91E6E1D8FBB7932
S31502012F30705C4E055A713ED406B6C12901F95A6131
S31502012F40382EA78216E83636AD381F6A5E43947864
S31502012F5003DBE09494862AD772382243705C4E05CD
S31502012F603FD15F22B6C7DBD622494947476D732354
S31502012F70FF12098AC6F76A9179E18CD8D72055AD35
S31502012F80D53A03D674214D1524318170103A0D5468
S31502012F9091AD2F9462121122A6928DCF02F2B5C281
S31502012FA0BB8628F1000A7E99E28FB1FB327BBE53C2
S31502012FB0C13FC31517E09EEEA4B6B9917603D34875
S31502012FC0808904C56C8AF860E37BB5C8CDA0D52695
S31502012FD0705B5B5C2CD06D6C8DE27E8EB3EB0799D8
S31502012FE0BC76F861588DD24EB015E6506F63F3A3E5
S31502012FF0A785363BFB4665DB16E284402617D34797
S315020130007053C314E19DFB387609853E07AB50E741
S315020130104B3A0A7BA97413039C1B993978F0C9BEF2
S31502013020A6928DCFEFE91E6E318DD43447713FC71B
S31502013030F1C7D8FDF3B2E921993DDFA9DAF5834C4F
S31502013040E19FE18AF8699EF401FB40B35A713ED4CD
S3150201305065E09A229576FA47C1372BCE1AB6C03663
S31502013060F8731C8E9C1E72348CE8308469B1FD1D86
S31502013070D355A4A755B8A3AFD168AD312CCD947160
S31502013080976018C3C40E40BFEFE91E6E705C4E0511
S3150201309006B6C1293FD15F22CBB1F85EB6C7DBD6F0
S315020130A05F345792FA587BBCAC4669A7EFE6457383
S315020130B0D80A73283A15EC02B8B1F951FA50E374F9
S315020130C0A3C403CFBB8628F1E28FB1FBC13FC3156F
S315020130D0383366CF9E00F8679C18C03E52D803CE9D
S315020130E0975F251A835E336478EFD61568C406A8FE
S315020130F0AA6A95691AB00E416AAA587F0A844B2AAE
S315020131009C1B9939A6928DCF318DD43402F2B5C268
S315020131102CD06D6CBB8628F1270D55AE55BA8901A7
S3150201312053C9C6E7261D853DF8740F37CE8DCC9C53
S3150201313099466A9A2528F67FC5079B2006B6C129B4
S31502013140CBB1F85E5F3457922DC03DDDEC06A691F8
S31502013150D814F1C19941AB4D2438260FD80B66D14B
S315020131607BC5F85DB5D9F1B72BDBDEAE2804CABD46
S31502013170993ED2521BA690A7318DD4342CD06D6CB8
S31502013180270D55AE8DE27E8EE565D343B3EB0799E6
S31502013190F0D33CE9F4A86B880D5B601BF965D2504C
S315020131A0FC390E47C7EEDFA04E0F391AFA4EFD2241
S315020131B02064EA18270D55AEE565D343F0D33CE901
S315020131C0F3B1F678DDCD8BE6732AD805F4A1C6E90B
S315020131D05A7324263DE741A70006B2F588214C22FF
S315020131E0EEEFD063233DE55B1E7DA5986C8DD15B29
S315020131F00000000000000000B6C5F58465E466C65D
S31502013200588BECFCD0722BCB5B6D72301216E191AE
S31502013210890F3641DAF2AA51D52F92934679D70E02
S31502013220FF0D4A3DFB493ED691A3B1FAA78EC12BAA
S31502013230E4704486112CC3160D5E391624327419B4
S315020132402EAB4E01122152D4AE2AD52CD440B5CB87
S315020132501C9A2CBC8ED527FA0E4E0987CD9FE27D8C
S31502013260FB4299373277F2AF140897544E14F86637
S31502013270929C0C5CA9722DB174205A6C242DB5CC8A
S315020132809D0D4FFCEEEDEA11741D817151EA19AFE4
S315020132904589079EA0E9223AA1DCCBA50B79DAE79B
S315020132A01E7F8BEA40C03CEAAF27FC3163FF0798D9
S315020132B016EDF582D53BF67E215979D6B3F492897C
S315020132C01F704E0465E73FC1C9CC993040C4088ED0
S315020132D00B723549B5D159700E56A1CECF8441AC88
S315020132E0948351DCA5A68902BB85354887317CB119
S315020132F0F2BC67BBD71AA3B701F68166B10982652B
S31502013300F870439325205E384D19B7B301F49B1427
S315020133103CFA4A31A2CBA86D68BE54B215F9596E70
S31502013320D43ECF795C54B7B05F2EA59CE92E9EF7A9
S31502013330364E07A129EB0E3ED43FC222AA65D61C00
S315020133402F9D04C4588FB8A0881D807E4B3824292E
S315020133503B08956EBA928CDC92A2BE518BF5871808
S31502013360AB5D3ED55799363AC22EA0DD02EDF67512
S31502013370DFB6B6B8CBBC69A1EC10242BB9A4A2BDA9
S315020133806D807AC76C8905B865E18DCBE7493FC97E
S31502013390E0A4A0D7588AF953B99DFD1E0F3DE64E0A
S315020133A09C1F65DD098CE37140C8D431E28BE55778
S315020133B054BE55A519BD65D5C32422443DF0CC970B
S315020133C0742240BE1AAE28EFB2F76B8451E8335D20
S315020133D0984C1C90364C214F3187223F10345B5E4C
S315020133E0F49DFA45AC4942A2BA8FB3E10B750E447C
S315020133F0327DA4A5000000002EAB4E01122152D44B
S31502013400AE2AD52CD440B5CBCD9FE27DFB4299376E
S315020134103277F2AF1408975474205A6C242DB5CC26
S315020134209D0D4FFCEEEDEA11A0E9223AA1DCCBA5F6
S315020134300B79DAE71E7F8BEA16EDF582D53BF67E2E
S31502013440215979D6B3F4928940C4088E0B72354953
S31502013450B5D159700E56A1CEBB85354887317CB19F
S31502013460F2BC67BBD71AA3B725205E384D19B7B38D
S3150201347001F49B143CFA4A31D43ECF795C54B7B07D
S315020134805F2EA59CE92E9EF7AA65D61C2F9D04C424
S31502013490588FB8A0881D807E92A2BE518BF58718DF
S315020134A0AB5D3ED55799363ACBBC69A1EC10242BBC
S315020134B0B9A4A2BD6D807AC7E0A4A0D7588AF953F0
S315020134C0B99DFD1E0F3DE64EE28BE55754BE55A54D
S315020134D019BD65D5C3242244B2F76B8451E8335D25
S315020134E0984C1C90364C214FAC4942A2BA8FB3E19B
S315020134F00B750E44327DA4A51000000020000000C9
S3150201350040000000800000000100000002000000EF
S315020135100400000008000000000000000100000095
S315020135200200000003000000000000000800000085
S315020135301000000018000000020000000600000052
S315020135400A0000000E000000000000000400000056
S31502013550080000000C000000040000000900000041
S315020135600E00000013000000030000000800000026
S315020135700D0000001200000002000000070000001A
S315020135800C0000001100000001000000060000000E
S315020135900B00000010000000000000000500000002
S315020135A00A0000000F0000000200000005000000F2
S315020135B0080000000B0000000100000004000000EA
S315020135C0070000000A0000000000000003000000DE
S315020135D006000000090000000100000000000000D2
S315020135E000000000000000000000000000000000D2
S315020135F000000000000000000000000000000000C2
S315020136005C2E2F2F5E5C0000206379633D00000073
S3150201361020696E73743D0000207374616C6C3D0009
S315020136202066653D000000002062653D0000000045
S315020136303A204F4B0A0000003A204641494C0A20E3
S3150201364020676F74202000000A4B415420414C4CE4
S315020136502050415353202D2D2073747265616D7371
S3150201366020412B42207665726966696564206F6E18
S3150201367020626F6172640A0A000000000A4B41541B
S31502013680204641494C0A0A00657870444420504D4F
S31502013690552047415445204641494C0A0000000045
S315020136A0657870444420504D552047415445205079
S315020136B04153530A000000003D3D3D20454B2D522A
S315020136C041384D31206861726E6573733A204B4100
S315020136D054202B204457542F504D552028495443EA
S315020136E04D2F4454434D29203D3D3D0A0A00000019
S315020136F03D3D204B41543A20583235353139202847
S3150201370052464320373734382073362E3129203D2D
S315020137103D0A0000616C6963655F706B0000000021
S31502013720626F625F706B2020000000004B28612CE3
S3150201373042292020000000004B28622C412920202A
S31502013740000000003D3D204B41543A20534841338D
S315020137502D323536207669612061736D204B6563A2
S3150201376063616B2D6631363030203D3D0A00000023
S3150201377073686133282222292020200061626300B6
S315020137807368613328226162632229006578704475
S31502013790442065717569763A2062797465732D6D77
S315020137A06D3D000020736D6F6B653D002072656A89
S315020137B06563742D6D6D3D0020636F6C6477617274
S315020137C06D2D6D6D3D000000657870444420736572
S315020137D06C66746573743A206477745F6374726C91
S315020137E03D00000020637963636E74656E613D007E
S315020137F02073773130303D0020636861696E3D0088
S3150201380020686967683D00000A6578704444206350
S31502013810616C69623A000000206D6F64653D0000CB
S31502013820206F703D00000000657870444420636596
S315020138306C6C3D004841524E45535320444F4E4510
S315020138400A0000005DAB087E624A8A4B79E17F8BF2
S3150201385083800EE66F3BB1292618B6FD1C2F8B27F6
S31502013860FF88E0EB0000000077076D0A7318A57D5B
S315020138703C16C17251B26645DF4C2F87EBC0992ABD
S31502013880B177FBA51DB92C2A000000006B6579678B
S31502013890656E0000656E6361707300007761726D1B
S315020138A000000000636F6C6400000000000101006B
S315020138B08C380102943801029C380102A4380102B3
S315020138C0414242410000000030313233343536374D
S315020138D03839616263646566000000000000000019
S315020138E03A985DA74FE225B2045C172D6BD390BDC2
S315020138F0855F086E3E9D525B46BFE2451143153216
S31502013900A7FFC6F8BF1ED76651C14756A061D66248
S31502013910F580FF4DE43B49FA82D80A4B80F8434AC7
S315020139200900000000000000000000000000000085
S31502013930000000000000000000000000000000007E
S315020139404A5D9D5BA4CE2DE1728E3BF480350F2537
S31502013950E07E21C947D19E3376F09B3C1E16174263
S31502013960DE9EDB7D7B7DC1B4D35B61C2ECE4353780
S315020139703F8343C85B78674DADFC7E146F882B4F3E
S315020139808520F0098930A754748B7DDCB43EF75A41
S315020139900DBF3A0D26381AF4EBA4A98EAA9B4E6ADC
S315020139A000000000890000008B00008080800080FA
S315020139B08B00000000800000888000808200008069
S315020139C00B0000000A000000828000000380000054
S315020139D08B8000000B0000808A000080810000803D
S315020139E081000080080000808300000003800080BF
S315020139F0888000808800008000800000828000802C
S31502013A0001000000000000000000000000000000AC
S31502013A100100000001000000010000000100000099
S31502013A20000000000000000001000000000000008C
S31502013A300100000001000000010000000100000079
S31502013A40000000000000000000000000000000006D
S31502013A50010000000000000001000000000000005B
S31502013A60010000000000000000000000000000004C
S31502013A70000000000000000000000000000000003D
S31502013A80000000000000000000000000000000002D
S31502013A90000000000000000000000000000000001D
S31502013AA03E9140D70539109DB3BE40D1059F39FDE0
S31502013AB0098A8F683484C1A56712F898922FFD444A
S31502013AC0853B8CF5C693BC2F190E8CFBC62D93CF65
S31502013AD0C2423D6498480B2765BAD4333A9DCF0753
S31502013AE068AA7A870512C9AB9EC4AACC23E8D9264D
S31502013AF08C5943DDCB7D1B5AA8650C9F687B116FE0
S31502013B00A8D5B44260A5998AF6AC604E0C812B8F7A
S31502013B10AA376EB16B239EE05525C969A695B56B89
S31502013B20D7713C93FCE72492B5F50F7A969D469F91
S31502013B300207D6E1659AA65A2E2E7DA83F060C5992
S31502013B405F7A9BA5B3A8FA4378CF9A5DDD6BC1363E
S31502013B50316A3D0B84A00F50730BA53EB1F51A7065
S31502013B6065D2FCA4E81F61567DBAC1E5FD53D33B7C
S31502013B70BDD64B211AF3318162DA5B558715B92A13
S31502013B803097EE4CA8B025AF8A4B86E830845A02AC
S31502013B903267019F02501BC1F4F8809A1B4E167AB6
S31502013BA089D8D00D3F93AE1462DA351C222394587C
S31502013BB04CDBF28C45E570D1C6B4B912AF26285A50
S31502013BC0BF1868050A05FE95A9FA605671897E3203
S31502013BD07350A006CDE3E8C39AA445744C3F9327DC
S31502013BE09F09FC8EB95173283825FD7DF4C6656798
S31502013BF065920AFB3D8D34CA2787E52103910E683A
S31502013C0009FF76C4E9FB135A72C15C7B45399E6E84
S31502013C1094442B10F9DCDB5D2B3E5563BF0C9D7F73
S31502013C20D93492F3ED5DA7E2F958B5E180763D9676
S31502013C30FB233C6EAC41272CC3010E32A124903AE0
S31502013C408F3EDD046659B7592C7088E27703B36C4F
S31502013C5023C3D95E669C33B12FE5BC6160E71509C2
S31502013C601A91A2C9D9F5C1E7D7A7CC8B7871A3B8A6
S31502013C70322AB60E19126463954ECC2E5C7C9026BE
S31502013C80F32D3E55CA51C87EB37848A6CB8412A7F6
S31502013C90E7D1883219E4B5E683889A5AEC10F24CD8
S31502013CA0F621902DA5042D329CBFC675339FC1B94D
S31502013CB0090BD242433A7A5861FE64AAF81C3B14B4
S31502013CC0ABCA8A967D7C869F292709278E25545F52
S31502013CD0750918EA4BD3A7D0E1264137A346B52188
S31502013CE05D0EF304317D3A51FA6B18B631F9907EC5
S31502013CF02F1AF3F432A6338D82791A416BBCB56F52
S31502013D0085E503D66E0B2A7E17AE6B5BF2AAAE4031
S31502013D106C0D4E1F6CC1604E90F9D44FBC7AE650C1
S31502013D20AC3DC637B96EAB91B1075B767035ED6DB9
S31502013D30C7FB0A49271FE688BE229775A798044F33
S31502013D40438388A258F84FA93CED135356D40ECE9D
S31502013D50FA34BFB5CF3D5CF571B3EAC9A53C650A34
S31502013D608F2185D1457A0A49359304467837159AC2
S31502013D70F6E131CC09EA600065E96EF87715047E51
S31502013D80F3675BCE96A4B266969756BDD89254FF58
S31502013D90D02C594A29EC3C50B2AC130865436956FA
S31502013DA01B659D679F1B850AF242330361CB08E1BE
S31502013DB0A3308BE87FF501D614D72DEDCA3A1F370A
S31502013DC031AD16C8BE0F28EDE3EFE6D85B59D952DD
S31502013DD0F523C6F67217E70F3C291E050B0314439A
S31502013DE0ADBCF0FB5E0060D55E0C87D12E0FB78E9F
S31502013DF0A0E684D033901F2070667BCEE15A3A4CFE
S31502013E0062A97B17929EFE9FE1CAE50D1DE7AE9858
S31502013E104410832D94AEF43FC83A53582EE14D71A6
S31502013E2083641BF94931435B62BF2C5A65DCB5AD2C
S31502013E30B32728631284FA87D8F849AB915E896061
S31502013E40186CF80CEDF2ECE9D4DF350712066DB405
S31502013E50E76BB90498A09DBC6BC26DD92FE6E273DC
S31502013E60D55C700A46441EB392E3155055669C8092
S31502013E7014759D5DD66CA5ED96AF4A01AE4E2E091F
S31502013E807655C8BF74242A6007442291A5FCB80955
S31502013E90FDE97962B8D2C32C16C0B4D3437CEC6572
S31502013EA045530B093DF8CC7E54B68F77D6DB7B9A08
S31502013EB00B99076E10EAEE5DA2EBAF3895EA617DCA
S31502013EC05E51AA4954635BED3A82C60B9FC465A84B
S31502013ED0C4D1425BE91F0C85B915D3036F6DD73087
S31502013EE01D9C2F630EDDCC2E1531897696B6D051E7
S31502013EF0587A63A86BB7DF5239EF0EA0497DD36DAD
S31502013F00C7E406211744446C697F8D9280D653FB20
S31502013F10263F4D69A49E73B4B04B862E1197C610E7
S31502013F20DE5FBE7D27C49364A27EAD19AD4F5D26C9
S31502013F3090453046C8DF000E09FE66EDAB1CE6254C
S31502013F4005C85883A02AA60C4742207AE34A3D6A4D
S31502013F50DCED113BA6D36474EF060855AF9BBF0394
S31502013F60046658CC28E1133F7E7459B4EC73586F3A
S31502013F70F56812CCED3DB6A02CE2864563786D5606
S31502013F80C295DD97847B43FFA7B54EAA304E746C6A
S31502013F908BE8853C615D0C9E7381755F1EC7D92FC7
S31502013FA0B8EC714E2F0BE721E377A440B9DD56E653
S31502013FB0804F1DCECE5665BF7E7B5D53C43BFC054D
S31502013FC0DDDEAF52AEB3B824CF303BED8C63953410
S31502013FD09581BEA983BCA433041F655C4767373745
S31502013FE094529D0A0BEE3F51665ADF0F5CE7988F9A
S31502013FF0CE07E1BF888661D4ED2C38717E0AA03FD7
S31502014000E45E2F77206714B1CE9A0796B194F8E849
S315020140104A82AC004D22F84AC46CCDF7D953170037
S3150201402034DB3D962D23693C583897B4DA87DE1D79
S3150201403085F291A0F9D1D7AAB6ED48A02FFEB51205
S31502014040441EFE49A6584D647E77AD31A2AEFC21CF
S31502014050D2D07F885A1C4402F311C58371AA014941
S31502014060454E24C49DD2F23D0ADED893740E022B2C
S315020140704D210C827E06C86C0AB9EA6F1679374160
S31502014080F0F81A8C54B7B108B49962247C7A0FCE2F
S3150201409039D9061EF9B060F713126D727B88BB41DE
S315020140A0D8497C566C8067926A1E79CACC046D0621
S315020140B04B39CCE345569FA6D28C78A086B6955C41
S315020140C0D2F739AAE080D9971CB5C6524238D03503
S315020140D0AA55CD0793F4437D62C38AB7CF36BD563F
S315020140E054A9140DC119C52A90FAB594B474F4EA07
S315020140F05A7AF8A98283AFE694E09B87B16DEA0DFD
S31502014100ABE5447354BF66AA09431B8F885812DA7A
S315020141102F4B56FDB3D2875EDDB1835488782C5B73
S315020141207A79A8D674EBBA153217C4FAF15CF57E20
S31502014130C5058B3C5A1F0029FBCCEA5287CCD70A0C
S31502014140CF08347962131552943D961903170FEB72
S3150201415066943D88FAB233A8783C0075A77F3A097E
S31502014160BED7163AE67D10E5CF32F39ADCFF77A386
S315020141707F670B4418BFD5700314A3A4192B256AB4
S315020141808612A9604460E9B8DED3787704D83F7F06
S315020141902D5E8ABF311ED0673E657BC2068A037BCE
S315020141A0F39069D3D519D99EF2B94EDBBBAE135240
S315020141B03591B94C05EA08C7560E26727FD5DE58E7
S315020141C0773D41E9AD9DE7787DE62997D5F957F225
S315020141D0E6A77AE30E91DB599C039EBB5B1BA16AA0
S315020141E08BD40F5B26536DDA88A9BF93318260891E
S315020141F0287ED56132C98AD743815C3A2D94F279F8
S31502014200E98DC8B6252FDA976901F2ACEAA71B2513
S31502014210E4B44EEF874FB409A57D6ABC1BAB907D12
S31502014220318E7D08F8920636F76371D237C6DCF411
S315020142306359EA6520E6A425D960C15A2EF79B6522
S315020142405B8CE35EB0B9AF9AC7131A074E2D9DBFB9
S315020142500A2933E96D6EEE8E179710AE17AB3B1C2A
S31502014260B0B7CAC716B29A1CCCC3BB0774D3657D55
S31502014270D5584A505047745290291A136B60F20965
S31502014280BE464374447DE840252BB515D4DA481D54
S315020142903E603BA1188A3A7CF7BDCD2FC128B74EA5
S315020142A0AE91667C594C237EC8B4850A3D9D8864CD
S315020142B0E7FA4A350CC9E2DA1D9E6A0C071E870A1D
S315020142C08989BC4B99B501336042DD5B3AAE6B73AA
S315020142D03C9ED519E2AD610D64D485260F30E73EC9
S315020142E0B9FFAEA3190057E7E358FF6A6746356778
S315020142F025A08AB6BA4BA7B4FD15D389E1E61B34CC
S315020143001AAD0C4EB3A9EE9C5AA7F2F86D808FBE78
S315020143108D02ABB7465CABDD85D70C6BA992A216B3
S31502014320A22D29D64CAE462328AE2D0E67F4E48C77
S315020143309E6FDFCC942D3D4A28BC759F7C14514358
S31502014340B7D67D9EE455D2F5AC1E0B615C11168083
S31502014350CA87E1925D97993CC2259197625781136B
S3150201436018751E844779FA43D7469C6359FAC6E5FE
S31502014370742B05E31D5E06A13090B8CFA2C6477D18
S31502014380E0D6F08E14D0DA3F3C6F54919A743E9D7A
S315020143905781BB261062EC7180ECC9348DF58C1401
S315020143A02A4224115EBFB272B53AA398330CFAA11E
S315020143B066B652FA0161CB94D553AFAF003B862C58
S315020143C0B86A09DB064E2181354FE40CC9B6A8212C
S315020143D0F52A9E402AC1246581A4FC8EA4B56501F5
S315020143E0766A84A074A490F1C07C2FCD84F9EF1271
S315020143F08F2BAA5806295E69B8C8FEBFD9671B5911
S31502014400C24CB22895D19A7F81C1356365546B7FBF
S315020144103672C04F6EB6B86683AD807300783A13B2
S315020144202A79E7152193C485C9DDCDBDA2894CC67A
S3150201443062D7A3ADA83D1E9D2CF8673012DBB75B90
S31502014440BE62CAC667F46109EE521921D621EC048D
S315020144507047D59B77602318D2E0F0586DCA0D7468
S315020144607BED0F81E461A0FCEB4C9ACF74540D5F96
S3150201447085FD704F24081F0A96EE95B751B7626CF7
S3150201448076AA3567B6D06D83C91E53D3DFFF3FB611
S31502014490384F372A3B89F1F46E894F0C4E1C593F2E
S315020144A0EB6FF235FAD97F145B50B61872025F08C8
S315020144B08FA57F7B3816DF43116091D6E4E87B3105
S315020144C00BAFF0D3F50BB750F7712EE38AF4EA4F2F
S315020144D034BD5BA5D34EE860EDD1503F9B48ED005C
S315020144E0E51A26ED2AC70639F700E188D98FB69A69
S315020144F0970136F39A05E9F5476D2BBF78DC530E22
S315020145007A877179BF2908B931E6176D6344445E2A
S31502014510936827182EC5054DF54A4A5A9A2D6327DF
S31502014520CE60B25451F01FD17052F9728EC36DD85A
S3150201453038C17C260DCD1F60CD0CE9296491672B0C
S31502014540DBFFEA87D18582A964A8D0D8BBFBB4A5D3
S31502014550F76326027FF258B682E29CD9222BBC3B34
S31502014560580A3C5852C917B9F3C6E40FB8F93F6560
S315020145700C3CDFBCD7A70D9B0ED654ABB6EEA043BF
S315020145802AC2E1CDB15410ADDF32EB4802E9A8C42B
S31502014590EAC0CDAC337B3E5F3E9679FC1347367259
S315020145A0B5E0203506939613FE03EA887CCF7F4356
S315020145B0BC59C9D30BC4D4F7D9DE93F8D154916946
S315020145C02675B2B4755C5D31A5DA36022D84CBCC83
S315020145D08EEE5F34A3C8F022EDDB397D615A977303
S315020145E028706EA3EB7F487834CED81D00133F5F47
S315020145F089C4304B2DB14F932B0A7F394D246C055B
S315020146003462C257A2FB501D8B67B0DE3A82D47B5D
S31502014610F58A53A66EDCB0C23EA71D35C6EE6556B7
S3150201462010B2BF4309E03EDBC20A8020870172490C
S315020146306786BD73615DAB26384920ABC209B220DC
S31502014640ECBC018C43EE2B823BC7FBC025B50C5358
S31502014650E93F95C1349051485B0F9AE061C25C26ED
S31502014660A739ED224F4ED5F00A1508561EE9AAA220
S3150201467075E8DAEDE9B221F492E97D6B1D53BC319D
S3150201468071F980A94D133DDFA7221A22D1B84F7ABB
S31502014690D8D6AA3520D4F73D5E121A6ACCED142A71
S315020146A04ECECF5207EE48DFB708EC06F3FAFFC348
S315020146B0C45954B92A0B71058DA33E96FA251D16C6
S315020146C03C437804578C1A239D4381C20E27B5B702
S315020146D09F07D9E3EA99AADBD9032B6C25F5032CAB
S315020146E07DA4537B75180F7979580CCF30017B3035
S315020146F0F9F77E25773D9031AFBB96BDBD689469CA
S31502014700CFFEDAF4462F1FBDF7D67FA41401EF7C44
S315020147107FB3474ADAFD1FD385579073A4195252C4
S315020147204819A96AE63DDDD8CCD2C02FC2645048E9
S315020147302FEAFD346624489B3A2E4A6C4E1C3E29CA
S31502014740E11251924B136E37A05DA1DCB578377039
S3150201475011311C46AF8945B02328037F445C605B57
S31502014760897CC420598065B9CC8F3B920C10F0E745
S3150201477077EFE20265250100EEB3AEA8CE6DA7245E
S315020147804CF0E7F0C6FEE93B6249E3759E576A863D
S315020147901AE61D1E16EF4255D5BD5ACCF4FE122F4E
S315020147A040C7C0DFB222450A07A4C9407F6ED010B6
S315020147B068F6CF784114CFC69037A418257B605E80
S315020147C01818DF6C8F1DB358A25862C34FA7CF3595
S315020147D06E1DE6664FFFB3E1F7D5CD6CABAC675004
S315020147E014CF96A51C432CA000E4D3AE402DC4E3FE
S315020147F0DB260F2E802645D26870459E13331F2075
S31502014800519D03086B7F52FD06007C016449B11874
S31502014810A8A4252EB00E22D57503466288BA7C3924
S315020148208C0B0C96A67548DA202F0EEF76D0685BB4
S31502014830D48F0B3DCF51FB07D492E3A023168D42B1
S31502014840911495C82049F262A20C633FC807F0058C
S31502014850B8D4C9F5D245BB6F45227AB56D9F6116AB
S31502014860FD08A301444A4F08ACCAA576C31922A87A
S315020148707DBCD14346DEB8DEC638BD602D59811DE9
S31502014880384C2AECBED733D8ED20CC0A8362912C60
S315020148908175DF92AA473AE9814A3C33A3672D70B3
S315020148A0A1C8892F9A364A3A0DE88D7C1D7A13637F
S315020148B015A0ED788A00ACBC3FB083B4A5B3B82C81
S315020148C0A1901BCBCB17E4364E79117FAADDB33308
S315020148D007C65B880808513F0D02A8E6C01D1424CD
S315020148E04D9C47CF8C13DAF649F8A50E3C45633E3B
S315020148F0AAF92C6548E93E126DC7EF5D925D742EE9
S315020149005A6C1EB2C3168169BCE017BAC3A699B521
S31502014910A2400E07522CEB91DC60FE841CB8C259F0
S3150201492024F26C03DEAD528890B3FFA3B292CF0D8F
S31502014930BF4BA6BF7159785AFD244A6C36FE055FF4
S315020149409DEEEF3F773CF7599D98CFC189EFF1B3C1
S315020149505F542EE042FB5DE37CB4A1470B1266571E
S315020149607D1583BDCC5D92919480CC225320A13CCE
S31502014970E4D6903F187FE5287B762EDECE14471AC1
S31502014980FFB7B6B80FBA20DBA11F5177B6C332B74C
S31502014990892DF099C0512BA9F1A59C48AD75384FC7
S315020149A0BCDDD0A918B1BC982B80B408349E44EE64
S315020149B004B1A6B8269208875D91C7459A345F6805
S315020149C0F1CC745CF8AC419B51522608813173B625
S315020149D047B1AD11ED2AC9990FB4EC340DD7477A17
S315020149E0F5A443CCCBC4A060A9BE7736CA665C7770
S315020149F0EDF5F82F75A17AA1C0FD010E02D9DE11DE
S31502014A0097181AC11639688508D006E5EFA4692DEB
S31502014A1001BD64F67813AF39C6171536312194658F
S31502014A206DB6D3B490CFACC0602E7361E59D05A778
S31502014A30BAB0C670781F3D03E446D926CD61415806
S31502014A40A27CD272A0B1F2BB04C7DEFB593C39BFCC
S31502014A501EB862E2CEBB8DE989B529300BBDEE02E5
S31502014A603757934D7A1045202183E49BD86083679B
S31502014A70E40731E0DED6A0B9FEFEDD17E98F024575
S31502014A80501A71A08976C126201B1EDA3BA8ECFAC0
S31502014A90A7175FDFD01EBF5680F93BD49FBD881F83
S31502014AA086657273033C8F3A0BD5AEF2B4E75504B1
S31502014AB036A1E2DFA2E234360AC3956D1275901071
S31502014AC05FAC0DA65687366157DCABEB6A2FE01752
S31502014AD07D0FCE4C2D3F197FF0DCEC89774A2320DE
S31502014AE0E8C5857B9FB66587B2BA68D18B67F06FD9
S31502014AF09B0F331D7CE7703A7C8EAFB0516D5F3AE6
S31502014B0052B27871B60DD27660D11ED5F9341C0730
S31502014B107011E4B3204A2AF666E3FF3C3582D67C5D
S31502014B20B6FA87D85BA4E10B6E3B40BA326A842A95
S31502014B3000606EE9121092D94309DC3B86C8382817
S31502014B40F3F4AC6860CD65A6D3E3D73C182DD94200
S31502014B50D92560339D385957FFD82C2B3B25F03E7A
S31502014B603050464ACFB06BD1AB77C515416B49FA86
S31502014B709D41ABF48AAECF821228A806A6B8DC21E3
S31502014B80FA84708A2C43424B45E5B9DFE3198A89D7
S31502014B905DE4589C21009FBED1EB6DA1CE77F11F3A
S31502014BA0CB7E44DB72C1F83BBD2D28C61FC4CF5F45
S31502014BB0FE15AA75C0FFAC80F9A9E124E8C9700700
S31502014BC0FDB5B5459AD961CF24793A1BE98409869F
S31502014BD0893E3E30190930E71E0B5041FD64F23918
S31502014BE0CBF89E3E8A365A60154750A522C0E9E3A4
S31502014BF08F24245FB0483D55E5267664CD16F4131D
S31502014C00ACFD6E9ADD9F02424149A534BECE12B970
S31502014C107BF3BD87B9640F64B4CA9885D3A4714185
S31502014C208C4CC999AA5827FA07B800B06F6F0023AE
S31502014C309253DAADDD91D2FBABD14B57FA148250C6
S31502014C407F72636DD308140333B5C7D7EF9A376AF8
S31502014C504BE2AECCC58FE1A9D3BE8F4F91352F332F
S31502014C601E52D7EE2A4D243F15962E4328903A8E90
S31502014C70D4169C2E77BA64E1D898EB47FA87C13BE2
S31502014C800CC286EA1501476D25D1466CCBB78A99C6
S31502014C908801663AB53278D703BA6F90CE810D454F
S31502014CA0023945D82A4DAEF81D2DDBE88E0518705E
S31502014CB01EC1D2C75F99B3AA79CACC24236DB15357
S31502014CC0B5E0CAB2664D26237665CAEB33EDBA7DE7
S31502014CD0C84AD2F0D6BE0E03105563F7787F882AEA
S31502014CE04F2D015CE7B9232AEAF2E1CA5146970C34
S31502014CF0CA705D677332B62FF50344860B25A70B7F
S31502014D0021649C02FD180DBB028F298921142DBC39
S31502014D10960E258BE6F84783C9712D03E82F9F7BF3
S31502014D209C6DF886935863DDA4853AE176916961B3
S31502014D30577DAA4E9511512EFBBD60FB571BC23200
S31502014D4080079E31CD2378D8C5757789C1CFC4EF47
S31502014D50F7B30A9A12FB544871C33872419DC412C1
S31502014D606937E8FF33B55009D16B1D8E1D1C8621AB
S31502014D7010E5021338D822F0B4CA91630C20092532
S31502014D804295798317A0B3093FEED5AA8FD06D62FA
S31502014D909F1470EBEEBC00BAC944A4A046B221141A
S31502014DA0C7A7248C8E3AA44AF55EF0D840F5C10411
S31502014DB0DCB93E0B0C5EBAADE39CA4484450B52A5D
S31502014DC0EC5D0F6F2627D22E2408D55E41EE24987C
S31502014DD015D468947CEC7B803FE221B5E1BA9370ED
S31502014DE0FA3A5D1C63AC07DC6C8CDFF971516158D0
S31502014DF0B0E2739DD879A0725DE1EAB4CEF4017393
S31502014E00412C72D659E709649B72BF72CFE174A62F
S31502014E1069E5213CEB240ABC23CBBA4ED2670139A0
S31502014E20F69A7B2BBDB831D5515BFC373509055056
S31502014E306D5493C525CF2F23490FB42B1465A32097
S31502014E40ED41D97852D8CC6E43782FD283AE542213
S31502014E50B7CDBF7B2ED022C5E2E4F0BF51331E6827
S31502014E60454F03839DB5648BFB0EA21FF2718B2FF7
S31502014E70E45065BA959424692B47D5458EF99E531C
S31502014E80755220A6A1B67B6E838E3C41D7214FAACD
S31502014E90B25C8FE855D1566FE15B34A64B5DE22DCC
S31502014EA03F74AE1C96D874D0ED631CEEF5186DF8FE
S31502014EB029EDF4E75BC5BD9708B13A6679D2BA4CDA
S31502014EC0CD1FD7A02490D180F88A28FB0AC225C516
S31502014ED019643A5F4B97A3B1337200E2EFBC7F7D4F
S31502014EE069CBCF0717B927ED88F7D422D3EDF92974
S31502014EF0658A1F74F08FBFB85250D30ABBCD467C68
S31502014F000DB6EC70166BE39AF8A50FFE4968A5EB90
S31502014F10755554E78560C8FD210B0355E9D65C3901
S31502014F20EE2A3AACBFA15A13312EC7296A4D5CC982
S31502014F30DE520002E2F3C6088B6EB0200C550279EE
S31502014F4001286B266A1EEFFA169F73D5C4686C8612
S31502014F502C76031BBC2F8AF68D5AB7875E43755989
S31502014F609490C2F3C55D7CCDAB05912A9AA281C705
S31502014F7058301C42361DC680D7D4D8DC96D19C4FF8
S31502014F8068377B6AD8979219637AD11A2458D0D096
S31502014F90170C1C5CAD9C02BA07037A3884D0CD7C0F
S31502014FA013D45E43288DC342C9CC783260F350BD17
S31502014FB0EF03DA791AAB07BB55338CBEAE9795264A
S31502014FC05324700A4C0EA1B9DE1B7DD56658A20F79
S31502014FD0F7DA27CDB5D9B9FFFD332C4945292C5727
S31502014FE0BE30CDD645C77FC7FBAEBAE3D3E8DFE411
S31502014FF00CDA5DAA30882CA280CA5BC09854987FCD
S31502015000858CB217D63B0AD3EA3B7739B777D3C534
S31502015010BF5C6A1E8CE7C6C6C4B72A8BF7B8610D98
S315020150200045D90D5803FC2993ECBB6FA47AD2EC47
S31502015030F8A7E2C25F150A13D5A106B71A156B4185
S31502015040B036C1E9EFD7A856204BE458CDE507BDE6
S31502015050ABE0571BDA2FE6AFD2E87742F72A1A19E5
S31502015060BB037A289993DFCFE027CBF2C87833CAFC
S3150201507088CECCED8F62DCFA8F98BEE0BC56CA733D
S315020150802185CCCA30CBEF0B1A977265405B44F48B
S31502015090AD027D4C8D6781812EBB30C9E48B167EB4
S315020150A078586474837240E84A5B7FD2591C09ECD2
S315020150B02ECC3976E4724D2F161D51D43DB6D967E1
S315020150C085496FAB5B0950D51AAFBF4F5BCDF4046F
S315020150D040750C2AD12E8E9D862221B2044EC22BF8
S315020150E0149AE02F0BB6D4097E74B1DBAFF084C3F8
S315020150F06EFDB57889EAE2580A9BE0B577F59E51CD
S31502015100A9CC2411D9D763188E708AB84581C07A81
S31502015110F53170850973CD2BE5FAB88A6E7A336259
S3150201512016CAFF067FF1CE4B6AE12A69DBE106DE8A
S31502015130B0424F612D705307D012925BB441605F4A
S3150201514073123A1B4E32ABD140530581F17C94184E
S315020151506E198CA967955D3B681E2E802504A07F7A
S3150201516005278C027415537DFE750DDB697D318031
S31502015170DD8D8CEFE8ACFF3098E9C3B67BE99D7E05
S31502015180BCBA500BD4EB1684EE8B20282672081576
S315020151906DC3C1B9AF8F14A35D7D2DD3ACDA070DF3
S315020151A08C31657D0EC04132E76DE8D0DCE5BEE6A5
S315020151B0268CC0FBC22D8B11C33D60FCA7040D6872
S315020151C0EBA35A694A41C2F9218FA6054C2CA4DAEE
S315020151D03E96937F98236C7CE354390CD38C0E2133
S315020151E029BA6B3FAB7573402E481E99D8B6C39E3A
S315020151F0E9925FE5820EC899E10A0CFBB6137C308F
S315020152002C5F7AD2DA3CD6FBD706A18ABCC40FF050
S3150201521030A4648E1A5CFB53852E1A0CE5ABEA04A4
S31502015220E7B58ACB21107524EB10505C494423FC67
S31502015230A110564E7B711E5FD50C71C2185FDA44FE
S315020152409E9829C78062D446DDA56853D0FB934B4D
S31502015250895A76D1813FDF6323A2A0B964BDCE34D8
S31502015260EB4CF38A8702275EAED646B909040B9048
S315020152701285BDDAF7EB1265818F258869B7D96187
S315020152804BD9B74913A7C5A64694EB2358D1F3A325
S3150201529034484877D2FB16042F81702C6F5ED4698D
S315020152A031143CC54BF716CEDEED7220CE25972B77
S315020152B0E73EB2B56FC3B9B808C95C0B450E2E7E7F
S315020152C0FB0E464F432BE69FD60736A6D403D3DE03
S315020152D024DAA0B70E2152F0935B5400BE7D7E23E1
S315020152E030B40167ED75350110FD0B9FE69410236D
S315020152F0227FE483150F3275E35511B199A6AF7179
S315020153001DB653399B6FCE65E641A1AFEA3958C640
S31502015310FE59F7A9FD5F430F8EC2B1C2E9421102DE
S31502015320D6503B471C3C42EA10EF383B1F7AE85104
S3150201533095BEC9B25FBF849B1C9AF878BC1F7300E5
S315020153408018F84818C730E419C1CE5E220C96BF00
S31502015350E315BA6B83E0DAB60858E147336F4D4C71
S31502015360C91F7DC1CFECF718143C4051A6F5756CE7
S31502015370DF0CEEF72B71DEDB227AE4A7AADD3F19F9
S3150201538070198F98FCDD0C2F1BF5B9B02762916B52
S31502015390BE769177C4B6C76EA89F8FA80095BF380F
S315020153A06F87E8373CC9D21F2C46D1185A1EF6A27E
S315020153B07612243982F5805069490DBF9EB96F6A0A
S315020153C0EB550856BBC1466A9DF093F838BB1624C5
S315020153D0C1AC718F37111DD7EA9618A31469F775F7
S315020153E0C623E4B6B522B1EE8EFF86F210709D9306
S315020153F08C5DCF1D832AA99010EBC5429FDA6F13EC
S31502015400D1BD05A3B1DF4CF9082CF89F9D4B360F90
S315020154108A58BBC3A5D8872ABADCE80B5183210275
S31502015420BBA05F30BD4F7A0EAD63C654E04C9D8280
S315020154304838E32F83C321F4424CF61B0DC85A792F
S3150201544084347CFC6E706EB361CFC1C3B4C9DF73A1
S31502015450E5C71C78C9791DEB5C67AF7DDB9A4570A0
S31502015460B32BB49149DB911BCADC024B2396265717
S31502015470DC788C1FE59EDF9FD31FE28C8462E15F9D
S31502015480417C074DAE0A79E2A36974DB7082938B84
S31502015490A216BD8ADC32B66E724B06AAEC140872EB
S315020154A089531195C7295C31CE742F8607E5E0D75A
S315020154B03274928521764A0CE4A1254A986CDE72F1
S315020154C010A36ABF53B59AAE1B6E6D80A9500A0529
S315020154D03951FFAD0374BB928B61BE4576D29403FB
S315020154E02C352868D95726982ED4A81C30308048E6
S315020154F00DA0CD9FEC998E978E3477F08599B6568D
S3150201550047E22CD5FE3725871050606FDBBB3FFB88
S315020155108B9F344B319E20213943961DB7629101EF
S3150201552048343CE5418650D406D6EC54955CBC49D8
S31502015530E03A31A40CB9BD263073B9DE78C9E1254A
S31502015540F4ED7E855122574DC5939EE1DD4E72E300
S315020155503570790B0E42718A43E7AB8736833C3B42
S31502015560A44535B2256439F596B2FB987EA2A715F4
S3150201557086DD6F63BC526CABEE349341A895D97943
S3150201558075DD9511A68E8ACD2FA8D91DA8D804A599
S31502015590B67958A381CA0D548A6AC879A316DD6001
S315020155A0D3F2D0CBD101065F7FBB32612F416E733D
S315020155B087DE8D23324460833C75C0F572523A1EF2
S315020155C01D6556ADB772318B17D7AB3F7A1B5801A2
S315020155D0E4F64D42F64DC92D4F28292C5D6E373022
S315020155E09CA55981A78D91D2F313073FD91CDC6B78
S315020155F09065CD4A937A5F5628C1B44CECACDA5326
S31502015600815AE949DB54A2E773ADB008D0D592516C
S3150201561007FC0AD0B1E5204D385FF22C01F8555D41
S315020156207C931180841E65CA281AF46E6EC4B0C6B4
S31502015630528D3F5FA71B02B7FDB9D7EA99FF9D11AC
S315020156404D1DB3F4CBDFEA4392881411743F50C661
S31502015650173B0D06C568EEFEC80A4ADDB3939232C0
S3150201566044FC79B730DA2B0EF86D0F42B76D66F549
S31502015670862219F5D970758E06F2483F6EF0C75F1C
S315020156809478AFD2A44B104F0C598DF5DD60D5E25B
S315020156905C3B89430E315E9C7D48FE3FAE8D0B5AC3
S315020156A0FEAB3E53BD23FB688F3EF56DBC5BA67C0C
S315020156B04A7DA60143F032C9F6397C670B97344D10
S315020156C01A9694E14F21594E4FCD710DC77DBE49B0
S315020156D02DF2503BD2CF0093327291FC46D48947C8
S315020156E008B27C5D2D857928E7F27D6870DDDEB82A
S315020156F091786821ABFF0BDC35AA7D6743C0442B49
S315020157008EB74E07AB871C1A67F4DA998ED1C6FAA1
S3150201571067904F48CDBBAC3EE4A4B92BEF2EC560D2
S31502015720F18BFD3BBC895D0B1A55F3C937926BB000
S31502015730F52830D5B0164C0EABCACF2C319CBC1015
S31502015740116DAE7CC2C52B70AB8CA4549B69C74448
S31502015750B22E49BA5640BCEF6D67B6D94872D770B8
S315020157605BA0C23E4BE88AAAE08117EDF49E6998D6
S31502015770D1858E70E413457913F476A9D35B7563EB
S315020157800EEC6F9F509461658D51C646A97E2EEE31
S315020157905C9BE067F3C133979584946363AC0F2EE8
S315020157A0137EEDB87D96D4917A8176D70A2F257428
S315020157B06425850DE08209E4E53CA5163861B83217
S315020157C064CD48E4BEF7E779D0867808673AC86AB5
S315020157D02EDBE4A0D9D49FF8414F5A735C2179415B
S315020157E0C367DE3217EDA8B148491B461894B43C8B
S315020157F0D2BCCF764343BD8E0880181E873EEE0F7C
S315020158006B5CF8F52A0CF8419467FA04C384726852
S31502015810AD1BBAA399DF4589165DEBFFF92A1D0D6A
S31502015820DF1E6232A18ADAA979652259A122B8302C
S3150201583093C19AA77B190440761D531897D7AC16C4
S315020158406AC62BE5285DF15B8E1AF07018E3472CC8
S31502015850DD8BC206BCAF19243A176B25EBDE252D6B
S31502015860943A0C68F1809FA2E6E7E91A157EF77170
S315020158707379014858F10011DD8DB316B3A44A05B7
S31502015880B87C26198D46C8DFAF4DE5669C78280B94
S3150201589017EC6E662A1DEB2A60A77DABA61046138E
S315020158A03FB2597CC25EF5CAF2044D153EEDAE9980
S315020158B0F44141E1721D4468A2A032391345031431
S315020158C03C8C02DCE03014D971C71752A855B90EC7
S315020158D0FAA1992CEDE1094B3C746ABDF21A884290
S315020158E03DAD5CAB9AC6FE7BADCFB24CD38C3EC20C
S315020158F0A2D637FB4BD15D68187A671544D6D60A0C
S31502015900B5EC7B419E431A7866020ED18C93C54A49
S3150201591024AC92061185A35D3312E3ADA265B011E3
S315020159209F7E92472889147977A80A37EFD6DA3308
S3150201593003271211FA248F1F9295DF2A2FAC655283
S3150201594046B3FC9A30DD5F40543FE628443D72D9A6
S31502015950AEAA655FF01DC09409084CE13ADCE44346
S3150201596017A538A9F1C712BCE1B28031AB2830477D
S315020159704A25CDFB1E57783F0FF9F66F4234E5747F
S31502015980A3C6C2ADC37A6FEA947C71E9F628E9D05F
S31502015990F5EA45D6EA79D3E2BEFB1FC58587DD4620
S315020159A098885C37BE0198704883FDE3B5DA064BE9
S315020159B014072327ED0C8875424C2FDD8F46092BE0
S315020159C096CB01B7EE49C797C369A3B6D438F48318
S315020159D0D92C409A8B2B96627BDF889850C77669C1
S315020159E02AA0FF826594975B49F5A8FE516A09DAF6
S315020159F09BAF775F375163A0761E1D2061DECF1BF9
S31502015A00A2596A2490544A4A90DD7FE8DEBD3ED609
S31502015A10FA71230D677C43D9D68E0FD30873E869D1
S31502015A20674A6DD01108423DE3FFE0908504FCBE52
S31502015A30DE7B48BDB7C670F828FA9A3116732A6E0C
S31502015A40ABA8943E8C772496EC8BA7E9CEF3D60AC3
S31502015A504F3C740D81C78A94CCFCECAA35796276E7
S31502015A609F9AD5D624ACA85606F096303E75DBC869
S31502015A7099524C8FE6417F471461C8F61C858D58B1
S31502015A80FEB0F68DC78E13511BF575E589DA97536C
S31502015A90B9F17A711D7A200950D6202BBAFD02215D
S31502015AA015F5D177E7652ACDF160AA8F87918954D9
S31502015AB0E506BCDABC3BB7B1FBC97CA9CB78486524
S31502015AC0A1E65C0505E49E9629AD511268A7BC368E
S31502015AD015A47DAA17F51A3ABAB2EC29DB25D70A1B
S31502015AE0A99516F1ED2DC47CCC6A2EBF115AD91790
S31502015AF0A35F106B614A758BDFB5B75BBA7CDB2599
S31502015B005EC2B6E998E9B0B09D5A135C06207005EB
S31502015B108E78D44E926F20816B74713AF7B82C78D5
S31502015B204274C6D6D0E3518461A6B0E9AFEF99E9D2
S31502015B305FD3FCF31062A385F1B01410364C3C5EC0
S31502015B4057244E83B16742DCC51BCE70B54475B688
S31502015B50D75ED1F70B7AF01A5036A071FBCFEF4A16
S31502015B60856F059B0CBCC7FED7FFF5E768527D53CF
S31502015B70FAAE124362C6AF77D99F3902535F674FB6
S31502015B801E17150436362DC33B48988911EF2BCDC6
S31502015B90105194D0AD6E0A876165A8A272BBCC0B77
S31502015BA09BD2DF941513F5976A4C3F315D98556187
S31502015BB010504508073FA1EB22D3D2B808266B67DE
S31502015BC09375530F0D7B71214C061E130B694E9172
S31502015BD09FE02A75AE87B61B6E3C429BA7F30B422A
S31502015BE0472B5B1C65BA3881801B1B31ECB671866B
S31502015BF0B03531BCB10CFF7BE0F10C9CFA2F5D7420
S31502015C000934374364317A15D981AAF4EEB7B8FA61
S31502015C100648A6F5E6FE93B0B6A77F705436772EF0
S31502015C2081F95D4EE10262AAF5E1155017590DA2FD
S31502015C306C1DE2BAD375A218530260018A6143054B
S31502015C40C1234C97F4BDEA0D9346CE9D250A6FAA50
S31502015C502CBA9AA2B82C20040D96072D3643144B62
S31502015C60C013C11CB33E265D8430C216B8BEDECC5B
S31502015C70D0559080F5F5EB06AE3B389614ACC67559
S31502015C808098F006F60FC1E411384ADDA9D1005C0D
S31502015C904F7458A6A6EAE745EE63E9528DDFCA5369
S31502015CA0374A6E183F345B826561CBF824D87A761F
S31502015CB0DA4B987B292EB1094DCB4C21FF4D6D0351
S31502015CC0EC2C2453F737B847F21242C08CC46D2527
S31502015CD0C528D9E1FBFB22E2072C8AAD5B29EA48FA
S31502015CE05E71C5573F1C9B29906D686B9E92CB9640
S31502015CF0B35A234764800430E19F4DA4245C432CAC
S31502015D003F83F8807CC907065BEC25CA7815850EA8
S31502015D106FBB1E160B45F7540EF8DEA09247CB7BDE
S31502015D205936C72BD0E38784DF7999054584AF4B72
S31502015D30BF6FADDC5A977CD1B696FCDE0B9F365708
S31502015D40C2245204A0D0EC1C5239E5691B1B7F7593
S31502015D5081F68952927A5B774861731620C66C1B6B
S31502015D60988663750199A9F1D360AAEEBED13D3534
S31502015D7088A49B4C3371948411E3AD43686EFA6334
S31502015D80AD6984BF9EB7F6E1353166E2041080152E
S31502015D901B1874AF3083499A3C679B044F50A23B50
S31502015DA0FD21037676E86C9AD83AB69E10B5E27F63
S31502015DB09205C88AAED4E7003A726FBB7A6BD87382
S31502015DC0B65ABA6D60B5520BABEDB1BB0F4F13A903
S31502015DD035A6049B0D52A930DBE57379F3B8136836
S31502015DE0CA63CD19B36B9EF53968D02192150C673A
S31502015DF0B6CA50215B566DB0A3124F109D19FB20F6
S31502015E0075A71BB6AEBFC712FDBF63E21F624EB8CE
S31502015E10CF0D845CC3A5470B3486AFCC0BBE837E04
S31502015E2020C1996DEE3D9461E09F0B462E1F1086AF
S31502015E308D59E88E51F1B26BCC75C4FC8962B77685
S31502015E40D38D73C501E7DADBEE1B6FB235F6C6F900
S31502015E50F45EF142806AE961D8A460AF1FD1A13A2A
S31502015E6074CC6C72FA6DFD1465B9532FFE4C083B66
S31502015E70B4C8A252F5E43AF36A16400D7AB0AA59A9
S31502015E8025AC5E924CECBC77387713608471481866
S31502015E9051F4A9FE3743375B46AAE6C88EE7651871
S31502015EA07A1F6EB6C7B7C4CC7E2F0CF5257E154474
S31502015EB01CAF3E71FC6DF03EF763DA5267442F5810
S31502015EC0CB9C521CE9547C96FB35C6649226F6306D
S31502015ED065191278F4AF47275C6FF6EA188403173F
S31502015EE0E44C3220D37B31C6C48B48A4E84210A8C5
S31502015EF064135A4E8BF11EB2C98DA2CD4B1C2A0CCC
S31502015F0047041F6FD0C74DD259C087DB3E9E26B2CA
S31502015F108FD2B2FB72025BD17748F6C6D18B557C22
S31502015F204569BD694881C4ED228D1CBE7D906D0D0A
S31502015F30ABC55CD512D23BC683DC14A3309B6A5A2D
S31502015F403D4696D32415ECD0F0245AC38A62BB127D
S31502015F50A45FBC1C793A0CA5C3AFFB0ACAA504040B
S31502015F60D643A70A07401F8CE85E265BCBD0BACC84
S31502015F70DED28F666B044B573396DDCAFD5B39461B
S31502015F80D16F412A1B9EBC628B5950E328F7C6B5D5
S31502015F9067695D3DD83F340498EEF8E716755239C4
S31502015FA09C9A5D1A2DDB7F112A5C00D1BC45779C38
S31502015FB0EA6FD554F1BED4EF16D022E8299A577664
S31502015FC0172AC0497E8EB6457FA3A9BCA251CD230D
S31502015FD01B4C22EC115FD63EB1BD059EDC84A34368
S31502015FE0F234B45213B53C33E180DE93492832D8F8
S31502015FF0CE350D75872851B5C177272ABB14C5023F
S3150201600045B6F18BDAD54B68534BB5F67ED38BFB8E
S3150201601053D2B0A9D7163931598054610992601108
S315020160200A3BA761AC68E2F0F5A5913710FAFAF2DC
S31502016030E9006D6B823EE1C1428FD76FE97EFA605C
S315020160402BD74DBDBECEFE9411220F06DA4F6AF44E
S31502016050FFD1C8C077594A12959200FBB804537012
S31502016060C66E294D351D3DB6D831AD5F3E05C3F32A
S31502016070EC42BDB48C950B67FD5363A10C8E39219D
S31502016080EFD2A78DCAB26A212728F499DDD96A36D9
S31502016090753CDD4F00B964AE629E90535B393A405E
S315020160A09A7E1B8616FCC58651C4276A4730A3F61B
S315020160B09735E9A167726601EBDF8260CDB9FF050B
S315020160C039613FF59FFA17A6B66CE613E5B5F2609C
S315020160D0A48A44B3EFBEA8D792A15E6F8532297A0C
S315020160E0EE192DCB073FC3DA26A1C47758EEF7E1A5
S315020160F04662143944FAA7E1A9149BFD417AF04D8F
S31502016100443288FF1E48A8881DFD2176C7E759A497
S31502016110B27489D494D544FBC0755BB395AA127C3B
S31502016120EA374009C04654612624D4A61EB1F02E90
S3150201613059CA251418464796CE95DB233682F5426F
S3150201614088E82DB061D7390B1F4E41D27E0E555FBD
S3150201615040A9E12258A4BFA6997B44FD7D2F0A05D9
S315020161600293637948449CB82C7FC65093F1E44A62
S31502016170C6F91AC8A85DB3F0171087463500D0399B
S3150201618077DB50A6333B7C43B22BC5BA1DE8AF6B16
S3150201619018D3B72D2D4099FECEA62B37EC7E5B2B5D
S315020161A03DC1540351AFA7F2602B37AA45B1A0D71F
S315020161B070D4A3056AB96928730146822DE428655C
S315020161C024B51ED7145526959345F15D81D803E66C
S315020161D0B7E64D0D41DF7C1450C8370473B19352B3
S315020161E026F2CC4B81E0D02393FB9681CD45C79213
S315020161F05B1E54596C79618B78F921C0F04DA4402C
S3150201620072930351111DA9D5DE26CA99B777D32EEA
S315020162106B6B36FDAC0272A1951990D61B2930071C
S31502016220D662231859A840BBBB1A4D8A77559FB926
S31502016230F659857527B4188D5A23264DE70FC226BE
S31502016240F522CCE99F1D8D647C57DD281956BC6663
S31502016250D139246521EDD347498BAFEDAC71D249D2
S315020162601DFBCCF664FC824E26BA1BB7B4C9AA2A18
S315020162706BA7AFCBDB89A0876DDDDBD80791BE6C3F
S315020162805CB970AC0FD020FF50E1DA59C74F00BD9F
S31502016290145340BE24D1050F3332F5A963203123AD
S315020162A08A880A0A1B189F7A0321571D9E90041A8F
S315020162B0CF6AFD5391C20DD45C3B6B388F382C17D4
S315020162C0F3332B388A05F589B4C048AD0BBAE25AC5
S315020162D06EB33DA503B5938FE632A2959DEDA35A02
S315020162E00156B7B4F9AA982772AD8D5C1372AC5EEA
S315020162F023A0B76161AACED24E7D8FE984B2BF1BBC
S315020163006165D9C7E97767653680C77254122BCBA7
S31502016310EE6E50D999320565CC57895E4EE1074A30
S3150201632099F90D98CB12E44E71C76E3C6FD715A33E
S31502016330FD775C92DEEDA5BB0234311D39AC0B3F14
S315020163409BA477C4CD580B2417F04764DEDA38FDD7
S31502016350AD6AC8A7328D921981A0AF84ED7AAF508A
S31502016360E55BF61501DE4F6EB209612121269829F8
S31502016370D9D6AD0B8105027806D0EBBA16A321193F
S315020163806D70E085859AF31F3339E7B3D8A5D03608
S315020163903B458F71E1F2B9437CA9274808EAD157F7
S315020163A04B038460BEEEDE6B54B80F78B6C29931E8
S315020163B095062DB6AB763397907D648BC980316E87
S315020163C071B028A1E7B67AEEAA8BA8936D59C1A43A
S315020163D0306121B282DEB4F718BD97DD9D993E3652
S315020163E0F40D30DA513A90E3B05AA93D2364398467
S315020163F08064350B2DF13CED94718184F6778C0323
S315020164004542D5A280EDC9F35239F677788BA00AB7
S31502016410755408D163AC6DD76B63709415FBF41E8A
S31502016420EC7B165BE65E4E85C2CDD096420A595981
S315020164309921109834DFB27256FF0B4A2AE95E5748
S315020164409C0C3F45DE1A43C39B3B70FF5E04F5E994
S315020164503D7B84EDC97AD9FCC6F4581CC2E60E4BC3
S31502016460EA68E6607639AC9797B43A15FEBB199B92
S315020164709FA7EC34B579B14C57AE31A19FC051619A
S31502016480965DF0FD0D5CF53A7AEEB42AE02E26DD34
S315020164900917171287BBB2110B030F80FA24EF1FDC
S315020164A009666C6B3A1296B43859AB8085FE50A7D1
S315020164B05F7AC2B739BF71F43C19AC77CE03795012
S315020164C0206216906AA691FF09E0F15BAE5225F2AF
S315020164D07CDF907FD885FF7DB96F730CFE0F624F0B
S315020164E0343EDEDF650DF962AD5FFAB992C528CF9A
S315020164F0104516C6F96EC899846C254A0448D425F6
S315020165006FB1E9C70E2368BD5D79C5C1C1B9B10EC7
S31502016510FFB1B695C4C843795ECFBA0B62AF9F2F5E
S31502016520552B02C915447C2CFEB12E8141D2A056AF
S315020165300D5EB6D7C9A12EF0263B32D52F51804129
S31502016540DBA5488A693EFFA43B4095BD06386ABA77
S315020165505DB6D547AFE17C9FFBD23959E587E01598
S3150201656096145C74437520120C6138DAFD3CFFDA2D
S315020165704FC3712C2797E7E4E9EDBD34197BC03986
S31502016580383F96FB6E189488D59B63DC800EA04833
S31502016590991C6CE92B09E8A4613657CA547D095A3C
S315020165A055E7C9172B89452DF88D308972FD33D0F0
S315020165B0D98B5B52D9E92F6C79C01CC1F1ECDB2E68
S315020165C0D2A015C7E3A416164D1D34F8B03C62538A
S315020165D0CB99E8C72953EF96A6BA68A6BB8D4E3D5D
S315020165E05FA287D0DD0F0FEEEE343E5C5531759C0E
S315020165F0B53AAB8F2E570C66B2D34C5444FC5408B1
S3150201660019ADED55C5A0EB61E63DA8F0FE33B52403
S31502016610F8A5BA832804773B8D7EA498B8828F6742
S3150201662012D9067C5A4341680B833FBB213C12CAED
S3150201663078E2CBB1277BB3D446506FC7843B751D35
S315020166404CE93733F73BC5B0154FE1117E69B57C8D
S3150201665050C73019ACAB844B680464E0BF4ADD28ED
S31502016660449FCB444CB6C07DBF5D92E3ACE1A31817
S31502016670C457042D8634307A2E890C8AF78B494CFD
S315020166809631A71AFB53D6371864D73F3095940F24
S31502016690B2173AFB090B20AD3E61C82F29494D5469
S315020166A0866B9730F5AFD2220446D2C206B8908DD8
S315020166B0E5BAE54D6C89A1DC170C34C8E65F002802
S315020166C0888652349FBAEF6AA17D102594FF1B5C1E
S315020166D0364BD966CDBB5BF7FA6D310F9372E47215
S315020166E0D36C30DFCD36116E4341A308E002DEA43E
S315020166F024B46A4245C64E224ACE770D2160D6742B
S31502016700049369029CEEF44F4FC8F3324EBD9BF4DB
S31502016710E20FE8D4E386060F4C81A2852BCF5319EB
S3150201672046689A030A46316661809B2FA02048A0DB
S31502016730D6C02F06A05C359D142E839148051E589E
S315020167404F0881978C209526E10E45230B2A50B1DD
S3150201675002DEEF03A6AE9DFD4CA333278C2E9D5A76
S3150201676027762AD335F6F307F066655F864DAA7A50
S315020167705044D02897E7853C3864E00F007FEE1F2E
S31502016780E5F7DB03DA055376BDCD341449F2DAA413
S31502016790EC884AD2CDD54A7B430504EE5140F90035
S315020167A04AA3CBBCA653D2809B213838A1C3613EF2
S315020167B096E3829801B6C3906FE60E5D77053D1C9E
S315020167C059C06B21406FA8CD7ED8BC121D23BB1FB9
S315020167D09009C7179E6A95B4552ED1663B0C75383A
S315020167E01AE5229440F12E6971F65D2B3CC7C0CBA6
S315020167F029E04C74E74F01217C4830D3C7E22106D8
S315020168005149143B4B2B5057B3BC4B446BFF678E1C
S31502016810DB8563162769BDB8C89592E3316F1813F4
S3150201682055A4BE2BAB473189299107924FA2538CAE
S31502016830A7F730BE48F9494B3DD44F6E0890E9128D
S315020168402EBBDF7FB3960CF1F9EA1C125E939A9F77
S315020168503F985B3AC43611DFAF993E5DF0E3B277FA
S3150201686000CBC2DA124A655A611454FF40AE0C9546
S3150201687075CBBA9ACAC404F3B6714C6A6978815364
S315020168801A82E87E284F6C909D724797792B6A8E01
S315020168903EF50FE1308A11C2B2B9A09DE4CFA32B16
S315020168A0494EFA783128FF20FA3298AFEDF53A22AD
S315020168B04DC8A59307DEDAEBA21F631B8AAC1F380C
S315020168C05726F19C87750DFD290E3AE594EF2FE8BF
S315020168D0E74BBB5BF0A734CCA2380CA57211250B92
S315020168E09BD25CCC8FF432957136CEA3BE51A82BC6
S315020168F041291251A0CADA32F2040035D9998D47DB
S31502016900C002BB9048D95A1D1551C20EB108E250B8
S315020169100217F24E89226AA20548523B3423C94D17
S31502016920B686800F408C82E3C80D9F97F7E6773FC4
S31502016930B42CF44D30DEF67E84D7ABB67C79655243
S3150201694075496CF3EBE3D33A25218637A5255DD745
S3150201695016A525A03D9473E847C811C4B47CBC6B47
S31502016960560DA5D4D19C6F3C7EABFEC6774024B6AC
S315020169702E97803548BFF96FFBAC32B38358370087
S315020169809D24C91C2B81B6A2581F2121EE6E866257
S31502016990CE0EF15DB8C5B52C00AE63E259B2A603BF
S315020169A0B605E5E209298D0D301229C0AB78CA98E0
S315020169B02723B1A96955EF77479B43817B89777C69
S315020169C0B51C33DEE2B5C1F120A4FC158E5D9F5ADA
S315020169D0B132D97BF138A49FE746611CF01B382AF4
S315020169E016D2DD66529FC06F4870E3C8A760E5DC28
S315020169F0FD62DFA29D9365EC92D12EE5E79A867A36
S31502016A00D463E4871D9B40789D63FBCD5AA94DADA6
S31502016A109C9B2555377728ECAB3012C3E906C8692A
S31502016A20223FBB1474F5487B88CCDCAEE4CEC76842
S31502016A30BE80ED7961932FED4BBC775F880BD7252D
S31502016A40DB2D3CB7F42A72140D06055A5F0C47BCBE
S31502016A502EB08125AC3E94008F9C491F3B4B430EC1
S31502016A6033A20613DEE6CD02C78E6F11A2525A7BFE
S31502016A705B3B16C1F481C6E14326D36006351D246C
S31502016A80C752BC0E4D40E46BF591A7B13B2346AE0E
S31502016A902BB45DD20E17EC2A94D6456696FD8D1D52
S31502016AA0DEC42E9CC5A96F29CBF3844FBF618BBC73
S31502016AB008F9A817D906771C5D25D37AFC95B76321
S31502016AC0A4B0DD129C6398D56B8624C0309FD1A5F4
S31502016AD060E4FC58032F7CD18A5E092E1595A10725
S31502016AE0C85F9E38028F36A83BE48DCF023B4390A6
S31502016AF0432641C55DFDA1AF37012F033DE88F3E18
S31502016B0094A27005B9158B2F494508677042F29414
S31502016B1084FDBB61E15A1CDE0740AC7F793BBA7545
S31502016B203CD1EFE88D4C70083137E0338E1AC5DF60
S31502016B30E3CD6012A55D9DA5868C25A69908D62270
S31502016B4096D1CD70C0DB39629A8A7D6C8B8AFE60E2
S31502016B50601240EBBC4788B35E9E77877BD00409FF
S31502016B609C91BADDD41FCEB4AA8D4CC73EDB31CF80
S31502016B7051CC86AD63CC632C07DE1DBC3F14E243C8
S31502016B80B940F948662D32F4390C2DBD0C2F950604
S31502016B9031F981A0AD9776166C2AF7BACEAA406270
S31502016BA0A095A25B9C7434F85AD237CA5B7C94D600
S31502016BB06A31C9E7A73BF166AC0CB48D23AFBD566A
S31502016BC0EB3335F5E3B92A36403DB96ED5688533DF
S31502016BD072555A1D52140E9E181374836DA8241DE4
S31502016BE0B23B9DC16CD31013B9862362B76B2A06D9
S31502016BF05C4FA1D791859B7C54571E7E5031AA03C7
S31502016C001FCED4FF4876ECF41C8CAC54F0EA45E076
S31502016C107C35091D8225D2885948EB9ADC61B2433B
S31502016C20F9E5C49EED2565420333901601DA5E0E3F
S31502016C30DCCAE5CBF2A7B172405FEB14CD7B3829F2
S31502016C40408149F1A76E3C2154482B39F87E1E7CBE
S31502016C50BACE29568CC38824BBC58C0DE5AA65100C
S31502016C60570D20DF25452C1C4A67CABFD62D3B5C32
S31502016C70304083E1B1E7070A16E71C4FE698A1699E
S31502016C8097D6A9EF13D6FC7A5979061CA45AC40CD5
S31502016C9096DAFAC104E16FA56503E47204B7733AA1
S31502016CA034472D9E6BE5267B7516C6812B13C7C409
S31502016CB07FDE9CEC25955CEFAD4317E7160BC839D1
S31502016CC0686C821B0D6E190FDBE36049E2F01FF758
S31502016CD06C43B723701613618272DA7758EAF00CA5
S31502016CE0EFB4164D3FDA331499F857E2F8533D7C67
S31502016CF048AC5C6F0EF5C92F5C744728E415827B9C
S31502016D0014949654297B87B42FF404605413347D6A
S31502016D10AC008E4A8E13EFC65F214AEEAC5CF36D70
S31502016D20B2B8F0EF5A7B126EB82959F36E66AE0D00
S31502016D30551C426DBCF52C507C1245D8B0BB66671A
S31502016D40BDCCD4DDA4806C199DDDF2955DF5E622FC
S31502016D501BC7D640C7335EC72F043CCB7912B57B1E
S31502016D605A94A63BD4CE32E35DC081E861130BDEB1
S31502016D703BED675E090FD41A5D3DC6B8DAACA85D74
S31502016D809F15703A4A66B6C4144E900A0F4F197689
S31502016D90136C09A4394C61A5EDEC9F9750FFD06C99
S31502016DA0F9F7BFD1DACB3D4E17576420828E11C94E
S31502016DB0569D180FBCCECCBA687646D4E922481B3A
S31502016DC02CD5BC68BDF2BE33F22E4869B0DB49C68A
S31502016DD0EE1ACB410CEEB6B5E5A71202274D295C98
S31502016DE0813756257F0A36AB58790F488A221225F2
S31502016DF0E3B4146127055DC72AFE76D925962D22AD
S31502016E009DBC7C34C813AB468323C199D4E8493867
S31502016E10C94AD6874031EA4CE79EA2B13441351FB1
S31502016E20179DCB6E7B730E96E1EA7CD64849F2FA40
S31502016E30891B5ED5B4A9E737EB596CB43C17B75C2D
S31502016E40F0ABB7828BE6894AB9B7A69B27D91CF460
S31502016E506F878DE110C2E616C6091B7F0FDBAC7C7C
S31502016E60CBF83B3D3BAA9F3CF93ECE857BA3BD9227
S31502016E701D8A1297FD3624027DE296E93CB8057E0B
S31502016E80A64DA74E2E75105522EC93F4756C580833
S31502016E90F489E49A10C5F9A28FFCE6EF56EC2C139D
S31502016EA002376F52BBD39313C8C4414311276DA353
S31502016EB000C3517F05D46FECA1B7632AE561273A76
S31502016EC0BC781AD9E0B26290679650C89C88C947C5
S31502016ED0B8705040664AF59DBFA19324A9E669732D
S31502016EE0EDCAC5DC344401E133FB843C965DED47D2
S31502016EF0E7A086ED76950170E4F967D27B69B22542
S31502016F0064689813FB3F679DB8C75D41D9FBA53CF1
S31502016F105E3B27DF3BCC4EE0D24C4EB53D6820149A
S31502016F2097D19D241EBD78B402C1585E00350C620C
S31502016F305CACBACC2FD302FB2DA708F5EB3BB660AE
S31502016F40D05ACCC16FBBEE348BAC4696E90C1B6AA8
S31502016F5053DE6BA649DAB0D3C181D061413BE83138
S31502016F604F2B069E12C7E897D80A32294F8FE4495A
S31502016F703F68186F4BE1EC5B1703552DB61ECF55D3
S31502016F80B9E1B35A465D3A42613FF1C787C113FC83
S31502016F90B6B9B5EC6436F81907B637A6930CF86696
S31502016FA080D08B5D6AFBDCC442481A57ECC4EBDE27
S31502016FB06553E5B883E8B2D427B8E5C87DC8BD50A4
S31502016FC011E1DF6E83376D60D9AB11F0153E3532B3
S31502016FD0963BB725C33AB064AED55F724464D51DFC
S31502016FE019FEFF2A035D74F266DB247F493C9F0C7E
S31502016FF0EF9885BAE3D398BC14531D9A677C4C2249
S3150201700098D31DAB299E665D3B9E2D34581692FC84
S31502017010CD7359F3FD1D8555F60A9525C3419A503F
S31502017020E925F9A6DC6EC0BD331F1B64F4F33E7974
S31502017030893E839D8012EC828913A12823F0BF0524
S315020170409DDB89170C088E39F578E7F3252060A7B1
S315020170505D03BD064C8998FABE66A925DC036A1052
S315020170604095B613E847DBE5E11026433B2A5DF37B
S3150201707076127838E9261FAC69CBA0A08CDBD4291D
S31502017080D0533333AF0AADD9E509D3ACA59D6638E2
S31502017090F0F788C88A65573CFABE2C05518AB34A6D
S315020170A0E9C02443EECBDADFB75B953F884244055C
S315020170B09F6031EAA8AAF7DEFF7C284206E7AE689E
S315020170C054E09D80E8E28FF6D1BA829C6A09BCE35C
S315020170D045BFAD0AD45363079E95A1DEB51F9B7BBF
S315020170E00CCC7174F1C81CF0BB829057372E2495D3
S315020170F05F6BE4D393607727FB85BD285AD5132DA1
S31502017100DAB8355B06D2C5FAB74B62859A8ADAA82E
S315020171100FCD213D91CAD2CC580DF98BEE41836B2D
S31502017120527AEE7ACE9C01BFD3EA54E4B6D2DEA8F5
S3150201713019BBA8870B9F613CD8160956D7B51936D4
S31502017140B2C482026BF27935AEEFAF4FF292D564D9
S31502017150C0C7C8287BEDCDB7D7A873716B7B926A7E
S3150201716056466E984FB26D1F5B10E9D12EC02110A3
S3150201717075A3C02CFF3FFFF89225C8C6F86B2A1DDE
S31502017180EB88CE3E8640708D8CC0EE80A907E3F077
S31502017190DA8F780D615022AC8D470D3AA4926D05B6
S315020171A0A1A53DFC96A1051BD09EB543C2A8D777E2
S315020171B01879D197623DDA06F75323F194B4FB6647
S315020171C0B80F5CD8B9501A757B09CF8B25DCAFD1C4
S315020171D069A90983A3A6162F5906B0E59EFFDD14F8
S315020171E0D60923F19609D7D639D5C3E98523FBDB1F
S315020171F0112455F7B002D6460C3E8457050B0A27D1
S31502017200CC2B86A74006FF61FEAB115F9AC0CA81ED
S31502017210BB2AD1550483479073E85A94E1BDA41958
S315020172209146146335E984DCF4231FD6A0E82F6363
S31502017230D5A8A9120680AA4CD318990EFADBF948E9
S31502017240F8858A3A33B394D5587D8DE78976A34E6C
S315020172501F358E5E459FBF73B4EB41BCD2D707552E
S31502017260FC7295290329EB1CEED00295A2CA8C7CED
S315020172707BE6CC1134A4BF91E731A864194884573F
S3150201728093D56867252B7CDA13CA224457C0C19865
S315020172901DCE0ACAD50BA8F190A688C0ADD1CD29BB
S315020172A09CC0DD5FEFD1CFD6CE5D57F7FD3E2BE811
S315020172B0C23416205D6BD5259B2BED04BBC641302E
S315020172C048E156D9F9F2F20F2E6B359F7597E7AD64
S315020172D05C026C5FBB98461A7B9A041468BD4B101C
S315020172E0C3F9B59D0D765BC32151BACA700C5964B7
S315020172F0094CF741938A8D45887426ECA562507430
S315020173006FDD43C5D852733BF77A9A4E62166CE922
S315020173109CFBCCAB27DA16793316F98253A6166D86
S3150201732041FCCF1E0C986E31069FD4E0C7ABB4C7A1
S31502017330618E7CC847C2D59FB55DB5AC5A6AD7770F
S3150201734067EDF16831FDF051C23B6FD8CD1D812C3D
S31502017350DEF2D204435CDC4449712A0957CCE85B6C
S3150201736063F17FD65F9A5DA98156C74C9DE62BE9EB
S3150201737057F220DE4C02F8B7F52D07FB202A4F20E3
S3150201738079B0EB303D3B14C8302E65BD5A1589756F
S31502017390315C6D8F313C3C651F1679C217FB702536
S315020173A04AFA6283AB20FFCD6E3E1AE2D418E15748
S315020173B02BE639FC179617E3FD6917BCEF539A0DB5
S315020173C0CE10F4044EC3580385066E275A5B13B6D4
S315020173D02115B9EBC770965D9C88DB21F354D6045F
S315020173E0D5B5BDDD16C17D5E2DDDA58DB6DE542971
S315020173F092A234331708B61CD71A9918264F7A4A1D
S3150201740073F7D2C3741FD2E94568C425415450C1EA
S31502017410339EB9F9E85C4E626C18CDC5AAE4C51172
S31502017420194ABB14D4DBC4DD8E4F42983CBCB21957
S315020174306971CA36D79FA84890BD19F00E32650FF9
S31502017440C6E0FDCAB1D186D481513B16E3E63F4F70
S315020174509A93F2FA0DAFA8592A0733ECBDC7AB4C82
S31502017460E29D0EA80B8BA2ED06891195FC05106013
S315020174703CD37B419F713CA62325C396D8762263D2
S31502017480B9662AAE733A3EE38216D0BCDF2668B0ED
S31502017490B33F8F4B7F7AC3F873D8ADB4F93ED2248A
S315020174A0080D965FAF1FC72105E274D86A385609DF
S315020174B06F4345BD5E403F83EFD0190B72BAA225D9
S315020174C028742F53FBA8FA1672E2A446A02ED4DB27
S315020174D080A49E8B3B653753033F97237294654085
S315020174E044A0541A9CA1C0F7BB9FBD77245E1C4AD7
S315020174F07229F25A11CAE3A60D9E2E3F95BB19189F
S31502017500842E045E79BB8F4914B798769AD80D7D7D
S315020175109562FE27A40BFB8B24052021E782BA364E
S3150201752041EC4542B7CB0ED6168734349EE89BFD15
S31502017530DE8422E4FE0A24C9B41D53D048F67244FD
S31502017540D54E27570A9DD6C8174B80603280BA4559
S31502017550ACDF552210DA3CDF39B309272321D27772
S31502017560D894AD64706D8A496322F69AFDC8B5A5B1
S31502017570F441C14505EDA88C8C352D66C3BE632C3D
S3150201758075E43EEFFA31EC8D92FD229E8AFFDB997C
S31502017590B1CA264E59112D51B91043EC1E56DE0CB5
S315020175A06A584E5A85A95F2D7EABBE49A4F7F86586
S315020175B0D3331DF2DD4D07AAEE9DCB1B72BA5C18C1
S315020175C041CBE3F4A39D86937E97F740F59203BFE1
S315020175D0833B46D0FC046202ED6EEC9E761AC93EEE
S315020175E06CCEBAB05FA0BF1E1E9AAF1C0C6234C924
S315020175F01AB6821DC41C77CCEC4FF7A56AA1942D4D
S31502017600F8FB4B19B4AC1D489982E5BAF1E3774D03
S31502017610A072137D2E61F41EE169FF707E868D3A9A
S3150201762058F9AF555DCD586F217756755CAA3EBAAA
S315020176307D2265919923C1755EB3F2C24313BE6978
S31502017640E11CDE681002BEF61FBCDC0EE718D5E8A7
S31502017650A505551BD0FDEFE3D03FECD35333F635E9
S3150201766002A92393D43B7F3B536E2C6B56B5217CE7
S31502017670A752783AF58FBAE500CE8E83A577BC2854
S3150201768036805DE2A878BA6390343394001E65634E
S3150201769032E58C28202FD8482475B536FAAB313A13
S315020176A02E0A9C0824969E233847FE3AC0C448C730
S315020176B02AA14F762AEDDB1782851C32F0939B6352
S315020176C089D2783F8F788FC09F4D40A12CA730FE7B
S315020176D09DCC65CFFC8B77F22120CB5A1698E47E9E
S315020176E0C3A11191E308D57B89749080D4902B2B89
S315020176F019FD72AEC2AED2E7A602B6853C49DF0ECD
S31502017700685A9B595881CCAE0EE2ADEB0F4F57EA40
S31502017710077FB622741DE44FB44F9D01E3923B40AD
S3150201772013417684D2C4676735F8F5F73F4090A0D6
S31502017730DEBEE6CAFACF8F1C69A3DFD1540CC004A0
S31502017740F85C468B812FC24DF8EF80145AF3A07173
S3150201775057D6C704ADBFE8AEF47661B22AB15B353E
S31502017760F4BB9374CC641EA7C3B0A3ECD984BDE564
S3150201777085E705FA0CC56B0A12C32E1832819B0FD7
S3150201778018738C5AC7DA01A311AACEB39D0390EDE1
S315020177902D3FAE3BBF7C076F8EAD52E0F8EA1875FE
S315020177A0326C7F1BC45988A4983238F4BC602D0F01
S315020177B0D9D1B1C929A91518C45517BB1B87C34706
S315020177C0484FEC71975344516E5D8CC97DB105F8F2
S315020177D06BC6C3471AC162F7DC994676859BB80028
S315020177E0B06650C8505DE6FBB099A2B3B0C4EC6274
S315020177F0E0E81A44EA5437E55F8DD4E82CA0FE0886
S31502017800D0EADE6876DD4D82235D684B204564C889
S3150201781065D6895DCDCF14B537D5754FA7293847BA
S3150201782043D6344943938952F52212A506F8DBB9A8
S31502017830221CF4C38F876D8F30979D4D2A6A673755
S31502017840D685E277F4B5466693618F6C67FFE840A9
S31502017850DD94B5AB1173ECA64DEC8C65F346C87E8F
S31502017860C72EA21D3F8F5E9B13CD016C771D0F1391
S31502017870B89F98A2CF8F4C21D59D9B3923F7AA6D2C
S3150201788064856210564A1E5934DFB4A87CB84B2A65
S31502017890438EA3E772252ADE6E04E5FED9ABBD3C13
S315020178A07030D12CDDBBAE819E0E5AF825432E9641
S315020178B0CBFEDFCAAA9193DEE630C252DA7F1753B4
S315020178C079DEB9500697BCA79BB501C3FBA7123D4A
S315020178D08CE36AD3682E6502DC99615A8339D779BA
S315020178E01F7A9A9E57D5D8D872F4993F17E06FAD91
S315020178F02A41B4FFAEB6FB67521842E1BADAA76172
S31502017900E57B0FD2B3102BCC5F74F2FAF50CAF0103
S31502017910C79418FF1E9925876B829355F01D942FE4
S31502017920949372E126CAD53F9E9289FBACB717C1E1
S31502017930D0583C0E3936164C04E468D427EBA46EB3
S31502017940BDC13141F64D35D92258EC86A1948075D7
S31502017950C2F359E412EE6444823213CBE4FC116C95
S315020179603717590D92D9C921D66CB4E9D241EA9B8E
S31502017970CABF890D20840EE2F85FAE6E949FD97953
S315020179800532676835487BF16CD9AA3CE8EA7D384D
S3150201799086E3FF56FD71B46199A545B79511743118
S315020179A02475031306D65F536AC2FBB0F6AD10E225
S315020179B0AE90E9239B0A8DACF9DB2FD7084D204700
S315020179C07F494B0DB32E240787CCBCB90663F91E3A
S315020179D0456F11D834099537045B4001628D46051E
S315020179E0DE6732F9A965F5008A8ED5C08DD7CFCE6D
S315020179F08EE218F3DCE215A25233639B91EE9945AE
S31502017A00CE2A8C5CE972B0A24B9C1E6596FCCF69AC
S31502017A102BB4E742F88E3244B3DEAA22C196D95D6F
S31502017A200732F85E423CF2B4B534A9C9D394F8AB35
S31502017A30F787FD39138C70D0306116179178761855
S31502017A407C500C67F05E5B92BF333CB942C89B81A6
S31502017A503F00DD709A2E791074DC286E7A4BAD598F
S31502017A6080C9546A1DE913A48FD910F525774A55A1
S31502017A7046620F5AAC86C26ABF25C88589A35B10C6
S31502017A8009AD7D266A018F3463D3B7A2C9D6582FB1
S31502017A901322074E59BA759750A6E6F97F089D75C6
S31502017AA0DB5D8A9DDD80ABBFC72458905962EF1614
S31502017AB0B864AB326A71FE63FBEB0AE08A54615425
S31502017AC047BE3DEB62753A5FB8A0BD8E5438EAF700
S31502017AD09972744531E5C30051D52716E7E90413B6
S31502017AE0A28EADACBF043B5884E88B14E843B72998
S31502017AF0DBC510083B581E2BAABBB38EE549542B96
S31502017B00FE9CDC6AD21498780BDD488B3FAB1B3C9A
S31502017B100AC679F9FFE10FDA93D62D7C2DDE684488
S31502017B209E4619945E35BB5154C7DD234CDCE633C0
S31502017B3062997F44D6B6A59363BD44FB6F7CCE6C36
S31502017B40CE0763F8C6D89A4B280C5D43313511210D
S31502017B502C777A65C566A8D4527324637E42A65DE4
S31502017B60CA22ACDE88C6941AF81FAEBBF76E06B9F6
S31502017B700F58598D388CAD88A82C9FE7BF9AF258B9
S31502017B80ED6C61E4F8B0A8C37DA8259E0E6600F7E8
S31502017B909CA5BCF41F06E361E90BC4BDBF920C2E82
S31502017BA013C1BE7CD9F6189DE4DBBF74E6064A848E
S31502017BB0D6604EAC22B5F520515E9550C05B0A7275
S31502017BC0355A809B43093F0CFCAB4262378B4EE828
S31502017BD04693225CF3171469ECF04E14BB9C9B0E80
S31502017BE00027F676289D3B64EB68760E409D1D5D67
S31502017BF08406FC2103434B1B6A2455227EBB38793A
S31502017C00EE8FCEF86526BEC22CD680E814FF67E950
S31502017C10EE4E362F7E6E2EF1F6D27ECB7033B33414
S31502017C20CCD68186EE91C5CD53A785ED9C1002CEA9
S31502017C3083888058C18574EDE465FE2D6EFC76114C
S31502017C40544EAE9441B2BE446CEF5718511C545F68
S31502017C5098048D362D6B1EA6ABF72E97A484544439
S31502017C6038B63BB71DD92C96089C12FCAA7705E6B5
S31502017C708916B6F3399B616F81EE44295F995134B6
S31502017C807C7DEA9FD0FC5291F65C93B0946C814A5A
S31502017C90405C2847AA9A8E25B7932804A69CB81059
S31502017CA02560643B6E422A9BCFE45C3890711232A6
S31502017CB045EA6DDDC2FF5CA275DEA8BE10904006E4
S31502017CC0A04AD379D6DE7CD69FB34DCCC09E0BCCCF
S31502017CD00F195DE356A435A5EF6F1FF6EAD9052EF6
S31502017CE059EB1BD61A9047C40A88DCE5BC191F66F4
S31502017CF02768CAB782546824267FE0EF8C773C292D
S31502017D0096900607709E80868901E5E4155BD7AADF
S31502017D1047011AA21557F3075E5D8112F1F3870433
S31502017D2000F21FA1D695C716C91558B1E2D070CB7C
S31502017D30B595539B2093F2894F7BE431D0C2B8505B
S31502017D4062498A06080C35489A2C095153D0FD6FAF
S31502017D50DDC86FAF4A4FAF178BA5DB3CB553054B59
S31502017D6079FF321BBEFC659C9B0FB5039FEA75EB3F
S31502017D7006E6076C6C2AEDFC08797151D56C103553
S31502017D80D452C1271B2105BF39F61ABD4968C25E05
S31502017D9098AB6F8EAA2C0B5E4008BD50DD8B4C054D
S31502017DA03D07CF1D2FB1A03876A2F6B7A3A8604B27
S31502017DB09A4F40D325ACD5FE29C205555E2DE872F0
S31502017DC0C844D8F07F690B6B49CB79D95CF812BBF1
S31502017DD01F0FDAC1C641A5D21172CE5829247C7B66
S31502017DE0021D7769FDCDD9007EF1FB6CCD7602418C
S31502017DF0C72EB11C6C30454C6108502716BF572857
S31502017E009E6801013F90219F051086BFD3DF79D776
S31502017E101B0FEB3D5FEE22A1D4005A484BF80D51E0
S31502017E206ECA28CE293C0DF13D09B6FC4045D3BAAE
S31502017E303F2DEAA2D76E42E7B998F24F4E9DAF089F
S31502017E407E1F521636653015BA3D2096B8060D6666
S31502017E5079085F54BC89392DB0D7EB78AF03534B00
S31502017E60E8BDBCBEC3A6F872898E3ADC4ACA0F4F78
S31502017E707ADFBFC7E8D4A96FB74E629B672DCF0DD4
S31502017E809C2818974947593D263F5324C5F8EB12BA
S31502017E9015EFC314CBBF62028E51B777D578B820DE
S31502017EA06EF0455ABE413975655F9C6DEDAE7CD06B
S31502017EB0B651FF729C6B7711A94D0DEFD9D1D2172D
S31502017EC06A3E3F0718AFF227691052D719E53FFDFF
S31502017ED02200A63C2CB7E322A7C665CC634F2172CA
S31502017EE0F569D8F6BF0355ADD1032B5A8B83968E0E
S31502017EF0C7E17A06E524FD4349A1D9C3FA7AD10E2F
S31502017F00138FAC56634347CEE7EF725160DDAD3D49
S31502017F102CA6491409C73DBBCF5D2205EBDD6D2AAF
S31502017F2080EC52F445079C70BBF67808B5E10B4725
S31502017F3028B779C89601B6739A20E511D8B6A04238
S31502017F4093A60753407FE3B49567332FD714A7ABA4
S31502017F5099107673A7D0FBD6C9CB7181C548DF5F6D
S31502017F60C9293BF4B9B79D1D758F514F4A8205D672
S31502017F70C49D2F31BD72C0F2B045155A85AC241F7E
S31502017F80AA05958E3208D624EE20140CD1C1484793
S31502017F90A225FB065CE4FFC7E695E32A9E73BA00B7
S31502017FA05A499C2DB3EE82BA7CB92BF1FCC8EFCEAD
S31502017FB0E0D1B593AEAB2DB09B8D69139C0CC03944
S31502017FC050452C24C8BBBFADD98130D0EC0CC8BCFE
S31502017FD092DFC8F5A66635844CCE5882D325CF7872
S31502017FE0689D48318E6BAE1587F02B9CAB1C85AA1A
S31502017FF005FA4EF0975AA7C932F83F6B07526B0042
S315020180007F2FBF89B038C951A7E9DF0265BD972421
S3150201801053E480789CC0FFFF928EF9CACE6745125F
S315020180200DC5860C448B34DC51E694CCC9CB37138F
S31502018030B93C3E644DF7226408CDE3BAC2701124FD
S31502018040B473C40A86ABF93F35E41301EE1D91F010
S31502018050AFC4C6EB6050E74A0D00876C9612863FA5
S3150201806046729D739028BA70C1370F86B9455CC3B3
S315020180703D7FBC4B11FFB59AA1EB08CD1C92801C2A
S315020180800CE661DC2F8BC20277E3F62868D0CDAA13
S3150201809085069D14D501BF5F196BA809664F69292B
S315020180A0F59005ADAE29F75240E62712EA2DB0EA60
S315020180B0AEA1C870035F8A2EB78932919DC17D2117
S315020180C0E47B95F703539C0C45C185E0201AC3A3B3
S315020180D0500085D0711D72B0DAF20BAB0E39BA0AB5
S315020180E0F37B8C63FEDF9F5295498B38609E2BDFB3
S315020180F04902AD1B4FB327E0ED74FAB9C92FC97B0B
S31502018100F9D91A802EEF979F3ADAAF79547D6983AE
S31502018110506B59BDFFB306E9E0B83FDD372B670265
S31502018120E48508268BCAB2481C4CB382EC6B28A4A0
S31502018130748FF517261A7E93A5A22CABCB1F1D743D
S31502018140F5A78C3929A79BEEDB49487A25A69CEB34
S31502018150E144C57ECE29EB29C8E236F71EA22C23BD
S3150201816017CB3F253D4261BF14EB39FAEA3C800841
S31502018170AFC75198DF0286F14B41E349A0F30004F0
S31502018180F416159ECBF535FF45AE8A64CF5B80EEBC
S31502018190F39E3AB92B3CD7F0C2A69220F20B7B0989
S315020181A0ACE1A2A7E74CE47BB7B8D1FA3ED91F41AD
S315020181B09B7C5F0DD7A1341716DB27312392650D00
S315020181C033D7A92115AB8BC425BB1AD6EAEAC2A6B7
S315020181D00543CBC61C6C5C62673AEB93EA0FC97F17
S315020181E0CBA4F153941230ED8737F5C8C921E6BC09
S315020181F0B9E7BE38132BCBFA8C42A89E8A79253071
S315020182004D77F4214DB9457827B797786CF162BF5E
S315020182102B52563CC05718671212629552A8D63C89
S3150201822099A9EC3A92DEEC3F2FC1E862005BAABD46
S31502018230DE8A9896FC9DB9673610665228C0523F6F
S315020182402D9BF378DEB8D936ECB947A871ED427F9A
S31502018250DE3FBD79D6D11C246BCEFB92EC4F706A00
S31502018260BEE7C5FAB0C03344BEDC084C85AE4B72DC
S315020182709B8F9746C44CF2F1C85F82626DFF0A4A30
S31502018280015309619EFB17E9F892A00294DF02C12C
S315020182900B1966FAF5E209BF37FEDCE0BE09116881
S315020182A0DE0D2A78C90C9A55858371EAB2CD1D5520
S315020182B08C23EF315B86627F3D61737976A74A50E3
S315020182C0138D0436FAFC189CDD9D8973B39D15291D
S315020182D0AAD0929F0B359FDCD4198A87EE7EF526AA
S315020182E0B1EF8756D52CAB0C7BF17A2462D1805142
S315020182F067245A4F345AC1856930BA9D3D9441402B
S3150201830096CCEB43BAEEC0C3AF9CEA269C9C748D15
S31502018310C6CC771CEE95FAD90F348476D9A12014EE
S31502018320DDAA6CA24377214BCEB78A6424B4A64751
S31502018330E3C9FB037A4F1DCB19D000984231D912FA
S315020183404F5937D39977C6007BA43AB240513C5E66
S3150201835095F35FE35428184412A0594331924F1BF7
S31502018360510915899D105C3E6A69E92D91FACE394A
S3150201837020305F973FE4EA20AE2D137F2A579B23D5
S31502018380B16698A43030CF3359485F21D2731F2585
S31502018390F6F4DE5140AA82ABF6239A6FD591F15FCC
S315020183A068902DAC33D49E812385C95F79AB83282E
S315020183B03DEB9355807245EFCB368F756A520C02AF
S315020183C0BCDBD89EF83498776CA47CDCF9AAF2C897
S315020183D074B0E1A3DC4C52A97738311546CCAA0216
S315020183E089CC42F059EF31E9B64B128E9D9C582C3D
S315020183F09759C7AE8AE1C8AD0CC502560AFE2C458D
S31502018400DF777864A0F7A0869F7C600E2764C4BBE1
S31502018410C911FBF125EA17AB7B874B307B7DFB4C00
S3150201842080DF78D328CC3365B4A40F0A7943DBF60F
S315020184305ADA01F7F95F64E3A42B17F317F3D5743C
S31502018440F55EF7B1DAB52DCDF565B016CF957FD7C5
S3150201845085F0493FEA1F57143D2B2B262136331C43
S3150201846081CAD96754E56FA8378C292B757C8B395C
S315020184703B62ACE392086DDA8CD9E94745CCEB4A0B
S31502018480771AD205725A1753D434B9D32244C0B0DB
S31502018490DCEA5DDD4BF2D9AD8CFF109FE6464F0754
S315020184A045A459A004B2E90D0FAD174BAAB45CE17C
S315020184B057C5791F52ECBBE11B0871D0B9F13326BE
S315020184C010998B017741FBC140E10F6CDC20EAA6D2
S315020184D0FFC65443E7F361D67A40A3F1E672CB5E57
S315020184E0FCDA4F2223C893D0C6A3E402FD2EC9DFCC
S315020184F019C30FF175C2C63AF63AA25F0845386A40
S31502018500A924DC9F3BCCCAF31D6679671C3F749E86
S31502018510CE710EBD5FD9ECC0F6EA79FEAD703E4270
S31502018520A69131CAE06BF6270D25B3839E3672A05A
S315020185306310B3114CC85D62BD1D52E8B5BAB1698B
S315020185404EFB59221BA315A52FC5CA2B97F360090A
S31502018550CB54348DEC2FB5ED19C076C420272E38B5
S315020185609769E8E806E1EAFE8393D0987F33639838
S31502018570EFEB06AA0E487094D0C2C5D498688B0355
S31502018580A650CE8A1DC591F348292DAEB9D04231E6
S3150201859080CA247F1A5A4DDBA80E25598BBAAE2101
S315020185A0892EFE63EA859C9CEC12940E91AF1BBE4A
S315020185B07BFEFB868AAA7B8F6C8B96EF9F7FB10F20
S315020185C04EF66F707666A1593DA5860DDD53B9103B
S315020185D0960B5CCEE6E14858680C7812E7788B2D4B
S315020185E02B90C3AF2EC6D5792807E88952213A774F
S315020185F0B92001E140E68AC36D1A2B7B7123AE09CC
S3150201860043B1B1A55C00061DA2CDD17FB86B4C6DFD
S31502018610E7FFFC537696F56EA51ECEC1E8297C09C5
S315020186203BA5F543B9EC3C5CF28DC0061DA6C99C7F
S31502018630475489859A63BACFD59FF00DE85A845A71
S31502018640CA94EB5DBE7DE94C489C708C38A4D03847
S3150201865097D069A1D4CE3EC4C387E5F7FF49120A72
S3150201866081E4D0004E0658E59A38BFD84E1A134215
S315020186708E60D175EB28DEBB6911492851B84933A1
S3150201868036A5070DEC1A9B590C893486D006E77973
S315020186907BFB7DB8A13D1419088C4B8D61F6786A76
S315020186A09BA15320DFEEB017FA1F0B334BD8587C30
S315020186B024DEAAAD7BDB53AEF5C07879A4A70535D6
S315020186C0C9016D271B07F012708CC486C5BAB8E7BB
S315020186D0A9FBD6719B12085392B73D5AF9FB885DE5
S315020186E010B654739E8D400B6E5BA85B53326B8042
S315020186F007A2584A033AE6DB2CDFA1C9DDD93B17AB
S31502018700DF7258FE1E0F502BC11839D42E58D65877
S31502018710E03A67C98E27EDE619A39EB113CDE106AC
S31502018720236F166F51ADD040BE6AAB1F93328E11C5
S315020187308E084DA0145EE33F6662E1263560803005
S3150201874053035B9E62AF2B4747048D27900BAA3BCF
S3150201875027BF4396465F780C137B838D1A6A3A7F4D
S315020187600B803D5D3944E6F7F6ED01C955D5A8956D
S3150201877039632C593078CD687E30512EEDFDD030DB
S31502018780A4625D3CBC31F040607AF0CF3E8BFC19AD
S3150201879045B50F13A23D1898CD138FAEDDDE3156C6
S315020187A0BF01CC9EB68E689C6F8944A6AD83BCF090
S315020187B0E29F7A5F5F952DCA4182F28D03B4A84E7C
S315020187C002D2CAF10A46ED2A83EE8CA4055330463B
S315020187D05F1AF1494577219163A42C543009CE24BD
S315020187E0A732EAC73DB1F59898DB167ECCF8D5E3F8
S315020187F047D9F8CB52BF0AACACE45EC8D038F3080D
S31502018800A164DAD08E4AF0754B28E267AF2C22EDCD
S31502018810A47B7B1F79A33482678B01B7B0B8F64C70
S31502018820BD731A9921A883C37A0C32DF01BC27AB27
S31502018830637077841B333DC1998A07EB824A0D53D4
S31502018840A2B8243B9A25E65CB8A0AF45CC7A57B8C4
S315020188503770A08BE8E6CBCCBF097812513C143DA8
S315020188605F79CFF16261C8F5F257EE2619868C114E
S315020188707835061C85242117CF7F06EC5D2BD13670
S315020188805745157991276D120A3A78FC5C8FE4D522
S31502018890AC9B17DFE8B6BD365928A85B8817F52EBB
S315020188A04A0D1ED18C43BD8808F3CC430D61CB30F2
S315020188B0CC7B9391370E9AE00C72B1255B13594525
S315020188C0E9A16D7C8336A41EBEBDB91FAF89C1F96C
S315020188D055D15DCEFC01303052BE57BC9EC9A72888
S315020188E09D9ED1E89993FDB8FF232496CB91819061
S315020188F0A342C747D748B9B2C444FBD72632F33796
S31502018900086E5FB56787AE0D023A205BB3B3434A81
S31502018910798CAF806E5A72E3A3A75F70D17F7A0F0B
S315020189201DB121C853259133DF01E341C242ED66F0
S31502018930FD22421011CC6F068F1692C1413B7A304D
S31502018940E05CB56E075DEB8E5A920DAABF36C52F56
S31502018950E8C6B6DC0F8381BE52AF7B8245706C5589
S31502018960B7D8E90273512B8EE81487246922E5E30D
S31502018970B560A94C77BD4FBDA9ADECC599414B6F09
S315020189800644F42B02904BB934B590FF7E23D4AB47
S315020189903A6DF8FA60A90076E32E32C2DAAB452FB8
S315020189A06A8AEFC81249AF615E6EFB43FEA48FE588
S315020189B0CF27D46F5DCCAFB5EB111E1E2893536A38
S315020189C089EED1A53951DAF3886993FF7C45458150
S315020189D0C488E100ED2F623F3D5A8BDB1538510FFA
S315020189E0CF439414FE04FF0FD7DD5C86D9C6CA5362
S315020189F0B7D11E53035B38319D03D1AC7CA24658D5
S31502018A001787B01EACCDF54FBCE9F29095B2E86777
S31502018A1099FA7A235E3B0944B2B80887ED4B410DB8
S31502018A208CF7D8409E113046110E713CC59B1AA097
S31502018A3079DD1089252B6D48E52403DBB3476C1ECE
S31502018A40F2C8A9C4BC34216A372ECE8A1CFDF8FBB2
S31502018A50BAA0119904E30A009E9BC86B613A6E049F
S31502018A60BE0639F04254E6142ABE62E3549D014A17
S31502018A70C730C28DECDFCC681C866BAF3F7EFB7CB8
S31502018A80DCAE588C4E973746A441F0ABFB22EFB9C8
S31502018A908A7180E956D985E1A6A843B1FA781B2FD6
S31502018AA0512F5B30FBBFEE96B8969588AD38F9D358
S31502018AB025DDD546C72DF5F095003ABB908296572E
S31502018AC001E1200A43B81AF747ECF0248D6593F3C6
S31502018AD0D1EEE26EA80975CFE1A32ADC353EC47D4B
S31502018AE0FF2A4FE316AFBDA6A64FE837CCE9A10A86
S31502018AF03130AD862E312E9AA5300C130570FE64E7
S31502018B00653DE2AADBE7EB0E68D83508DF6FFF7831
S31502018B104F2616C09B24264449219DDAD95F8D73BF
S31502018B208CD5DAE8DD96CED522492FB210DC7E1439
S31502018B3027EB1CAC02857282DF097BE33BEF8431B2
S31502018B40C3D97D88656696855553B04B319B0FC94E
S31502018B50B17920EFF88DE0C62FC18C751620F77E0C
S31502018B6018973E275C2A785A94FD4E5E99C6763549
S31502018B703E7D231F05D82E0F990AD5821DB84F04B3
S31502018B80D9E307A9C518DFC159634CCE1D37B357BF
S31502018B9049BB01B2344570CA2EDD309C3F82797FD2
S31502018BA00BBA87C8AA2D07D3EE62A5BF05292601EE
S31502018BB08B76EFC0023054CF9C7EEA4671CC3B2CB9
S31502018BC03144E12052350CCC4151B1090795650D6D
S31502018BD0365F9D201B62F59AD3557761F7BC697C96
S31502018BE05F29E804EBD7F0077DF3502F2518DB1038
S31502018BF0D7981717A3A951E91DA5AC22739A5A6FE3
S31502018C00A279982E427C19F64736CA52D4DD4AA475
S31502018C10CBAC4E4BC13F419B684FEF077DF84E35BA
S31502018C2074B951AEC48FA2DE96FE4D74D373991DEB
S31502018C30A84838870B68406295DF67D17924D84EF8
S31502018C4075D9C56022B5E3FEB8B041EBFC2E3550AD
S31502018C503C65F6A930AC08886D233905D2922D30D0
S31502018C604BE23D48AD475853E63234245690DD85F2
S31502018C70EE9944FB5E7B5BD3AF234D597592CB567E
S31502018C8006781FC3033F1810E74ACC139B80CF30E7
S31502018C904B5FAFF19408639BC9FFA4E8F6A5DA7F9F
S31502018CA0F372E6AD32E9FB11026CD71641C67B308F
S31502018CB01F0E35F60EFA6B9F0DB49C8D1B4C41159A
S31502018CC07CFB3ECB3F02594C942A3CC699CB2F6C76
S31502018CD084E0C7C3E29041BAD97418A5AE5D540EB9
S31502018CE0303CF50D8B8B7B9598F0608E0A771C2AAA
S31502018CF0DE96573470A6C7BBC99BC9909A8FA42228
S31502018D0058AC3F8DDCC07D6BFD2BE4E66CCD9754F0
S31502018D1005D300F41B7D2F5436918D047FF45941FE
S31502018D20321EE3390866AD2050BE0584D51B1EF8F6
S31502018D3069BCDAF4564006F875B971CED43DD2143F
S31502018D403948D2BBA8158574552BB0AF4783127724
S31502018D507FA1A249C62ABA50F130D73A5125050652
S31502018D60827FA28A098E39F224B0A189BB82796DEA
S31502018D704CD24D21844069FAC30123A36F96AB718C
S31502018D80431ADC5E5E5804B23CC79758EE160E9F34
S31502018D903C48704EAEC0825BBEF9DD2B0E174A62AD
S31502018DA097552DFA8D4F3F250C137754409CE42598
S31502018DB002116B99E552C0004A6CBB336E96CB33F6
S31502018DC00969117F042870596744561E1CC48A8298
S31502018DD0877321E6BD7D41708443ACFBAE271672D3
S31502018DE0076EBDB487E1677074FED1C703028F6E49
S31502018DF0305AC8382FAAC6938AA7753D1F7D297690
S31502018E008C30C88ED3F37E2BAB94EB71ECD78F8269
S31502018E10BD2A06C5363B7C804141A931B84CB60C08
S31502018E2078634C5333FC303061E841E55C5C63B9ED
S31502018E3028C7B2D9BEA9D915CB5D77F3A33E23497B
S31502018E4031FC0B44CDD93783D78F31AFA12C9D721B
S31502018E5070202C77A4A440A0BE49733AF02E004696
S31502018E608814E3C0C6751848B43420E2B2299421A5
S31502018E70653B28318AC92372F97722340BD620340D
S31502018E80F765FEAFDE3AA2FA4C76E05BD41E26788F
S31502018E900344162F1E0A1C4495D3877A568EEA5A24
S31502018EA03D28A4BCA2C11378D93D86A191F062EDF9
S31502018EB086FA68C2B8BCC7AE4CAE1C6FB7D3E51012
S31502018EC077F1E0E4B66FBC2D936ABDA429BFE10434
S31502018ED0E8F67A78D466195E60D026B45E5FDC0E57
S31502018EE0678EDA53D6BF535441F6A924EC1EDCE948
S31502018EF0238A57033B2687BF72BA1C36516CB44587
S31502018F00A17F4F31BF2A40A950F48C8EDCF157E282
S31502018F1084BEA8234BD5BB1D3B71CB6DA3BF772165
S31502018F20E4E37F8ADD4D9DCE300E6276566413AB45
S31502018F3058990EB37B4F594BDF291232EF0A1C5C4B
S31502018F408FDB79FABC1B0837B3595FC21E814860B1
S31502018F508724839C65767A08BBB58A7D3819E64AE9
S31502018F602EA34453AAF6DB8D78401BB4B4EA887D5E
S31502018F70600D134A97EBB05E033EBF171BD9001A69
S31502018F8083FB5B98447E1161363196712A46E0FC79
S31502018F904B9025D44834AC83643DA45BBE5A6875B4
S31502018FA0B2F261EB3309966E5249FFC9A80F3D54DD
S31502018FB06965F67A107572DFAAE6B023B6295513EA
S31502018FC018D5D1ADD7DBF018111FC1CF88789F977D
S31502018FD09B751471F0E13287013ACA651AB8B579FF
S31502018FE0FE832EE2BC16C7F5C18509E819EB2BB43F
S31502018FF0AE4A251437A69DEC13A6901505EA7259B9
S3150201900011788FDC20ACD40FA84F4DAC94D29A9A2A
S31502019010340436B3642D1BC0DB3B5F90959C7E4FB7
S315020190200D22706241A02A814E5B24F9FA895A996E
S3150201903005EF7250CEC4ADFF73EB73AA0321BC23B5
S3150201904077DBC7B58CFA824055C134C7F8868606E6
S315020190507EA5E7F6D9C8E629CF9B63A708D3730491
S31502019060059E58032679EECA92C4DC4612424B2B60
S315020190704FA901E674EFA1021A3404DEBF732F1061
S315020190803E0DC27E0CD5A2B56372C9A06EDD4BC67A
S315020190904D73FFC15290E856BAFA2F2BF7C62949EA
S315020190A04762A393A2CB8E3565FD68B262988FAFF4
S315020190B0891CA068997E2F41244575CD12F38657E6
S315020190C02C0314CAFF887733E31E7F44281092F3D8
S315020190D0ADCC1B231F07148B834734F24B7B814C88
S315020190E0836638372BCD8227B64F69E49C60AC087C
S315020190F07C1DE15AB2495B66631903B57C5F1F3079
S31502019100456C19571ED2D2CA6B797B7479762D3981
S3150201911069DE890F6F51A3503179C5BCFA30242F0C
S315020191202944839A8C6450130BAC56ED53CCB37617
S31502019130CD82D7F00498E8DF2757A9728A324D7C8F
S315020191406EB971288553F80FBBF1C360AB9F3EE13F
S31502019150024434255359FDEE4B74B77570C3370A71
S3150201916084440BA457A03B41436A5F4F1A2E4CBA63
S315020191701CD6E1AEA5A04B6153DC058B1A53A1782F
S315020191802B56D03A70F1BD6CA32125C93048CF8E3A
S31502019190E72484FD03D3EBDA6FC55E2EA482AD729A
S315020191A0A3D9EA5361CB20C76E632B517FC9B2554E
S315020191B0B19002D45F5BE3B1E20E533BF1CCD92FFE
S315020191C09417C3437DBA059D26253293FFC87024A1
S315020191D038741916C8DE2383539B56819870522818
S315020191E0B896F7475B47BD07548F2C5413B0C7D2C5
S315020191F07EF8243BF423BD2DD601097BD7AF5165F9
S31502019200C3553F8B5ACC998CA0D2DE3F25D7110686
S31502019210360AB736FF9529ED19268AD7549A691F58
S3150201922011FA0753AFF56614F20A6CED7DCC7F8114
S31502019230FBA3A4C34EE46D0A0B7D92BC751407749D
S315020192408AEAE773F39272E7315A04CBD237652978
S31502019250DE4F27D33E65D01B6629BD76442C9A2F55
S31502019260CF376B9A83F9FB15993ABF8E93E7DF43A2
S315020192702B6ABD5381F0510DCDCB35AE40A32241B0
S3150201928038E3D7205DC1A63843270B1E97A5DC37E5
S31502019290DC7FAB5B312285F86ECDDD840DF40C0DDE
S315020192A009D60B9564CE1096F2288CA9AEDCB4CE03
S315020192B025E83782AA2D9AE3BBB1FC6054398E1197
S315020192C0C645577FABB918EB90C68757EE8A3A0265
S315020192D0A9AFF72DDA1227B73D015CEA257D59368A
S315020192E09A1C51B5E0DAB4A206FFFF2B2960C87AAF
S315020192F0344250F55D371F982DA14EDA25D76B3FC3
S31502019300AC5860107B8D4D735F90C66F9E5740D9E6
S315020193102D930292F9F86664D0D660DA19CC7E7B77
S315020193200D695C693C37C2786E904206662E25DD70
S31502019330D22BE14A44441D955639740176AD354224
S315020193409BFA7CA7514AAE6D5086A3E75436268214
S31502019350DB822D8FCDFFBB09BACAF51B66DCBE03C4
S31502019360F57589070DCB586298F2899154422949BC
S31502019370E46EE3E223B4CAA0A166F0CDB0E27C0EAC
S315020193806F13F426A46B00B93530E0579E36678D0C
S31502019390283C464FD9DFC8CBF5DBEEF8BC8D1F0D55
S315020193A0A0137273AD9DAC83982EF72EBAF8F69F71
S315020193B05769EC43DD2E1E3175ABC5DE7D903A1D34
S315020193C0DC81D03E319316BA80341B85AD9F32299A
S315020193D0CB2103033C012801E3FD1BA3441B01002E
S315020193E0161EE4C5C649065435773F333064F80A7A
S315020193F046E705F3D2FCACB2A7DC56A229F4C016A5
S31502019400E8CF22C4D0C82C8DCB3AA1057B4F2B07BE
S315020194106FA5F6ECE6B6FEA3E2710AB9CC55C33CDA
S3150201942031913E904394B6E9CE37567ACB94A4B89D
S315020194304492BABAA4D17CC86875AE6B42AF1E63B8
S3150201944043AEF6AC28BDED83B47A5C7D8B7C358662
S31502019450442CEBB7694740C03F58F6C2F57BB35976
S31502019460C6BAE6C480C276B30B9B1D6DDDD30E97D9
S3150201947044F90B4558959AB023E2CD57FAACD04838
S3150201948071E6AB7DE4260FB6373A2F6297A1D1F189
S31502019490940396E97ECE0842DB3B6D339141231656
S315020194A0EF3AA633C7EA9AF14E4542445DBA7F2C9A
S315020194B041E49547A07AA85DF5B0E0A4E1513041B7
S315020194C0BE8B573DFDD12D85086128C372CE652B12
S315020194D07322CEEAF4078C6540AB38EC04F8330903
S315020194E07664498D7969ABA7C8ABB5FCDEAA218141
S315020194F07294537BEF12DCA51A35455E0647FD07CA
S31502019500CD2B8D253D3C58C83FB760AF4D9A02170A
S3150201951081376A41D6C90FFA23FBB338BA5F1E1CDB
S31502019520C3E7E89A55114230A582489429B281F2DD
S31502019530E45082372EAC138AF448BA5409FA4A0126
S315020195406C66B31B009731CBB9ECFF4B526000330B
S315020195503C23881A9911372964D34E3D368418293A
S31502019560FAAB4BDC05683C03C1EC96555EBF152C84
S315020195703B1D9BB52406C71BC50E9FA15098DE3E17
S31502019580EBB61ABCC3379DFB40A2574D5314BE021C
S31502019590F6E1A5F81534D7F48881CC0C30F4645978
S315020195A00068092D15234AE49669867059C5085C37
S315020195B06EFBAF460AB62DDF89FD56F8C1559157A6
S315020195C0EFC9E012DD4E3296970242F28D878B4643
S315020195D0BE73F5A476379A192AE9918EF1BC7F1EDC
S315020195E0A6E71708636BF1B52610353C23698C8013
S315020195F001F2CE543B984A324553484A0892C05327
S31502019600BFAFCBF18114D4D2E5746171B62D1D239E
S31502019610985CA5E256767D0BF695A42AD85C953E12
S31502019620EB951B10363DF97386446F4F7933EFFA8A
S3150201963062E5158F5F735156A10DB45890F1A37F60
S315020196409E699D0562C83FA0699E619AA1CF70235A
S31502019650EB3D822F123BFEC44E84F0A76F051B1D04
S315020196601FF66BE53146C61BA382536E10AB79D347
S315020196708D1640057EC5584DE4D84284625662561F
S31502019680F67F26F6DE99E4B943082C747BCA727713
S31502019690B1F2A4E93F15A0230650D0D5ECDFDF2CA9
S315020196A04086F31FD69C49DDA0253606C39BCD29EC
S315020196B0C33DD73D02D8E25131923B207A70254A09
S315020196C06AEDF6538A66B72AA170D11D5842423015
S315020196D06101E23A4C140040FC498E246D892157FE
S315020196E09624843C0907DD660A1A12A9426EACC7A2
S315020196F0FD6224FB3832BB55D3ACA74D66635B5979
S315020197001D927A175CDC068B940F36AAB6A5DF602A
S31502019710AB67F63C86B2876E5C9EB3B4363263198A
S31502019720ED0712766F6AF93BEBE034C54DA29FD184
S3150201973020148C68333C916F595B29CEC8FDBC69F4
S31502019740AE1B18FD17556E0BB463B92B9F6222909F
S3150201975025460632E9BC0955DA133CF674DD8E5705
S315020197604EDAD0A191505D28083EFEB5A76FAA4BED
S31502019770B39393E17C17E563FD30B0C4AF35C903FA
S315020197803D0C2B49C6767299FC05E2DFC4C2CC4771
S315020197903C3A62DD849BD2DCA2C7880259ABC23E47
S315020197A0EEB8A8CBA35135C4165F11B21D6FA265DF
S315020197B050388CAB524F0F76CAB81D413B444330E9
S315020197C034E3D6A14B095B80193F350977F13EBFD8
S315020197D02B702206CB063F42DD4578D877225A58AE
S315020197E06289D433825F8AA17F2578ECB5C49866F3
S315020197F0FF413E37A56F8EA71F98EF5089275676F0
S31502019800D68379755D346966A611AA1711EDB6621A
S315020198108F125E985718DD7DDDF626F6B8E58F685C
S31502019820E46F3C942999ACD8A29283A361F1F9B56C
S31502019830F39AC8BE13DB992674F005E43C84CF7D06
S31502019840C032474A48D6906C993256CAFD4321D551
S31502019850E1C65D91C328BEB31B1927737E683967BA
S3150201986082641657B7075129D0D277552EAB04FE1B
S31502019870AA9DBCD5A14F1020865592AE700A9B694E
S31502019880ABC74122DDA8BB4BBC2B61F176316ACA5B
S31502019890829B16E42A33BEA8719E865B7BBF0F109C
S315020198A0B420AFB76A3BF31CC61739519618D006D6
S315020198B05E59300F69E314ECDF759A451A136D741C
S315020198C0CF140820EAC5659F4017A369E1360584CE
S315020198D0ADB4C82539D10E8B1D3636E9AFDB800012
S315020198E01F97CBC9D0AAE58C294AD59FA9AA561199
S315020198F0789BAF157024F741AA490F42A8CCE81FFD
S315020199002AC80C3C8F84A172549E7C87C260C538DA
S31502019910404155CE28E20450719D4203A118240408
S315020199205FFFF3AB51EA9D89BAD8C22F67A8939B11
S315020199305CBD6EBE97CB382C5D3B269784574D1185
S31502019940476281206F4CE85893D76FE3B6B2B28D66
S31502019950854D481D56827197D7AB32864F02220832
S31502019960A3EC1B6B7CBB01B37513EBC66D3F39557B
S31502019970EBE4B69710280D91A39E479D8D54D41AF8
S31502019980CFC530EF83843DD60CCC612396B4D44C3B
S31502019990AC2684A400E590EEEB4EC1187D1DF50AB6
S315020199A09EAEFC1EA0A47BA5948A30DCEE4B9F766C
S315020199B02ECB0336EB0EF1D17812447E5ECE994060
S315020199C0E921518A4F8EC91AE02FFADB4495AE7D01
S315020199D0F90D43D60DAA2083B52F4A2C65827266EC
S315020199E055079CB93BB2E78C7A0FF5C4EDD6C5355E
S315020199F0C3509BEDD22E1E7EA14D93E8165F3036E3
S31502019A00687CB7CBBB005BD94978F1916A84BCDD2E
S31502019A10B3D928BEAE00F77C3E1FD3855C28E15C34
S31502019A20E8BDB0982D97B6315BDEA6AC0607927DEE
S31502019A309F658A90F81073E63502DFEFA6C2FA50E7
S31502019A402D79896BC2DD11A3642651DAC6B4301BA6
S31502019A50590815CF4C7BA70C0894001BDF43E41D64
S31502019A60E0E636CC7A3A798EED6E587DA3B7FAF9ED
S31502019A70E4F4E1BA92964F3A7E445FFF3EB0141C7B
S31502019A809152A814D17B6419AFD33410B26CB75773
S31502019A90FA6D9D0F44DB29639314576A583EF45EAF
S31502019AA0A6755638142078EFE8A9FDAA309F64A25C
S31502019AB0CBA8DF5C50EBD14CB3C04D1DBA5A11464F
S31502019AC0C01A0CC89DCC6DA636A4381BF45CA097AF
S31502019AD0C6D7DB95BEF3EBA7AB7D7E8DF6B8A07D2F
S31502019AE076DAB5C353190FD49B9E1121736FAC1D40
S31502019AF06059B2FE2160CC034B4B67837E885F5A65
S31502019B00113DA170CF01638FC4D00D3515B8CECFEB
S31502019B107EA4BCA4D49702F734144DE456B6693632
S31502019B20B943A6A0D328969E6420C3E600CBC3B54B
S31502019B3032EC2D7C8902539B0CC7D1D5E27AE343E1
S31502019B4033E1A6ED063F7E38C03AA199511D306731
S31502019B5011382636F8D85ABDBEE9D54FCDE6216A67
S31502019B605FE646300A17C6F12435D2002A2A715811
S31502019B7055B7828C3CBDDB6957FF95A1F1F96B584C
S31502019B80E3B29966122941EF01138D704708D37129
S31502019B90BDB08211D0325432368B1E00071B3745B7
S31502019BA00B79F85E8D08DBA6E5370961DCF07852A0
S31502019BB0B86EA161D24903AC7921E59037B0AF0EF7
S31502019BC02F044837C155059611AA0B82E6419A21FF
S31502019BD00C6D487338F7811C61C6025A67CC9A30FC
S31502019BE01DAE750F5E80405130CC6226E3FB02EC5E
S31502019BF06D3992EA1EDFEB2CB35B43C54433AE44A7
S31502019C00EE43A5BBB989F29C4271C95A9D0E76F300
S31502019C10AA60934FC6E5821D8F67947F1B22D56288
S31502019C20BCE79A084585E20A064D7F1CCFDE8D38D0
S31502019C30B811480A5115AC38E48C9271F68BB20E02
S31502019C407227F400F3EA1F67AA418C2A2AEB728F64
S31502019C5092323797D77FA129A687B532ADC6EF1DB6
S31502019C60A79551EF1ABE5BAFED157B9177128C1456
S31502019C702EDAE57AFBF791296728DDF81B207D4666
S31502019C806B2EBDF772EE06794EBF9A10D670D205CB
S31502019C90A4A841B945FE5C8D8742971C6718C24448
S31502019CA018C36B29569D5F74652E15D8D4803599D4
S31502019CB0CEE939583FB1E5B0C02139D4282BFC5140
S31502019CC08CA9E29517D18F1B91626B2BE15E4E1C1B
S31502019CD072B5247410E7305BC64A4F4CE89D6B6E31
S31502019CE058EB98D135A5BEB1E31B3E866836B01C4A
S31502019CF0BC3B19914AD70F5869BC0024B59AE97140
S31502019D00BF5769CAF5115EFCAA5787E4E85D73BBC2
S31502019D10AD51F3540227E8759120BF40F85F6C1EDE
S31502019D200D21DE80A05666B15531453113097545BF
S31502019D301BF0FBB9F22E8B260705C68A0E23567730
S31502019D4051E11D4BCE5FF2DF25401CE1C7C041D870
S31502019D50879C7454C8B35425F90D8E905924292D24
S31502019D6088B00CF8105F7C6B5121E456DC546B739E
S31502019D70C499EFC6A520B6C2426FA0C32C804C5F20
S31502019D80DA52077DF1C8659B00E87EC738E31C8875
S31502019D90E3F9625BF014B5C3480DC1BED55DED664C
S31502019DA087B210DC35FB6D799DF27F5CCD6B17278F
S31502019DB00549B2C7E8433D7F7642C591A1F5040341
S31502019DC0EBE4377F6BE054CDCA6CE9F5875FC18C52
S31502019DD0CE7D59D3B08B24B80C407460A0FF6A249F
S31502019DE02153E4FB688ED8373250D7C048750986AD
S31502019DF0350D4A89EF139B4E25D35357AC3CA82503
S31502019E00610D35154BDD4627B72195EEC8CB3FD0FF
S31502019E10CA7286135A366EE8E2897D7E7F980E51A2
S31502019E207C07478E637D5ACB59C0A1206153B78DFA
S31502019E30CCFDED8B4D1E9E549D173B50B753010829
S31502019E40E3D33E0A939DA6DD22A760CDF16E383D8E
S31502019E50E64EAABD58AD17C82A37E74F558DBE2320
S31502019E609B4E785AE5DC44134A0B0E4F3D4D6C9BD3
S31502019E70D27BBE39B8255866E9FE8AFF91EEA874EF
S31502019E805F4FDC2790B7DAED65CEDB7FA17654B65C
S31502019E90CDB12A5804DE6E79D05670E7DBBCA356E3
S31502019EA05A325ED0876BB213A82135B7384D68771F
S31502019EB067628D49DE7F5C74B6009198D114E96BB5
S31502019EC0AD4FEF749A91FE95A208A3F6EC7B823A06
S31502019ED0017BA409D3014E9697C7A35B4F3CC4717C
S31502019EE0A9E77A56BDF41EBCBD9844D6B24C623F70
S31502019EF0C84E1F2CD26410E4014038BAA5C5F92E0A
S31502019F00CD749EFAF66DFDB67A26AFE4BC7882F17F
S31502019F100E99EFF1D0B3558293F2C590A38C755A7F
S31502019F20952446D91027B7A203507DD5D2C6A83AA1
S31502019F30CA87B4A0BF00D4E3EC72EBB344E2BA2DF4
S31502019F4094DC611D8B91E08C6630819A4636ED8DEB
S31502019F50D3AAE8AF29A8E6D43FD439F62780730AF3
S31502019F60CCE1FF572F4A0F98439883E10D0D670005
S31502019F70FD15FB494A3F5C109CA6265163CA9826E9
S31502019F8044C597464B5DA7C7BFFF0FDF48F8FD15CE
S31502019F905A7846AAEBB9682814F7525B10D7685A61
S31502019FA0F30E763E5842C7B590B90AEEB952DC7540
S31502019FB03F922B07C22714BFF0D9F06F2D0B4273C4
S31502019FC0061E859ECBF62CAFC43822C61339598F8D
S31502019FD073F3FB9996B88ADA9EBC34EA2F63B53DD0
S31502019FE02BD745808501846951062FCFA2FA224CCF
S31502019FF0C62D226B65361A94DEDA6203C8EB5E5A07
S3150201A000EDB1CCCF24460EB695035CBD92C2DB59A7
S3150201A010C98104DC1D9DA03140D9565DEACE733F4C
S3150201A020C68D4E0AD1BFA7B739B3C9447E0057BE02
S3150201A030FAAE57157F20C160DB1862269188052684
S3150201A0403D2B15615279EDE5D1D7DD0E7D3562499C
S3150201A050714C6BB9D0C88274BED866A919F9592E4A
S3150201A0607428B6AF36280792A504E179855ECD5FDD
S3150201A0704AA130C6AD01AD5A983F6675503D916110
S3150201A080DA31321A362DC60D70022094325847FA49
S3150201A090CE94953F5101D8025C5DC031A1C2DB3D30
S3150201A0A0EF81FB4F0AA5503FBF20F43B0935E0B1D2
S3150201A0B0D02CAAC61C8EAA9B407A23FA6198233217
S3150201A0C0D1354A00C25A73FBC307663A430FDE31E2
S3150201A0D099D528C5BF91857B0C05BBF5259ABE5539
S3150201A0E0BF3DDB33CD5A000DE235AC807CB31101A5
S3150201A0F0EBEB886F6CD69248CDFB0865B1AD0E7756
S3150201A100DD894E5EE0F95184373979BCFF0263C0BD
S3150201A1105C49A6569574225DFB0356A05C75A60999
S3150201A120B97150A081B6D3F13AFF92359A650722E9
S3150201A1300EE481782969015F4E37BA860EDDBE16B5
S3150201A140B537272C4FCCCC5E03B7CC2D0C9EB7432B
S3150201A150F33DC44EBC08E033C06675F040B8C10693
S3150201A16077F888A3C6A58876ACB6B2DE146CA902C6
S3150201A170F82A8C1B43F3C964D6EEA15455432836FB
S3150201A1805C80029B7F9EEE6940167D548A82FFCBDC
S3150201A190680943B269A8933D7269E23FCDB8B746F1
S3150201A1A0E0EB7EFE862081E93754512FE76BBA4CEC
S3150201A1B0E9FA6E518B16041DB92C98431039A15E2A
S3150201A1C0E12E70F49C5C12492DB3258B1FB72045F5
S3150201A1D07EEF1F50263019332BEBD2C897896D6556
S3150201A1E002B0D3D5E43B2B6F80C8096AD933ECAFF1
S3150201A1F0CCC4BCA8A4735F038B19624628B9C522D5
S3150201A20039893D43FEC858CB507E8D6A2ECBA08933
S3150201A2105ABEFB095395CA7906C17FCD1666620CF1
S3150201A220C6F90C12C641BB219BA5CDDE12AAB2EA22
S3150201A230348BA40A022DA7C1683B7DE8274D5D2117
S3150201A240050B5A69E50831B48BA337ADE80EB06C3C
S3150201A250817353A3EED6DA5E2432DCB6D402263FEC
S3150201A2609CF1CA5BB647B2C852C6B2B1C39D774921
S3150201A270E2E2ECD5BB80A18939E0C8CEA398F013FE
S3150201A2804BC55ECEF90FDC9A0D132F8C6B2A9C03FC
S3150201A2901595F8F0C70780026BB304AC1483967860
S3150201A2A014BB9627A257AAF321DA079BB7BA3A88B3
S3150201A2B01C39A03118E24BE5F90532D838FBE75EC5
S3150201A2C08E6A4441CBFD8D53F9374943A9FDACA5AD
S3150201A2D0788C3C268D90AF46090DCA9B3C63D061B2
S3150201A2E09128F934F8D2C66E583B6F20425108FCC8
S3150201A2F01AA069C48AB07CA915EEE46064659F2739
S3150201A300B0F51270B668C01A4AB1F5A9261EFA3618
S3150201A31072CE5A161519BE3B6B06B4B587EF5606B1
S3150201A3204B8354CB40140E0EBDFA2F0353EA5AD473
S3150201A3306CBE629EAEA351C0AD580B518BFB0E563D
S3150201A3406625DBFF35497463BB680B78896BBDC52E
S3150201A35003EC3E5580321B6FF5D7AE47D85F966E3A
S3150201A360DF73FCF8BC28A3ADFC37F0A65D6984EE69
S3150201A37009A9C238DBB47F63DC7B06F82DAC235B0B
S3150201A3807B5280EE53B9D29A8D6DDEFAAA198FE805
S3150201A390CF820E150417710EDCDE95DDB9BBB979D4
S3150201A3A0930A2359758AFB185DF4E660698F161DB7
S3150201A3B0B53CA91445A9853AFDD0AC053708DC3868
S3150201A3C0DE6FE66DA5DF45C83A48402C00A552E18D
S3150201A3D032F6B4C763E1D2E9651BBCDC2E45F43023
S3150201A3E0409775C582276D85CCBE9CF9694513FADE
S3150201A3F0714EEAC073FC448869243F591A9A2D6347
S3150201A400FB93E587F5626CB1713E5DCADEED994952
S3150201A4106D3ECC14E0C191B4A8DBA8894711F508B9
S3150201A420226206630EFB04333FBAAC87890635FB0B
S3150201A430A361108C772419BD208683D143AD583090
S3150201A440D06376E5FD0F3C3210A62EA238DFC30596
S3150201A4509A4F99ACBD8AC7BD99DCE3EFA49F5426F6
S3150201A460674086DE62D4D46B880414868E6E151616
S3150201A470F5F418FD7CE0EFFCDCA0AFB6DE4CAB2AAE
S3150201A480A750BBFE5F8D86690C64CE546B3E74F099
S3150201A490D49F9FBB8B095A81838C0C628658E01626
S3150201A4A05A688AEA12B05FB271B96070B3CDA06E12
S3150201A4B0EADE16F189D394F20BE06FDA2B161D123E
S3150201A4C0898FCE87D7388B738DA87941E25826B604
S3150201A4D06D3151F19C8C7330C97572727F8C124940
S3150201A4E0B99653F717BCDB044667F8D2D7A2E669D9
S3150201A4F0C6AB3EF5999D40C6D2252E33F6756160EF
S3150201A500DDE740F50E372140A5D0F1A1F5D61009B8
S3150201A51007B8065BCDAA344635F2446935E6396A8F
S3150201A520E7F390DF4056CD96EA25FADB0E763A6CD2
S3150201A530C43CE35909EFF324582E0D537E9E8842FB
S3150201A5409D9E04745796A11D2B35FE98A16ECDFBD7
S3150201A550A63652CC50CDCBB1E246983F3DC85E1FDE
S3150201A56075CB8C32C323FB8EE96E87DD07A242AF20
S3150201A57096E7FA5DDCDAFB20519FBF066B241E24A7
S3150201A580FE18DC558CE2640ADDEB9933999EDFE312
S3150201A59052E6E2702343AC790ECCE43AC37FFF352F
S3150201A5A0A9F7D82DA5A6139CBFCAFD3E8C1FBB2DAC
S3150201A5B0B5F7085E40321E96E5C9E6BB21A1C84839
S3150201A5C0456464597C5A41FC15B628C1D7B224D2D6
S3150201A5D012B9FB05C9C93560AB9F427412A9D742AC
S3150201A5E09466535F8942D2D22C9B9342C5A233CA47
S3150201A5F05CB9DDC7A6AD6F985D2D712F042C155A76
S3150201A60021693437B73C84394794C83807FB47A7D1
S3150201A6107E3045A231808DCB68F0826D8E0F8167C7
S3150201A620B47D28D2BC8FEB3E933EA001A3D3C77261
S3150201A6305A2698BD8CE8735403B4215951AA24733E
S3150201A640A137DE6290AAC584E1961D0D00A51D42C1
S3150201A650D942926A30868278DA100D694A465E3CA0
S3150201A6606107B15A47D87EE54637D16F205E4371FD
S3150201A670325602CD4E822F347B1E79A81E28164BE6
S3150201A6808133810BD501C1D12868EE76110FE6DE41
S3150201A69009643F389388B60C4A48FFF665C583615B
S3150201A6A0D6F96B1E465A1D7481A57777FCB305232D
S3150201A6B0D9D37464A27455D4FFE00164DCE126198E
S3150201A6C06E663FAF498546DBA50E4AF104CF7FD7B9
S3150201A6D0470CBAA4F73FF23D853CCE32E1DF103A90
S3150201A6E0A0CE17EA8A4E7FE0FDC11F3A4615D52F45
S3150201A6F0F1C0F231FD225317155D1E861DD0A11F31
S3150201A7003298597D945580CC2055F137DA56461E3A
S3150201A7102093054E74F7F69933CF756ABC63357784
S3150201A720AB94DFD100ACDC38E90D08D1DD2B712EFB
S3150201A73062E2D5FD3EE9137FE5019AEE18EDFC735F
S3150201A740B39C136308E9B106CD3EA0C567DA93A4AB
S3150201A750328963ADC8CE778D444F861B706B421F1B
S3150201A760011C91414C26C9EF252CA217B8B7A3F1BA
S3150201A77047140FF36BDA755890B0311D27F51A4E4F
S3150201A7805225A191C8357EF1769C5E5753816BB7EE
S3150201A7903E729B0D6F4083FA38E4A73F1BBB760BD3
S3150201A7A09B93927FF9C1B8086EAB44D4CB7167BE55
S3150201A7B01780BB996364E52255A972B71ED66D7BD4
S3150201A7C0923DF350E8C1ADB7CFD58C604FFA987977
S3150201A7D0DB5BFC8DBD2D96AD4F2F1DAFCE9B3E7023
S3150201A7E0C7D201ABF9AB3057183B1440DC76FB16E6
S3150201A7F081B2CBA065BE6C86FE6AFF9B659BFA534E
S3150201A80055548894E9C8146CE5D4AE65665D3A84FC
S3150201A810F15AD6BC3EB71B18501FC6C4E5938D39F3
S3150201A8205F131799427D8483D7037D561F911BAD12
S3150201A830D1AA77BED948777E4AAF512E2EB4585443
S3150201A84001C391B660D541701EE7D7AD3F1B208586
S3150201A8508555331163E1C216B12808013D5EA52A69
S3150201A8604F44070CE69251ED101D42742D4EC5421E
S3150201A87064C8B5FD824C2B356486768A4A00E91393
S3150201A880FF2B036C55B5B5CB3A7A2929B79171DFFE
S3150201A890BB81EDAD2673FFC1F503BE68BBE8AD71A1
S3150201A8A07C466B80C584621E7B605DE77B99F6C53B
S3150201A8B062D278B358D9678B708BCD816AD6883DBF
S3150201A8C089D74E20937A768B2AAEA09FCBCA2F7652
S3150201A8D08748CE6DCCEB1F77B35FF08F15623034AC
S3150201A8E0FD7C84D6CAFA66BD481DC8A0BE6C3A6014
S3150201A8F042DEAE06910CA9C5B5C02CD2A23B5E7250
S3150201A9004AC4FE01C7A00BE8940FD515CC1807D788
S3150201A9105B3BCF283BA2D9696ACAB5B2200E785DE4
S3150201A920A9493220C9E96167EACD0C2272B882DAF5
S3150201A930BB785808CC5840ED331A40F9E043BB7B4B
S3150201A94049BFF5E1A7A15DE0926073D46D7D45260D
S3150201A950F632CC7377B0DC77CD5FDD9C96945D0AD7
S3150201A960B4317B2A0719E2FC168057AA75DC7A4DA7
S3150201A97024934787A676C20EEB4BDA1F5D9D6D6D5A
S3150201A9808381B0E98AA5B1228B385CC171D095FD6C
S3150201A99017050A85762381A95E337FBBBA4C383304
S3150201A9A0B4CAE81A7368C9F6C5924FCB1E74205E03
S3150201A9B03EBCCD8CE53BA52DF70D9769A2FEDD2D9B
S3150201A9C0A842B33D31CEAEBEEEB72D845B63A3CBB7
S3150201A9D0EF137F8120668CE8C6D5764EAA38941B82
S3150201A9E01A036F167E77508A28A3B70FF1397B06B1
S3150201A9F076BD0F01A6C92519050974CC75B5F96D80
S3150201AA000F0302A97FB0A8AE43D163F46A768CF82C
S3150201AA10607A783C6683B015A8A4678214B1EA0805
S3150201AA20ACD002D09B40C1BDA6D9CCB54502666663
S3150201AA30EC85DEFAC47D31820DDFD76A4B93FE02C5
S3150201AA4074EAB7CF00F15CEFAC42CBA1337689222F
S3150201AA50E285F2CE540CCED4556A148A048C403067
S3150201AA6076FFB73E19FC513963482F704C1BF885A6
S3150201AA70D50EA6C98FA3276C9027748BCB65B240DE
S3150201AA80A47B8F4AF439EDE64D78B9F4B45A801EA7
S3150201AA90E0F6D057902FFDE6D8398E3B2EEB604A71
S3150201AAA0FE44535D236266864968B9713FE9740DB6
S3150201AAB0903228F6D4BEFA6DF370F9C59E242D3B69
S3150201AAC0DBCE2F8345889D7363F86BAEC9D638FA00
S3150201AAD0F7FE4FB7CA0DBC325EE4BC14887E93738F
S3150201AAE07F873B19C9002EBB6B50DCE090A8E3ECD3
S3150201AAF09F64DE36C0B7F3EC1A9EDE980804465F01
S3150201AB008DF47B29167103B93468F0D4223BD1A99D
S3150201AB10C6BD9646571597E135E8D591E8A4F82CB6
S3150201AB20670F110787FD936D49B5387CD3094CDD53
S3150201AB30866A73C24C6AB17C092A25586EBD4920C0
S3150201AB40A26BD0177E48B52C6B1950391C38D2240A
S3150201AB50308A9785819C65D7F6A4D691287F6F7A2C
S3150201AB6049EF9A6A8DFD097D0BB93D5BBE60EEF038
S3150201AB70D4BF9E512CB5214C1D9445C5DFAA116047
S3150201AB80A279913FD2392746CFDDD697311283FF7B
S3150201AB908A14F253B5DE0713DA4D5F7B6837220D4D
S3150201ABA0CA24517E1631FF09DF45C7D98B15E40B3D
S3150201ABB0E556F57E227D2B2938D1B6AF41E2A43A7C
S3150201ABC0F505332ABF38C12CC326E9A28F3F58485F
S3150201ABD0EBD24955A2B13A086CA387466EAAFC325A
S3150201ABE064B084AB5CFB852D14BCF389D210784921
S3150201ABF00CCE157B44DC6A477BFD44F876A32B1207
S3150201AC00DDA253DD281B34543FFC42DF5B9017AAB9
S3150201AC10F4F8D24DD992F50F7DD38CE00F62031D64
S3150201AC2054E5B4A2CD3202C27F185D1142FDD09E17
S3150201AC30D979D47DBEB4AB2E4CEC682BF50BC70289
S3150201AC404F32C75C5A568F5022A906E5C0C461D05D
S3150201AC5019AC455CDBAB18FB4A318003C109686C50
S3150201AC60B9AECEC9F15666D76A65E518F8155B1C09
S3150201AC7034234C843228E7263868192F776F343A01
S3150201AC80C86ADAE21251D5D2ED51E8B13103BDE912
S3150201AC906272C68EDD460796D0C5F76E9F1B910579
S3150201ACA02DFF37B656D7DCE9C4F087C98F344CEC91
S3150201ACB0B7C7FBF38592D5CE87EAE19347350533CC
S3150201ACC0949FFEC58089C101C8D56F71696765CD3B
S3150201ACD086A095D1C34560818279CC66327F2B6E7F
S3150201ACE08F56C3F7682480CCB34C971982BAE99D73
S3150201ACF06013B8B59C22B7AB62BABE6F7A01E24461
S3150201AD0074B7DA5443A7C2C41A03AF4E3C4C5D8EE4
S3150201AD10178F8342D2236CB7EAE4DC688F099A74EF
S3150201AD20CD6ECAB6F32CF887C2A0F4183E890F5825
S3150201AD3057E50426073089051D9CD156C26AAB6CBC
S3150201AD4060DEC12CA0E0DFDC5B57C551FF6526033F
S3150201AD50EBBE3A07F1320C2C06867BCD1420886AAB
S3150201AD60B57F74A4FE922AA589ABA51F49A412DC5C
S3150201AD70CEA447B84BA92DD84ECC1295CEED774D20
S3150201AD806EEB4FAF7CD111D1A3A43AB342BA0B05F4
S3150201AD90306CB4EE3C4C5117757DC21B8BDBBE5435
S3150201ADA09C18E27745E1C87745C499FF6A6FE4A327
S3150201ADB04353336DC8DF4431A916427C9E55963AF8
S3150201ADC0EED22AF4370D5512F5FBA19804E0788BE1
S3150201ADD0B24C89338207535D0C8D493E4E4EC802F1
S3150201ADE052AABA80688993440E9485F2C4AF984CEC
S3150201ADF0B64854A49BA74AEF7FAE7AA510C57852EE
S3150201AE00940B4C2974D04DA5B6FF18DFB8465DF5F3
S3150201AE106683AE8DC5EC6FF065D190816657865813
S3150201AE205C1E904FA4FE1F0C82B78421B76F0B2BB9
S3150201AE3088DB140191FF87E542A18547360F133757
S3150201AE409F35580D5C5015126BC428FCC713202A76
S3150201AE504E66EA89AFA1A0241F0E13A138B600449B
S3150201AE60C319ED9664B7013A307232EDB00AE03198
S3150201AE70B115CA8357880A52C7BECC5A87B9AA06E0
S3150201AE80BB0EDFF5839933C1AC4C2C518F75F3C0E0
S3150201AE90E198B30B0A13F12C620C27AAF9EC3C6B6D
S3150201AEA0EFEA2E51F3AC495349CBC11CD341C12020
S3150201AEB08D689AA9070C1824172D4BC6D1F95E5530
S3150201AEC008BD733BBA70A7360CBFAFA308EF4A623F
S3150201AED0F24609B498FF37579D748133E14D5F6796
S3150201AEE0803AC1B646507575B943ECA0012F55CCCF
S3150201AEF049084A85514B8FBF65C08C9AEC5BD436A3
S3150201AF00BF75249F8CCD78E804F7281611AB3E7DD8
S3150201AF10FADFD5C4CCED781D03684B3A7BB1E65115
S3150201AF202E6C55863F70586FBCCEF83B78933B66C4
S3150201AF3073AA32FD3C51FA8BDD939B698EA3E452CF
S3150201AF40FC82176B03522C0EB483AD6C816C816447
S3150201AF503E076469D9BDDCD020C56401F79DD913CA
S3150201AF601DB3DA3BD9F62FA1FE2D659D0FD8250714
S3150201AF708794BE9AF34F9C01433CCD82B850F4604C
S3150201AF80CAC0E521C35E4B01A2BF19D7C969CB4F1E
S3150201AF90A0230075181C5F4E80ACED559EDE061C83
S3150201AFA07CF5C9824D6394B236459324E1FDCB1FEC
S3150201AFB05ADB8C41B34D9C9EFC194445D9F34000A2
S3150201AFC0ADBBDD89FBA8BEF1CBAEAE61BC2CCB3BE2
S3150201AFD09D8D9B1FBBA7588F86A61251DA7E5421DF
S3150201AFE0D38659FD39E9FDDE0C380A51892C27F43D
S3150201AFF0B91931BB07A42BB7F44D254A330A556358
S3150201B000EE8A94084D86F4B06F1CBA91EE19DC07EC
S3150201B01058A1ACA6AECD7579BBD4624213610B338E
S3150201B0207242CBF993BC68C198DBCEC71F71B8AE29
S3150201B0307A8DAC34AA520E7FBB557D7E09C1CE41B3
S3150201B0408A806DA2D71996F76D159E1D9ED41FBBD8
S3150201B05027DFA1DB6CC3D7737D77281FD94CB426B2
S3150201B0606BE0B54B7E144F954EBFA8CA49F667648D
S3150201B070A07045F0079213BF0151CE547B37157E5E
S3150201B080B411B6083520C922BE382D4CE4B0049459
S3150201B090B5D96F46594C349F716966826F777B18B1
S3150201B0A0BD7EA5D4A50458F48C37DBBB8679FFE4B3
S3150201B0B0242E860812339E92D84353E08A78867AE2
S3150201B0C0D8A63A3935900A30CDB12BA13111502B80
S3150201B0D022C293F077F61F7BAD2BB8CAF8C109439A
S3150201B0E0375F28B02D8444AFDFC8EF4790185387E6
S3150201B0F09A9720F891E0749579556169608D370EBA
S3150201B100555A07837191FAD9DC9F006BD25ADB4BF0
S3150201B1100EEF3DD62CAD29787738FD7549C58F07D7
S3150201B1202D8F872814BDDF87A121941EDD36461394
S3150201B130A341732551C9174FB86C29AD4B8DF95DE2
S3150201B1408AA933B85B4B00E230334C2DEC5D774470
S3150201B15013E9AC7E0644A23AA9008ED5E33026272E
S3150201B160540BC9ECD08F67F3993504129B4501F054
S3150201B1709BB85837BC5F7226AE19A773AAE425435A
S3150201B180A03918203FE1D4BF61F13D3EE2FFEFAEA7
S3150201B190E31F5D6BF0045BB6C0FB622BFB85E052DD
S3150201B1A01AED929EF8435D18C61947FEEA1E4AB089
S3150201B1B04F3FF0A688BE9F49DD9B853C2F0D8B5DD7
S3150201B1C0BAF24CA5EA794012E7261B00EB6524D7B1
S3150201B1D0FDF77AC9FDBC436802CDEA552BB42405B5
S3150201B1E0DB5353D746B38BCB221E51AE4BB2FCFC7B
S3150201B1F0EFE60AD5408DA4CB5DCBF7F4E5BAE3269B
S3150201B20012FE458DDE3CDA84D2E244E418C242BD26
S3150201B21098357E1F789651A8B2E216563FC94276F4
S3150201B220E4F89545A7DA2323B4BE7A858B8C68DECA
S3150201B2306E32591C968EC43FBAB8C915CA732E0B03
S3150201B24056C8D3BFDE84ACCB44F25FB348C32416DF
S3150201B25007AD9C5DCA8DF8B7E8EBC2A24D570E3B0E
S3150201B260843031A59125021D720827D6AE4A2DCA10
S3150201B27020FD0B2F852BA18648A77DAD39C4E65645
S3150201B280E6BABD4249FF04C7791FDEB2E2AD215ECD
S3150201B290D8FA5256F3B35DE9C1EB088F37B52208E6
S3150201B2A07574388F4748F0513CCBBE9CF4BC5DB2F5
S3150201B2B055209FD94412AB9AD6A5101C6C9E702CB0
S3150201B2C08303736293F2B7E12C8ACAEBFF79524B7D
S3150201B2D01413D4BF8A77FCDA0F61729C1410EB7DCA
S3150201B2E07AEE66876AAF62CB0ECD535504ECCB6616
S3150201B2F0B5E40B0F38018058EAE22CF69F8EE60878
S3150201B300AD30C14B0A50AD349CD40B3D49DB388D6F
S3150201B310BE890A50983D5CA2093BBAEE873F1F2FB0
S3150201B320F9F2B80AD5092D2FDF2359C58D21B9ACFA
S3150201B330B96C767326348F4AF519F738D73BB14C77
S3150201B3404AB615E5758C84F738904ADBBA0195A59C
S3150201B350501B753F3F310DC2E82EAEC053E3A11912
S3150201B360C305FABA60751C7D615EE5C6A0A0E1B3AC
S3150201B3707364D6C0189752E386340CC2116B5441DA
S3150201B380BDBD96D5CD7221B440FCEE984345E093FE
S3150201B390B50941B44753B19F34AE660299D36B7373
S3150201B3A0B4B33493502D5385736581604B11FD46B9
S3150201B3B075835C42305F5FCC5CAB7FB8A29522415C
S3150201B3C0E9D67EF5889BC91925C8F86D26CB935314
S3150201B3D073D20AB31332EE5C342E2DB5EB53E1145C
S3150201B3E0C6EA93E26152652EDBAC332103925A849B
S3150201B3F06B990079CB75094680DD5A198DBB6007B9
S3150201B4008A81E6CD171A3E4184A069EDA96D1557C9
S3150201B410B1CCCA468F26BF2CF2C53AC39BBE346B4A
S3150201B4200F3AD4A05E27BF67BEEE9B08348EE6AD07
S3150201B4302EE779D44C1389425454BA32C3F9620FB6
S3150201B440E121B3E3D0E40462951EFF287A63AA3BA5
S3150201B4509EBD995BFDCF0C0B71D0C8643EDC224DBB
S3150201B460395F3BD68965B4FC61CFCB573F6AAE5C87
S3150201B47005FA3A95D2C2BAFE361437361AA00F1C0D
S3150201B48092D67CBC497454E7DF3DF7E6AABE9A0F11
S3150201B490297E8300A71CF04A83C11B3F5D1BAB6358
S3150201B4A0AE3FC554E8E51EC1F43F4F2BC1060B6AF8
S3150201B4B0727AB6E0800F5433EFE307CDC38FF115ED
S3150201B4C08CF428B0630775325F066A554007020697
S3150201B4D0585B49C312D83BD58D505F869B6C700869
S3150201B4E0CC58CC38F290B62172FBCC1E99F742FCAD
S3150201B4F05F97CF3771ED6960742D6A82B26FEA2563
S3150201B500677062FD2400BFA05A40C0BC5E0F615045
S3150201B510DADD96EF262891F9BF0C70A5ED3BC476CC
S3150201B52002A66CE1E849BAC29C15DB0AF8613C82C3
S3150201B53059121E8C1641B2921371BFC277E53F743E
S3150201B540FF3D343DABA27CF317C6AB802D6A8C1A44
S3150201B550CAFFCCD435E0498EB9D1A1BAEE6BB44853
S3150201B5604612B438411B99CC6BC29A6F529C3B244A
S3150201B570BDABCBB74D49EFB900ED82D03D43BA5FC2
S3150201B580D01A94C955E3499C848F4974DE4A73B92A
S3150201B5905C3E6666D0FEC341B310E7E8F8EDCF0E16
S3150201B5A074E2550D4D409784532BADC4D963666C35
S3150201B5B03457A9ADD9B02FEC3CF7B8CD20E1172607
S3150201B5C0F67D77DABF2DD83B9E36980BCC77B171D3
S3150201B5D099360C8563840E1DF1D1E2485B94715A4A
S3150201B5E0424B5B40D53D206F0945B21004C67E32FF
S3150201B5F046882AAC3072349C6AEBFF11FC29DE774D
S3150201B600744CE23FB2EFB97E01BE51169FF4503E31
S3150201B610EA8D8521DC32A73EF910B85BD77B371755
S3150201B620F6F90E63712E3028E0CE642B03A2D4C242
S3150201B630BE92624B3020080918DF2AA87A74CA5FC3
S3150201B640A58E255CC3032A23F10CCB6B2C3AF28619
S3150201B6506621442E0D8DAD3D2B8676AB3C93A80417
S3150201B660CC1359F1ED3C2BA389BDF06F75BCB3CC5C
S3150201B670635F17BCB7D632340232859B92BA1E0E6D
S3150201B6809563942C6D7EC47E310236A3E74CBAFFD4
S3150201B690D10FBAC50757214A8743F3E61759C6267A
S3150201B6A0E2BE87DD1B5643F0E8DADAB1D27DF12C30
S3150201B6B0D495617349CBE11D2C085C1E4B82393945
S3150201B6C0FF3D9422B604C6D2A0B3CF44CEBE8CBCF3
S3150201B6D078868097F34F255DBFA61C3B4F61A30F6A
S3150201B6E0506A938C0E2B0869B6C5DAC135A0C9F921
S3150201B6F034B6DFC4543EB76F40C12B1D9B41054092
S3150201B700F082BEB9BDFE03A090AC443AAFC1892016
S3150201B7108EFA5419919F49F842AB40EF8A21BA1F1A
S3150201B7203EF5C8FA489454AB4137A67B9AE8F681AE
S3150201B730015E2B6C7D6CFD74426EC8A8CA3A2E3925
S3150201B74094017B3E04573E4F7FAFDA08EE3E1DA8B9
S3150201B750F1DEDC99ABC639C8D56177FF135D536C4F
S3150201B760AF358A3EE934BD4C16E887584481072E27
S3150201B770ABB09AF2769C31193BC10AD5E47FE12539
S3150201B780D554EBB3788373A77C3C55A566D3691D63
S3150201B790BA0028F962CF260A17327E80D512AB018A
S3150201B7A0FD66D2F6E791489C1B7807039BA14407E5
S3150201B7B03BE261601D8F38880ED54B35A3A63E123A
S3150201B7C0962DE34190188D11485831D8C2E3EDB94F
S3150201B7D0D94532D87142AB1E54A118C9E261394A20
S3150201B7E09763AA04E1BF2961CBFCA7A40800968F3F
S3150201B7F05894907D89C08B3FA991B2DC3EA49F707B
S3150201B800902702FDEBCB2A88605711C40533AF8915
S3150201B810F473347DE392F4652B5A5154DFC5B22C8D
S3150201B820CA2AFD638C5D0AEBFF4E692E66C12BD2D5
S3150201B8303AB0CBF86EF323271F13C8F0EC29F07048
S3150201B8402E34C549AF92BC1AD0FAE6B211D8EEFF30
S3150201B850294EC8FC8D8CA2EF43C54CA418DFB51145
S3150201B860FC75A9428ABB7BBF58A3AD9677395C8C1E
S3150201B87048AAEDCD6FC77FE2A620BCF6D75F731942
S3150201B8806642C842D090ABE37E54197F0F8E84EB99
S3150201B890B997A465D0A103255F89DF911191EF0FB5
S3150201B8A0B96E1CABA17C50B1B387B6163E8F44BDAF
S3150201B8B0AB917A2C7FFB5534C1DE2A2F9E227975F4
S3150201B8C0B7161C5BB8DCB56AA5277B3CE8FCC094BD
S3150201B8D0BE1755731A1CB1A4AAAF0EBAD038924933
S3150201B8E0578BBA7A526EF4EC7B64D18B478CA015D6
S3150201B8F0EF6F705FA6C6F17AD5303AF078FA4563F2
S3150201B900A1E715105FF902DF6302B4A91DC40E791E
S3150201B9100711EA33A10E3A4DC9F83AE3E70BF75498
S3150201B920A4F0D8BDE9CBD393027317FD1B2C15DB0B
S3150201B93075A8177F6DDCBD7DFE6E428FCC711A3EF6
S3150201B94062BDBA90E3A33CC833C8910267E3ED80B6
S3150201B950C40079D3CC3880C8A11FC31E23C05F2C73
S3150201B9604F8B03171791BAFE81EFDEC9213712E514
S3150201B97034880D5DE7E4971CC63BDC237AAEAF68DB
S3150201B980656E4502D1E422C4917BD4CAC14A41877C
S3150201B990DDFFB6A2BBE292150F10C2F5BFD2D97571
S3150201B9A01CE8263676B4D95BDD2EA0BC36699689AB
S3150201B9B0B377F0613D19410A7154CE0042A2973024
S3150201B9C04CB8F8C734774257E970B2013EA141F14A
S3150201B9D0A664E5B4FEADD10248BD83CE923DB24B1B
S3150201B9E086C4956624E762A10796A83534631D13BA
S3150201B9F0372AD1A06115523063B3AFA6AD4B70564B
S3150201BA00B912F952A74A6CAFC87067D86C5F665E05
S3150201BA1058CDC8A383AC354C7E8AA510C0297A2B92
S3150201BA20026C992799F4D19D52174DE058B0B30C87
S3150201BA303E2CD07F96887E1FB13E8BCB6842962FD5
S3150201BA40DA2A8F21A05BA97BCAB90F338722F4CFE9
S3150201BA5007D9C6566D49DADA54EEBEF496C2805358
S3150201BA600A8D896604274F9D7A3FFF0A9987093D08
S3150201BA7045BADA6762F39ED09C661C7B5E456177A6
S3150201BA8039B4447E09FE6812D77D085783A84FE36D
S3150201BA903C9BAD315795CB3498EE8D7CC068906C4A
S3150201BAA09161CE4D015C68D5FC9D1F498A52E469BC
S3150201BAB0DF060C82292189C6AADA7EFC8F5BF8137E
S3150201BAC068F556D9BA6C590047DAB1600A1917C333
S3150201BAD0CD50DC87C70B768979FAA2C1A45EA33160
S3150201BAE045995CA2494C8D1782F76AE4D1C4616C0F
S3150201BAF0E35E09B84AE88078AB983D52CC93BE130F
S3150201BB00C4D8D9C178B39D0EB133B3B2263636B88D
S3150201BB108F236E67EB28D7BEBDC1BC8E08B5C9158A
S3150201BB20AF66893EDB3EDF135F2EE3C27628B49C05
S3150201BB30E7A1EE42C0FD12CE3CF0C148622FC146DA
S3150201BB406BC0E6272AFF0189B184BDF02AA63E060B
S3150201BB50E5A99BFE965D22AF0C937B132733B37C3B
S3150201BB606A0851B58FDA774F1F3AE72DEE098C6ACB
S3150201BB70163A882C22AC860436FF2436074CBB23A0
S3150201BB8075DC037A3C13EAC5BD77AB8841A1022C69
S3150201BB905BA19F2209019BC8BD8D906D474DAD4AA0
S3150201BBA040000000ACBB01020000000000000000E2
S3150201BBB0000000000080000002000000008000007A
S3150201BBC00300000000800000040000000080000065
S3150201BBD00500000000800000070000000040000090
S3150201BBE0080000000040000009000000008000007B
S3150201BBF00B000000008000000E0000000080000023
S3150201BC000F0000000008011C000100000008011CD1
S3150201BC10010100000008011C020100000008011CCC
S3150201BC2003010000000C011C040100000000011CBC
S3150201BC30050100000000011C0601000004000000CD
S3150201BC4007010000000C01170C010000000001179A
S3150201BC500E010000000001000802000000000100C0
S3150201BC6009020000000001000A02000000000100B2
S3150201BC700B020000000C011700030000000C011763
S3150201BC8001030000000C011702030000000C01175A
S3150201BC9003030000000C011704030000000C011746
S3150201BCA005030000000C011706030000000401173A
S3150201BCB00703000000040117080300000000011336
S3150201BCC0070400000000011408040000000001142A
S3150201BCD009040000000C01060A040000000C01061A
S3150201BCE00B040000000C01060C040000000C010606
S3150201BCF00D040000040000000E0400000000011300
S3150201BD0000050000000001130105000000040107FF
S3150201BD100B050000000401070C05000004000000E9
S3150201BD20000600000008011C000800000008011CB2
S3150201BD30010800000008011C020800000008011C9D
S3150201BD40030800000008011C040800000008011C89
S3150201BD5008080000040000000908000000000113A1
S3150201BD600E080000000001130F080000000C010478
S3150201BD70020A0000000C0104030A0000000C01047F
S3150201BD80040A0000000C0104050A0000000000007C
S3150201BD90060A0000000C01050E0A0000000C01054E
S3150201BDA00F0A0000000C0114010B00000204030437
S3150201BDB00404000008000000D4BE01020F000000C6
S3150201BDC0E4BD010203000000CCBD010200000068CF
S3150201BDD0000000680000008000000080000C0022C4
S3150201BDE0000C0022000000680000006800000090BC
S3150201BDF00001090D0000006800000068000000272C
S3150201BE000001020D00000068000000684000000207
S3150201BE100001010D0000008000000080000000907A
S3150201BE2000010908000000800000008000000027D0
S3150201BE3000010208000000800000008040000002AC
S3150201BE40000101080000000000000000000000904F
S3150201BE5001010905000000000000000000000027A2
S3150201BE6001000205000000002865000040000002F2
S3150201BE7001000105000000200000002000000090E2
S3150201BE800101090400000020000000200000002733
S3150201BE900100020400000020000000206865000283
S3150201BEA001000104000000220000002200000090AF
S3150201BEB00001090300000022000000220000002701
S3150201BEC00000020300000022F80B0022686500024E
S3150201BED00000010300000068000000680001000D77
S3150201BEE000000068000000680001000D00000080EB
S3150201BEF000000080000100080000008000000080B0
S3150201BF0000010008286500002865000001000005FF
S3150201BF1000000020F090002001000004F80B00222E
S3150201BF20000C002200000003301000227C330022A4
S3150201BF3000000003000000000100020008001000DA
S3150201BF4020000000030000004CBF010200060E049F
S3150201BF50070100004275696C742077697468205282
S3150201BF60656E6573617320416476616E63656420F3
S3150201BF70466C657869626C6520536F667477617287
S3150201BF8065205061636B6167652076657273696FBF
S3150201BF906E20362E352E3000362E352E300000001C
S3090201BFA00000050689
S3090201BFA4F8B500BF24
S3090201BFA8F8B500BF20
S3090201BFACCD71000248
S3090201BFB0A57100026C
S3090300A100FFFFFFFF56
S3090300A104FFFFFFFF52
S3090300A200FFFFFFFD57
S3090300A28000000000D1
S70502012A7954
