S00E0000626C696E6B792E737265638D
S3150200000000100022092C0102F52A0102052C010228
S31502000010052C0102052C0102052C0102052C010208
S31502000020000000000000000000000000052C010294
S31502000030052C010200000000052C0102052C01021C
S3150200004000000000000000000000000000000000A8
S315020000500000000000000000000000000000000098
S315020000600000000000000000000000000000000088
S315020000700000000000000000000000000000000078
S315020000800000000000000000000000000000000068
S315020000900000000000000000000000000000000058
S315020000A00000000000000000000000000000000048
S315020000B00000000000000000000000000000000038
S315020000C00000000000000000000000000000000028
S315020000D00000000000000000000000000000000018
S315020000E00000000000000000000000000000000008
S315020000F000000000000000000000000000000000F8
S3150200010000000000000000000000000000000000E7
S3150200011000000000000000000000000000000000D7
S3150200012000000000000000000000000000000000C7
S3150200013000000000000000000000000000000000B7
S31502000140D8F81C00D9F81C4000194FF0000B4BEBF5
S315020001500B0B4FEA4B0B0BEBD07B13270BFB07FB6F
S3150200016020F00047B8E80F00B9E870044FF0010C20
S31502000170ECFB640BECFB651BECFB662BECFB6A3BB6
S3150200018099E8700098E80007ECFB684BECFB695BAA
S31502000190ECFB6A6B5F44704798E8FF00B9E8001D04
S315020001A0B0EB080071EB0A0172EB0B0273EB0C0366
S315020001B099E8000F74EB080475EB090576EB0A065D
S315020001C077EB0B0768EB080828F0250910EB090006
S315020001D051EB080152EB080253EB080354EB0804F7
S315020001E055EB080556EB080657EB080758F10008C9
S315020001F028F0250910EB0900704704B587B03CCA00
S31502000200B1E80144A2FB006BA3FB007CE2FB6A7B24
S31502000210C0B4A4FB0086E3FB6A8BA5FB0097E4FB54
S315020002206A9BE5FB6AB7E2FB6E8CE3FB6E9CE4FB22
S315020002306EBCE5FB6EC7B1E80144E2FB6096E3FBE8
S3150200024060B6E4FB60C6E5FB6067CDE902894FF064
S315020002500009E2FB6AB9E3FB6AC9E4FB6A69E5FBEA
S315020002606A794FF0000AE2FB6ECAE3FB6E6AE4FBB0
S315020002706E7AE5FB6E9A51F8048B4FF0000EE2FBA4
S3150200028068E6E3FB6876E4FB6896E5FB68A651F848
S315020002901C894FF00000E2FB6870E3FB6890E4FB08
S315020002A068A0E5FB686001B40A9A10323CCA51F8AC
S315020002B0048B4FF00000E2FB68B0CDF814B0E3FB0C
S315020002C068C0E4FB68E0E5FB680751F8048B4FF071
S315020002D0000BE2FB68CBCDF818C0E3FB68EBE4FB4E
S315020002E0680BE5FB68B751F8048B4FF0000CE2FB94
S315020002F068ECCDF81CE0E3FB680CE4FB68BCE5FBAC
S3150200030068AC51F8048B4FF0000EE2FB680E0890C1
S31502000310E3FB68BEE4FB68AEE5FB686EB1E801018B
S31502000320E2FB60B9CDF824B0E3FB609AE4FB60A679
S315020003305DF804BBE5FB60B6E2FB6897E3FB68A7E2
S31502000340E4FB68B7E5FB6867B1E80101E2FB60AC74
S31502000350E3FB60BCE4FB606CE5FB607CE2FB68BE31
S31502000360E3FB686EE4FB68E7E5FB687CDDE90745CD
S3150200037026234FF00008E3FB6C484FEA480848EA98
S31502000380D47824F0004C132408FB04F807BCE3FBE2
S315020003906508E3FB6918E3FB6A284FF0260918BCD7
S315020003A0E9FB6B38E9FB664860BCE9FB6E58E9FB82
S315020003B0676808EB0C0703B000BD00B585B0A0FB6B
S315020003C0009AA0FB01BC1BEB0B0B4FF0000EEEFBE1
S315020003D06EAB2DE900064FF00008E0FB628C58EB8D
S315020003E00808E1FB618BA0FB039AE1FB629C59EBD7
S315020003F00909EEFB6E9BCDE902894FF00009E0FB8D
S31502000400649AE1FB639C59EB0909E2FB629BCDF816
S315020004101090A0FB0598E1FB649AE2FB639C59EB02
S315020004200909EEFB6E9BCDF814904FF00009E1FB33
S315020004306598E2FB649CE0FB669A59EB0909E3FBCB
S31502000440639BCDF81890A0FB0709E1FB660AE2FB65
S31502000450650CE3FB64084041EEFB6E0BE1FB67981B
S31502000460E2FB669AE3FB65C95CEB0C0CE4FB64BC3D
S31502000470E2FB6798E3FB66A90022E4FB65A25AEB5E
S315020004800A0AEEFB6ECAE3FB6728E4FB669259EBA7
S315020004900909E5FB65A90023E4FB6738E5FB66323B
S315020004A05B41EEFB6E93E5FB678258EB0808E6FBC1
S315020004B06638AEFB0E45E6FB67426441EEFB6E48CC
S315020004C05241E7FB678252EB0E024FF02606E6FB2D
S315020004D0620E4FEA4E0E4EEAD07E20F000471325FA
S315020004E00EFB05FE03BCE6FB6B0EE6FB6C1E9B4693
S315020004F0A4463CBCE6FB6A2EE6FB693EE6FB6B4E77
S31502000500E6FB6C5E40BC4FF0260CECFB686E774453
S3150200051000BD2DE9004105F0B1FFDDF80080B8F11C
S315020005200108CDF80080F6D101B00DF1040888E883
S31502000530FF0000BD08688A68CB680C694D698E6940
S31502000540CF69496870472DE9F14F9246FFF7F2FFEE
S3150200055020F0070047F08047FFB45FF000082DE95E
S3150200056004015146FFF7E6FF27F00047FFB45FF0AC
S315020005700109A8FB08AB4FF0000C2DE9001D2DE97F
S31502000580001EFFB4A8FB08672DE9C01D2DE9C01D9A
S315020005902DE9001EFE20002341091DF1A80252F892
S315020005A0211000F01F04E14001F00101CDE928010C
S315020005B05940D1F1000E4EF67C42C2F20422126874
S315020005C012F0010F40F02C80684610A94FF0040B80
S315020005D090E83C0091E8C003724002EA0E0A96EAED
S315020005E00A0672407B4003EA0E0A97EA0A077B4034
S315020005F094EA080404EA0E0A98EA0A0894EA080445
S3150200060095EA090505EA0E0A99EA0A0995EA09052B
S315020006103CC0A1E8C003BBF1010BD9D100F044B83C
S31502000620684610A9A0EE10EB90ED003F91ED005F39
S3150200063002FF546106EF506102FF562104FF564144
S3150200064080ED003F81ED005F90ED043F91ED045F88
S3150200065002FF546106EF506102FF562104FF564124
S3150200066080ED043F81ED045F90ED083F91ED085F58
S3150200067002FF546106EF506102FF562104FF564104
S3150200068080ED083F81ED085F90ED0C3F91ED0C5F28
S3150200069002FF546106EF506102FF562104FF5641E4
S315020006A080ED0C3F81ED0C5FE8460DF12009FFF766
S315020006B047FDFFB405F0E2FEFFB40DF140080DF16F
S315020006C06009FFF769FDFFB405F0D8FEFFB469467D
S315020006D010AA05F0C5FE0DF1800888E8FF000DF1AD
S315020006E04008E946FFF758FD0DF1400888E8FF008B
S315020006F0DFF878E2DDF81CC04FF0000BEEFB67CBAB
S315020007004FEA4B0B0BEBDC7B13270BFB07FB2CF0A7
S315020007100047BDE80017EEFB608BEEFB619BEEFB2C
S3150200072062ABEEFB63CB07BCEEFB640BEEFB651B19
S31502000730EEFB662B5F4401B087B42DE900176946CC
S3150200074010AA05F08DFE0DF1A00888E8FF000DF154
S31502000750C0080DF1E009FFF7F3FC8DE8FF006946DA
S3150200076008AA05F07DFE0DF1200888E8FF000DF1CC
S31502000770C0080DF1E009FFF70FFD8DE8FF0069469D
S3150200078018AA05F06DFE8DE8FF00E8460DF1200976
S31502000790FFF7D6FC05F072FE0DF1C00888E8FF00EF
S315020007A0E8460DF12009FFF7F7FC05F067FE8DE834
S315020007B0FF00694640AA05F053FE0DF1E00888E8FD
S315020007C0FF0020B0DDE92823501E7FF5E5AE4EF688
S315020007D07C42C2F20422126812F0020F00F00F806D
S315020007E0DDF8C8809DE8FF00A8E8FF000DF12009AA
S315020007F099E8FF00A8E8FF0033B0BDE8F08F08A82B
S31502000800FFC805F03BFEFFB405F038FE05F036FEE4
S31502000810FFB418A96A4605F023FE8DE8FF00694673
S3150200082008AA05F01DFE0DF1200888E8FF0005F074
S3150200083025FEFFB4694608AA05F012FE0DF120084E
S3150200084088E8FF004FF00508FFF763FE694608AA2D
S3150200085005F006FE0DF1200888E8FF005FF00A08A1
S31502000860FFF757FE694608AA05F0FAFD8DE8FF0074
S315020008705FF0140888B0FFF74CFE694608AA05F037
S31502000880EFFD08B05FF00A08FFF743FE694608AAC3
S3150200089005F0E6FD0DF1200888E8FF005FF032085A
S315020008A0FFF737FE694608AA05F0DAFD8DE8FF0074
S315020008B05FF0640888B0FFF72CFE694608AA05F0C7
S315020008C0CFFD08B05FF03208FFF723FE694608AA9B
S315020008D005F0C6FD5FF00508FFF71BFE694610AA84
S315020008E005F0BEFD8DE8FF00694618AA05F0B8FDC1
S315020008F04FEAD7784FF0130908FB09F84FF0000AC0
S3150200090008F1130810EB080851EB0A0852EB0A0823
S3150200091053EB0A0854EB0A0855EB0A0856EB0A0889
S3150200092057EB0A085AEB0A0B4FEAD87848EA4B0803
S3150200093008FB09F8DDF8289110EB0800C9F8000059
S3150200094000204141C9F8041049464241434144410D
S3150200095045414641474127F000478A60CB600C611A
S315020009604D618E61CF614BB0BDE8F08F42DB010075
S31502000970B2F1000FB0F9003018BF4FEA0103A0F838
S31502000980003070472DE9F04F40F2190EF8C9B2E86F
S31502000990001FD3FA48F3D4FA49F4D5FA4AF5D6FA3F
S315020009A04BF6D7FA4CF7F8C0BEF1010E7FF4EEAF64
S315020009B038C9B2E80007D3FA48F3D4FA49F4D5FAAB
S315020009C04AF538C0BDE8F08F2DE9F04F40F2190E16
S315020009D0F8C9B2E8001F93FA48F394FA49F495FA73
S315020009E04AF596FA4BF697FA4CF7F8C0BEF1010EA5
S315020009F07FF4EEAF38C9B2E8000793FA48F394FAE7
S31502000A0049F495FA4AF538C0BDE8F08F2DE9F04F62
S31502000A1040F2400E51F8044B52F8046B51F8045B55
S31502000A2052F8047BD3F804B053F808CB2CFB06FC2F
S31502000A3040F804CB24FB16FC40F804CB2BFB07FC46
S31502000A4040F804CB25FB17FC40F804CBBEF1010E9F
S31502000A507FF4E0AFBDE8F08F2DE9F04F40F2400E93
S31502000A6051F8044B52F8046BD0F8005053F804CBFB
S31502000A70D0F804702CFB065C40F804CB24FB167BF2
S31502000A8040F804BB51F8044B52F8046BD0F80050FE
S31502000A9053F804CBD0F804702CFB065C40F804CB68
S31502000AA024FB167B40F804BBBEF1010E7FF4D8AFDF
S31502000AB0BDE8F08F2DE9F04F46F60809C0F6015859
S31502000AC04FF2013AC6F6A83ADDF824B040F2400EDB
S31502000AD051F8044B52F8046B5BF8045B53F804CBF1
S31502000AE05BF8047B2CFB065505FB0AF515FB3895CE
S31502000AF024FB167707FB0AF717FB3897C7EA254543
S31502000B0040F8045B51F8044B52F8046B5BF8045B43
S31502000B1053F804CB5BF8047B2CFB065505FB0AF560
S31502000B2015FB389524FB167707FB0AF717FB389750
S31502000B30C7EA254540F8045BBEF1010E7FF4C8AF53
S31502000B40BDE8F08F2DE9F04F2DED088AC0F6015C65
S31502000B50B1EC0F4A00F5007E04EE10EA0BEE900AA5
S31502000B60D0F82020D0F82430D0F82840D0F82C50E5
S31502000B70D0F83060D0F83470D0F83880D0F83C9095
S31502000B8046F6080092FA03FED2FA03F394FA05FB3C
S31502000B90D4FA05F596FA07F2D6FA07F798FA09F49F
S31502000BA0D8FA09F99EFA0BF8DEFA0BFB92FA04F66A
S31502000BB0D2FA04F415EE10AA3AFB05FE3AFB15F535
S31502000BC01EFB1C0E15FB1C05C5EA2E4ED3FA4EF56E
S31502000BD093FA4EF33AFB09FE3AFB19F91EFB1C0E79
S31502000BE019FB1C09C9EA2E4ED7FA4EF997FA4EF7A7
S31502000BF098FA06F2D8FA06F616EE10AA3AFB07FE9D
S31502000C003AFB17F71EFB1C0E17FB1C07C7EA2E4EF4
S31502000C10D3FA4EF793FA4EF316EE90AA3AFB04FE77
S31502000C203AFB14F41EFB1C0E14FB1C04C4EA2E4EE3
S31502000C30DBFA0EF89BFA0EF417EE10AA3AFB09FE3F
S31502000C403AFB19F91EFB1C0E19FB1C09C9EA2E4EAA
S31502000C50D5FA4EF995FA4EF518EE10BA3BFB03FE9D
S31502000C603BFB13F31EFB1C0E13FB1C03C3EA2E43B2
S31502000C7018EE90AA19EE10BA3AFB04FE3AFB14F4E7
S31502000C801EFB1C0E14FB1C04C4EA2E443BFB05FE91
S31502000C903BFB15F51EFB1C0E15FB1C05C5EA2E4576
S31502000CA019EE90AA1AEE10BA3AFB06FE3AFB16F6AF
S31502000CB01EFB1C0E16FB1C06C6EA2E463BFB07FE57
S31502000CC03BFB17F71EFB1C0E17FB1C07C7EA2E473A
S31502000CD01AEE90AA1BEE10BA3AFB08FE3AFB18F877
S31502000CE01EFB1C0E18FB1C08C8EA2E483BFB09FE1D
S31502000CF03BFB19F91EFB1C0E19FB1C09C9EA2E49FE
S31502000D0000EE102A00EE903A01EE104A01EE905AD9
S31502000D1002EE106A02EE907A03EE108A03EE909AC1
S31502000D201BEE900AD0F80020D0F80430D0F8084024
S31502000D30D0F80C50D0F81060D0F81470D0F81880A3
S31502000D40D0F81C9046F6080092FA03FED2FA03F394
S31502000D5094FA05FBD4FA05F596FA07F2D6FA07F7DE
S31502000D6098FA09F4D8FA09F99EFA0BF8DEFA0BFB9F
S31502000D7092FA04F6D2FA04F415EE10AA3AFB05FE2C
S31502000D803AFB15F51EFB1C0E15FB1C05C5EA2E4E7D
S31502000D90D3FA4EF593FA4EF33AFB09FE3AFB19F9EA
S31502000DA01EFB1C0E19FB1C09C9EA2E4ED7FA4EF978
S31502000DB097FA4EF798FA06F2D8FA06F616EE10AA3F
S31502000DC03AFB07FE3AFB17F71EFB1C0E17FB1C0726
S31502000DD0C7EA2E4ED3FA4EF793FA4EF316EE90AAC0
S31502000DE03AFB04FE3AFB14F41EFB1C0E14FB1C0415
S31502000DF0C4EA2E4EDBFA0EF89BFA0EF417EE10AA90
S31502000E003AFB09FE3AFB19F91EFB1C0E19FB1C09DB
S31502000E10C9EA2E4ED5FA4EF995FA4EF51BEE900A10
S31502000E2010EE90BA93FA4BFED3FA4BF3C0F804E0F5
S31502000E30C0F8243011EE90BA95FA4BFED5FA4BF56E
S31502000E40C0F80CE0C0F82C5012EE90BA97FA4BFE9E
S31502000E50D7FA4BF7C0F814E0C0F8347013EE90BA24
S31502000E6099FA4BFED9FA4BF9C0F81CE0C0F83C904F
S31502000E7011EE105A94FA45FED4FA45FBC0F808E082
S31502000E80C0F828B012EE107A96FA47FED6FA47FB59
S31502000E90C0F810E0C0F830B013EE109A98FA49FE86
S31502000EA0D8FA49FBC0F818E0C0F838B010EE103A8C
S31502000EB092FA43FED2FA43FBC0F820B040F840EB68
S31502000EC014EE10EAB0EB0E0F7FF448AEA0F50070F8
S31502000ED003EE100AD0F80020D0F84030D0F8804057
S31502000EE0D0F8C050D0F80061D0F84071D0F88081B7
S31502000EF0D0F8C091B1EC060A46F608004AF6B87A6E
S31502000F00C0F2130A3AFB02FE3AFB12F21EFB1C0E59
S31502000F1012FB1C02C2EA2E423AFB03FE3AFB13F311
S31502000F201EFB1C0E13FB1C03C3EA2E433AFB04FEF4
S31502000F303AFB14F41EFB1C0E14FB1C04C4EA2E44DA
S31502000F403AFB05FE3AFB15F51EFB1C0E15FB1C05AE
S31502000F50C5EA2E453AFB06FE3AFB16F61EFB1C0EAA
S31502000F6016FB1C06C6EA2E463AFB07FE3AFB17F7A5
S31502000F701EFB1C0E17FB1C07C7EA2E473AFB08FE90
S31502000F803AFB18F81EFB1C0E18FB1C08C8EA2E4872
S31502000F903AFB09FE3AFB19F91EFB1C0E19FB1C094A
S31502000FA0C9EA2E4992FA03FED2FA03F394FA05FB32
S31502000FB0D4FA05F596FA07F2D6FA07F798FA09F47B
S31502000FC0D8FA09F99EFA0BF8DEFA0BFB92FA04F646
S31502000FD0D2FA04F410EE90AA3AFB05FE3AFB15F596
S31502000FE01EFB1C0E15FB1C05C5EA2E4ED3FA4EF54A
S31502000FF093FA4EF33AFB09FE3AFB19F91EFB1C0E55
S3150200100019FB1C09C9EA2E4ED7FA4EF997FA4EF782
S3150200101098FA06F2D8FA06F611EE90AA3AFB07FEFD
S315020010203AFB17F71EFB1C0E17FB1C07C7EA2E4ED0
S31502001030D3FA4EF793FA4EF312EE10AA3AFB04FED7
S315020010403AFB14F41EFB1C0E14FB1C04C4EA2E4EBF
S31502001050DBFA0EF89BFA0EF412EE90AA3AFB09FEA0
S315020010603AFB19F91EFB1C0E19FB1C09C9EA2E4E86
S31502001070D5FA4EF995FA4EF5F1E802AB3AFB02FEC5
S315020010803AFB12F21EFB1C0E12FB1C02C2EA2E4295
S315020010903BFB03FE3BFB13F31EFB1C0E13FB1C0365
S315020010A0C3EA2E43F1E802AB3AFB04FE3AFB14F420
S315020010B01EFB1C0E14FB1C04C4EA2E443BFB05FE5D
S315020010C03BFB15F51EFB1C0E15FB1C05C5EA2E4542
S315020010D0F1E802AB3AFB06FE3AFB16F61EFB1C0EC5
S315020010E016FB1C06C6EA2E463BFB07FE3BFB17F722
S315020010F01EFB1C0E17FB1C07C7EA2E47F1E802ABC4
S315020011003AFB08FE3AFB18F81EFB1C0E18FB1C08DD
S31502001110C8EA2E483BFB09FE3BFB19F91EFB1C0ED7
S3150200112019FB1C09C9EA2E4913EE100AC0F8006120
S31502001130C0F84071C0F88081C0F8C091C0F8403054
S31502001140C0F88040C0F8C05040F8042B00F13C0EB5
S3150200115007EE10EA03EE100AD0F80020D0F840306D
S31502001160D0F88040D0F8C050D0F80061D0F8407175
S31502001170D0F88081D0F8C09146F6080051F804AB49
S315020011803AFB03FE3AFB13F31EFB1C0E13FB1C0376
S31502001190C3EA2E4ED2FA4EF392FA4EF23AFB05FE0D
S315020011A03AFB15F51EFB1C0E15FB1C05C5EA2E4E59
S315020011B0D4FA4EF594FA4EF43AFB07FE3AFB17F7C9
S315020011C01EFB1C0E17FB1C07C7EA2E4ED6FA4EF75D
S315020011D096FA4EF63AFB09FE3AFB19F91EFB1C0E6D
S315020011E019FB1C09C9EA2E4ED8FA4EF998FA4EF89E
S315020011F0F1E802AB3AFB04FE3AFB14F41EFB1C0EAA
S3150200120014FB1C04C4EA2E4ED2FA4EF492FA4EF2A3
S315020012103BFB05FE3BFB15F51EFB1C0E15FB1C05D9
S31502001220C5EA2E4ED3FA4EF593FA4EF33AFB08FE72
S315020012303AFB18F81EFB1C0E18FB1C08C8EA2E4EB9
S31502001240D6FA4EF896FA4EF63BFB09FE3BFB19F927
S315020012501EFB1C0E19FB1C09C9EA2E4ED7FA4EF9C3
S3150200126097FA4EF7F1E802AB3AFB06FE3AFB16F6A0
S315020012701EFB1C0E16FB1C06C6EA2E4ED2FA4EF6B4
S3150200128092FA4EF23BFB07FE3BFB17F71EFB1C0EC8
S3150200129017FB1C07C7EA2E4ED3FA4EF793FA4EF304
S315020012A0F1E802AB3AFB08FE3AFB18F81EFB1C0EED
S315020012B018FB1C08C8EA2E4ED4FA4EF894FA4EF4DD
S315020012C03BFB09FE3BFB19F91EFB1C0E19FB1C0915
S315020012D0C9EA2E4ED5FA4EF995FA4EF5F1E802AB69
S315020012E03AFB02FE3AFB12F21EFB1C0E12FB1C021A
S315020012F0C2EA2E423BFB03FE3BFB13F31EFB1C0E14
S3150200130013FB1C03C3EA2E43F1E802AB3AFB04FECD
S315020013103AFB14F41EFB1C0E14FB1C04C4EA2E44F6
S315020013203BFB05FE3BFB15F51EFB1C0E15FB1C05C8
S31502001330C5EA2E45F1E802AB3AFB06FE3AFB16F683
S315020013401EFB1C0E16FB1C06C6EA2E463BFB07FEC0
S315020013503BFB17F71EFB1C0E17FB1C07C7EA2E47A3
S31502001360F1E802AB3AFB08FE3AFB18F81EFB1C0E2C
S3150200137018FB1C08C8EA2E483BFB09FE3BFB19F981
S315020013801EFB1C0E19FB1C09C9EA2E4913EE100A94
S31502001390C0F80061C0F84071C0F88081C0F8C09101
S315020013A0C0F84030C0F88040C0F8C05040F8042B66
S315020013B017EE10EAB0EB0E0F7FF4CCAEBDEC088A46
S315020013C0BDE8F08F2DE9F04F2DED098AC0F6015CDC
S315020013D0B1EC0F4A00F1200E0CEE10EA0BEE900A69
S315020013E0D0F82020D0F86030D0F8A040D0F8E050F5
S315020013F0D0F82061D0F86071D0F8A081D0F8E091E1
S3150200140046F6080014EE10AA3AFB06FE3AFB16F65A
S315020014101EFB1C0E16FB1C06C6EA2E4ED2FA4EF612
S3150200142092FA4EF23AFB07FE3AFB17F71EFB1C0E28
S3150200143017FB1C07C7EA2E4ED3FA4EF793FA4EF362
S315020014403AFB08FE3AFB18F81EFB1C0E18FB1C089A
S31502001450C8EA2E4ED4FA4EF894FA4EF43AFB09FE36
S315020014603AFB19F91EFB1C0E19FB1C09C9EA2E4E82
S31502001470D5FA4EF995FA4EF514EE90AA15EE10BA73
S315020014803AFB04FE3AFB14F41EFB1C0E14FB1C046E
S31502001490C4EA2E4ED2FA4EF492FA4EF23AFB05FE08
S315020014A03AFB15F51EFB1C0E15FB1C05C5EA2E4E56
S315020014B0D3FA4EF593FA4EF33BFB08FE3BFB18F8C4
S315020014C01EFB1C0E18FB1C08C8EA2E4ED6FA4EF856
S315020014D096FA4EF63BFB09FE3BFB19F91EFB1C0E68
S315020014E019FB1C09C9EA2E4ED7FA4EF997FA4EF79E
S315020014F015EE90AA16EE10BA3AFB03FE3AFB13F368
S315020015001EFB1C0E13FB1C03C3EA2E4ED2FA4EF32D
S3150200151092FA4EF23BFB05FE3BFB15F51EFB1C0E3B
S3150200152015FB1C05C5EA2E4ED4FA4EF594FA4EF476
S3150200153016EE90AA17EE10BA3AFB07FE3AFB17F719
S315020015401EFB1C0E17FB1C07C7EA2E4ED6FA4EF7D9
S3150200155096FA4EF63BFB09FE3BFB19F91EFB1C0EE7
S3150200156019FB1C09C9EA2E4ED8FA4EF998FA4EF81A
S3150200157017EE90AA18EE10BA3AFB02FE3AFB12F2E6
S315020015801EFB1C0E12FB1C02C2EA2E423BFB03FE92
S315020015903BFB13F31EFB1C0E13FB1C03C3EA2E4379
S315020015A018EE90AA19EE10BA3AFB04FE3AFB14F4AE
S315020015B01EFB1C0E14FB1C04C4EA2E443BFB05FE58
S315020015C03BFB15F51EFB1C0E15FB1C05C5EA2E453D
S315020015D019EE90AA1AEE10BA3AFB06FE3AFB16F676
S315020015E01EFB1C0E16FB1C06C6EA2E463BFB07FE1E
S315020015F03BFB17F71EFB1C0E17FB1C07C7EA2E4701
S315020016001AEE90AA1BEE10BA3AFB08FE3AFB18F83D
S315020016101EFB1C0E18FB1C08C8EA2E483BFB09FEE3
S315020016203BFB19F91EFB1C0E19FB1C09C9EA2E49C4
S3150200163000EE102A00EE903A01EE104A01EE905AA0
S3150200164002EE106A02EE907A03EE108A03EE909A88
S315020016501BEE900AD0F80020D0F84030D0F8804037
S31502001660D0F8C050D0F80061D0F84071D0F880812F
S31502001670D0F8C09146F6080014EE10AA3AFB06FE10
S315020016803AFB16F61EFB1C0E16FB1C06C6EA2E4E6F
S31502001690D2FA4EF692FA4EF23AFB07FE3AFB17F7E9
S315020016A01EFB1C0E17FB1C07C7EA2E4ED3FA4EF77B
S315020016B093FA4EF33AFB08FE3AFB18F81EFB1C0E91
S315020016C018FB1C08C8EA2E4ED4FA4EF894FA4EF4C9
S315020016D03AFB09FE3AFB19F91EFB1C0E19FB1C0903
S315020016E0C9EA2E4ED5FA4EF995FA4EF514EE90AA9F
S315020016F015EE10BA3AFB04FE3AFB14F41EFB1C0E5E
S3150200170014FB1C04C4EA2E4ED2FA4EF492FA4EF29E
S315020017103AFB05FE3AFB15F51EFB1C0E15FB1C05D6
S31502001720C5EA2E4ED3FA4EF593FA4EF33BFB08FE6C
S315020017303BFB18F81EFB1C0E18FB1C08C8EA2E4EB3
S31502001740D6FA4EF896FA4EF63BFB09FE3BFB19F922
S315020017501EFB1C0E19FB1C09C9EA2E4ED7FA4EF9BE
S3150200176097FA4EF715EE90AA16EE10BA3AFB03FE5A
S315020017703AFB13F31EFB1C0E13FB1C03C3EA2E4E8D
S31502001780D2FA4EF392FA4EF23BFB05FE3BFB15F5FF
S315020017901EFB1C0E15FB1C05C5EA2E4ED4FA4EF591
S315020017A094FA4EF416EE90AA17EE10BA3AFB07FE1A
S315020017B03AFB17F71EFB1C0E17FB1C07C7EA2E4E39
S315020017C0D6FA4EF796FA4EF63BFB09FE3BFB19F9A3
S315020017D01EFB1C0E19FB1C09C9EA2E4ED8FA4EF93D
S315020017E098FA4EF81BEE900A10EE90AA93FA4AFE69
S315020017F0D3FA4AF3C0F840E0C0F8603011EE90AA7E
S3150200180095FA4AFED5FA4AF5C0F8C0E0C0F8E050AB
S3150200181012EE90AA97FA4AFED7FA4AF7C0F840E1C2
S31502001820C0F8607113EE90AA99FA4AFED9FA4AF9FB
S31502001830C0F8C0E1C0F8E09111EE105A94FA45FEE4
S31502001840D4FA45FAC0F880E0C0F8A0A012EE107AE9
S3150200185096FA47FED6FA47FAC0F800E1C0F820A188
S3150200186013EE109A98FA49FED8FA49FAC0F880E1BE
S31502001870C0F8A0A110EE103A92FA43FED2FA43FA49
S31502001880C0F820A040F804EB1CEE10EAB0EB0E0FF5
S315020018907FF4A4ADA0F1200000F5007E06EE90EAEA
S315020018A00BEE900AD0F80020D0F80430D0F80840A9
S315020018B0D0F80C50D0F81060D0F81470D0F8188018
S315020018C0D0F81C9046F6080051F804AB3AFB06FE27
S315020018D03AFB16F61EFB1C0E16FB1C06C6EA2E4E1D
S315020018E0D2FA4EF692FA4EF23AFB07FE3AFB17F797
S315020018F01EFB1C0E17FB1C07C7EA2E4ED3FA4EF729
S3150200190093FA4EF33AFB08FE3AFB18F81EFB1C0E3E
S3150200191018FB1C08C8EA2E4ED4FA4EF894FA4EF476
S315020019203AFB09FE3AFB19F91EFB1C0E19FB1C09B0
S31502001930C9EA2E4ED5FA4EF995FA4EF5F1E802AB02
S315020019403AFB04FE3AFB14F41EFB1C0E14FB1C04A9
S31502001950C4EA2E4ED2FA4EF492FA4EF23AFB05FE43
S315020019603AFB15F51EFB1C0E15FB1C05C5EA2E4E91
S31502001970D3FA4EF593FA4EF33BFB08FE3BFB18F8FF
S315020019801EFB1C0E18FB1C08C8EA2E4ED6FA4EF891
S3150200199096FA4EF63BFB09FE3BFB19F91EFB1C0EA3
S315020019A019FB1C09C9EA2E4ED7FA4EF997FA4EF7D9
S315020019B0F1E802AB3AFB03FE3AFB13F31EFB1C0EE5
S315020019C013FB1C03C3EA2E4ED2FA4EF392FA4EF2E0
S315020019D03BFB05FE3BFB15F51EFB1C0E15FB1C0512
S315020019E0C5EA2E4ED4FA4EF594FA4EF4F1E802AB5D
S315020019F03AFB07FE3AFB17F71EFB1C0E17FB1C07EA
S31502001A00C7EA2E4ED6FA4EF796FA4EF63BFB09FE7B
S31502001A103BFB19F91EFB1C0E19FB1C09C9EA2E4ECB
S31502001A20D8FA4EF998FA4EF81BEE900AC0F81060F2
S31502001A30C0F81470C0F81880C0F81C90C0F80430C2
S31502001A40C0F80840C0F80C5040F8202B16EE90EA79
S31502001A50B0EB0E0F7FF424AFBDEC098ABDE8F08F20
S31502001A602DE9FF4F46F6080B40F6015A4FF2013CAC
S31502001A70C6F6A83C40F20009DDF83440DDF83870BD
S31502001A800DEE107ADDF83C700DEE907A40F2000E03
S31502001A9008EE903A33F8025B13F8016BC5F303378D
S31502001AA047EA0616C5F30B05C6F30B06B5EB0A0F96
S31502001AB080F04E8022F8025B09F10109B9F1040FA8
S31502001AC040F04680A2F1080209EE103A09EE90EAC9
S31502001AD00AEE106A1DEE908A51F8043BD2F8009085
S31502001AE054F804EB3EFB13F515FB0AB5C3EA0505EC
S31502001AF048F8045B15FB39F613FB096623FB19F557
S31502001B00C0F8045040F8086BCEF1000E51F8043BC1
S31502001B10D2F804903EFB13F515FB0AB5C3EA050598
S31502001B2048F8045B15FB39F613FB096623FB19F526
S31502001B30C0F8045040F8086B0DEE908A19EE103A80
S31502001B4019EE90EA1AEE106A0EF1010E40F2000941
S31502001B50B6EB0A0F80F04E80BEF1400F80F24A804B
S31502001B6022F8026B09F10109B9F1040F40F0428033
S31502001B70A2F1080209EE103A09EE90EA1DEE908AE9
S31502001B8051F8043BD2F8009054F804EB3EFB13F5EF
S31502001B9015FB0AB5C3EA050548F8045B15FB39F6D9
S31502001BA013FB096623FB19F5C0F8045040F8086BCD
S31502001BB0CEF1000E51F8043BD2F804903EFB13F529
S31502001BC015FB0AB5C3EA050548F8045B15FB39F6A9
S31502001BD013FB096623FB19F5C0F8045040F8086B9D
S31502001BE00DEE908A19EE103A19EE90EA0EF1010EF8
S31502001BF040F2000918EE907A07F1A80703F10308EC
S31502001C00B8EB070F40F32380BEF1400F80F21F802E
S31502001C1018EE903A08EE10CA09EE100A09EE901A6A
S31502001C200AEE102A0AEE90EA184640F201011DEE6B
S31502001C30102A04F0A9FE18EE10CA19EE100A19EEBF
S31502001C40901A1AEE102A1AEE90EA18EE903ABEF19F
S31502001C50400FFFF61FAFBDE8FF8F00BF2DE9FF4F14
S31502001C6046F6080B40F6015A4FF2013CC6F6A83C6E
S31502001C7040F20009DDF83440DDF838700DEE107AD6
S31502001C80DDF83C700DEE907A40F2000E08EE903AC6
S31502001C9033F8025B13F8016BC5F3033747EA0616FE
S31502001CA0C5F30B05C6F30B06B5EB0A0F80F054809D
S31502001CB022F8025B09F10109B9F1040F40F04C80E8
S31502001CC0A2F1080209EE103A09EE90EA0AEE106A4B
S31502001CD01DEE908A51F8043BD2F80090076854F83A
S31502001CE004EB3EFB13F515FB0AB5C3EA050548F8F6
S31502001CF0045B15FB397513FB095740F8047BD0F8D2
S31502001D00007023FB197740F8047BCEF1000E51F8E0
S31502001D10043BD2F8049007683EFB13F515FB0AB59F
S31502001D20C3EA050548F8045B15FB397513FB095729
S31502001D3040F8047BD0F8007023FB197740F8047B47
S31502001D400DEE908A19EE103A19EE90EA1AEE106A22
S31502001D500EF1010E40F20009B6EB0A0F80F0548034
S31502001D60BEF1400F80F2508022F8026B09F10109A0
S31502001D70B9F1040F40F04880A2F1080209EE103AC8
S31502001D8009EE90EA1DEE908A51F8043BD2F80090D3
S31502001D90076854F804EB3EFB13F515FB0AB5C3EAD4
S31502001DA0050548F8045B15FB397513FB095740F81E
S31502001DB0047BD0F8007023FB197740F8047BCEF140
S31502001DC0000E51F8043BD2F8049007683EFB13F567
S31502001DD015FB0AB5C3EA050548F8045B15FB397518
S31502001DE013FB095740F8047BD0F8007023FB1977E0
S31502001DF040F8047B0DEE908A19EE103A19EE90EA3D
S31502001E000EF1010E40F2000918EE907A07F1A807CA
S31502001E1003F10308B8EB070F40F32380BEF1400F2E
S31502001E2080F21F8018EE903A08EE10CA09EE100AE8
S31502001E3009EE901A0AEE102A0AEE90EA184640F2C5
S31502001E4001011DEE102A04F09FFD18EE10CA19EECC
S31502001E50100A19EE901A1AEE102A1AEE90EA18EEE5
S31502001E60903ABEF1400FFFF613AFBDE8FF8F00BFF9
S31502001E702DE9FF4F46F6080B40F6015A4FF2013C98
S31502001E80C6F6A83C40F20009DDF83440DDF83870A9
S31502001E900DEE107ADDF83C700DEE907A0EEE100A19
S31502001EA00EEE900ADDF8400040F2000E08EE903A7F
S31502001EB033F8025B13F8016BC5F3033747EA0616DC
S31502001EC0C5F30B05C6F30B06B5EB0A0F80F06A8065
S31502001ED022F8025B09F10109B9F1040F40F06280B0
S31502001EE0A2F1080209EE103A09EE90EA0AEE106A29
S31502001EF01DEE908A51F8043BD2F8009050F8047B0C
S31502001F0054F804EB3EFB13F515FB0AB5C3EA0505C7
S31502001F1048F8045B15FB397513FB095606FB0CF6EC
S31502001F2016FB2AB650F8045B23FB195505FB0CF584
S31502001F3015FB2AB5C5EA26471EEE106A46F8047B4B
S31502001F40CEF1000E51F8043BD2F804903EFB13F595
S31502001F5015FB0AB5C3EA050550F8047B48F8045B8D
S31502001F6015FB397513FB095505FB0CF515FB2AB54F
S31502001F7050F8047B23FB197707FB0CF717FB2AB7EC
S31502001F80C7EA254746F8047B0EEE106A0DEE908AE4
S31502001F9019EE103A19EE90EA1AEE106A0EF1010ED7
S31502001FA040F20009B6EB0A0F80F06A80BEF1400FDC
S31502001FB080F2668022F8026B09F10109B9F1040F79
S31502001FC040F05E80A2F1080209EE103A09EE90EAAC
S31502001FD01DEE908A51F8043BD2F8009050F8047B2B
S31502001FE054F804EB3EFB13F515FB0AB5C3EA0505E7
S31502001FF048F8045B15FB397513FB095606FB0CF60C
S3150200200016FB2AB650F8045B23FB195505FB0CF5A3
S3150200201015FB2AB5C5EA26471EEE106A46F8047B6A
S31502002020CEF1000E51F8043BD2F804903EFB13F5B4
S3150200203015FB0AB5C3EA050550F8047B48F8045BAC
S3150200204015FB397513FB095505FB0CF515FB2AB56E
S3150200205050F8047B23FB197707FB0CF717FB2AB70B
S31502002060C7EA254746F8047B0EEE106A0DEE908A03
S3150200207019EE103A19EE90EA0EF1010E40F200093D
S3150200208018EE907A07F1A80703F10308B8EB070FD9
S3150200209040F32380BEF1400F80F21F8018EE903A83
S315020020A008EE10CA09EE100A09EE901A0AEE102A74
S315020020B00AEE90EA184640F201011DEE102A04F0DB
S315020020C063FC18EE10CA19EE100A19EE901A1AEEEF
S315020020D0102A1AEE90EA18EE903ABEF1400FFFF679
S315020020E0E7AE1EEE900ABDE8FF8F00BF2DE9FF4F57
S315020020F046F6080B40F6015A4FF2013CC6F6A83CDA
S3150200210040F20009DDF834700DEE107ADDF8387011
S315020021100DEE907A40F2000E08EE903A33F8025B2A
S3150200212013F8016BC5F3033747EA0616C5F30B0529
S31502002130C6F30B06B5EB0A0F80F03A8022F8025B73
S3150200214009F10109B9F1040F40F03280A2F1080247
S3150200215009EE103A09EE90EA0AEE106A1DEE908A2E
S3150200216051F8043BD2F8009051F8045BD2F80460AF
S3150200217058F804EB2EFB09F723FB19F440F8047B0D
S3150200218040F8044B58F8047B27FB06FE25FB16F4A1
S3150200219040F804EB40F8044B0DEE908A19EE103A23
S315020021A019EE90EA1AEE106A0EF1010E40F20009DB
S315020021B0B6EB0A0F80F03A80BEF1400F80F236800D
S315020021C022F8026B09F10109B9F1040F40F02E80E1
S315020021D0A2F1080209EE103A09EE90EA1DEE908A83
S315020021E051F8043BD2F8009051F8045BD2F804602F
S315020021F058F804EB2EFB09F723FB19F440F8047B8D
S3150200220040F8044B58F8047B27FB06FE25FB16F420
S3150200221040F804EB40F8044B0DEE908A19EE103AA2
S3150200222019EE90EA0EF1010E40F2000918EE907ACC
S3150200223007F1A80703F10308B8EB070F40F3238061
S31502002240BEF1400F80F21F8018EE903A08EE10CAD7
S3150200225009EE100A09EE901A0AEE102A0AEE90EA20
S31502002260184640F201011DEE102A04F08DFB18EE0D
S3150200227010CA19EE100A19EE901A1AEE102A1AEE60
S3150200228090EA18EE903ABEF1400FFFF647AFBDE86E
S31502002290FF8F00BF2DE9FF4F46F6080B40F6015AA5
S315020022A04FF2013CC6F6A83C40F20009DDF8347054
S315020022B00DEE107ADDF838700DEE907A40F2000ECF
S315020022C008EE903A33F8025B13F8016BC5F3033755
S315020022D047EA0616C5F30B05C6F30B06B5EB0A0F5E
S315020022E080F0418022F8025B09F10109B9F1040F7D
S315020022F040F03980A2F1080209EE103A09EE90EA9E
S315020023000AEE106A1DEE908A51F8043BD2F800904C
S3150200231051F8045BD2F80460D0F80070D0F804E0FB
S3150200232058F8044B24FB097723FB19EEC0F804E0A6
S3150200233040F8087B58F8044B0768D0F804E024FB01
S31502002340067725FB16EEC0F804E040F8087B0DEE92
S31502002350908A19EE103A19EE90EA1AEE106A0EF108
S31502002360010E40F20009B6EB0A0F80F04180BEF181
S31502002370400F80F23D8022F8026B09F10109B9F1A2
S31502002380040F40F03580A2F1080209EE103A09EE78
S3150200239090EA1DEE908A51F8043BD2F8009051F86B
S315020023A0045BD2F80460D0F80070D0F804E058F864
S315020023B0044B24FB097723FB19EEC0F804E040F82E
S315020023C0087B58F8044B0768D0F804E024FB06772C
S315020023D025FB16EEC0F804E040F8087B0DEE908A65
S315020023E019EE103A19EE90EA0EF1010E40F20009CA
S315020023F018EE907A07F1A80703F10308B8EB070F66
S3150200240040F32380BEF1400F80F21F8018EE903A0F
S3150200241008EE10CA09EE100A09EE901A0AEE102A00
S315020024200AEE90EA184640F201011DEE102A04F067
S31502002430ABFA18EE10CA19EE100A19EE901A1AEE35
S31502002440102A1AEE90EA18EE903ABEF1400FFFF605
S3150200245039AFBDE8FF8F00BF2DE9FF4F46F6080BE7
S3150200246040F6015A4FF2013CC6F6A83C40F200097A
S31502002470DDF834700DEE107ADDF838700DEE907AD4
S315020024800EEE100A0EEE900ADDF83C0040F2000E47
S3150200249008EE903A33F8025B13F8016BC5F3033783
S315020024A047EA0616C5F30B05C6F30B06B5EB0A0F8C
S315020024B080F0568022F8025B09F10109B9F1040F96
S315020024C040F04E80A2F1080209EE103A09EE90EAB7
S315020024D00AEE106A1DEE908A51F8043BD2F800907B
S315020024E051F8045BD2F80460D0F804E050F8087B97
S315020024F058F8044B24FB097707FB0CF717FB2AB79E
S3150200250023FB19EE0EFB0CFE1EFB2ABECEEA274764
S315020025101EEE103A43F8047B58F8044BD0F804E058
S3150200252050F8087B24FB067707FB0CF717FB2AB744
S3150200253025FB16EE0EFB0CFE1EFB2ABECEEA274735
S3150200254043F8047B0EEE103A0DEE908A19EE103A1D
S3150200255019EE90EA1AEE106A0EF1010E40F2000927
S31502002560B6EB0A0F80F05680BEF1400F80F2528021
S3150200257022F8026B09F10109B9F1040F40F04A8011
S31502002580A2F1080209EE103A09EE90EA1DEE908ACF
S3150200259051F8043BD2F8009051F8045BD2F804607B
S315020025A0D0F804E050F8087B58F8044B24FB09776E
S315020025B007FB0CF717FB2AB723FB19EE0EFB0CFEE3
S315020025C01EFB2ABECEEA27471EEE103A43F8047BCC
S315020025D058F8044BD0F804E050F8087B24FB067741
S315020025E007FB0CF717FB2AB725FB16EE0EFB0CFEB4
S315020025F01EFB2ABECEEA274743F8047B0EEE103AAC
S315020026000DEE908A19EE103A19EE90EA0EF1010ECD
S3150200261040F2000918EE907A07F1A80703F10308C1
S31502002620B8EB070F40F32380BEF1400F80F21F8004
S3150200263018EE903A08EE10CA09EE100A09EE901A40
S315020026400AEE102A0AEE90EA184640F201011DEE41
S31502002650102A04F099F918EE10CA19EE100A19EEAA
S31502002660901A1AEE102A1AEE90EA18EE903ABEF175
S31502002670400FFFF60FAF1EEE900ABDE8FF8F00BFB8
S315020026802DE9F041074690B000F500764FF0040EB2
S315020026903C46E8464EF001E007F14005C446206894
S315020026A06168A268E36808F11008ACE80F0010340C
S315020026B00FF00DC0EC46384600244FF0040E0246D9
S315020026C000234EF001E05CF82310043342F8041BA9
S315020026D00FF007C80134042C00F110000CF1040CB1
S315020026E0EBD1B5422F46D1D110B0BDE8F08100BF83
S315020026F02DE9F04F46F6080AC0F601594FF2013BA2
S31502002700C6F6A83B00F5806E53F804CB92F8026039
S31502002710B2F8037092F8058032F8064BC4F303351B
S31502002720C4F30B0445EA061544EA0544C7F3033528
S31502002730C7F30B0645EA081546EA054551F8046B48
S3150200274051F8047B3CFB14F818FB19A816FB38F861
S3150200275016FB048840F8048B26FB14F840F8048B19
S31502002760CCF1000C3CFB15F818FB19A817FB38F83E
S3150200277017FB058840F8048B27FB15F840F8048BF5
S31502002780B0EB0E0F7FF4C0AFBDE8F08F2DE9F04F2E
S3150200279046F6080AC0F601594FF2013BC6F6A83BB7
S315020027A000F5806E53F804CB92F80260B2F803701B
S315020027B092F8058032F8064BC4F30335C4F30B04D2
S315020027C045EA061544EA0544C7F30335C7F30B0683
S315020027D045EA081546EA054551F8048B06683CFBAE
S315020027E014F717FB19A718FB376718FB047740F88D
S315020027F0047B066828FB146740F8047BCCF1000CC6
S3150200280051F8048B06683CFB15F717FB19A718FB52
S31502002810376718FB057740F8047B066828FB1567BF
S3150200282040F8047BB0EB0E0F7FF4BCAFBDE8F08F2F
S315020028302DE9F04F46F6080AC0F601594FF2013B60
S31502002840C6F6A83BDDF8246000EE906A06F5806EB7
S3150200285053F804CB92F80260B2F8037092F805803E
S3150200286032F8064BC4F30335C4F30B0445EA0615E6
S3150200287044EA0544C7F30335C7F30B0645EA0815D0
S3150200288046EA054501EE103A10EE903A51F8048BED
S3150200289053F8046B3CFB14F717FB19A718FB3767B1
S315020028A018FB047707FB0BF717FB39A753F8046BE2
S315020028B028FB146606FB0BF616FB39A6C6EA274664
S315020028C040F8046BCCF1000C51F8048B53F8046BFE
S315020028D03CFB15F717FB19A718FB376718FB05779B
S315020028E007FB0BF717FB39A753F8046B28FB156692
S315020028F006FB0BF616FB39A6C6EA274640F8046B1A
S3150200290000EE903AB3EB0E0F11EE103A7FF4A0AF41
S31502002910BDE8F08F2DE9F04F44F6BF6A40F6015B41
S3150200292040F2100990E8FE0111FB0AFC11FB2AFE97
S315020029304FEAAC6C4FEAAE6E1CFB0BFC1EFB0BFEA9
S31502002940CCEA0E4CD1FA4CF112FB0AFC12FB2AFE1F
S315020029504FEAAC6C4FEAAE6E1CFB0BFC1EFB0BFE89
S31502002960CCEA0E4CD2FA4CF213FB0AFC13FB2AFEFB
S315020029704FEAAC6C4FEAAE6E1CFB0BFC1EFB0BFE69
S31502002980CCEA0E4CD3FA4CF314FB0AFC14FB2AFED7
S315020029904FEAAC6C4FEAAE6E1CFB0BFC1EFB0BFE49
S315020029A0CCEA0E4CD4FA4CF415FB0AFC15FB2AFEB3
S315020029B04FEAAC6C4FEAAE6E1CFB0BFC1EFB0BFE29
S315020029C0CCEA0E4CD5FA4CF516FB0AFC16FB2AFE8F
S315020029D04FEAAC6C4FEAAE6E1CFB0BFC1EFB0BFE09
S315020029E0CCEA0E4CD6FA4CF617FB0AFC17FB2AFE6B
S315020029F04FEAAC6C4FEAAE6E1CFB0BFC1EFB0BFEE9
S31502002A00CCEA0E4CD7FA4CF718FB0AFC18FB2AFE46
S31502002A104FEAAC6C4FEAAE6E1CFB0BFC1EFB0BFEC8
S31502002A20CCEA0E4CD8FA4CF8A0E8FE01B9F101093D
S31502002A307FF478AFBDE8F08F2DE9F04F46F6080C2B
S31502002A40C0F6015B44F6AC7AC9F2F47A40F2100998
S31502002A5090E8FE013AFB01FE3AFB11F11EFB1BCE8A
S31502002A6011FB1BC1C1EA2E413AFB02FE3AFB12F2EE
S31502002A701EFB1BCE12FB1BC2C2EA2E423AFB03FE10
S31502002A803AFB13F31EFB1BCE13FB1BC3C3EA2E43F7
S31502002A903AFB04FE3AFB14F41EFB1BCE14FB1BC4CA
S31502002AA0C4EA2E443AFB05FE3AFB15F51EFB1BCE85
S31502002AB015FB1BC5C5EA2E453AFB06FE3AFB16F682
S31502002AC01EFB1BCE16FB1BC6C6EA2E463AFB07FEAC
S31502002AD03AFB17F71EFB1BCE17FB1BC7C7EA2E478F
S31502002AE03AFB08FE3AFB18F81EFB1BCE18FB1BC866
S31502002AF0C8EA2E48A0E8FE01B9F101097FF4A8AFA1
S31502002B00BDE8F08F00000000000000000000000099
S31502002B1000000000000000000000000000000000AD
S31502002B20000000000000000000000000000000009D
S31502002B30000000000000000000000000000000008D
S31502002B40704700BFAFF30080AFF30080AFF30080A1
S31502002B50AFF30080AFF30080AFF30080AFF30080E5
S31502002B60AFF30080AFF30080AFF30080AFF30080D5
S31502002B70AFF30080AFF30080AFF30080AFF30080C5
S31502002B80000000000000000000000000000000003D
S31502002B90000000000000000000000000000000002D
S31502002BA0000000000000000000000000000000001D
S31502002BB0000000000000000000000000000000000D
S31502002BC000000000000000000000000000000000FD
S31502002BD000000000000000000000000000000000ED
S31502002BE000000000000000000000000000000000DD
S31502002BF000000000000000000000000000000000CD
S31502002C0000000000000000000000000000000000BC
S31502002C1000000000000000000000000000000000AC
S31502002C20000000000000000000000000000000009C
S31502002C30000000000000000000000000000000008C
S31502002C4003B32DE9F04122F00704001912F007023E
S31502002C500BD01C00C2F10805AC4200DD2C00A3EB30
S31502002C600408230000F0ECF84346DA0804D098463C
S31502002C7000F066F808F0070313B1002200F0E0F84E
S31502002C80BDE8F081704700BFAFF30080AFF300806C
S31502002C90AFF30080AFF30080AFF30080AFF30080A4
S31502002CA0AFF30080AFF30080AFF30080AFF3008094
S31502002CB0AFF30080AFF30080AFF30080AFF3008084
S31502002CC000000000000000000000000000000000FC
S31502002CD000000000000000000000000000000000EC
S31502002CE000000000000000000000000000000000DC
S31502002CF000000000000000000000000000000000CC
S31502002D0000000000000000000000000000000000BB
S31502002D1000000000000000000000000000000000AB
S31502002D20000000000000000000000000000000009B
S31502002D30000000000000000000000000000000008B
S31502002D4051F8044B51F8045BD0E9006704F055339F
S31502002D5043EA530303F0333343EA930303F00F3397
S31502002D6043EA131303F0FF1363F30F2386EA1326D2
S31502002D7005F0553343EA530303F0333343EA93032F
S31502002D8003F00F3343EA131303F0FF1343EA13234B
S31502002D9086EA034604F0AA3343EA430303F0CC333C
S31502002DA043EA830303F0F03343EA031303F0FF23FA
S31502002DB043EA032387EA134705F0AA3343EA4303A8
S31502002DC003F0CC3343EA830303F0F03343EA0313FD
S31502002DD003F0FF2343EA03236FF30F035F40E0E8A8
S31502002DE00267013AACD17047AFF30080AFF30080BF
S31502002DF0AFF30080AFF30080AFF30080AFF3008043
S31502002E0000000000000000000000000000000000BA
S31502002E1000000000000000000000000000000000AA
S31502002E20000000000000000000000000000000009A
S31502002E30000000000000000000000000000000008A
S31502002E400024002530B46A4411F8015B02F8015BE4
S31502002E50013BF9D130BCD0E9006704F0553343EAAF
S31502002E60530303F0333343EA930303F00F3343EA86
S31502002E70131303F0FF1363F30F2386EA132605F0F9
S31502002E80553343EA530303F0333343EA930303F020
S31502002E900F3343EA131303F0FF1343EA132386EABD
S31502002EA0034604F0AA3343EA430303F0CC3343EA6E
S31502002EB0830303F0F03343EA031303F0FF2343EAE9
S31502002EC0032387EA134705F0AA3343EA430303F0D1
S31502002ED0CC3343EA830303F0F03343EA031303F0EC
S31502002EE0FF2343EA03236FF30F035F40E0E8026721
S31502002EF0704700BFAFF30080AFF30080AFF30080EE
S31502002F0000000000000000000000000000000000B9
S31502002F1000000000000000000000000000000000A9
S31502002F200000000000000000000000000000000099
S31502002F300000000000000000000000000000000089
S31502002F4003B32DE9F04122F00704001912F007023B
S31502002F500BD01C00C2F10805AC4200DD2C00A3EB2D
S31502002F600408230000F0ECF84346DA0804D0984639
S31502002F7000F066F808F0070313B1002200F0E0F84B
S31502002F80BDE8F081704700BFAFF30080AFF3008069
S31502002F90AFF30080AFF30080AFF30080AFF30080A1
S31502002FA0AFF30080AFF30080AFF30080AFF3008091
S31502002FB0AFF30080AFF30080AFF30080AFF3008081
S31502002FC000000000000000000000000000000000F9
S31502002FD000000000000000000000000000000000E9
S31502002FE000000000000000000000000000000000D9
S31502002FF000000000000000000000000000000000C9
S3150200300000000000000000000000000000000000B8
S3150200301000000000000000000000000000000000A8
S315020030200000000000000000000000000000000098
S315020030300000000000000000000000000000000088
S31502003040F0E80245230065F31F446FF30F0545EAD6
S31502003050134584EA142303F47F435C4084EA032481
S3150200306084EA141303F0F0135C4084EA031484EA3E
S31502003070940303F00C335C4084EA830484EA540329
S3150200308003F022335C4084EA430485EA152303F401
S315020030907F435D4085EA032585EA151303F0F013A5
S315020030A05D4085EA031585EA950303F00C335D401E
S315020030B085EA830585EA550303F022335D4085EAF6
S315020030C0430541F8044B013A41F8045BB8D1704715
S315020030D0AFF30080AFF30080AFF30080AFF3008060
S315020030E0AFF30080AFF30080AFF30080AFF3008050
S315020030F0AFF30080AFF30080AFF30080AFF3008040
S3150200310000000000000000000000000000000000B7
S3150200311000000000000000000000000000000000A7
S315020031200000000000000000000000000000000097
S315020031300000000000000000000000000000000087
S31502003140F0E80245260065F31F446FF30F0545EAD2
S31502003150164584EA142606F47F46744084EA062459
S3150200316084EA141606F0F016744084EA061484EA19
S31502003170940606F00C36744084EA860484EA540601
S3150200318006F02236744084EA460485EA152606F4D9
S315020031907F46754085EA062585EA151606F0F0167D
S315020031A0754085EA061585EA950606F00C367540E1
S315020031B085EA860585EA550606F02236754085EAD1
S315020031C0460530B46A4412F8014B013B01F8014B43
S315020031D0F9D102B0704700BFAFF30080AFF30080B1
S315020031E0AFF30080AFF30080AFF30080AFF300804F
S315020031F0AFF30080AFF30080AFF30080AFF300803F
S3150200320000000000000000000000000000000000B6
S3150200321000000000000000000000000000000000A6
S315020032200000000000000000000000000000000096
S315020032300000000000000000000000000000000086
S3150200324001000000000000000000000089000000EC
S31502003250000000008B0000800000000080800080DB
S31502003260010000008B000000010000000080000049
S3150200327001000000888000800100000082000080BA
S31502003280000000000B000000000000000A00000021
S3150200329001000000828000000000000003800000A0
S315020032A0010000008B800000010000000B0000807E
S315020032B0010000008A0000800100000081000080F9
S315020032C0000000008100008000000000080000806D
S315020032D00000000083000000000000000380008060
S315020032E00100000088800080000000008800008045
S315020032F001000000008000000000000082800080C3
S31502003300FF000000AFF30080AFF30080AFF3008050
S31502003310AFF30080AFF30080AFF30080AFF300801D
S31502003320AFF30080AFF30080AFF30080AFF300800D
S31502003330AFF30080AFF30080AFF30080AFF30080FD
S31502003340AFF204112DE9F05F86B00591D0F8203076
S31502003350D0F84810D0F87050D0F898B0D0F8C0C065
S3150200336083EA010383EA050383EA0B0383EA0C0378
S31502003370D0F80C70D0F83410D0F85C50D0F884B085
S31502003380D0F8ACC087EA010787EA050787EA0B0788
S3150200339087EA0C0783EAF776D0F81440D0F83C1097
S315020033A0D0F86450D0F88CB0D0F8B4C0CDF8006034
S315020033B084EA010484EA050484EA0B0484EA0C0420
S315020033C083EA0406D0F81830D0F84010D0F86850D6
S315020033D0D0F890B0D0F8B8C0CDF80C6083EA0103FB
S315020033E083EA050383EA0B0383EA0C0387EA0302F3
S315020033F0D0F80070D0F82810D0F85050D0F878B035
S31502003400D0F8A0C087EA010787EA050787EA0B0713
S3150200341087EA0C0787EAF47AD0F81C40D0F8441001
S31502003420D0F86C50D0F894B0D0F8BCC084EA01044D
S3150200343084EA050484EA0B0484EA0C0484EA070E8F
S31502003440D0F80870D0F83010D0F85850D0F880B0C4
S31502003450D0F8A8C087EA010787EA050787EA0B07BB
S3150200346087EA0C0787EAF476D0F82440D0F84C10A5
S31502003470D0F87450D0F89CB0D0F8C4C0CDF8106023
S3150200348084EA010484EA050484EA0B0484EA0C044F
S3150200349084EA0708D0F81070D0F83810D0F86050D7
S315020034A0D0F888B0D0F8B0C0CDF8048087EA01071A
S315020034B087EA050787EA0B0787EA0C0787EAF479A2
S315020034C0D0F80440D0F82C10D0F85450D0F87CB084
S315020034D0D0F8A4C0CDF8089084EA010484EA050471
S315020034E084EA0B0484EA0C0484EA070B83EAF47C7C
S315020034F0D0F81830D0F84840D0F85450D0F884604C
S31502003500D0F8B470C0F8541089EA03038CEA0404B4
S3150200351088EA05058BEA060682EA070725EA346188
S3150200352081EA3351C0F8541026EA755181EA7431A2
S31502003530C0F8841027EA362181EA7571C0F8B41002
S3150200354023EAF73181EAF651C0F8181024EA3371FA
S3150200355081EAF721D0F80830D0F83C40D0F868501C
S31502003560D0F89C60D0F8A470C0F848108AEA030329
S3150200357082EA040489EA05058EEA060688EA07074E
S3150200358025EA742181EA3331C0F8A41026EA3561AE
S3150200359081EA7401C0F8081027EA761181EA75718A
S315020035A0C0F83C1023EAF75181EA3671C0F8681078
S315020035B024EAF30181EAB761DDF80080D0F824300D
S315020035C0D0F82840D0F85850D0F88C60D0F8B870AF
S315020035D0C0F89C108EEA030388EA04048AEA050509
S315020035E082EA060689EA070725EAF44181EAF351E7
S315020035F0C0F8281026EAF50181EAB451C0F858103D
S3150200360027EA365181EAF551C0F88C1023EAB74110
S3150200361081EAB611C0F8B81024EA331181EAB7512B
S31502003620D0F81430D0F84040D0F87050D0F8786016
S31502003630D0F8AC70C0F8241082EA030389EA0404C5
S315020036408CEA050588EA06068BEA070725EA34614D
S3150200365081EA3351C0F8781026EA750181EA74616D
S31502003660C0F8AC1027EA763181EAB531C0F81410F9
S3150200367023EAB77181EAF621C0F8401024EA3371D1
S3150200368081EAB761DDF80C90D0F80030046B456E24
S31502003690D0F89460D0F8C070C0F8701088EA0303BE
S315020036A08AEA040482EA050589EA06068CEA07071D
S315020036B026EA755181EA7451C0F8301027EA36714C
S315020036C081EA7541C0F8641023EA776181EA76518E
S315020036D0C0F8941024EAB35181EAF731C0F8C01059
S315020036E025EA040505990C6883EAB52384EA0301F1
S315020036F0DDF81020D0F81C30D0F84C40D0F85050ED
S31502003700D0F88060D0F8B070C0F8001089EA0303E0
S315020037108EEA040488EA05058AEA060682EA0707AB
S3150200372025EAF45181EAF341C0F8501026EA7551B0
S3150200373081EA3431C0F8801027EA362181EA7571B0
S31502003740C0F8B01023EA374181EA3661C0F81C108E
S3150200375024EA337181EA3731D0F80C30D0F8384098
S31502003760D0F86C50D0F89860D0F8A070C0F84C1021
S315020037708BEA030382EA040489EA05058CEA060653
S3150200378088EA070725EAB42181EA3331C0F8A01096
S3150200379026EAF55181EA7401C0F80C1027EA76117F
S315020037A081EA3571C0F8381023EA376181EA767109
S315020037B0C0F86C1024EAB30181EAB761DDF804802F
S315020037C0D0F82030D0F82C40D0F85C50D0F8886081
S315020037D0D0F8BC70C0F898108CEA030388EA040497
S315020037E08BEA050582EA060689EA070725EAF44115
S315020037F081EA3361C0F82C1026EAB50181EA7451D8
S31502003800C0F85C1027EA765181EAF551C0F88810B3
S3150200381023EA774181EAB611C0F8BC1024EA731193
S3150200382081EAB751D0F81030D0F84440D0F874503D
S31502003830D0F87C60D0F8A870C0F8201082EA0303A2
S3150200384089EA04048EEA050588EA06068AEA070773
S3150200385025EA346181EA7351C0F87C1026EA7501C3
S3150200386081EA7461C0F8A81027EA363181EA753117
S31502003870C0F8101023EAB77181EAB621C0F84410E5
S3150200388024EA737181EAF761DDF80890D0F8043012
S31502003890446B056ED0F89060D0F8C470C0F874100E
S315020038A088EA03038BEA040482EA050589EA060626
S315020038B08EEA070726EA755181EA3451C0F83410B8
S315020038C027EA767181EAB541C0F8601023EA77618A
S315020038D081EAB651C0F8901024EAB35181EAF73171
S315020038E0C0F8C41025EAF47505994C6883EAF523F5
S315020038F084EA030ED0F8C030D0F84810D0F89850B9
S31502003900D0F824B0D0F874C0C0F804E083EA3133AA
S3150200391083EAF54383EA3B1383EABC63D0F8347047
S31502003920D0F88010D0F80850D0F85CB0D0F8ACC00F
S3150200393087EA315787EAB51787EAFB0787EABC5752
S315020039404FEAB32383EA7756D0F86040D0F8B01036
S31502003950D0F83C50D0F888B0D0F814C0CDF800604A
S3150200396084EA712484EAB57484EAFB2484EABC14EA
S3150200397083EA7466D0F89430D0F81810D0F86C50F8
S31502003980D0F8B8B0D0F844C0CDF80C6083EAB143A1
S3150200399083EAF57383EABB4383EA7C0383EAB7527D
S315020039A0D0F80070D0F85410D0F8A050D0F828B053
S315020039B0D0F87CC087EAB17787EAF54787EAFB67E2
S315020039C087EA3C3787EA346AD0F89040D0F81C1070
S315020039D0D0F86850D0F8BCB0D0F840C084EAB14400
S315020039E084EA050484EAFB4484EA7C0484EA070E3A
S315020039F0D0F83070D0F88410D0F80C50D0F858B007
S31502003A00D0F8A8C087EA315787EAF51787EAFB0795
S31502003A1087EABC574FEA775787EAF476D0F8C4406C
S31502003A20D0F84C10D0F89C50D0F820B0D0F870C026
S31502003A30CDF8106084EA313484EAF54484EA3B1412
S31502003A4084EAFC6487EAB428D0F86470D0F8B4102B
S31502003A50D0F83850D0F88CB0D0F810C0CDF8048029
S31502003A6087EA312787EAB57787EAFB2787EABC1711
S31502003A704FEA776787EA7429D0F80440D0F85010E5
S31502003A80D0F8A450D0F82CB0D0F878C0CDF8089071
S31502003A9084EAF17484EA355484EAFB6484EA7C3469
S31502003AA084EA070B83EAF47CD0F89430D0F84840D5
S31502003AB0D0F8A450D0F85C60D0F81470C0F8A41006
S31502003AC089EA03038CEAB45488EA35558BEA7666AA
S31502003AD082EAF77725EA346181EA3351C0F8A41005
S31502003AE026EA755181EA7431C0F85C1027EA36215C
S31502003AF081EA7571C0F8141023EAF73181EAF651AA
S31502003B00C0F8941024EA337181EAF721D0F83030F4
S31502003B10D0F8B040D0F86C50D0F82060D0F8787069
S31502003B20C0F848108AEA735382EAB40489EAF57542
S31502003B308EEAB63688EA773725EA742181EA333186
S31502003B40C0F8781026EA356181EA7401C0F83010AF
S31502003B5027EA761181EA7571C0F8B01023EAF751A7
S31502003B6081EA3671C0F86C1024EAF30181EAB76182
S31502003B70DDF80080D0F8C430D0F85440D0F80C50AC
S31502003B80D0F88860D0F84470C0F820108EEAB323CB
S31502003B9088EAB4748AEA357582EA361689EA7707BC
S31502003BA025EAF44181EAF351C0F8541026EAF501F8
S31502003BB081EAB451C0F80C1027EA365181EAF55170
S31502003BC0C0F8881023EAB74181EAB611C0F844105A
S31502003BD024EA331181EAB751D0F86030D0F81840A0
S31502003BE0D0F89850D0F82860D0F8AC70C0F8C4105D
S31502003BF082EA736389EAB4448CEA757588EAF666E2
S31502003C008BEA373725EA346181EA3351C0F8281046
S31502003C1026EA750181EA7461C0F8AC1027EA7631AA
S31502003C2081EAB531C0F8601023EAB77181EAF6215C
S31502003C30C0F8181024EA337181EAB761DDF80C90F6
S31502003C40D0F80030D0F88440C56BD0F8BC60476F1E
S31502003C50C0F8981088EA03038AEA742482EAF555C2
S31502003C6089EAF6468CEA371726EA755181EA7451D3
S31502003C70C0F8841027EA367181EA7541C0F83C1013
S31502003C8023EA776181EA7651C0F8BC1024EAB3517F
S31502003C9081EAF731C0F8741025EA040505998C68A3
S31502003CA083EAB52384EA0301DDF81020D0F89030C8
S31502003CB0D0F84C40D0F8A050D0F85860D0F8107028
S31502003CC0C0F8001089EA03038EEAB45488EAF5457F
S31502003CD08AEA366682EAF77725EAF45181EAF341FF
S31502003CE0C0F8A01026EA755181EA3431C0F858109E
S31502003CF027EA362181EA7571C0F8101023EA3741A6
S31502003D0081EA3661C0F8901024EA337181EA3731CC
S31502003D10D0F83430D0F8B440D0F86850D0F82460E7
S31502003D20D0F87C70C0F84C108BEAB35382EA740464
S31502003D3089EA05058CEAB63688EA373725EAB421D8
S31502003D4081EA3331C0F87C1026EAF55181EA740122
S31502003D50C0F8341027EA761181EA3571C0F8B4103A
S31502003D6023EA376181EA7671C0F8681024EAB30162
S31502003D7081EAB761DDF80480D0F8C030D0F850404F
S31502003D80D0F80850D0F88C60D0F84070C0F82410F3
S31502003D908CEAB32388EAF4748BEA357582EA36161E
S31502003DA089EA770725EAF44181EA3361C0F85010BF
S31502003DB026EAB50181EA7451C0F8081027EA76515D
S31502003DC081EAF551C0F88C1023EA774181EAB611EF
S31502003DD0C0F8401024EA731181EAB751D0F8643072
S31502003DE0D0F81C40D0F89C50D0F82C60D0F8A870BF
S31502003DF0C0F8C01082EA736389EAB4448EEA757524
S31502003E0088EAF6668AEAF72725EA346181EA735177
S31502003E10C0F82C1026EA750181EA7461C0F8A81070
S31502003E2027EA363181EA7531C0F8641023EAB771A0
S31502003E3081EAB621C0F81C1024EA737181EAF7619F
S31502003E40DDF80890D0F80430D0F88040856BD0F8C1
S31502003E50B860076FC0F89C1088EA03038BEAB424A3
S31502003E6082EAF55589EAB6468EEA771726EA755149
S31502003E7081EA3451C0F8801027EA767181EAB541A9
S31502003E80C0F8381023EA776181EAB651C0F8B81053
S31502003E9024EAB35181EAF731C0F8701025EAF475C5
S31502003EA00599CC6883EAF52384EA030ED0F87430C8
S31502003EB0D0F84810D0F82450D0F8C4B0D0F89CC03E
S31502003EC0C0F804E083EA313383EAF54383EA3B131D
S31502003ED083EABC63D0F88070D0F85810D0F830501E
S31502003EE0D0F808B0D0F8ACC087EA315787EAB517E0
S31502003EF087EAFB0787EABC574FEAB32383EA77567A
S31502003F00D0F83840D0F81010D0F8B050D0F88CB0B5
S31502003F10D0F860C0CDF8006084EA712484EAB574F2
S31502003F2084EAFB2484EABC1483EA7466D0F8BC30C3
S31502003F30D0F89410D0F86850D0F844B0D0F81CC02D
S31502003F40CDF80C6083EAB14383EAF57383EABB4397
S31502003F5083EA7C0383EAB752D0F80070D0F8A41043
S31502003F60D0F87C50D0F854B0D0F82CC087EAB1779C
S31502003F7087EAF54787EAFB6787EA3C3787EA346AC6
S31502003F80D0F8B840D0F89010D0F86C50D0F840B0C5
S31502003F90D0F818C084EAB14484EA050484EAFB44F2
S31502003FA084EA7C0484EA070ED0F88470D0F85C10A8
S31502003FB0D0F83450D0F80CB0D0F8A8C087EA315700
S31502003FC087EAF51787EAFB0787EABC574FEA77576E
S31502003FD087EAF476D0F87040D0F84C10D0F820502A
S31502003FE0D0F8C0B0D0F898C0CDF8106084EA313469
S31502003FF084EAF54484EA3B1484EAFC6487EAB4283A
S31502004000D0F83C70D0F81410D0F8B450D0F888B07C
S31502004010D0F864C0CDF8048087EA312787EAB577FD
S3150200402087EAFB2787EABC174FEA776787EA74298C
S31502004030D0F80440D0F8A010D0F87850D0F850B09C
S31502004040D0F828C0CDF8089084EAF17484EA355491
S3150200405084EAFB6484EA7C3484EA070B83EAF47C10
S31502004060D0F8BC30D0F84840D0F87850D0F8086084
S31502004070D0F86070C0F8781089EA03038CEAB45469
S3150200408088EA35558BEA766682EAF77725EA34615D
S3150200409081EA3351C0F8781026EA755181EA743103
S315020040A0C0F8081027EA362181EA7571C0F8601057
S315020040B023EAF73181EAF651C0F8BC1024EA3371DB
S315020040C081EAF721D0F88430D0F81040D0F8685051
S315020040D0D0F8C060D0F82870C0F848108AEA735346
S315020040E082EAB40489EAF5758EEAB63688EA773743
S315020040F025EA742181EA3331C0F8281026EA3561AF
S3150200410081EA7401C0F8841027EA761181EA757192
S31502004110C0F8101023EAF75181EA3671C0F8681028
S3150200412024EAF30181EAB761DDF80080D0F8703045
S31502004130D0F8A440D0F83450D0F88C60D0F81C7077
S31502004140C0F8C0108EEAB32388EAB4748AEA3575D9
S3150200415082EA361689EA770725EAF44181EAF351BB
S31502004160C0F8A41026EAF50181EAB451C0F8341069
S3150200417027EA365181EAF551C0F88C1023EAB74195
S3150200418081EAB611C0F81C1024EA331181EAB7514C
S31502004190D0F83830D0F89440D0F82450D0F8546093
S315020041A0D0F8AC70C0F8701082EA736389EAB4443E
S315020041B08CEA757588EAF6668BEA373725EA346142
S315020041C081EA3351C0F8541026EA750181EA746116
S315020041D0C0F8AC1027EA763181EAB531C0F838105A
S315020041E023EAB77181EAF621C0F8941024EA337102
S315020041F081EAB761DDF80C90D0F80030C46DD0F8D2
S31502004200B050066CD0F89C70C0F8241088EA0303FC
S315020042108AEA742482EAF55589EAF6468CEA371761
S3150200422026EA755181EA7451C0F85C1027EA3671A4
S3150200423081EA7541C0F8B01023EA776181EA7651C6
S31502004240C0F8401024EAB35181EAF731C0F89C1055
S3150200425025EA040505990C6983EAB52384EA030174
S31502004260DDF81020D0F8B830D0F84C40D0F87C50A9
S31502004270D0F80C60D0F86470C0F8001089EA030325
S315020042808EEAB45488EAF5458AEA366682EAF77710
S3150200429025EAF45181EAF341C0F87C1026EA755109
S315020042A081EA3431C0F80C1027EA362181EA7571A9
S315020042B0C0F8641023EA374181EA3661C0F8B810C3
S315020042C024EA337181EA3731D0F88030D0F81440CD
S315020042D0D0F86C50D0F8C460D0F82C70C0F84C10EE
S315020042E08BEAB35382EA740489EA05058CEAB63688
S315020042F088EA373725EAB42181EA3331C0F82C102F
S3150200430026EAF55181EA7401C0F8801027EA76118F
S3150200431081EA3571C0F8141023EA376181EA7671B1
S31502004320C0F86C1024EAB30181EAB761DDF80480B3
S31502004330D0F87430D0F8A040D0F83050D0F8886069
S31502004340D0F81870C0F8C4108CEAB32388EAF47463
S315020043508BEA357582EA361689EA770725EAF44149
S3150200436081EA3361C0F8A01026EAB50181EA7451E8
S31502004370C0F8301027EA765181EAF551C0F8881064
S3150200438023EA774181EAB611C0F8181024EA7311BC
S3150200439081EAB751D0F83C30D0F89040D0F820509E
S315020043A0D0F85060D0F8A870C0F8741082EA73632F
S315020043B089EAB4448EEA757588EAF6668AEAF727C8
S315020043C025EA346181EA7351C0F8501026EA750174
S315020043D081EA7461C0F8A81027EA363181EA75319C
S315020043E0C0F83C1023EAB77181EAB621C0F89010F2
S315020043F024EA737181EAF761DDF80890D0F8043097
S31502004400846DD0F8B450466CD0F89870C0F820107D
S3150200441088EA03038BEAB42482EAF55589EAB646AA
S315020044208EEA771726EA755181EA3451C0F8581098
S3150200443027EA767181EAB541C0F8B41023EA7761BA
S3150200444081EAB651C0F8441024EAB35181EAF73141
S31502004450C0F8981025EAF47505994C6983EAF523A4
S3150200446084EA030ED0F89C30D0F84810D0F8C45035
S31502004470D0F870B0D0F820C0C0F804E083EA313337
S3150200448083EAF54383EA3B1383EABC63D0F85870A8
S31502004490D0F80C10D0F88450D0F830B0D0F8ACC0B8
S315020044A087EA315787EAB51787EAFB0787EABC57D7
S315020044B04FEAB32383EA7756D0F8B440D0F86410B3
S315020044C0D0F81050D0F888B0D0F838C0CDF80060D7
S315020044D084EA712484EAB57484EAFB2484EABC146F
S315020044E083EA7466D0F84030D0F8BC10D0F86C502D
S315020044F0D0F81CB0D0F890C0CDF80C6083EAB14376
S3150200450083EAF57383EABB4383EA7C0383EAB75201
S31502004510D0F80070D0F87810D0F82C50D0F8A4B0AB
S31502004520D0F850C087EAB17787EAF54787EAFB6792
S3150200453087EA3C3787EA346AD0F84440D0F8B810A4
S31502004540D0F86850D0F818B0D0F894C084EAB144D4
S3150200455084EA050484EAFB4484EA7C0484EA070EBE
S31502004560D0F85C70D0F80810D0F88050D0F834B08B
S31502004570D0F8A8C087EA315787EAF51787EAFB071A
S3150200458087EABC574FEA775787EAF476D0F898401D
S31502004590D0F84C10D0F8C050D0F874B0D0F824C07F
S315020045A0CDF8106084EA313484EAF54484EA3B1497
S315020045B084EAFC6487EAB428D0F8B070D0F86010B8
S315020045C0D0F81450D0F88CB0D0F83CC0CDF80480A6
S315020045D087EA312787EAB57787EAFB2787EABC1796
S315020045E04FEA776787EA7429D0F80440D0F87C103E
S315020045F0D0F82850D0F8A0B0D0F854C0CDF8089022
S3150200460084EAF17484EA355484EAFB6484EA7C34ED
S3150200461084EA070B83EAF47CD0F84030D0F84840AD
S31502004620D0F82850D0F83060D0F83870C0F828108A
S3150200463089EA03038CEAB45488EA35558BEA76662E
S3150200464082EAF77725EA346181EA33514FEAB1719A
S31502004650C0F8281026EA755181EA74314FEA7121B1
S31502004660C0F8301027EA362181EA75714FEA7101E6
S31502004670C0F8381023EAF73181EAF6514FEAB14120
S31502004680C0F8401024EA337181EAF7214FEAB151AA
S31502004690D0F85C30D0F86440D0F86C50D0F8746032
S315020046A0D0F85470C0F848108AEA735382EAB40408
S315020046B089EAF5758EEAB63688EA773725EA7421ED
S315020046C081EA33314FEA3151C0F8541026EA356196
S315020046D081EA74014FEA3171C0F85C1027EA76115B
S315020046E081EA75714FEAF151C0F8641023EAF75175
S315020046F081EA3671C0F86C1024EAF30181EAB761E7
S315020047004FEA7171DDF80080D0F89830D0F8784021
S31502004710D0F88050D0F88860D0F89070C0F8741045
S315020047208EEAB32388EAB4748AEA357582EA3616C3
S3150200473089EA770725EAF44181EAF3514FEAF16102
S31502004740C0F8781026EAF50181EAB4514FEA3161E0
S31502004750C0F8801027EA365181EAF5514FEA311145
S31502004760C0F8881023EAB74181EAB6114FEAB1418F
S31502004770C0F8901024EA331181EAB7514FEAB131F9
S31502004780D0F8B430D0F8BC40D0F8C450D0F8A46009
S31502004790D0F8AC70C0F8981082EA736389EAB44420
S315020047A08CEA757588EAF6668BEA373725EA34614C
S315020047B081EA33514FEA7131C0F8A41026EA750135
S315020047C081EA74614FEA3131C0F8AC1027EA7631DA
S315020047D081EAB5314FEAF171C0F8B41023EAB77134
S315020047E081EAF6214FEA7101C0F8BC1024EA33715E
S315020047F081EAB7614FEA7111DDF80C90D0F800300A
S31502004800846805698669076AC0F8C41088EA0303E2
S315020048108AEA742482EAF55589EAF6468CEA37175B
S3150200482026EA755181EA74514FEA7151C0F80810AF
S3150200483027EA367181EA75414FEA7161C0F81010B4
S3150200484023EA776181EA7651C0F8181024EAB35157
S3150200485081EAF7314FEAB121C0F8201025EA0405B2
S3150200486005998C6983EAB52384EA0301DDF81020F1
S31502004870D0F84430D0F84C40D0F82C50D0F8346000
S31502004880D0F83C70C0F8001089EA03038EEAB454EB
S3150200489088EAF5458AEA366682EAF77725EAF45126
S315020048A081EAF3414FEAF171C0F82C1026EA7551FC
S315020048B081EA34314FEAB121C0F8341027EA3621B1
S315020048C081EA75714FEAB101C0F83C1023EA37411B
S315020048D081EA36614FEAB141C0F8441024EA3371E5
S315020048E081EA37314FEAB151D0F85830D0F86040FA
S315020048F0D0F86850D0F87060D0F85070C0F84C10FC
S315020049008BEAB35382EA740489EA05058CEAB63661
S3150200491088EA373725EAB42181EA33314FEAF14191
S31502004920C0F8501026EAF55181EA74014FEA317156
S31502004930C0F8581027EA761181EA35714FEAF1512B
S31502004940C0F8601023EA376181EA76714FEAF171A5
S31502004950C0F8681024EAB30181EAB7614FEA7171BF
S31502004960DDF80480D0F89C30D0F87C40D0F8845032
S31502004970D0F88C60D0F89470C0F870108CEAB3232B
S3150200498088EAF4748BEA357582EA361689EA77077D
S3150200499025EAF44181EA33614FEAF161C0F87C10FD
S315020049A026EAB50181EA74514FEA7161C0F88410B2
S315020049B027EA765181EAF5514FEA3111C0F88C1097
S315020049C023EA774181EAB6114FEAF141C0F8941021
S315020049D024EA731181EAB7514FEAB131D0F8B03007
S315020049E0D0F8B840D0F8C050D0F8A060D0F8A8707F
S315020049F0C0F89C1082EA736389EAB4448EEA75753C
S31502004A0088EAF6668AEAF72725EA346181EA73516B
S31502004A104FEA3131C0F8A01026EA750181EA7461C5
S31502004A204FEAF121C0F8A81027EA363181EA75313A
S31502004A304FEAF171C0F8B01023EAB77181EAB621E4
S31502004A404FEA7101C0F8B81024EA737181EAF7617E
S31502004A504FEA3111DDF80890D0F80430C468456990
S31502004A60C669476AC0F8C01088EA03038BEAB42411
S31502004A7082EAF55589EAB6468EEA771726EA75512D
S31502004A8081EA34514FEAB151C0F80C1027EA767127
S31502004A9081EAB5414FEA7161C0F8141023EA7761E1
S31502004AA081EAB651C0F81C1024EAB35181EAF73103
S31502004AB04FEAB121C0F8241025EAF4750599CC69AC
S31502004AC051F8207F0591FF2F83EAF52384EA03013B
S31502004AD0C0F804107EF43AAC06B0BDE8F09F00BF01
S31502004AE02DE9F04F82B00090FBF787FBDDF80080DE
S31502004AF088E8FF0002B0BDE8F08F70472DE9F04F5D
S31502004B0090ED001F90ED043F0024002500260027AB
S31502004B105FF000085FF000095FF0000A5FF0000B2B
S31502004B20A1FE224EB1FE226EC1FE228ED1FE22AE21
S31502004B30A1FE224EB1FE226EC1FE228ED1FE22AE11
S31502004B40A1FE224EB1FE226EC1FE228ED1FE22AE01
S31502004B50A1FE224EB1FE226EC1FE228ED1FE22AEF1
S31502004B60A1FE224EB1FE226EC1FE228ED1FE22AEE1
S31502004B70A1FE224EB1FE226EC1FE228ED1FE22AED1
S31502004B80A1FE224EB1FE226EC1FE228ED1FE22AEC1
S31502004B90A1FE224EB1FE226EC1FE228ED1FE22AEB1
S31502004BA0A1FE224EB1FE226EC1FE228ED1FE22AEA1
S31502004BB0A1FE224EB1FE226EC1FE228ED1FE22AE91
S31502004BC0A1FE224EB1FE226EC1FE228ED1FE22AE81
S31502004BD0A1FE224EB1FE226EC1FE228ED1FE22AE71
S31502004BE0A1FE224EB1FE226EC1FE228ED1FE22AE61
S31502004BF0A1FE224EB1FE226EC1FE228ED1FE22AE51
S31502004C00A1FE224EB1FE226EC1FE228ED1FE22AE40
S31502004C10A1FE224EB1FE226EC1FE228ED1FE22AE30
S31502004C203444444454440462BDE8F08F2DE9F04F05
S31502004C3090ED001F90ED043F00240025A1FE224EB8
S31502004C40A1FE224EA1FE224EA1FE224EA1FE224E20
S31502004C50A1FE224EA1FE224EA1FE224EA1FE224E10
S31502004C60A1FE224EA1FE224EA1FE224EA1FE224E00
S31502004C70A1FE224EA1FE224EA1FE224EA1FE224EF0
S31502004C80A1FE224EA1FE224EA1FE224EA1FE224EE0
S31502004C90A1FE224EA1FE224EA1FE224EA1FE224ED0
S31502004CA0A1FE224EA1FE224EA1FE224EA1FE224EC0
S31502004CB0A1FE224EA1FE224EA1FE224EA1FE224EB0
S31502004CC0A1FE224EA1FE224EA1FE224EA1FE224EA0
S31502004CD0A1FE224EA1FE224EA1FE224EA1FE224E90
S31502004CE0A1FE224EA1FE224EA1FE224EA1FE224E80
S31502004CF0A1FE224EA1FE224EA1FE224EA1FE224E70
S31502004D00A1FE224EA1FE224EA1FE224EA1FE224E5F
S31502004D10A1FE224EA1FE224EA1FE224EA1FE224E4F
S31502004D20A1FE224EA1FE224EA1FE224EA1FE224E3F
S31502004D30A1FE224EA1FE224EA1FE224E0462BDE833
S31502004D40F08F2DE9F04F90ED001F90ED043F90EDAE
S31502004D50085F90ED0C7F90ED101F90ED143F90EDE3
S31502004D60185F90ED1C7F90ED201F90ED243F90ED93
S31502004D70285F90ED2C7F90ED301F90ED343F90ED43
S31502004D80385F90ED3C7F90ED401F90ED443F90EDF3
S31502004D90485F90ED4C7F90ED501F90ED543F90EDA3
S31502004DA0585F90ED5C7F90ED601F90ED643F90ED53
S31502004DB0685F90ED6C7F90ED001F90ED043F90EDE3
S31502004DC0085F90ED0C7F90ED101F90ED143F90ED73
S31502004DD0185F90ED1C7F90ED201F90ED243F90ED23
S31502004DE0285F90ED2C7F90ED301F90ED343F90EDD3
S31502004DF0385F90ED3C7F90ED401F90ED443F90ED83
S31502004E00485F90ED4C7F90ED501F90ED543F90ED32
S31502004E10585F90ED5C7F90ED601F90ED643F90EDE2
S31502004E20685F90ED6C7F90ED001F90ED043F90ED72
S31502004E30085F90ED0C7F90ED101F90ED143F90ED02
S31502004E40185F90ED1C7FBDE8F08F2DE9F04F90EDD5
S31502004E50001F90ED043F21FE024E21FE026E21FE4E
S31502004E60024E21FE026E21FE024E21FE026E21FE3E
S31502004E70024E21FE026E21FE024E21FE026E21FE2E
S31502004E80024E21FE026E21FE024E21FE026E21FE1E
S31502004E90024E21FE026E21FE024E21FE026E21FE0E
S31502004EA0024E21FE026E21FE024E21FE026E21FEFE
S31502004EB0024E21FE026E21FE024E21FE026E21FEEE
S31502004EC0024E21FE026E21FE024E21FE026E21FEDE
S31502004ED0024E21FE026E21FE024E21FE026E21FECE
S31502004EE0024E21FE026E21FE024E21FE026E21FEBE
S31502004EF0024E21FE026E21FE024E21FE026E21FEAE
S31502004F00024E21FE026E21FE024E21FE026E21FE9D
S31502004F10024E21FE026E21FE024E21FE026E21FE8D
S31502004F20024E21FE026E21FE024E21FE026E21FE7D
S31502004F30024E21FE026E21FE024E21FE026E21FE6D
S31502004F40024E21FE026E21FE024E21FE026E21FE5D
S31502004F50024E21FE026E80ED105FBDE8F08F2DE954
S31502004F60F04F0268436800240025002600275FF000
S31502004F7000085FF000095FF0000A5FF0000BE2FB39
S31502004F806345E2FB6367E2FB6389E2FB63ABE2FB39
S31502004F906345E2FB6367E2FB6389E2FB63ABE2FB29
S31502004FA06345E2FB6367E2FB6389E2FB63ABE2FB19
S31502004FB06345E2FB6367E2FB6389E2FB63ABE2FB09
S31502004FC06345E2FB6367E2FB6389E2FB63ABE2FBF9
S31502004FD06345E2FB6367E2FB6389E2FB63ABE2FBE9
S31502004FE06345E2FB6367E2FB6389E2FB63ABE2FBD9
S31502004FF06345E2FB6367E2FB6389E2FB63ABE2FBC9
S315020050006345E2FB6367E2FB6389E2FB63ABE2FBB8
S315020050106345E2FB6367E2FB6389E2FB63ABE2FBA8
S315020050206345E2FB6367E2FB6389E2FB63ABE2FB98
S315020050306345E2FB6367E2FB6389E2FB63ABE2FB88
S315020050406345E2FB6367E2FB6389E2FB63ABE2FB78
S315020050506345E2FB6367E2FB6389E2FB63ABE2FB68
S315020050606345E2FB6367E2FB6389E2FB63ABE2FB58
S315020050706345E2FB6367E2FB6389E2FB63AB3444AD
S31502005080444454440462BDE8F08F2DE9F04F90ED9C
S31502005090001F046990ED083F056B90ED101F046D2B
S315020050A090ED183F056F90ED201FD0F8904090EDDF
S315020050B0283FD0F8B05090ED301FD0F8D04090ED98
S315020050C0383FD0F8F05090ED401FD0F8104190EDE7
S315020050D0483FD0F8305190ED501FD0F8504190ED36
S315020050E0583FD0F8705190ED601FD0F8904190ED86
S315020050F0683FD0F8B05190ED001F046990ED083F6B
S31502005100056B90ED101F046D90ED183F056F90ED45
S31502005110201FD0F8904090ED283FD0F8B05090ED87
S31502005120301FD0F8D04090ED383FD0F8F05090EDD7
S31502005130401FD0F8104190ED483FD0F8305190ED25
S31502005140501FD0F8504190ED583FD0F8705190ED75
S31502005150601FD0F8904190ED683FD0F8B05190EDC5
S31502005160001F046990ED083F056B90ED101F046D5A
S3150200517090ED183F056F2C440464BDE8F08F2DE9CD
S31502005180F04F82B000908C469CE8FF00FBF715F9C1
S31502005190DDF8008088E8FF0002B0BDE8F08F2DE957
S315020051A0F04F90ED001F90ED043F00240025A0FE75
S315020051B0224EA0FE224EA0FE224EA0FE224EA0FEAF
S315020051C0224EA0FE224EA0FE224EA0FE224EA0FE9F
S315020051D0224EA0FE224EA0FE224EA0FE224EA0FE8F
S315020051E0224EA0FE224EA0FE224EA0FE224EA0FE7F
S315020051F0224EA0FE224EA0FE224EA0FE224EA0FE6F
S31502005200224EA0FE224EA0FE224EA0FE224EA0FE5E
S31502005210224EA0FE224EA0FE224EA0FE224EA0FE4E
S31502005220224EA0FE224EA0FE224EA0FE224EA0FE3E
S31502005230224EA0FE224EA0FE224EA0FE224EA0FE2E
S31502005240224EA0FE224EA0FE224EA0FE224EA0FE1E
S31502005250224EA0FE224EA0FE224EA0FE224EA0FE0E
S31502005260224EA0FE224EA0FE224EA0FE224EA0FEFE
S31502005270224EA0FE224EA0FE224EA0FE224EA0FEEE
S31502005280224EA0FE224EA0FE224EA0FE224EA0FEDE
S31502005290224EA0FE224EA0FE224EA0FE224EA0FECE
S315020052A0224EA0FE224EA0FE224EA0FE224E0462F6
S315020052B0BDE8F08F2DE9F04F2DED108BBDEC108B74
S315020052C02DED108BBDEC108B2DED108BBDEC108BE4
S315020052D02DED108BBDEC108B2DED108BBDEC108BD4
S315020052E02DED108BBDEC108B2DED108BBDEC108BC4
S315020052F02DED108BBDEC108B2DED108BBDEC108BB4
S315020053002DED108BBDEC108B2DED108BBDEC108BA3
S315020053102DED108BBDEC108B2DED108BBDEC108B93
S315020053202DED108BBDEC108B2DED108BBDEC108B83
S315020053302DED108BBDEC108B2DED108BBDEC108B73
S315020053402DED108BBDEC108B2DED108BBDEC108B63
S315020053502DED108BBDEC108B2DED108BBDEC108B53
S315020053602DED108BBDEC108B2DED108BBDEC108B43
S315020053702DED108BBDEC108B2DED108BBDEC108B33
S315020053802DED108BBDEC108B2DED108BBDEC108B23
S315020053902DED108BBDEC108B2DED108BBDEC108B13
S315020053A02DED108BBDEC108B2DED108BBDEC108B03
S315020053B02DED108BBDEC108BBDE8F08F2DE9F04F73
S315020053C02DE9F00FBDE8F00F2DE9F00FBDE8F00F63
S315020053D02DE9F00FBDE8F00F2DE9F00FBDE8F00F53
S315020053E02DE9F00FBDE8F00F2DE9F00FBDE8F00F43
S315020053F02DE9F00FBDE8F00F2DE9F00FBDE8F00F33
S315020054002DE9F00FBDE8F00F2DE9F00FBDE8F00F22
S315020054102DE9F00FBDE8F00F2DE9F00FBDE8F00F12
S315020054202DE9F00FBDE8F00F2DE9F00FBDE8F00F02
S315020054302DE9F00FBDE8F00F2DE9F00FBDE8F00FF2
S315020054402DE9F00FBDE8F00F2DE9F00FBDE8F00FE2
S315020054502DE9F00FBDE8F00F2DE9F00FBDE8F00FD2
S315020054602DE9F00FBDE8F00F2DE9F00FBDE8F00FC2
S315020054702DE9F00FBDE8F00F2DE9F00FBDE8F00FB2
S315020054802DE9F00FBDE8F00F2DE9F00FBDE8F00FA2
S315020054902DE9F00FBDE8F00F2DE9F00FBDE8F00F92
S315020054A02DE9F00FBDE8F00F2DE9F00FBDE8F00F82
S315020054B02DE9F00FBDE8F00F2DE9F00FBDE8F00F72
S315020054C0BDE8F08F2DE9F04F0DA393ED001F93ED8C
S315020054D0043FA1FE024EC0E9004593ED085FA5FE1A
S315020054E0044EC0E9024521FE026E80ED047F21FED4
S315020054F0027E80ED087FBDE8F08F00BFAFF300802B
S315020055000100000002000000030000000400000089
S315020055100A00000064000000E803000010270000F3
S31502005520FFFFFFFFFFFFFFFFFFFFFFFFFFFFFFFF83
S3150200553070472DE9F04F82B00090FFF7F9FFDDF8D2
S31502005540008088E8FF0002B0BDE8F08F704700BF18
S31502005550100000222DE9F04F2DED108BEB460BF0DB
S315020055600C0CADEB0C0D84B0CDF800C08EB04FF232
S31502005570FF2C5FF824B00C9000F58071FBE806233F
S315020055805BE904455BE902674FF0080E91ED009F67
S3150200559019FE632EAEF1010E19EE625E91ED201F29
S315020055A011FE63EE91ED049F11EE621E90ED207FD7
S315020055B01FEE4C0E90ED00BF13EE4C4E16EF40E878
S315020055C01FFE65CE1AEF44281FEE64FE1AFF4448FA
S315020055D01DEE4CEE16FF40C81DFE676E12EF4EA87A
S315020055E01DEE66DE12FF4E0817EE4CCEA0EC04BF8F
S315020055F014EF4C28A1EC043F14FF4CE881ED1CFF8C
S3150200560019FE632E80ED1C1F0FF03BC019EE62FEE1
S3150200561091ED201F11EE625E90ED20DF11FE630E0A
S3150200562090ED00BF11EE4C4E13EE4CEE1CEF4428EB
S3150200563013FE650E1CFF44C813EE643E1AEF4E6855
S3150200564011EE4C2E1AFF4EE81DFE670E16EF42A80B
S315020056501DEE66DEA0EC04BF11EE4CCE16FF42280C
S3150200566080ED1C3F1EEF4C28A1EC043F1EFF4CE8C8
S3150200567081ED1CFF0C984FF0040E00BFDBE902849B
S31502005680FBE80E2A90ED189F19EE62DE90ED1C3FA4
S3150200569019FE6AEE90ED107F1FEE4CCE90ED089F3C
S315020056A017EE62FE90ED141F17FE6AAE18EF4C4815
S315020056B01BEE4CEE18FF4CA88DED08BF15EE68DE0A
S315020056C090ED009F18FF4E6815FE64AE18EF4EE887
S315020056D01BEE4CCE8DED007F11FE6A4E1EEF4C88FE
S315020056E013EE62BE1EFF4CC813FE6A2E90ED0CFF2F
S315020056F013EE4CAE5BE908571EEF4A2811EE621E06
S315020057001EFF4A6815EE4C0E90ED04FF13EE68BEBE
S315020057101EEF404813FE642E1EFF400813EE4CAEE9
S315020057208DED041F14FF4A0811EE653E14EF4AA8D8
S3150200573011FE674E5BE9064A15EE4C2E9DED08FFFB
S315020057401CFF424817EE641E1CEF42C817FE6A6E23
S3150200575080ED0C5F1FFE6A4E5BE902561FEE64FE89
S315020057605BE904A117EE4C0E9DED047F16FF40285F
S3150200577015EE4CEE16EF406817FE610E80ED08DF5F
S3150200578013EE65DE5BE90A3917EE6A5E9DED007F70
S3150200579011EE4C4E16EF4E0813FE662E16FF4EE81D
S315020057A013EE4CCE10EF442880ED103F10FF440854
S315020057B080ED141F1BEE635E1EFF4C0880ED1C1F5E
S315020057C01BFE69AE1EEF4CC81BEE4C4E80ED18DF79
S315020057D018FF440880ED041F18EF44E8A0EC20FFF0
S315020057E00FF0B5C00C994FF0080E00BF91FC013FB7
S315020057F091FC213F91FC413FB1FC613FBBECB0BE45
S3150200580016EF5A09AEF1010E18EF5AC91BEDA8BEE2
S3150200581018FF4AEB1BED909E1FEE4CCE1BED88FE49
S3150200582016FF4AAB14FF4C681BEE4C0E14EF4CA845
S3150200583016FF4E4B1BED98DE16EF588912FF406895
S3150200584015EE4C8E1BEDA0FE16EF484801ED085FE3
S3150200585016FF484801ED045F12EF400891FC013F34
S315020058601AEF5EE991FC213F1AFF4CAB91FC413FD6
S315020058701BEE4CEEB1FC613F10EF4EC8BBECB0BE66
S3150200588010FF4E0801ED1C1F16EF5A0901ED20DF2D
S315020058900FF047C018EF5AA91BEDA8FE18FF4E8B52
S315020058A01BED88DE19EE4CAE1BED909E16FF4EEBFD
S315020058B014FF4A681FEE4C0E14EF4A4816FF4CAB13
S315020058C012FF40E816EF58C912EF40681BEE4CCEA5
S315020058D01BEDA0BE1EFF4C0801ED041F14EF5AA9D2
S315020058E01BED989E14FF484B1EEF4C0815EE4CAE6E
S315020058F001ED081F16EF4A4801ED105F16FF4A88B0
S3150200590001ED0C9F0EB0DDF800C004B0E544BDEC1D
S31502005910108BBDE8F04F7047000000000000000049
S31502005920080400222DE9F04F2DED108B4FF2FF2CCB
S315020059305FF814B000F58071FBE802234FF0100EF9
S3150200594091ED001F11FE632EAEF1010E11EE62DE25
S3150200595090ED00BF13EE4CCE91ED041F1AFF4CE8FA
S31502005960A1EC04FF1AEF4CE811FE632EA0EC04FF33
S315020059700FF015C011EE621E13EE4C0E90ED003FB5
S3150200598012FF40E8A1EC04FF12EF40E8A0EC04FF8E
S31502005990A0F580704FF00201FBE806235BE904459F
S315020059A05BE902674FF0040E90ED203F13EE627E34
S315020059B0AEF1010E13FE630E90ED303F13EE62FE62
S315020059C090ED10BF13FE632E90ED00DF13EE4CEE4A
S315020059D090ED243F11EE4C6E1AFF4E0811EE669EB4
S315020059E01CEF464811FE670E1CFF466811EE4C8EF0
S315020059F01AEF4EE81FFE65AE16FF48C81FEE64FE9C
S31502005A0016EF48081BEE4CEE80ED30DF14FF4EC851
S31502005A1080ED10DF13EE627E80ED201F14EF4EA89C
S31502005A20A0EC04BF0FF03BC013FE63EE90ED305FB7
S31502005A3015EE62DE90ED103F15FE630E90ED005FEF
S31502005A4011EE4CCE1FEE4C6E12EF4CE81FFE658E29
S31502005A5014EF46081FEE64BE14FF464819EE4CAE1C
S31502005A6012FF4CC81DFE676E10FF4AE880ED10FF5C
S31502005A701DEE66FE10EF4A2817EE4CEEA0EC043F30
S31502005A8014FF4EC880ED2CDF14EF4EE880ED1CFFAC
S31502005A9000F1C00001397FF47FAFA0F500704FF02E
S31502005AA0080EFBE8068A90ED0CFF1FFE6A6E5BE9A4
S31502005AB004711FEE683E90ED04FF17EE4C2EAEF118
S31502005AC0010E00BF1EEF420811EE677E90ED089FA1
S31502005AD019EE68BE1EFF42C819FE6AEE5BE9026451
S31502005AE01FEE4CAE90ED00FF11FE618E1EFF4A08BE
S31502005AF019EE4C6E1EEF4A281DEE665E12FF4688B0
S31502005B001DFE64CE12EF46681DEE4C4EFBE8068A79
S31502005B1010FF44C85BE9047110EF44A890ED1C3FE6
S31502005B2013FE6AEE80FC017F13EE683E80FC217F45
S31502005B301FEE4C2E80FC417F90ED14FFA0FC617F8E
S31502005B400FF041C090ED089F19EE687E5BE9029561
S31502005B5019FE6A8E1EFF424819EE4C6E90ED001F2A
S31502005B6015FE658E10FF46A815EE695E10EF4668B3
S31502005B7019EE4C4E1EEF42E81FEE671E1AFF44C88E
S31502005B801FFE618E1AEF44A819EE4C0E16FF4088CE
S31502005B9016EF406880FC017F80FC217F80FC417FFC
S31502005BA0A0FC617FA0F500704FF0080E90ED0CFF8F
S31502005BB0BBECB05E1EEF54691BEDA81E1EFF40EB48
S31502005BC090ED043F1FEE4C6EAEF1010E12FF46C879
S31502005BD090ED08BF1AEF544912EF46681AFF402BA0
S31502005BE01BED909E13EE4C4E90ED003F12EF44A833
S31502005BF01CEF580912FF44481BED889E1CFF488B78
S31502005C001BEDA0FE19EE4C0E1BED983E16FF428BC5
S31502005C1014EF40C816EF5E6914FF40E819EE4C6EA9
S31502005C2090ED1C3F1AEF46889BED881E1AFF46A888
S31502005C30BBECB05E12EF546980FC019F12FF402B51
S31502005C4080FC219F13EE4C6E80FC419F90ED143F29
S31502005C50A0FC619F0FF047C090ED08DF1CEF54894E
S31502005C6012FF46A81CFF40EB12EF46681FEE4C8E51
S31502005C7090ED003F12EF48C81BEDA0FE12FF480848
S31502005C8016EF5EE91BED983E16FF422B1BED907E4A
S31502005C9013EE4CEE1BED883E1AEF56491CEF4E886A
S31502005CA01AFF422B1CFF4EA813EE4C4E10EF44C8AF
S31502005CB010FF44E880FC019F80FC219F80FC419FED
S31502005CC0A0FC619FBDEC108BBDE8F04F704700BF92
S31502005CD000080022AFF30080AFF30080AFF300802C
S31502005CE02DE9F04F2DED108B4FF2FF2C5FF820B00F
S31502005CF040F2607844F6980942F25F714FF0080E5E
S31502005D0090ED08FF1FEE687E1FFE698EAEF1010E52
S31502005D1019EE4C6E90ED0CFF1FEE689E90ED043F5F
S31502005D201FFE69CE90ED001F1DEE4C8E13FE69CE4E
S31502005D3016FF48A813EE68FE16EF48881DEE4CEED5
S31502005D4011EE687E9BED083F11FE694E9BED101F1A
S31502005D5015EE4C6E9BED145F1AEF500916EF4EC806
S31502005D601AFF44AB9BED0C5F1BEE4C0E16FF4EA8C2
S31502005D701AEF52E91CFF48281AFF444B1CEF4888C9
S31502005D8015EE4CEE9BED04DF12FF4CAB1EFF4048B6
S31502005D9014FF4CCBBBEC187F14EF5649A0EC109FB6
S31502005DA01DEE4C4E00ED045F12EF562990ED087F72
S31502005DB01BEE4C2E1EEF40A817FE698E00ED083F23
S31502005DC017EE687E00ED0CBF0FF05FC019EE4C6E49
S31502005DD090ED0CFF1FEE68DE1FFE692E13EE4CCE11
S31502005DE090ED043F13FE69EE90ED001F13EE689EE0
S31502005DF016FF4CA81FEE4C8E16EF4C2811EE687E4D
S31502005E009BED085F11FE69CE9BED10FF1DEE4C6EF9
S31502005E109BED14DF1AEF5EE916EF48081AFF4CAB4A
S31502005E209BED0CDF1BEE4CEE16FF486816EF54494D
S31502005E3010FF428816FF4C6B10EF420817EE4C4ECD
S31502005E409BED04DF18FF4CAB14FF4E6816FF4C2B7C
S31502005E50BBEC18DF16EF5C69A0EC101F13EE4C6E5C
S31502005E6000ED047F18EF5CC914EF4E6800ED0C7F5D
S31502005E701BEE4CCE00ED08DFA0F500704FF0080EC9
S31502005E8090FC017F90FC217F90FC417FB0FC617FFA
S31502005E90AEF1010E16EF484815EE61EE1AEF4C0808
S31502005EA011EE612EDBE904261AFF4CA81BEE62DE18
S31502005EB096EF52221BFE66AE96EF5EE213EE4C0E94
S31502005EC016FF48881FEE4C4EDBE902751BEE4CCEE0
S31502005ED014EF406819FE652E00ED107F19EE677EFD
S31502005EE014FF40E813EE4C6EFBE8062716FF4C083B
S31502005EF01FFE674E16EF4C281FEE62FE90FC017FD6
S31502005F0015EE4CEE90FC217F13EE614E00ED08FF7C
S31502005F1011FE67EE90FC417F11EE621E96EF54422F
S31502005F201FEE4C0EB0FC617F00ED141F15EE4C2ED9
S31502005F3000ED1C3F0FF053C016EF482813EE614EDA
S31502005F401AEF4CE81FEE610E96EF5442DBE9042786
S31502005F5015EE4C2E1AFF4C4815EE62DE96EF5002F5
S31502005F6015FE67AEDBE902591BEE4CCE16FF48481A
S31502005F7015EE65BEFBE8065811EE4CEE15FE696E8F
S31502005F8012FF4E8819EE655E19FE680E12EF4E2854
S31502005F9017EE4CAE00ED103F11EE4C4E1AFF4C2898
S31502005FA013FE688E1AEF4CA81BEE61EE00ED085F39
S31502005FB013EE655E96EF5EE219EE4C4E00ED045F5F
S31502005FC01FEE4CAE00ED0CBFA0F500704FF00201C3
S31502005FD0FBE806235BE904455BE902674FF0040E22
S31502005FE090ED001FAEF1010E90ED105F10FF44C858
S31502005FF090ED309F1DFE65AE90ED207F16FF48E8BE
S315020060001FFE672E10EF44081FEE66FE16EF488845
S3150200601013EE4CEE10FF482813EE625E10EF48882E
S315020060201DEE647EA0EC049F1BEE4C6E90ED001FED
S3150200603013FE63AE16FF4E2813EE629E16EF4E68EF
S315020060401BEE4C4E80ED0C7F13FE63EE80ED1C5F63
S315020060501FEE4C8E80ED2C9F0FF03BC090ED10BFD3
S3150200606010FF4AE81FFE652E90ED209F1FEE645E2C
S3150200607090ED30FF18FF4EC81DEE667E10EF4A08FF
S315020060801DFE67AE18EF4EC81BEE4C6E10FF4CA8F5
S315020060901BFE638E10EF4C0813EE4C4EA0EC041F51
S315020060A01BEE62FE14FF462813EE621E14EF4668CC
S315020060B013FE632E80ED0C7F19EE4CEE80ED1CFF75
S315020060C013EE4C0E80ED2C1F00F1C00001397FF457
S315020060D07FAFA0F5007000F58071FBE802234FF058
S315020060E0100E91ED005FAEF1010E00BF90ED00FFC4
S315020060F01EFF446817FE638E1EEF44E8A0EC04FF01
S3150200610017EE627E91ED045F19EE4C6EA1EC047FF0
S315020061100FF015C090ED00FF1EFF448819EE627E57
S315020061201EEF440819FE638EA0EC041F19EE4C6E96
S31502006130A1EC047FBDEC108BBDE8F04F704700BFA9
S3150200614004B58AB03CCAB1E80144A2FB006BA3FBCA
S31502006150007CE2FB6A7BCDE90067A4FB0086E3FBD9
S315020061606A8BA5FB0097E2FB6E8CE4FB6A9BE5FB60
S315020061706AB7E3FB6E9CE4FB6EBCE5FB6EC7B1E857
S315020061800144E2FB6096E3FB60B6CDE902894FF07B
S315020061900009E4FB60C6E2FB6AB951F8048BE5FB31
S315020061A06067E3FB6AC94FF00000E4FB6A69E5FB3E
S315020061B06A794FF0000AE2FB6ECAE3FB6E6AE4FB01
S315020061C06E7AE5FB6E9A4FF0000EE2FB68E6E3FBA1
S315020061D06876E4FB6896E5FB68A651F81C89E2FB43
S315020061E06870E3FB68900A9AE4FB68A0E5FB6860C6
S315020061F010323CCA51F8048B09904FF00000E2FBC2
S3150200620068B0E3FB68C0E4FB68E0E5FB680751F8A9
S31502006210048BCDF810B04FF0000BE2FB68CBE3FB2A
S3150200622068EBE4FB680BE5FB68B751F8048BCDF825
S3150200623014C04FF0000CE2FB68ECE3FB680CE4FBD5
S3150200624068BCE5FB68AC51F8048BCDF818E04FF05A
S31502006250000EE2FB680EE3FB68BEE4FB68AEE5FBFC
S31502006260686E0790B1E80101E2FB60B9E3FB609A50
S31502006270CDF820B0DDF824B0E2FB6897E4FB60A617
S31502006280E5FB60B6E3FB68A7E4FB68B7E5FB686776
S31502006290B1E80101E2FB60ACE3FB60BCE4FB606CCD
S315020062A0E2FB68BEE3FB686EE5FB607C2623E4FB4B
S315020062B068E79DE80700E5FB687CDDE907454FF0E6
S315020062C00008E3FB6C484FEA480824F0004C48EA11
S315020062D0D478132408FB04F8E3FB6508E3FB69188A
S315020062E0E3FB6A284FF02609DDE90334E9FB6B3844
S315020062F0E9FB6648DDE90556E9FB6E58E9FB676886
S3150200630008EB0C070BB000BD00B585B0A0FB009AE8
S31502006310A0FB01BC1BEB0B0B4FF0000EEEFB6EABB2
S315020063202DE900064FF00008A0FB039AE0FB628C01
S31502006330E1FB629C58EB0808E1FB618B59EB09090A
S31502006340EEFB6E9BCDE902894FF00009E0FB649AF1
S31502006350E1FB639C59EB0909E2FB629BCDF81090C5
S31502006360A0FB0598E1FB649AE2FB639C59EB0909E1
S31502006370EEFB6E9BCDF814904FF00009E1FB659899
S31502006380E2FB649CE0FB669A59EB0909E3FB639B1B
S31502006390CDF81890A0FB0709E1FB660AE2FB650C43
S315020063A0E3FB6408E1FB6798E2FB669A4041E3FB84
S315020063B065C9E2FB67985CEB0C0CE3FB66A900225D
S315020063C0EEFB6E0BE4FB65A2E3FB6728E4FB669239
S315020063D05AEB0A0AE4FB64BC59EB0909EEFB6ECAE6
S315020063E00023E5FB65A9E4FB6738E5FB6632E5FBBE
S315020063F06782AEFB0E455B41E6FB674258EB080837
S31502006400EEFB6E93E6FB66386441EEFB6E48524144
S31502006410E7FB67824FF0260652EB0E02E6FB620EA0
S3150200642013254FEA4E0E20F000474EEAD07E0EFBB1
S3150200643005FE03BCE6FB6B0EE6FB6C1E9B46A44602
S315020064403CBCE6FB6A2EE6FB693EE6FB6B4EE6FBD0
S315020064506C5E40BC4FF0260CECFB686E774400BDC8
S31502006460DFF814C0DCF800C0BCF1000F01D1F9F767
S31502006470C4BEFFF765BE000060110022DFF814C03B
S31502006480DCF800C0BCF1000F01D1F9F796BFFFF7A7
S315020064903BBF0000681100222DE9F04F82B0009048
S315020064A088469146F9F74CFEDDF8008088E8FF0041
S315020064B002B0BDE8F08F2DE9F04F82B00090884619
S315020064C09146F9F769FEDDF8008088E8FF0002B020
S315020064D0BDE8F08F2DE9F04FC3B04090DDF800C162
S315020064E00CF12008E146F9F72BFE0DF1000C8CE8C1
S315020064F0FF00DDF800C1DCF8802000A9FFF7B0FF3D
S315020065000DF1000C8CE8FF00DDF800C10CF120084B
S31502006510E146F9F741FE0DF1200C8CE8FF00DDF8AB
S3150200652000C1DCF8842008A9FFF79AFF0DF1200CC0
S315020065308CE8FF00DDF800C1DCF888100CF160027F
S31502006540FFF78EFF0DF1400C8CE8FF00DDF800C16D
S315020065500CF140080CF14009F9F7F2FD0DF1600C5F
S315020065608CE8FF000DF100080DF12009F9F714FE81
S315020065700DF1800C8CE8FF000DF100080DF12009E9
S31502006580F9F7DEFD0DF1A00C8CE8FF000DF16008B5
S315020065900DF14009F9F7D4FD0DF1C00C8CE8FF00AE
S315020065A00DF160080DF14009F9F7F6FD0DF1E00C69
S315020065B08CE8FF00DDF800C1DCF88CC00DF1C00AE2
S315020065C00DF1E00B8AEA0B0909EA0C098AEA090AC3
S315020065D08BEA090BCDF800A0CDF820B020A9089AC5
S315020065E0FFF73EFFDDF800C18CE8FF0028A9009AFC
S315020065F0FFF736FFDDF800C10CF1200C8CE8FF0036
S3150200660030A938AAFFF72CFFDDF800C10CF1400CC7
S315020066108CE8FF0020A928AAFFF722FFDDF800C1B7
S315020066200CF1600C8CE8FF0043B0BDE8F08F2DE959
S31502006630F04F82B0009001928C469CE8FF00FFF773
S315020066401DFFDDF804C0BCF1010CCDF804C0F6D183
S31502006650DDF800C08CE8FF0002B0BDE8F08F00BF95
S315020066602DE9F04F0D46DBB06C46AA68EB6883460F
S315020066700868496808AF0FC428696969AA69EB699D
S315020066800FC49DF81F309DF8002003F07F0322F00F
S31502006690070243F04003694638468DF800208DF81C
S315020066A01F3000F079F92E4900200C46082335AA3E
S315020066B001E054F8040F013B42F8040FF9D1294CCA
S315020066C00120254608233DAA01E055F8040F013BA7
S315020066D042F8040FF9D10120082345AA01E054F833
S315020066E0040F013B42F8040FF9D1002008234DAAFA
S315020066F001E051F8040F013B42F8040FF9D10025DD
S315020067001EAE0DF1980888EA060A0DF1B8097C5703
S31502006710294684EAE472A2EBE4723046E41700F0FA
S3150200672037F904EA0A0383EA080236A873400135F8
S31502006730CDE956235994CDF86091FFF7CBFE562D3D
S31502006740E5D158463EAA46A9FFF7A6FE3EAA46A9A5
S315020067500BF12000FFF7AFFE5BB0BDE8F08F00BF84
S31502006760183C0102F83B010230B50C460546A1B0C1
S315020067706846203100F0FCF86A46214610A8FEF76A
S31502006780AFF908A804F1600100F0F2F808AA18A807
S3150200679004F14001FEF7A4F9284610A900F0ECF82E
S315020067A018A905F1200000F0E7F821B030BD00BFBE
S315020067B02DE9F0470C46D0B06F46A26AE36A064658
S315020067C0086A496A08AD0FC7206B616BA26BE36B5F
S315020067D0ADF104080FC7206E616EA26EE36E0FC59F
S315020067E0A26FE36F206F616F0FC5684600F0C8F8AD
S315020067F04FF0080E00234EF001E0424607AD52F874
S31502006800041F0B430FF005C85F4208A81F4300F0A0
S31502006810B7F84FF0080E0023AC464EF001E02A46C8
S31502006820FF1752F8041F0B430FF005C8A5EB080229
S31502006830043A5D4292081D434FF00109DFF8ACE0CD
S315020068400FA90132ED1717A801E05EF8049F58F868
S3150200685004AF5CF8043F89EA0A0A89EA03030AEAF2
S31502006860070A2B408AEA090A83EA0903013A41F830
S3150200687004AF40F8043FE8D118AA10A920A8FEF7F1
S315020068802FF920A928A800F073F818AA28A930A879
S31502006890FEF726F910AA28A938A8FEF721F92146FB
S315020068A030AA40A8FEF71CF904F1400148A838AA0C
S315020068B0FEF716F94FF0080E4EF001E03FA847A981
S315020068C050F8042F51F8043F3A402B4002600B6007
S315020068D00FF00BC0304640A900F04EF848A906F169
S315020068E0200000F049F850B0BDE8F087F83B0102FD
S315020068F0012310B5034C2360F9F725FE002323601C
S3150200690010BD00BF7CEC04222DE9F04398461546E3
S31502006910B1B0389C07460E46DFF84490114610A8DF
S3150200692004F00104FFF79CFE44F0020442462946A5
S3150200693020A8C9F80040F9F706FE0023684610A908
S31502006940C9F80030FFF734FF6946384600F00CF804
S31502006950304608A900F008F831B0BDE8F08300BF60
S315020069607CEC0422000000005FF800F0D121010255
S315020069705FF800F0812301025FF800F04123010273
S315020069805FF800F0012101025FF800F08999000228
S315020069905FF800F08D2201025FF800F02522010265
S315020069A00080FFFFFF7F00004242424200000000DB
S315020069B0C0F9FFFF7BC2FFFF13FDFFFF33E3FFFFBB
S315020069C0D8FFFFFF76FEFFFF51FDFFFF96E5FFFFB3
S315020069D026040000D528000028010000620B0000F2
S315020069E08EFCFFFF16DEFFFF7EFAFFFFC9C9FFFF1F
S315020069F03B0500007C330000C4050000C1380000DE
S31502006A007602000039180000C10000006C07000081
S31502006A10E5FEFFFF1EF5FFFF38000000270200001B
S31502006A201D030000A51E0000BFFBFFFF21D6FFFFCE
S31502006A30350500004133000068FAFFFFF1C8FFFF89
S31502006A40E1FDFFFF1FEBFFFF92050000D4360000B9
S31502006A502DFBFFFF84D0FFFFBBFFFFFF59FDFFFFAA
S31502006A60170200009214000041FEFFFFD0EEFFFF66
S31502006A70500300009B20000039020000E1150000CF
S31502006A8058FCFFFF03DCFFFF3EFEFFFFB3EEFFFFF6
S31502006A90D1F9FFFF22C3FFFFB5FAFFFFE6CBFFFFE7
S31502006AA035030000911F0000210121014B014B011A
S31502006AB0B4FFB4FFDBF9DBF91D0B1D0BBA0CBA0CE4
S31502006AC014FD14FD85C385C3110011004702470258
S31502006AD065066506EFFBEFFBA700A7006B166B16B4
S31502006AE0F13EF13EF9D7F9D7C8FDC8FD58FD58FD6C
S31502006AF0D302D3024C044C0429EA29EADBE5DBE59E
S31502006B00CD1BCD1B4C2A4C2AAD04AD04FFFBFFFB6B
S31502006B10E4FBE4FB06FB06FB062E062E97D897D867
S31502006B208DD78DD704CF04CF81058105D0FFD0FF45
S31502006B30F402F402C6FEC6FE2D362D3628FE28FEC7
S31502006B40111D111DEDF3EDF365FD65FDE900E9008B
S31502006B506BFB6BFBE9FEE9FE5BE65BE6F508F50817
S31502006B60E6D2E6D246F546F58A028A02B8FAB8FABB
S31502006B70D0FCD0FC78027802FE18FE1804CC04CCB5
S31502006B80A0E0A0E04D184D18A6F9A6F9E4FDE4FD33
S31502006B9036FA36FAB505B5057BC17BC13DEB3DEB51
S31502006BA004C704C72D382D3873067306FCF9FCF9A1
S31502006BB0B803B8037EFD7EFD7B3F7B3FC9C4C9C4D3
S31502006BC09B249B2451E751E730FE30FE2100210031
S31502006BD0280528057AFA7AFA29EE29EE45014501B1
S31502006BE0C132C132A2C9A2C9AB03AB0384FC84FC85
S31502006BF0DD02DD020C010C011B241B24B4DDB4DD15
S31502006C002F1C2F1C4E0A4E0A03FC03FC53FC53FC9A
S31502006C1020FC20FC81028102BED8BED8D2DBD2DBA8
S31502006C20DCD9DCD9A518A5180EFC0EFC9B059B0524
S31502006C3027032703C401C4012AD92AD92D372D37A0
S31502006C40071F071F6111611130063006F4FAF4FAC4
S31502006C507701770129FB29FBE83CE83C53CE53CE6A
S31502006C606B0E6B0E5CD05CD0F9FBF9FB93FF93FFC6
S31502006C70F4FCF4FC6D066D065CD85CD8CFFBCFFB4A
S31502006C8002E202E2403F403F9E059E0533FE33FE8E
S31502006C90FE05FE0561FC61FC4B374B3746EE46EEC0
S31502006CA0FB3AFB3A5BDC5BDC27042704D4FDD4FD0C
S31502006CB032FB32FBA1FCA1FCDF28DF289FEA9FEA18
S31502006CC0B5D0B5D0D1DED1DE3F013F01F502F502E6
S31502006CD03102310221FD21FD440C440C1B1D1B1DFA
S31502006CE092159215BDE3BDE356FD56FD38FD38FDFE
S31502006CF0C905C90588028802C7E5C7E5A0E4A0E47C
S31502006D00F238F238EA18EA18F3FDF3FD930193011B
S31502006D1077047704D6FDD6FDD0EBD0EB7F0F7F0F3D
S31502006D20F32BF32BB3EAB3EA440444040204020449
S31502006D3065FB65FB76037603FD29FD297327732719
S31502006D40ABD2ABD211221122A9FCA9FC25FF25FF49
S31502006D50CB04CB048E038E0320DF20DF94F794F757
S31502006D602E2F2E2FFD22FD22B9F9B9F951FA51FA29
S31502006D703DFB3DFB7503750336C236C20EC80EC80F
S31502006D8021D121D107220722BC04BC040504050433
S31502006D9076FE76FE69FB69FB9A2E9A2E912791273B
S31502006DA0DAF0DAF0D2D2D2D2C0F9FFFF7BC2FFFF0D
S31502006DB013FDFFFF33E3FFFF51FDFFFF96E5FFFFE4
S31502006DC07602000039180000D8FFFFFF76FEFFFFAB
S31502006DD068FAFFFFF1C8FFFF500300009B20000086
S31502006DE026040000D528000028010000620B0000DE
S31502006DF08EFCFFFF16DEFFFF7EFAFFFFC9C9FFFF0B
S31502006E003B0500007C330000C4050000C1380000C9
S31502006E10C10000006C070000E5FEFFFF1EF5FFFF44
S31502006E2038000000270200001D030000A51E000016
S31502006E30BFFBFFFF21D6FFFF3505000041330000EF
S31502006E40E1FDFFFF1FEBFFFF92050000D4360000B5
S31502006E502DFBFFFF84D0FFFFBBFFFFFF59FDFFFFA6
S31502006E60170200009214000041FEFFFFD0EEFFFF62
S31502006E7039020000E115000058FCFFFF03DCFFFFAA
S31502006E803EFEFFFFB3EEFFFFD1F9FFFF22C3FFFF76
S31502006E90B5FAFFFFE6CBFFFF35030000911F0000A6
S31502006EA0210121014B014B01B4FFB4FFDBF9DBF9F0
S31502006EB01D0B1D0BBA0CBA0C14FD14FD85C385C33C
S31502006EC0110011004702470265066506EFFBEFFB5C
S31502006ED0A700A7006B166B16F13EF13EF9D7F9D75C
S31502006EE0C8FDC8FD58FD58FDD302D3024C044C041C
S31502006EF029EA29EADBE5DBE5CD1BCD1B4C2A4C2A28
S31502006F00AD04AD04FFFBFFFBE4FBE4FB06FB06FB63
S31502006F10062E062E97D897D88DD78DD704CF04CFB5
S31502006F2081058105D0FFD0FFF402F402C6FEC6FE3B
S31502006F302D362D3628FE28FE111D111DEDF3EDF31B
S31502006F4065FD65FDE900E9006BFB6BFBE9FEE9FE09
S31502006F505BE65BE6F508F508E6D2E6D246F546F5C7
S31502006F608A028A02B8FAB8FAD0FCD0FC7802780211
S31502006F70FE18FE1804CC04CCA0E0A0E04D184D1873
S31502006F80A6F9A6F9E4FDE4FD36FA36FAB505B50525
S31502006F907BC17BC13DEB3DEB04C704C72D382D38C1
S31502006FA073067306FCF9FCF9B803B8037EFD7EFD91
S31502006FB07B3F7B3FC9C4C9C49B249B2451E751E74D
S31502006FC030FE30FE21002100280528057AFA7AFAD9
S31502006FD029EE29EE45014501C132C132A2C9A2C933
S31502006FE0AB03AB0384FC84FCDD02DD020C010C0165
S31502006FF01B241B24B4DDB4DD2F1C2F1C4E0A4E0AA3
S3150200700003FC03FC53FC53FC20FC20FC810281029E
S31502007010BED8BED8D2DBD2DBDCD9DCD9A518A518FE
S315020070200EFC0EFC9B059B0527032703C401C40126
S315020070302AD92AD92D372D37071F071F611161114A
S3150200704030063006F4FAF4FA7701770129FB29FBB8
S31502007050E83CE83C53CE53CE6B0E6B0E5CD05CD054
S31502007060F9FBF9FB93FF93FFF4FCF4FC6D066D0646
S315020070705CD85CD8CFFBCFFB02E202E2403F403F46
S315020070809E059E0533FE33FEFE05FE0561FC61FC90
S315020070904B374B3746EE46EEFB3AFB3A5BDC5BDCA4
S315020070A027042704D4FDD4FD32FB32FBA1FCA1FC4C
S315020070B0DF28DF289FEA9FEAB5D0B5D0D1DED1DE40
S315020070C03F013F01F502F5023102310221FD21FDA8
S315020070D0440C440C1B1D1B1D92159215BDE3BDE30A
S315020070E056FD56FD38FD38FDC905C90588028802D8
S315020070F0C7E5C7E5A0E4A0E4F238F238EA18EA18D0
S31502007100F3FDF3FD9301930177047704D6FDD6FDD3
S31502007110D0EBD0EB7F0F7F0FF32BF32BB3EAB3EA5F
S31502007120440444040204020465FB65FB7603760309
S31502007130FD29FD2973277327ABD2ABD21122112267
S31502007140A9FCA9FC25FF25FFCB04CB048E038E03E5
S3150200715020DF20DF94F794F72E2F2E2FFD22FD221B
S31502007160B9F9B9F951FA51FA3DFB3DFB75037503BD
S3150200717036C236C20EC80EC821D121D10722072235
S31502007180BC04BC040504050476FE76FE69FB69FBB5
S315020071909A2E9A2E91279127DAF0DAF0D2D2D2D20B
S315020071A072FC72FC35FB35FBDB00DB005703570331
S315020071B003DD03DDD2D0D2D06C086C08E020E020DB
S315020071C0970497048A018A01FBFBFBFB44FB44FB01
S315020071D02E2D2E2D260F260F6FD86FD866D166D18B
S315020071E08BFC8BFCC304C304AF05AF0547064706F9
S315020071F0F9DDF9DDDF2EDF2EF237F237CA3DCA3D61
S3150200720078FD78FD37FA37FAC802C802AA02AA023E
S3150200721016E716E70EC70EC7601B601B391A391A26
S315020072208AFC8AFC9B049B04FEFBFEFBBCFBBCFBAC
S31502007230EFDDEFDD552D552D8DD88DD803D603D62E
S315020072402A022A0289FB89FB6DFE6DFE0D020D02E2
S315020072504D154D150DD40DD481F081F03014301436
S315020072609F039F0302FA02FACD01CD0162FA62FA86
S31502007270A523A52305C505C5BA11BA11B5C8B5C852
S31502007280DF02DF02CFFDCFFD0BFD0BFDC1FEC1FE0E
S31502007290431C431C6EEA6EEAE5E2E5E2BCF3BCF38C
S315020072A05F035F03CE04CE042C022C02D9FBD9FB6A
S315020072B02F212F214B2F4B2F6115611521D721D756
S315020072C03CFE3CFED9FCD9FC65FA65FAF203F203F0
S315020072D09FEE9FEEF9E0F9E0D3C8D3C8D626D626AC
S315020072E093F993F90C030C036D006D000704070470
S315020072F0C0C0C0C0FE1DFE1D31043104A427A42750
S31502007300D704D70489FE89FE0C050C05D0F9D0F9FD
S31502007310A42FA42F95F195F1AD31AD3118C318C341
S3150200732086058605D8FAD8FADFFFDFFFD001D0013D
S315020073305E365E363FCD3FCDBBFEBBFED711D711C3
S315020073407FFD7FFDE003E003AD03AD03FD03FD0317
S315020073505BE75BE7242624262E242E244227422797
S31502007360F4FEF4FE23FD23FD7C037C0355FC55FC51
S31502007370B2F5B2F5D1E3D1E34C224C22E5DBE5DBF3
S3150200738088FD88FD300330034805480576FD76FD05
S31502007390B3E7B3E7601F601FFC33FC3302E702E783
S315020073A08202820248FC48FC040604068DF98DF925
S315020073B0AF18AF1865DB65DB373B373B85C085C049
S315020073C04BFA4BFACA05CA051C021C025A065A0691
S315020073D0D3C7D3C7FC38FC38C314C314853E853ED5
S315020073E0FA04FA041C041C040104010453FB53FBB3
S315020073F0FC30FC307328732869276927FAD1FAD141
S31502007400170117019504950417FF17FF9B029B02AC
S31502007410BA0ABA0A1A2D1A2D0BF70BF7A519A519CE
S315020074203A013A010CFD0CFD300030007FFA7FFA7A
S31502007430130C130CEFE2EFE2D801D801D3C9D3C97A
S31502007440250625064C004C00B5FEB5FEDFFEDFFE26
S315020074507B3C7B3CEC02EC0246F346F3E3F4E3F4BA
S31502007460B4FBB4FB2DFD2DFDA802A802380238029A
S31502007470B4D5B4D533E433E4251A251AD715D7156E
S31502007480110411049BF99BF9B9FDB9FDEFFFEFFF5A
S31502007490072807280FC10FC195E995E959FF59FF3A
S315020074A02F060000DE3C0000CBFCFFFF6FE0FFFF73
S315020074B04B0500001A340000C7FDFFFF1FEAFFFF5D
S315020074C0C20100004D110000A8030000FD230000C8
S315020074D045000000A7020000BF01000030110000B5
S315020074E0E9FDFFFF6EEBFFFF1F020000E114000043
S315020074F0D30400007C2F00006EFAFFFF2CC9FFFFA9
S31502007500E3FCFFFF5BE1FFFFCBFAFFFFBFCCFFFF10
S3150200751041040000DF2900003FFFFFFF94F8FFFF50
S31502007520C8FFFFFFD9FDFFFF1B010000E20A0000B2
S3150200753082050000373600003CFAFFFF3FC7FFFF17
S31502007540C5FAFFFF84CCFFFFDAFBFFFF2BD7FFFF55
S3150200755072030000EA210000D8FEFFFF9EF4FFFF3F
S31502007560280000008A010000B0FCFFFF65DFFFFF74
S31502007570980500000F370000ED020000CD1C000048
S315020075808AFDFFFFC7E7FFFFAF0200006A1A00008D
S30D0200759040060000853D0000E3
S315020075A00348044B834202D0034B03B1184770478A
S315020075B0F80B0022F80B002200000000064B0749D8
S315020075C0C91A891048BF0131491003D0044B0BB1C7
S315020075D001481847704700BFF80B0022F80B00223B
S315020075E00000000010B5064C237843B9FFF7D8FF18
S315020075F0044B13B10448AFF300800123237010BD7E
S31502007600301000220000000084A2000308B5054BDA
S315020076101BB105490548AFF30080BDE80840FFF7F6
S31502007620CDBF00BF000000003410002284A2000378
S31502007630F0B51A4B1D6865BB06460F461446B4469E
S3150200764002204FF0080E3B685A0802F0553203F04A
S3150200765055331A44831E22FA00F122FA03F303F089
S31502007660030301F0030104305B1A0CB9ACF80040C5
S31502007670BCF90010BEF1010E0B442CF8023BE9D115
S315020076800835B5F5807F07F1040706F11006D6D155
S31502007690F0BDBDE8F04001F045BC00BF601000221D
S315020076A02DE9F0419646ADF6486D02ACA4464FF080
S315020076B00308DEF80C3005460F46106851689268DA
S315020076C00026ACE80F00DEF81000DEF81410DEF833
S315020076D01820DEF81C30ACE80F0021462046212295
S315020076E08DF8288002F0C6F900230AA91A4692A844
S315020076F000F0F2FF0AA90DF589600023012200F0CD
S31502007700EBFF0AA9002302220DF5C96000F0E4FF8F
S3150200771092A801F0BBFE33460DF6480292A912A8C2
S31502007720CDE9004600F036FB12A800F0F1FF424612
S3150200773001230AA912A800F0CFFF12A800F0E6FF63
S31502007740284612A900F060FF0DF6480292A901230D
S3150200775012A8CDE9004600F0E5FB12A800F0D8FF1A
S31502007760012304220AA912A800F0B6FF12A800F00B
S31502007770CDFF12A905F5C07000F046FF0DF64802CE
S3150200778092A9022312A80196009400F0CBFB12A83C
S3150200779000F0BEFF012305220AA912A800F09CFFF1
S315020077A012A800F0B3FF12A905F5407000F02CFFF5
S315020077B0384692A901F042FEA446BCE80F00C5F87D
S315020077C08004C5F88414C5F88824C5F88C34BCE84E
S315020077D00F00C5F89004C5F89414C5F89824C5F8A6
S315020077E09C340DF6486DBDE8F08100BF2DE9F04FDF
S315020077F01D460023174601240646ADF5905D83B06B
S315020078001A460DF5C1608946294600F065FF002338
S31502007810012229460DF6080000F05EFF002302222F
S3150200782029460DF6082000F057FF07F5906A0DF578
S31502007830C16001F02BFE00230DF608420DF5C16171
S3150200784002A8CDE900A400F0A5FA02A800F060FFA4
S3150200785023460322294602A800F03EFF02A800F0B2
S3150200786059FF0022304602A900F030FDA3465FFA16
S3150200787084F843460DF608420DF5C16102A8CDE92A
S3150200788000AB00F04FFB02A800F042FF012329469D
S3150200789008F1030202A800F01FFF02A800F03AFF57
S315020078A02246304602A900F011FD012C01D1022424
S315020078B0DDE782AC394602A800F0D2FE0DF6084397
S315020078C002AA20460DF5C16100F01AFF02A807F5CB
S315020078D0C07100F0C5FE02AA0DF6086320460DF639
S315020078E0080100F00FFF07F5407102A800F0B8FE8C
S315020078F00DF580530DF6082102AA0DF5C160083375
S31502007900009400F001FF0DF5C16000F001FF0123B4
S31502007910062229460DF5C16000F0DEFE494602A8A0
S3150200792000F0FEFE0DF5C161084602AA00F0F4FE63
S315020079300DF5C16000F0EEFE0DF5C16106F5707041
S3150200794000F008FC0DF5905D03B0BDE8F08F00BFB6
S315020079502DE9F04F1F460023914601258046ADF5DD
S31502007960905D85B01A468A460DF5C260394600F02A
S31502007970B3FE0023012239460DF5016000F0ACFE8C
S315020079800023022239460DF5216000F0A5FE09F515
S31502007990906B0DF5C26001F079FD00230DF5416291
S315020079A00DF5C26104A8CDE900B500F0F3F904A80B
S315020079B000F0AEFE2B460322394604A800F08CFEE8
S315020079C004A800F0A7FE0022404604A900F09EFD8E
S315020079D00446C617CDF80CA001215FFA85FA534674
S315020079E00DF54162CDE900B104A80DF5C26100F0C2
S315020079F099FA04A800F08CFE012339460AF1030223
S31502007A0004A800F069FE04A800F084FE2A46404657
S31502007A1004A900F07BFD012D44EA000446EAE07663
S31502007A2001D10225D8E784AD494604A8DDF80CA0A9
S31502007A3000F016FE0DF5416304AA28460DF5C26153
S31502007A4000F05EFE04A809F5C07100F009FE04AA62
S31502007A500DF5616328460DF5016100F053FE09F547
S31502007A60407104A800F0FCFD0DF580530DF521616F
S31502007A7004AA0DF5C2601033009500F045FE0DF51F
S31502007A80C26000F045FE0123062239460DF5C260AA
S31502007A9000F022FE514604A800F042FE0DF5C26136
S31502007AA0084604AA00F038FE0DF5C26000F032FE68
S31502007AB00DF5C26108F5707000F0C2FC0443644221
S31502007AC046EAE07060EB4000C00F0DF5905D05B030
S31502007AD0BDE8F08F70B515460C460646ADF5006D4D
S31502007AE00022684600F056FC684600F00FFE2A4661
S31502007AF069460DF5806000F0D7FD2146012280A877
S31502007B0000F048FC80A800F001FE80A90DF5806017
S31502007B1005F5C07200F0CEFD2146022280A800F0D3
S31502007B2039FC80A800F0F2FD0DF5806305F5407280
S31502007B3080A9684600F0C4FD684600F0E9FD80A809
S31502007B4004F5707100F05EFB6A4680A9684600F093
S31502007B50E5FD684600F0DEFD6946304600F00CFEA3
S31502007B600DF5006D70BD00BFF8B50C4606464FF424
S31502007B7094671546FFF794FD31463A4604F5906040
S31502007B800BF072F93A46314604F5126001F04CFFE9
S31502007B902E6A696AAA6AEB6AC4F84069C4F844198B
S31502007BA0C4F84829C4F84C392E6B696BAA6BEB6B87
S31502007BB0C4F85069C4F85419C4F85829C4F85C3991
S31502007BC00020F8BD70B5A0B0EC469E4615460C46A0
S31502007BD09A68596806461868DB68ACE80F00DEF852
S31502007BE01000DEF81410DEF81820DEF81C30ACE8BF
S31502007BF00F00294660464FF4946201F015FF4022B9
S31502007C0069460DEB020001F035FF2A466946304609
S31502007C1018ABFFF7EBFD0DF1400CBCE80F0020603E
S31502007C206160A260E360BCE80F0020610020616130
S31502007C30A261E36120B070BD70B514460E46A0B0D5
S31502007C4005466846FFF746FFD4F82009D4F82419FA
S31502007C50D4F82829D4F82C390DF1200CACE80F0001
S31502007C60D4F83009D4F83419D4F83829D4F83C3980
S31502007C70ACE80F0069466046402201F0FBFE694609
S31502007C8018AB04F590623046FFF762FE034604F530
S31502007C9014611C463246284601F0DAFCC4F101039F
S31502007CA02846202210A9DBB201F0F2FC002020B007
S31502007CB070BD00BF2DE9F04F0F461969ADF56F7D16
S31502007CC0039700244FF0040E0F460290D3F800B03B
S31502007CD0D3F804A0D3F80890D3F80C805E699D69A6
S31502007CE0D8690DF1100CF89BCCF800B0002BE3B26A
S31502007CF016BF194611461346BEF1010ECCF804A072
S31502007D00CCF80890CCF80C80CCF81070CCF8146043
S31502007D10CCF81850CCF81C008CF821108CF82030C6
S31502007D2004F101040CF1220CDDD1222426AD0DF161
S31502007D307603284604A900930DF1320215AB01948D
S31502007D40039F0AF0A3F9012300263846CDE9003540
S31502007D5007F5AA7207F5FF7307F1AA010AF0A8F957
S31502007D60029B3C4607F52A7729461846C8220BF09D
S31502007D707BF8034684F8A86084F8A960AA34A7426F
S31502007D8003F1C80305F1C805EED10DF56F7DBDE817
S31502007D90F08F00BF2DE9F04F2DED068B2DED04DBA4
S31502007DA05E4CADF6E41D256880460E4614461F4617
S31502007DB0DDF8349A002D76D1B9F1000F5AD1B0AD63
S31502007DC04A462846DDF8301A01F08EFB2A46012182
S31502007DD006A801F0D9FDDFF848A10DF5BC6B3146C6
S31502007DE05846CDE90154CDF800A006AB04AA0BF023
S31502007DF097F8B9F1000F4ED001233A462846DDF82E
S31502007E00301A01F071FB2A46012106A801F0BCFDD9
S31502007E1004F5007302935846CDE900A506AB04AA01
S31502007E2006F500710BF04CF8B9F1000F2BD03A466B
S31502007E3002232846DDF8301A01F056FB2A460121B4
S31502007E4006A801F0A1FD04F580644046CDF80CB009
S31502007E500195029406AB04AACDF800A006F580614E
S31502007E600BF056F80DF6E41DBDEC04DBBDEC068BFB
S31502007E70BDE8F08F2B46B0AD3A462846DDF8301AFB
S31502007E8001F032FBA2E73B4602222846DDF8301A11
S31502007E9001F02AFBD2E73B4601222846DDF8301ADA
S31502007EA001F022FBAFE7B0AD3A462846DDF8303A9C
S31502007EB0CDF8009006A9FFF7FDFE0195184D0DF5C8
S31502007EC0BC673146384606AB04AA029400950BF00D
S31502007ED027F804F500730293E2AB01933846009546
S31502007EE004AA0DF1C20306F500710AF0E9FF0DF5C9
S31502007EF08A6304F58064CDE90134404604AA0397F7
S31502007F0000955BAB06F580610BF002F80DF6E41DF9
S31502007F10BDEC04DBBDEC068BBDE8F08F78EC0422E9
S31502007F20983501022DE9F04F2DED068B2DED04DB80
S31502007F30564CADF6E41D256880460E4614461F468D
S31502007F40DDF830AADDF8349A002D69D1B9F1000FB7
S31502007F5050D1B0AD4A465146284601F0C5FA2A46E6
S31502007F60012106A801F010FD0DF5BC6B31465846FD
S31502007F70CDE9005406AB04AA0BF002F8B9F1000FE2
S31502007F8047D001233A465146284601F0ADFA2A4621
S31502007F90012106A801F0F8FC04F500730193584686
S31502007FA0009506AB04AA06F500710AF0A9FFB9F11D
S31502007FB0000F27D03A4651460223284601F094FA8A
S31502007FC02A46012106A801F0DFFC04F5806440463A
S31502007FD0CDE90054CDF808B006AB04AA06F58061D7
S31502007FE00AF092FF0DF6E41DBDEC04DBBDEC068B38
S31502007FF0BDE8F08F2B46B0AD3A465146284601F011
S3150200800073FAACE73B4651460222284601F06CFA67
S31502008010D6E73B4601225146284601F065FAB6E705
S31502008020B0AD53463A462846CDF8009006A9FFF76A
S3150200803041FE00950DF5BC653146284606AB019416
S3150200804004AA0AF09DFF04F500730193E2AB0093C4
S3150200805028460DF1C20304AA06F500710AF050FF84
S315020080600DF58A6304F5806400934046CDE9014527
S3150200807004AA5BAB06F580610AF046FF0DF6E41D25
S31502008080BDEC04DBBDEC068BBDE8F08F78EC042278
S3150200809038B501230F4A00F00F0C156803FA0CF3EA
S315020080A02B430D4913600B6873B10B68012B03D088
S315020080B0BDE838400AF040BF04460AF0FDFE2046FD
S315020080C0BDE838400AF004BF0449BDE838400AF06A
S315020080D0DFBE00BF581000225C1000229833010256
S315020080E0F8B50123154A0746146800F00F008340CD
S315020080F02343134913600B6883B14FF48072114E08
S31502008100114DB91E346831F9023F9C42C8BF336033
S315020081102C689C42B8BF2B60013AF3D10B4B384610
S315020081201B6823B9BDE8F84009490AF015BF0AF0F1
S31502008130CFFE3846BDE8F8400AF01EBF50100022B6
S315020081404C100022040000220000002254100022DB
S31502008150982F01022DE9F043294B83B01C68002CAD
S3150200816049D10D4640F6015C04304FF0080E2A460E
S315020081704EF001E00DF1FF3132F9026B0CEAE673C3
S3150200818033441BB21B0103F28163C3EB8316C3EBB9
S31502008190062303EB83031B0F01F8013F0FF015C003
S315020081A09DF801909DF800609DF803809DF80210ED
S315020081B09DF805709DF804209DF807E09DF80630AD
S315020081C0083446EA091641EA081142EA071243EA66
S315020081D00E13B4F5807F00F8046C00F8031C00F857
S315020081E0022C00F8013C05F1100500F10400BCD197
S315020081F003B0BDE8F08303B0BDE8F04301F034B844
S315020082006010002210B5304B1C68002C58D14FF07C
S31502008210200E0B4640F6015C4EF001E0043313F8E3
S31502008220042C103002F00F020CFB02F2083212117B
S31502008230043320F8102C13F8082C12090CFB02F256
S315020082400832121120F80E2C13F8072C02F00F0236
S315020082500CFB02F20832121120F80C2C13F8072C30
S3150200826012090CFB02F20832121120F80A2C13F83A
S31502008270062C02F00F020CFB02F20832121120F851
S31502008280082C13F8062C12090CFB02F20832121102
S3150200829020F8062C13F8052C02F00F020CFB02F252
S315020082A00832121120F8042C13F8052C12090CFBC3
S315020082B002F20832121120F8022C0FF051C010BD42
S315020082C0BDE8104000F0E4BF601000222DE9F04F37
S315020082D02E4B83B01D68002D53D1884640F60157B8
S315020082E040F2816402EB820300EB831628480831D0
S315020082F008F502784FF0040EEC464EF001E008391C
S31502008300AB4631F9023B07EAE37999441FFA89FA47
S315020083105AEA8F2B1AEB0402A2FB00924BF10003DE
S3150200832000FB0323C3F309032CF8023B0FF019C029
S315020083300023BDF802C0BDF80090BDF804B0BDF838
S3150200834006204FEA8C0E4EEA192E4FEA0B1A69F3F3
S3150200835007034AEA9C1A6EF30F234FEA821C08317E
S315020083604CEA1B1C92086AF3174332716CF31F63C3
S31502008370884506F1050646F8053CBBD103B0BDE8C3
S31502008380F08F03B0BDE8F04F00F05ABF6010002234
S31502008390B7AF130030B5294B1D68002D49D14FF0F8
S315020083A0400E40F6015C4EF001E002EB820301EB67
S315020083B08312537811781B0203F440730B430CFBB0
S315020083C003F303F5007308309B0A053220F8083CD4
S315020083D012F8033C12F8041C9B0103F4707343EA7F
S315020083E091030CFB03F303F500739B0A20F8063C8A
S315020083F012F8023C12F8031C1B0103F47C7343EAD5
S3150200840011130CFB03F303F500739B0A20F8043CDB
S3150200841012F8013C12F8021C9B0043EA91130CFB72
S3150200842003F303F500739B0A20F8023C0FF03FC8E2
S3150200843030BDBDE8304000F035BE00BF60100022FE
S315020084402DE9F047304B82B01C68002C56D10D4600
S31502008450264640F6015C4FF0080E2A464EF001E031
S315020084600DF1FF3132F9027B0CEAE7733B441BB292
S315020084701B0103F28163C3EB8317C3EB072303EBF1
S3150200848083031B0F01F8013F0FF015C09DF805A0ED
S315020084909DF8047081789DF803909DF8023090F85B
S315020084A001E09DF801809DF8002047EA0A1743EA99
S315020084B009134F409DF807909DF8061042EA0812EC
S315020084C083EA0E0390F8008090F803E041EA09116E
S315020084D082EA08023B4381EA0E0132430B43083427
S315020084E01343B4F5807F03F0FF0600F1040005F1A3
S315020084F01005B0D1304602B0BDE8F08702B0BDE843
S31502008500F04700F0BBBE00BF601000222DE9F04F1D
S315020085103B4B85B01C68002C6CD1A046894640F6C0
S31502008520015740F28164464602EB8203DFF8D4C06B
S3150200853000EB8315083109F502794FF0040E4EF06F
S3150200854001E002A8083931F9023B07EAE37A9A44C4
S315020085501FFA8AF3CDE90036DDE9002352EA8F23BA
S31502008560CDE900231219A2FB0CA2019B43F10003E1
S315020085700CFB0323C3F3090320F8023B0FF01DC8CB
S31502008580BDF80AE0BDF808B0BDF80CA02A784FEA9B
S315020085908E0343EA1B2382EA0B024FEA0A1BBDF84B
S315020085A00E0048EA02024BEA9E1B95F8018095F8F6
S315020085B002E083EA08038BEA0E0B95F803804FEA82
S315020085C0801E4EEA1A1E8EEA080E95F8048043EAC9
S315020085D00B0388EA900043EA0E0308310343134370
S315020085E0894503F0FF0805F10505A6D1404605B009
S315020085F0BDE8F08F05B0BDE8F04F00F02BBE00BF1E
S3150200860060100022B7AF130070B5144B1D6805BB8E
S315020086100E46044608460AF047FC30460AF044FC79
S315020086204FF0800E20462A464EF001E0B11C36F984
S31502008630225031F92230C5F3072444EA0314C3F366
S315020086400B13057044708370013203300FF011C8AA
S3150200865070BDBDE8704000F0A5BC00BF60100022EE
S31502008660104B1A68E2B910B54FF0800E0B468446DD
S3150200867011464EF001E0841C5A781878120202F470
S31502008680706202432CF821209A785878120142EA45
S31502008690101224F82120033301310FF013C810BD44
S315020086A000F0C4BC60100022014B0AF041BC00BFBE
S315020086B098350102014B0AF0EFBB00BF9835010263
S315020086C010B51C4682B0034B00940AF00DFC02B0B2
S315020086D010BD00BF9835010230B594468E46044659
S315020086E01D46A1B0724668466346802100F08CFFA3
S315020086F02A4669462046FEF79BFF21B030BD00BFE1
S315020087000AF0CEBB0AF02CBC0AF022BCFFF7C0BCB2
S31502008710FFF7E6BC0AF0C8BB0AF0D6BB0AF0ECBB10
S315020087202DE9F843134B1B68FBB90E4699461F46C3
S31502008730A0F102084546002425F8027F327840F26D
S3150200874081612241284602F0010201340AF01CFC32
S31502008750082CF1D109F10809B9F5807F08F1100852
S3150200876006F10106E6D1BDE8F883BDE8F84300F05C
S3150200877029BE00BF60100022184BD3F800C0BCF11E
S31502008780000F28D1F0B50C466546013800264FF099
S31502008790080E214632464EF001E000F8015F31F93B
S315020087A0023B5B0003F28163C3EB8317C3EB072330
S315020087B003EB8303C3F3007393403343DEB20670C5
S315020087C001320FF015C00CF1080CBCF5807F04F1E4
S315020087D01004DBD1F0BD00F099BD00BF601000228D
S315020087E010B540F6015C40F2816240F2FF334FF071
S315020087F0400E124C2DED088BA0EE10CBA8EE104BBE
S31502008800A2EE102BA4EE103B4EF001E0B9EC04AF41
S31502008810A1EF5A6006EF506126EF4A68AAEF566545
S3150200882022EF466827FE096E06EF5461A8EC046F34
S315020088300FF015C0BDEC088B10BD00BFB7AF13001B
S31502008840F0B5ADF5017D054668461446FFF7C8FF4B
S315020088504FF0400E6B464EF001E004EB840405EB4C
S3150200886084100022B3F802C01E889F88D9884FEA76
S315020088708C0545EA16253C0166F3070244EA9C1478
S3150200888065F30F224FEA811C4CEA171C890864F330
S31502008890174201716CF31F620530083340F8052C4C
S315020088A00FF021C80DF5017DF0BD00BF2DE9F04F97
S315020088B0ADF5017D054668461446FFF791FF4FF078
S315020088C0400E0020EC464EF001E004EB840405EB7A
S315020088D08411BCF802A0BCF80040BCF80470BCF8D5
S315020088E006200B7991F8009091F801B04FEA8A06BA
S315020088F091F8028083EA920389EA040946EA142679
S315020089003C01CD7843EA090386EA0B0644EA9A1447
S315020089109201334384EA080442EA171223436A4067
S3150200892013430343D8B205310CF1080C0FF02FC8DC
S315020089300DF5017DBDE8F08F10B540F6015C46F6F7
S3150200894010020F234FF0400E114C2DED088BA0EEB6
S3150200895010CBA8EE104BA2EE102BA4EE103B4EF05D
S3150200896001E0B9EC04AFA1EF5A6006EF506126EFC1
S315020089704A68A8EF566522EF466827FE096E06EF9B
S315020089805461A8EC046F0FF015C0BDEC088B10BD46
S31502008990FB3A010010B5ADF5007D04466846FFF7C7
S315020089A0CBFF4FF0800E6A464EF001E0601E518802
S315020089B032F8043B43EA011300F8013F0FF009C8FD
S315020089C00DF5007D10BD00BF10B5ADF5007D044666
S315020089D06846FFF7B1FF4FF0800E00206A464EF060
S315020089E001E0611EB2F802C032F8043B11F8014FF1
S315020089F043EA0C1363401843C0B20FF00DC80DF5DD
S31502008A00007D10BD10B5ADF5007D04466846FFF742
S31502008A1093FF4FF0100E6B464EF001E093FC805E22
S31502008A20B3FCA05E94EF562524EF5241A4EC884E87
S31502008A300FF00DC00DF5007D10BD00BF10B52DED78
S31502008A40048BADF5007D04466846FFF775FF0022EC
S31502008A504FF0100E6B46A2EE302B4EF001E093FC67
S31502008A60805EB3FCA05E94EF5685B4FC880E24EFBC
S31502008A70584104FF504122EF54210FF011C000204B
S31502008A80E6FE020F80B2003818BF01200DF5007D08
S31502008A90BDEC048B10BD00BF70B57C4D2DED108B67
S31502008AA095ED009F0125A6EE105B032502EB8202DF
S31502008AB0062300EB821040F60152AAEE105B744DBB
S31502008AC0A4EE102B95ED001F4FF0020CA2EE103B08
S31502008AD0B8B020EF466828EF422804248DED185FCF
S31502008AE0A4EE10CB8DED287F8DED243FA6EE104B24
S31502008AF028EF442820EF44488DED2C5F28EF4648A6
S31502008B0026EF4068634A4FF0100EAEEE102B8DED45
S31502008B10347F20EF4A688DED0C9F8DED14BF4EF029
S31502008B2001E08DED101F8DED1C3F8DED205F8DED6B
S31502008B30307F8DED04FF9DED1C7F9DED203F2031A2
S31502008B40A1F1200595EC164F9DED0C1F95EC126FC9
S31502008B509DED243F40F2816495EC12EF95EC102FC7
S31502008B608DED083FA2EE104B9DED18DF8DED003F17
S31502008B70A1EF542002EF5C2124EF42289DED005F15
S31502008B80AAEF522522EF44289DED045F23FE052E0F
S31502008B90A1EF564004EF5C4126EF44480F239DEDBA
S31502008BA0007FAAEF5445A0EE103B04AB24EF4648E3
S31502008BB040F2FF3C93ED007FAAEE10CB25FE074E56
S31502008BC03F2204EF5A4102EF5A2104EF5001A1EF6E
S31502008BD05E60A8EE102B06EF5C6102EF5881A4EFEF
S31502008BE05005BAFF522022EF50212EEF46089DED86
S31502008BF000FFAAEF500508AD93ED007F20EF4E0867
S31502008C0095ED00FF21FE070EA1EF5E6006EF5C61A7
S31502008C102EEF46689DED00FFAAEF56659DED04DF37
S31502008C2026EF4E6827FE0D6E00EF5A0106EF5A61D7
S31502008C309DED10BFA2EF588580EC0A6FB8FF566013
S31502008C4026EF58619DED289F80EC086F9DED2C7FE5
S31502008C5080EC062F9DED147F00EF5661BCFF544059
S31502008C60A6EF566524EF56419DED307F80EC064F08
S31502008C70BEFF50009DED347F80EC060F14300FF0DE
S31502008C80A7C038B0BDEC108B70BD00BFC83601025C
S31502008C9038370102B7AF130002EB820200EB8210F3
S31502008CA00322F0B59C4B2DED108B93ED009FAAEE9F
S31502008CB0102B01230022A6EE103BA2EE102B40F64B
S31502008CC001530624954ED9B096ED001FA4EE103B33
S31502008CD04FF0020C8DED083FA2EE104B20EF4668D6
S31502008CE028EF422804258DED385FA4EE10CB8DEDDA
S31502008CF0487F8DED443FA6EE105B28EF442820EF17
S31502008D0044488DED4C5F28EF464820EF4668844B79
S31502008D104FF0100EACEE103B8DED547F20EF4A68FB
S31502008D208DED2C9F8DED34BF4EF001E08DED301FA1
S31502008D308DED3C3F8DED405F8DED507F8DED00DF7B
S31502008D409DED3C5F2031A1F1200696EC146F9DED5E
S31502008D50405F9DED441F96EC142F9DED309F9DEDD7
S31502008D602C5F9DED48DF96EC14EF96EC104F90FCCD
S31502008D70080F90FC0C8F06468DED285F8DED241FA3
S31502008D809DED4C5F9DED501F8DED209F9DED549FF7
S31502008D9090FC04CF0F2290FC004FFF2396FC080F95
S31502008DA08DED1CDF8DED141FACEE102BA0EE103BEB
S31502008DB08DED0CDF8DED041F9DED38DFA1EF560022
S31502008DC000EF5C0140F2816526EF4068AAEE105B77
S31502008DD0AAEF56659DED001F26EF4A6840F2FF3462
S31502008DE027FE016EA8EE104B4FF03F0C06EF5861BE
S31502008DF08DED185FA4EE10CB06EF5441A2EF544559
S31502008E008DED105FA1EF524004EF5C4122EF444822
S31502008E10AAEF544524EF4A4825FE014E9DED0C3F2C
S31502008E2004EF5841A1EF5E0004EF522100EF5C010E
S31502008E30A4EF5225BAFF56602EEF400826EF526184
S31502008E409DED043FAAEF500506EF52619DED1C3FD2
S31502008E5020EF4A0802FF56619DED003F9DED28FF77
S31502008E6021FE030EA1EF5E2002EF5C212EEF4228C7
S31502008E70AAEF522522EF4A289DED00BF23FE0B2EB4
S31502008E8000EF580102EF58219DED049F9DED24BF8E
S31502008E9000EF58819DED10DFB8FF50000AFF5881A0
S31502008EA09DED08FF9DED20BF20EF5C012EEF58815E
S31502008EB00AFF50019DED34BF28EF508128EF5681FD
S31502008EC002EF5A61BCFF5440A6EF566524EF5641A5
S31502008ED09DED047F04EF56419DED187FBEFF5220A3
S31502008EE006FF54419DED141F28EF548100FF5221C5
S31502008EF028EF526114AE0CAA8DED087F14300FF0E4
S31502008F00E1C80020EAFE060F003818BF012059B05A
S31502008F10BDEC108BF0BD00BFC83601023837010226
S31502008F20B7AF130000B54FF0030C4FF0550E2DED01
S31502008F30108B1023A8EE30EBA4EE30CB91FD806EA1
S31502008F4006EF58A19FFF566006EF586116EF4A6872
S31502008F509EFF56C006EF54A10CEF54C11AFF4CA84F
S31502008F609CFF56C09AFF56600CEF54C106EF54613F
S31502008F7008311CFF46683AB190FC80DE90FCA0DE08
S31502008F801AEF4CA816EF4E682AEF5A0126EF562121
S31502008F90013B80FC801EA0FCA01ECFD1BDEC108B35
S31502008FA05DF804FB38B50D462DED108B04460846D8
S31502008FB009F07AFF284609F077FF40F6FF724FF074
S31502008FC0200E1649164B91ED00BF93ED009F1549F1
S31502008FD0154B91ED001FA2EE103B28462346A4EE48
S31502008FE0102B4EF001E0B0EC047FBCFF56C006EF3A
S31502008FF054610CEF52C126EF5C61B8FF56E0B0FF38
S3150200900056C083EC0A6F83EC08EF83EC00CF0C3377
S315020090100FF017C8BDEC108B38BD00BF68370102D0
S31502009020583701024837010200F0FF0010B540F63A
S31502009030FF734FF0200E184A184C92ED001F184A83
S315020090402DED0C8B92ED003F94ED009FA4EE103BAC
S315020090504EF001E00B4691FC00AF93FC02CFA8EF65
S315020090605AA5B0EF5CC591FC086F2AEF5CA126EF0A
S315020090705A61B4FF56A00AEF54A106EF5461B0EF4D
S315020090805AA526EF5A610C31A0EC047F0FF01FC0DF
S31502009090BDEC0C8B10BD00BF5837010268370102C8
S315020090A0483701022DE9F0475F4B2DED108B93ED0A
S315020090B0007F5E4BACB093ED005F06238DED005F43
S315020090C0A4EE103B002626EF44488DED285FA4EE61
S315020090D0106B022526EF44488DED1C5FA4EE105B53
S315020090E0042426EF44488DED205FA4EE104B26EFB4
S315020090F04468DFF840A18DED247F9AED007FDFF80A
S31502009100389102EB82028DED047F01EB821199ED1B
S31502009110007F0F22DFF82481A2EE102B03238DEDB0
S31502009120087F98ED007F424F8DED143F4FF03F0CC4
S31502009130A2EE103B4FF400724FF0100E8DED0C7F35
S3150200914097ED007F8DED183F40F601534EF001E09A
S315020091508DED107FAEEE10CBA8EE102B9DED047FA9
S315020091609DED0C3F91FC064F9DED00BF9DED087FE6
S315020091709DED10DF0A4691FC060F91FC026F91FCF1
S315020091800A2F92FC0CAF9DED18DF04EF5CC1A8EF2D
S315020091905CC522EF5C2123EE633E28EF42289DED5B
S315020091A01CDFB6FF522080EC1C2F9DED143F00EF12
S315020091B05221BEFF5440A6EF522524EF524125EE1E
S315020091C0635E28EF44489DED203FB6FF544080EC95
S315020091D0124F06EF5E41BCFF5000A4EF544520EF4C
S315020091E05441A2EF5AA5BAFF566025EE635E26EFFA
S315020091F05A6128EF444827EE637EB6FF54409DED40
S31502009200243F28EF466880EC124FB6FF56609DED6C
S31502009210285F143180EC146F20300FF061C82CB037
S31502009220BDEC108BBDE8F087C83601023837010263
S31502009230F8360102283701021837010208370102FF
S31502009240034B1B68022B01D0FFF7FABAFFF724BCC7
S3150200925060100022034B1B68022B01D0FFF726BBCE
S31502009260FFF71ABD60100022034B1B68022B01D0C8
S31502009270FFF790BBFFF7C6BB60100022034B1B68CB
S31502009280022B01D0FFF7A0BBFFF7D8BB601000226C
S3150200929000B54FF00F0C08224FF0200E184B2DEDA3
S315020092A00C8B93ED00BF174BA2EE10CB93ED009FF4
S315020092B0154BA4EE102B93ED001F4EF001E040F685
S315020092C001530A4692FC006F06EF52C1BCFF56607C
S315020092D02DEE63DE27EE637E24EF4CC824EF46684C
S315020092E0BCFF5CC0BCFF566080EC1ACF043180EC38
S315020092F0186F10300FF01BC8BDEC0C8B5DF804FB29
S31502009300E8360102D8360102B836010240F60153A8
S3150200931010B52DED108BACEE103B274B46F6100C1C
S31502009320A8EE103B254B01224FF0200E93ED007F55
S31502009330234C84B094ED00FFAAEE10CB4EF001E070
S31502009340A0EE102B8DED007F01380B46BBEC042FEF
S31502009350A1EF526006EF5C6126EF4268A5EF566503
S315020093602AEF466827FE096E06EF50619BED004F15
S3150200937026EF5E69F9FE062FA1EF546006EF5C61E7
S3150200938026EF4468A5EF56652AEF466827FE096E62
S315020093909DED005F06EF506126EF5469F9FE06CF98
S315020093A002EB0C03103100F8013F0FF033C004B09A
S315020093B0BDEC108B10BD00BFFB3A010098360102CE
S315020093C0A836010210B540F2816200234FF0200E4A
S315020093D0184C2DED088B94ED00BF174CA2EE102B06
S315020093E094ED009FA4EE103B4EF001E0013911F816
S315020093F0012F0346A6EE102B06EF5A0106EF58611F
S3150200940021FE840FFDEE10CA27FE840FFDEE102A00
S31502009410EDEE10CA33FE050FEDEE102AABEC040F8B
S3150200942033FE056F10308BED006F0FF021C0BDECDF
S31502009430088B10BDA83601029836010238B50446DB
S315020094400D46FFF7E1F805F5007104F5C070FFF768
S31502009450DBF805F5806104F54070BDE83840FFF79A
S31502009460D3B800BF38B504460D46FFF7F9F805F53F
S31502009470C07104F50070FFF7F3F805F5407104F5C5
S315020094808060BDE83840FFF7EBB800BF10B5044670
S31502009490FFF73CF904F50070FFF738F904F5806030
S315020094A0BDE81040FFF732B9014B1860704700BFA4
S315020094B00800002299B100B541F001E0094A0138DD
S315020094C0136883EA433383EA534383EA431300F878
S315020094D0013F0FF00BC0136000205DF804FB002073
S315020094E0704700BF080000222DE9F047414C0546AF
S315020094F0266891460C4698468AB0002E62D03E4EA9
S31502009500B1EC047F3346B3EC041F91ED005F93ED9B
S31502009510003F06FF506104FF524126EF546116EEEA
S31502009520103A36EE101B354F0B433A680DF1040A1A
S31502009530002A08BF43F0010317EE102B134337EE40
S31502009540102B134319D14FF0190E4EF001E02C4C9B
S31502009550A5F10801F4E90267E1E902670FF007C025
S3150200956002232022514628468DF804908DF8058064
S3150200957009F0DAFC0AB0BDE8F087D4464FF0000ED7
S3150200958020686168A268E368043EACE80F002069BF
S315020095906169A269E369043CACE80F0022225146E4
S315020095A01848ADF824E000F0DBF94FF0080E4EF053
S315020095B001E054F8043F46F8043F0FF007C00123C8
S315020095C03B60C0E70868A268E368496801AE0FC657
S315020095D020696169A269E3690FC62222284601A9A8
S315020095E08DF824908DF8258000F0BAF90AB0BDE80E
S315020095F0F08700BF5011002268100022641000227A
S31502009600801000228810002270B5964605460E4646
S315020096101C468AB010685168DEF80C3092680DF16B
S31502009620040CACE80F00DEF81000DEF81410DEF8C9
S315020096301820DEF81C30ACE80F00212331462846FC
S3150200964001AA8DF8244000F0CDF90AB070BD00BF22
S3150200965070B50E4615460446B4B0684600F03AF9AF
S3150200966031466846202200F041F929464FF48862C5
S31502009670684600F03BF9684600F03EF96A4620214A
S31502009680204600F067F9684600F068F934B070BD0C
S31502009690AAB100B542F001E05B42DBB20139013802
S315020096A010F801CF11F8012F8CEA02021A408CEA57
S315020096B0020C80F800C00FF00DC85DF804FB70477D
S315020096C030B54D1E83B08DF80720D0E93223002B2A
S315020096D008BFAA42044615D001230DF1070109F07D
S315020096E023FC4FF0800C01232A4620460DF1070188
S315020096F08DF807C009F018FC00220023C4E93223C2
S3150200970003B030BD9DF80750012365F07F050DF1CA
S3150200971007018DF8075009F007FCEDE72DE9F04740
S315020097201D4688469146D0E93223A91843F1000323
S31502009730414573F10003044624D300260027DFF8CF
S3150200974060A04946A8EB0203204609F0EDFBD4F8D7
S31502009750C830DAF80020A3EB08010132A8EB0303B4
S315020097600D442046C4E932679944CAF8002009F03C
S31502009770D3FBD4E93223A91843F10003414573F11F
S315020097800003DED22B464946204609F0CDFBD4E93A
S3150200979032325B1942F10002C4E93232BDE8F08787
S315020097A0541100228B422DE9F8430C461E46804690
S315020097B0174613D3DFF878903946234600224046EF
S315020097C009F0B2FBD9F8005040460135361BC9F8FC
S315020097D0005009F0A1FBB4422744EDD9013C86B9F9
S315020097E080253246404608A9012309F09DFB012344
S315020097F02246404608A98DF8205009F095FBBDE89F
S31502009800F883334600223946404609F08DFBB442BE
S31502009810E6D19DF82040012364F07F04324640469B
S3150200982008A98DF8204009F07FFBBDE8F88300BF48
S31502009830541100222DE9F0474FF0000AD2E93249CD
S31502009840A14215469846A3EB04027AEB09030E469B
S3150200985007460DD20B460146284609F085FBD5E997
S3150200986032329B1B62F10002C5E93232BDE8F08753
S3150200987023460146284609F077FBD5F8C830274427
S315020098801B1BC5F8C830D5F8CC3063EB0903361B71
S31502009890C5F8CC30EAD0DFF83890D9F8002028464F
S315020098A00132C9F8002009F037FBB045444628BF0B
S315020098B03446394623460022284609F055FBA8EBD2
S315020098C00403361BC5E9323A2744E6D1BDE8F087E0
S315020098D054110022C82210B50021044609F0BCFA30
S315020098E000220023C4E9322310BD00BF8C46134672
S315020098F088216246FFF712BF1F2310B582B0D0E956
S3150200990032218DF80730A2F187030B43044615D0A6
S3150200991001230DF1070109F007FB4FF0800C01232B
S31502009920872220460DF107018DF807C009F0FCFADF
S3150200993000220023C4E9322302B010BD4FF09F0C6F
S31502009940012387220DF107018DF807C009F0ECFA11
S31502009950EEE700BF8823FFF76DBF00BF704700BF69
S31502009960F0B50D46164604461F2783B0C8220021CD
S3150200997009F072FAA82133462A4620460097FFF7D5
S3150200998011FF03B0F0BD00BF31B32DE9F04105462A
S315020099900C461646114FDFF8488008E02946152284
S315020099A0304605F0DDFC013C05F1A80512D03B6806
S315020099B0304601333B6009F0AFFAD8F80020002A9E
S315020099C0ECD12946A823304609F0CEFA013C05F12E
S315020099D0A805ECD1BDE8F081704700BF5411002202
S315020099E064110022F0B5B5B004460D4616460021B4
S315020099F0C82268461F4609F02FFA0022002368464D
S31502009A00CDE9322388213B463246FFF787FE684678
S31502009A101F228821FFF754FE88236A4629462046DC
S31502009A20FFF708FF35B0F0BD2DE970430D46164627
S31502009A304FF000084FF000090446B4B0C8220021D6
S31502009A40684609F009FA33462A4668468821CDE96E
S31502009A503289FFF763FE684606228821FFF730FE49
S31502009A60882320216A462046FFF7E4FE34B0BDE88B
S31502009A70708300BF2DE970430D4616464FF000086D
S31502009A804FF000090446B4B0C8220021684609F026
S31502009A90E3F933462A4668464821CDE93289FFF77B
S31502009AA03DFE684606224821FFF70AFE482340216A
S31502009AB06A462046FFF7BEFE34B0BDE8708300BF9B
S31502009AC02DE9F84FA4B04FF0260C96465368176A54
S31502009AD09468D2680CFB02F615900A92DEF8100022
S31502009AE08A691E960292DEF8146000EBC00200EB51
S31502009AF04208CDF86080DEF81C200CFB06F80D96B5
S31502009B000E691B9704960F6A16464D6A1497DEF87D
S31502009B10187019953A462546CDF874800CFB06F85E
S31502009B2007EBC70704EBC40402EB470A0B9505EBE8
S31502009B30440410930CFB03F51390CB6948691C92FD
S31502009B401296CDF85880CF68DEF8242006978F68E3
S31502009B500CFB02FC0597DEF800701A924A68089719
S31502009B601B9F01920A680A99CDF844C007EBC70CFD
S31502009B7007EB4C0C01EBC10E149F01EB4E0ECDF818
S31502009B8024C0AEFB07EC1999189EE1FB04ECA4FB7A
S31502009B9007411893E6FB03EC199B059FE3FB05417E
S31502009BA0A046189B1E9D029CE5FB0381E6FB0481F1
S31502009BB01D9C049DE4FB0081EAFB0581169C189618
S31502009BC0069EE4FB0681099E019CE6FB0781119E27
S31502009BD0E6FB0481089E029CE6FB02810D9E0F9124
S31502009BE006EBC60106EB4101E1FB04EC129CEAFB23
S31502009BF000ECCDF8388028F07C48CDF8848004EB60
S31502009C00C40804EB4808E8FB05EC069E099D1F9074
S31502009C10E5FB06ECDDE90E6756EA9F6740461A9DAC
S31502009C20CDE90E6705EBC508059F05EB4808E8FB7D
S31502009C3007EC089C019D0C92E5FB04EC109D0E9C22
S31502009C40E5FB02EC6A00149F17920F9A1EEB0404BE
S31502009C5046464CEB0209A046DDE9182524F07E4C67
S31502009C60A7FB0141E5FB02410246EAFB03412090C4
S31502009C700298CDF888C0E2FB00411F98099A1F9608
S31502009C80E2FB00413246049E58EA5F69E2FB064166
S31502009C90069E089AE6FB0241109E059AE2FB0641E1
S31502009CA00B9E019AE2FB0641A4460C9A0A9C049E6C
S31502009CB0E4FB02C1189CCDF88CC0A4FB07EC1E9CE9
S31502009CC0169AE5FB04EC1D9C059FE4FB03EC029C43
S31502009CD0EAFB04ECE2FB00EC099AE2FB06EC069EC8
S31502009CE0119AE2FB06EC089AE7FB02EC179A019F2F
S31502009CF0E7FB02ECDDE90B72E7FB02EC1EEB080E5A
S31502009D004CEB0902CDF838E00F920A9ADDE90E898A
S31502009D1058EA9F692EF07C4C5200CDF878C0199211
S31502009D20209A149FCDE90E89A7FB02ECE5FB0AEC0B
S31502009D30099AE2FB03EC1F9AE2FB04EC089A049CE4
S31502009D40E0FB02EC109AE4FB02EC0B9C019AE6FBA8
S31502009D5004EC0A9C059EE6FB04EC4446239E341959
S31502009D60A0460F9E24F07E4441EB0609139958EA59
S31502009D705F69E2FB01ECDDE90C16E6FB01EC159AE4
S31502009D80CDF838E0AAFB07E1D4601D9C099AE5FBF1
S31502009D9004E1169C119EE4FB03E1029CE2FB04E152
S31502009DA0E6FB00E1089A049EE6FB02E1069E179A8C
S31502009DB0E6FB02E1059E0B9AE6FB02E1019A199E79
S31502009DC0E2FB06E1139E0C9AE6FB02E11EEB080E8D
S31502009DD041EB0901CDF808E00391DDE9028958EA71
S31502009DE09F691F9E159A2EF07C41A7FB06AE116154
S31502009DF0099A109EE5FB02AE089A0294E3FB02AEB4
S31502009E00E4FB06AE0B9C049EE0FB04AE0A9C059A9C
S31502009E10E6FB04AE069E139C0D99E6FB04AE444691
S31502009E200E9E490034190D9E0E94E2FB06AE159A5B
S31502009E3024F07E4454611C9C019A4CEB090CE2FB13
S31502009E4004AE129C0C9ACDF83CC0E4FB02AEDDE9EE
S31502009E500E89CDF850A0099A58EA5F69A2FB074C11
S31502009E60169A1893E5FB024C119A049EE2FB034CE8
S31502009E70029B089ACDE90E89E3FB024C179B059AD1
S31502009E80E0FB034C0B9BE6FB034C069E199BE6FB91
S31502009E90034C139BE2FB034C019B0C9AE3FB014C24
S31502009EA01C9BE3FB024C14EB08080F9CCDF81880B0
S31502009EB04CEB04040794DDE9062352EA9F63CDE9DD
S31502009EC00623159B109A28F07C48C3F81880129B2B
S31502009ED0A7FB02C84FEA4309089B119AE5FB03C890
S31502009EE0A7FB033AE5FB023ADDE917240B9DE4FBE7
S31502009EF0023AE4FB05C8029C059AE4FB053A0A9D70
S31502009F00E4FB05C8199D139CE0FB053AE0FB04C877
S31502009F1004981A9DE0FB043A0D9CE6FB013AE0FB2D
S31502009F2004C81C98129CE6FB00C8E2FB003AE2FB5E
S31502009F3004C81B98019A149EE2FB093AE2FB00C888
S31502009F400C9AE0FB023AE2FB05C8069A079DB41892
S31502009F50224619464EEB050352EA5F6315988918A5
S31502009F6024F07E44C4610C464AEB030554EA9F651D
S31502009F701CEB040C624648EB050352EA5F63144687
S31502009F801D4654EACF0521F07C4101622CF07E4148
S31502009F904162A11845EB030449186441891844EB50
S31502009FA00304219BC9180A4644F1000352EA9F633F
S31502009FB021F07C41016022998B181E9923F07E4282
S31502009FC001EB5363C0E9012324B0BDE8F88F00BF5B
S31502009FD02DE9F84FA4B007B44EF6744BC2F2042B27
S31502009FE0DBF800B00BF5FE7B01A309E0AFF30080BE
S31502009FF00000000004000000080000000C00000041
S3150200A00093ED00FF4EF67443C2F204231B6803F27B
S3150200A010F4532FEE43EF07BC4FF0260C1BED7F1FC8
S3150200A020964653681BED6B3F176A9468D26800FF29
S3150200A03052010CFB02F615900A921BED573FDEF811
S3150200A04010008A691E9600FF52010292DEF8146021
S3150200A05000EBC0021BED433F00EB4208CDF86080E7
S3150200A060DEF81C2000FF52010CFB06F80D960E6965
S3150200A0701BED2F3F1B97049600FF52010F6A1646EF
S3150200A0804D6A8EFD2F1E1497DEF8187019951BED7A
S3150200A0907B1F3A462546CDF874801BED673F0CFBC5
S3150200A0A006F807EBC70704EBC40400FF520102EBF4
S3150200A0B0470A0B9505EB44041BED533F10930CFB2B
S3150200A0C003F5139000FF5201CB6948691C921BED00
S3150200A0D03F3F1296CDF8588000FF5201CF68DEF856
S3150200A0E0242006971BED2B3F8F680CFB02FC05977D
S3150200A0F000FF5201DEF800701A924A688EFD331E86
S3150200A10008971B9F01921BED771F0A680A99CDF8E3
S3150200A11044C01BED633F07EBC70C07EB4C0C01EB8E
S3150200A120C10E00FF5201149F01EB4E0E1BED4F3F75
S3150200A130CDF824C0AEFB07EC199900FF5201189E18
S3150200A140E1FB04ECA4FB07411BED3B3F1893E6FB46
S3150200A15003EC199B00FF5201059FE3FB0541A04654
S3150200A1601BED273F189B1E9D029C00FF5201E5FB3B
S3150200A1700381E6FB04811D9C8EFD371E049DE4FBD4
S3150200A1800081EAFB05811BED731F169C18961BEDD9
S3150200A1905F3F069EE4FB0681099E00FF5201019C79
S3150200A1A0E6FB0781119E1BED4B3FE6FB0481089EF1
S3150200A1B0029C00FF5201E6FB02810D9E0F911BEDF0
S3150200A1C0373F06EBC60106EB4101E1FB04EC00FF5B
S3150200A1D05201129CEAFB00ECCDF838801BED233FBE
S3150200A1E028F07C48CDF8848004EBC40800FF5201B5
S3150200A1F004EB4808E8FB05EC8EFD3B1E069E099D16
S3150200A2001F901BED6F1FE5FB06ECDDE90E6756EAB4
S3150200A2109F671BED5B3F40461A9DCDE90E6700FF27
S3150200A220520105EBC508059F05EB48081BED473FA4
S3150200A230E8FB07EC089C019D00FF52010C92E5FB2E
S3150200A24004EC109D1BED333F0E9CE5FB02EC00FF78
S3150200A25052016A00149F17921BED1F3F0F9A1EEBC5
S3150200A2600404464600FF52014CEB0209A046DDE912
S3150200A27018258EFD3F1E24F07E4CA7FB0141E5FB0F
S3150200A28002419BED011F0246EAFB034120909BED32
S3150200A290153F0298CDF888C0E2FB004100FF52014B
S3150200A2A01F98099A1F969BED293FE2FB0041324611
S3150200A2B000FF5201049E58EA5F69E2FB06419BEDEC
S3150200A2C03D3F069E089AE6FB024100FF5201109EA0
S3150200A2D0059AE2FB06419BED513F0B9E019AE2FB7A
S3150200A2E0064100FF5201A4460C9A0A9C8EFD431EAB
S3150200A2F0049EE4FB02C1189C9BED051FCDF88CC0A1
S3150200A300A4FB07EC1E9C9BED193F169AE5FB04EC99
S3150200A31000FF52011D9C059FE4FB03EC9BED2D3FC4
S3150200A320029CEAFB04ECE2FB00EC00FF5201099AF4
S3150200A330E2FB06EC069E9BED413F119AE2FB06EC20
S3150200A340089A00FF5201E7FB02EC179A019F9BED68
S3150200A350553FE7FB02ECDDE90B72E7FB02EC00FF7F
S3150200A36052011EEB080E4CEB09028EFD471ECDF87C
S3150200A37038E00F920A9A9BED091FDDE90E8958EA29
S3150200A3809F692EF07C4C9BED1D3F5200CDF878C0A4
S3150200A390199200FF5201209A149FCDE90E899BED76
S3150200A3A0313FA7FB02ECE5FB0AEC099A00FF5201DA
S3150200A3B0E2FB03EC1F9AE2FB04EC9BED453F089A95
S3150200A3C0049CE0FB02EC00FF5201109AE4FB02EC53
S3150200A3D09BED593F0B9C019AE6FB04EC00FF5201F0
S3150200A3E00A9C059EE6FB04EC8EFD4B1E4446239E0C
S3150200A3F034199BED0D1FA0460F9E24F07E449BED63
S3150200A400213F41EB0609139958EA5F6900FF5201A1
S3150200A410E2FB01ECDDE90C16E6FB01EC9BED353FB8
S3150200A420159ACDF838E0AAFB07E100FF5201D46085
S3150200A4301D9C9BED493F099AE5FB04E1169C00FF32
S3150200A4405201119EE4FB03E1029C9BED5D3FE2FBA0
S3150200A45004E1E6FB00E1089A00FF5201049EE6FBD6
S3150200A46002E1069E8EFD4F1E179AE6FB02E1059E4D
S3150200A4709BED111F0B9AE6FB02E1019A9BED253F2C
S3150200A480199EE2FB06E100FF5201139E0C9AE6FBBF
S3150200A49002E19BED393F1EEB080E41EB0901CDF8B7
S3150200A4A008E000FF52010391DDE9028958EA9F693B
S3150200A4B09BED4D3F1F9E159A2EF07C4100FF5201E7
S3150200A4C0A7FB06AE1161099A9BED613F109EE5FB63
S3150200A4D002AE089A00FF52010294E3FB02AEE4FBCD
S3150200A4E006AE8EFD531E0B9C049E9EFD471EE0FB90
S3150200A4F004AE0A9C059AA1EF5025E6FB04AE069E21
S3150200A500139CA1FF50240D99E6FB04AE44469EFD22
S3150200A5103F5E0E9E4900341902FF54210D9E0E9491
S3150200A520E2FB06AE8EFD573E159A24F07E44546138
S3150200A5309EFD331E1C9C019A4CEB090C9EFD535E3C
S3150200A540E2FB04AE129C00FF54010C9ACDF83CC00B
S3150200A550E4FB02AE8EFD6B1EDDE90E89CDF850A03E
S3150200A560099A9EFD4B1E58EA5F69A2FB074C169A92
S3150200A570A1EF50251893E5FB024C119AA1FF502436
S3150200A580049EE2FB034C029B9EFD2F5E089ACDE9D8
S3150200A5900E89E3FB024C02FF5421179B059A8EFD9E
S3150200A5A05B3EE0FB034C0B9BE6FB034C9EFD371E1A
S3150200A5B0069E199BE6FB034C9EFD435E139BE2FB44
S3150200A5C0034C019B00FF54010C9AE3FB014C1C9BBC
S3150200A5D08EFD6F1EE3FB024C14EB08080F9C9EFDDA
S3150200A5E04F1ECDF818804CEB04040794A1EF5025BA
S3150200A5F0DDE9062352EA9F63CDE90623A1FF502433
S3150200A600159B109A9EFD335E28F07C48C3F818808D
S3150200A610129B02FF5421A7FB02C84FEA4309089B7B
S3150200A6208EFD5F3E119AE5FB03C8A7FB033A9EFD2A
S3150200A6303B1EE5FB023ADDE917240B9D9EFD475EB4
S3150200A640E4FB023AE4FB05C8029C00FF5401059AAA
S3150200A650E4FB053A0A9D8EFD731EE4FB05C8199DAF
S3150200A660139C9EFD531EE0FB053AE0FB04C8A1EFD6
S3150200A670502504981A9DE0FB043AA1FF50240D9C34
S3150200A680E6FB013AE0FB04C89EFD375E1C98129C6D
S3150200A690E6FB00C802FF5421E2FB003AE2FB04C8D3
S3150200A6A01B988EFD633E019A149EE2FB093A9EFDBB
S3150200A6B03F1EE2FB00C80C9AE0FB023A9EFD4B5E8F
S3150200A6C0E2FB05C8069A00FF5401079DB41822460C
S3150200A6D08EFD771E19464EEB050352EA5F639EFD19
S3150200A6E0431E1598891824F07E44A1EF5025C461B3
S3150200A6F00C464AEB0305A1FF502454EA9F651CEB66
S3150200A700040C62469EFD3B5E48EB050352EA5F631C
S3150200A710144602FF54211D4654EACF0521F07C411E
S3150200A7208EFD673E01622CF07E419EFD2F1E416228
S3150200A730A11845EB03049EFD4F5E49186441891832
S3150200A74000FF540144EB0304219BC9188EFD7B1EB6
S3150200A7500A4644F1000352EA9F639EFD577E21F0AA
S3150200A7607C41016022999EFD6B9E8B181E9923F0F7
S3150200A7707E421BED7F1F01EB5363C0E9012324B028
S3150200A780BDE8F88FAFF30080AFF30080AFF300802F
S3150200A7902DE9F84FA4B007B44EF6744BC2F2042B5F
S3150200A7A0DBF800B00BF5FE7B01A309E0AFF30080F6
S3150200A7B00000000004000000080000000C00000079
S3150200A7C093ED00FF4EF67443C2F204231B6803F2B4
S3150200A7D0F4532FEE43EF07BC4FF0260C9BED013FDF
S3150200A7E09646536800FF5601176A9468D26802FFBC
S3150200A7F058210CFB02F615900A9220EF5041DEF822
S3150200A80010008A691E968BED655F0292DEF814606F
S3150200A81000EBC00222EF52A100EB4208CDF86080A5
S3150200A820DEF81C200EFD35BE0CFB06F80D961BED60
S3150200A8306B1F0E691B9704969BED153F0F6A164612
S3150200A8404D6A00FF56011497DEF81870199502FF3B
S3150200A85058213A462546CDF87480B2EF50450CFB96
S3150200A86006F807EBC70704EBC404B2FF504402EB39
S3150200A870470A0B9505EB44040EFD595E10930CFB3B
S3150200A88003F5B2EF52A51390CB694869B2FF52A401
S3150200A8901C921296CDF858808EFD0BBECF68DEF85C
S3150200A8A0242006971BED571F8F680CFB02FC0597A9
S3150200A8B09BED293FDEF800701A924A6800FF5601A6
S3150200A8C008971B9F019202FF58210A680A99A2EF74
S3150200A8D05245CDF844C007EBC70C07EB4C0CA2FF60
S3150200A8E0524401EBC10E149F01EB4E0E0EFD7D5E2E
S3150200A8F0CDF824C0AEFB07EC1999A1EF50A5189E1E
S3150200A900E1FB04ECA4FB0741A1FF50A41893E6FB6C
S3150200A91003EC199B0EFD19BE059FE3FB05411BEDDA
S3150200A920431FA046189B1E9D9BED3D3F029CE5FBE7
S3150200A9300381E6FB048100FF56011D9C049DE4FB96
S3150200A940008102FF5821EAFB0581169C1896B5EF95
S3150200A9505245069EE4FB0681099EB5FF5244019CC0
S3150200A960E6FB0781119E0EFD3D5EE6FB0481089E15
S3150200A970B4EF50A5029CE6FB02810D9EB4FF50A4E3
S3150200A9800F9106EBC60106EB41018EFD27BEE1FBE8
S3150200A99004EC129CEAFB00EC1BED2F1FCDF838806D
S3150200A9A028F07C48CDF884809BED513F04EBC40827
S3150200A9B004EB4808E8FB05EC00FF5601069E099DDC
S3150200A9C01F9002FF5821E5FB06ECDDE90E67A9EFB1
S3150200A9D0504556EA9F6740461A9DA9FF5044CDE965
S3150200A9E00E6705EBC508059F0EFD615E05EB48087F
S3150200A9F0E8FB07EC089CA9EF52A5019D0C92E5FB2A
S3150200AA0004ECA9FF52A4109D0E9CE5FB02EC8EFD00
S3150200AA1003BE6A00149F9EFD5B7E17920F9A1EEB81
S3150200AA2004049EFD6F9E46464CEB0209A0461BEDB2
S3150200AA307B1FDDE9182524F07E4CA7FB01419BED27
S3150200AA40053FE5FB02410246EAFB034100FF5601D0
S3150200AA5020900298CDF888C002FF5821E2FB0041FF
S3150200AA601F98099AA1EF52451F96E2FB0041A1FFEA
S3150200AA7052443246049E58EA5F690EFD715EE2FB5D
S3150200AA800641069E089A20EF50A1E6FB0241109E5F
S3150200AA90059A0EFD0DBEE2FB06410B9E019A1BEDC9
S3150200AAA0671FE2FB0641A4460C9A9BED193F0A9CDE
S3150200AAB0049EE4FB02C100FF5601189CCDF88CC02F
S3150200AAC002FF5821A4FB07EC1E9C169AB6EF5045CE
S3150200AAD0E5FB04EC1D9C059FB6FF5044E4FB03EC2A
S3150200AAE0029CEAFB04EC8BED695FE2FB00EC099A3F
S3150200AAF0E2FB06ECB6EF52A5069E119AE2FB06ECC5
S3150200AB00B6FF52A4089AE7FB02EC0EFD31BE179A75
S3150200AB10019FE7FB02EC1BED531FDDE90B72E7FB1E
S3150200AB2002EC1EEB080E9BED2D3F4CEB0902CDF815
S3150200AB3038E00F9200FF56010A9ADDE90E8958EABB
S3150200AB409F6902FF58212EF07C4C5200CDF878C046
S3150200AB50A5EF50451992209A149FA5FF5044CDE9BE
S3150200AB600E89A7FB02EC0EFD555EE5FB0AEC099A7F
S3150200AB70E2FB03ECA5EF52A51F9AE2FB04EC089A4E
S3150200AB80A5FF52A4049CE0FB02EC109A8EFD0FBEB8
S3150200AB90E4FB02EC0B9C019A1BED3F1FE6FB04EC67
S3150200ABA00A9C059E9BED413FE6FB04EC4446239E30
S3150200ABB000FF56013419A04602FF58210F9E24F0C9
S3150200ABC07E4441EB0609B7EF5245139958EA5F698D
S3150200ABD0E2FB01ECB7FF5244DDE90C16E6FB01ECA1
S3150200ABE0159A0EFD795ECDF838E0AAFB07E1D4602E
S3150200ABF0B6EF50A51D9C099AE5FB04E1B6FF50A4E9
S3150200AC00169C119EE4FB03E10EFD15BE029CE2FBBF
S3150200AC1004E11BED2B1FE6FB00E1089A049E9BED67
S3150200AC20553FE6FB02E1069E179A00FF5601E6FB38
S3150200AC3002E1059E0B9A02FF5821E6FB02E1019A08
S3150200AC40199EA1EF5045E2FB06E1139E0C9AA1FF65
S3150200AC505044E6FB02E11EEB080E0EFD395E41EBA7
S3150200AC600901CDF808E00391A1EF52A5DDE90289B9
S3150200AC7058EA9F691F9EA1FF52A4159A2EF07C41A5
S3150200AC80A7FB06AE8EFD2BBE1161099A109E9EFD94
S3150200AC905F7EE5FB02AE089A02949EFD739EE3FB7D
S3150200ACA002AEE4FB06AE0B9C1BED771F049EE0FB97
S3150200ACB004AE9BED093F0A9C059AE6FB04AE00FF33
S3150200ACC05601069E139C0D9902FF5821E6FB04AE1F
S3150200ACD044460E9EBFEF5045490034190D9EBFFFF4
S3150200ACE050440E94E2FB06AE159A0EFD495E24F020
S3150200ACF07E4454611C9CBFEF52A5019A4CEB090C91
S3150200AD00BFFF52A4E2FB04AE129C0C9A8EFD1BBE40
S3150200AD10CDF83CC0E4FB02AEDDE90E891BED631FF4
S3150200AD20CDF850A0099A58EA5F699BED1D3FA2FB38
S3150200AD30074C169A189300FF5601E5FB024C119A2E
S3150200AD40049E02FF5821E2FB034C029BA3EF5045EF
S3150200AD50089ACDE90E89E3FB024CA3FF5044179BE8
S3150200AD60059AE0FB034C0EFD6D5E0B9BE6FB034C66
S3150200AD70069EA3EF52A5199BE6FB034C139BA3FF6A
S3150200AD8052A4E2FB034C019B0C9A0EFD09BEE3FBA7
S3150200AD90014C1C9BE3FB024C1BED4F1F14EB0808F6
S3150200ADA00F9C9BED313FCDF818804CEB04040794C1
S3150200ADB000FF5601DDE9062352EA9F63CDE9062329
S3150200ADC002FF5821159B109A28F07C48B6EF52458F
S3150200ADD0C3F81880129BA7FB02C8B6FF52444FEA7B
S3150200ADE04309089B119A8BED6D5FE5FB03C8A7FB30
S3150200ADF0033AE5FB023AB5EF50A5DDE917240B9DB0
S3150200AE00B5FF50A4E4FB023AE4FB05C8029C0EFD22
S3150200AE102DBE059AE4FB053A0A9D1BED3B1FE4FB9A
S3150200AE2005C8199D139C9BED453FE0FB053AE0FBE7
S3150200AE3004C8049800FF56011A9DE0FB043A0D9CD3
S3150200AE4002FF5821E6FB013AE0FB04C8A8EF52458F
S3150200AE501C98129CE6FB00C8A8FF5244E2FB003A8B
S3150200AE60E2FB04C81B980EFD515E019A149EE2FB9A
S3150200AE70093AA7EF50A5E2FB00C80C9AE0FB023A9A
S3150200AE80A7FF50A4E2FB05C8069A079D8EFD13BED6
S3150200AE90B418224619461BED271F4EEB050352EA4C
S3150200AEA05F639BED593F1598891824F07E4400FF95
S3150200AEB05601C4610C464AEB030502FF582154EAC7
S3150200AEC09F651CEB040C6246BFEF524548EB050337
S3150200AED052EA5F631446BFFF52441D4654EACF0549
S3150200AEE021F07C410EFD755E01622CF07E414162CD
S3150200AEF0BEEF50A5A11845EB0304BEFF50A44918A6
S3150200AF00644189180EFD11BE44EB0304219BC91846
S3150200AF109EFD637E0A4644F1000352EA9F639EFD4C
S3150200AF20779E21F07C41016022991BED731F8B18DD
S3150200AF301E9923F07E429BED0D3F01EB5363C0E960
S3150200AF40012324B0BDE8F88FAFF30080AFF3008091
S3150200AF502DE9F84FA4B007B44EF6744BC2F2042B97
S3150200AF60DBF800B00BF5FE7B01A309E0AFF300802E
S3150200AF700000000004000000080000000C000000B1
S3150200AF8093ED00FF4EF67443C2F204231B6803F2EC
S3150200AF90F4532FEE43EF07BC4FF0260C00FF560189
S3150200AFA09646536802FF5821176A9468D268AEEF34
S3150200AFB050450CFB02F615900A92AEFF5044DEF89D
S3150200AFC010008A691E968BED795F0292DEF8146094
S3150200AFD000EBC002AEEF52A500EB4208CDF860804E
S3150200AFE0DEF81C20AEFF52A40CFB06F80D960EFDF1
S3150200AFF021BE0E691B9704961BED5F1F0F6A16464C
S3150200B0004D6A9BED213F1497DEF81870199500FFE3
S3150200B01056013A462546CDF8748002FF58210CFBAC
S3150200B02006F807EBC70704EBC404BCEF524502EB74
S3150200B030470A0B9505EB4404BCFF524410930CFBE4
S3150200B04003F50EFD455E1390CB694869BBEF50A52B
S3150200B0501C921296CDF85880BBFF50A4CF68DEF83A
S3150200B060242006978EFD1FBE8F680CFB02FC0597F7
S3150200B0701BED4B1FDEF800701A924A689BED353FB6
S3150200B08008971B9F019200FF56010A680A9902FF60
S3150200B0905821CDF844C007EBC70C07EB4C0CADEFBB
S3150200B0A0524501EBC10E149F01EB4E0EADFF524409
S3150200B0B0CDF824C0AEFB07EC19990EFD695E189E09
S3150200B0C0E1FB04ECA4FB0741ACEF50A51893E6FBA9
S3150200B0D003EC199BACFF50A4059FE3FB05410EFD53
S3150200B0E005BEA046189B1E9D1BED371F029CE5FB65
S3150200B0F00381E6FB04819BED493F1D9C049DE4FB15
S3150200B100008100FF5601EAFB0581169C189602FF94
S3150200B1105821069EE4FB0681099EABEF5245019C2F
S3150200B120E6FB0781119EABFF5244E6FB0481089EB3
S3150200B1308BED715F029CE6FB02810D9EAAEF50A584
S3150200B1400F9106EBC60106EB4101AAFF50A4E1FBF3
S3150200B15004EC129CEAFB00EC0EFD29BECDF8388009
S3150200B16028F07C48CDF884801BED231F04EBC4082D
S3150200B17004EB4808E8FB05EC9BED5D3F069E099D46
S3150200B1801F9000FF5601E5FB06ECDDE90E6702FFA4
S3150200B190582156EA9F6740461A9DBCEF5045CDE9B5
S3150200B1A00E6705EBC508059FBCFF504405EB480832
S3150200B1B0E8FB07EC089C0EFD4D5E019D0C92E5FB3B
S3150200B1C004ECBCEF52A5109D0E9CE5FB02ECBCFF05
S3150200B1D052A46A00149F8EFD17BE17920F9A1EEB99
S3150200B1E004049EFD677E46464CEB0209A0469EFD80
S3150200B1F07B9EDDE9182524F07E4CA7FB01411BED61
S3150200B2006F1FE5FB02410246EAFB03419BED113F3C
S3150200B21020900298CDF888C000FF5601E2FB00415B
S3150200B2201F98099A02FF58211F96E2FB0041AEEFD2
S3150200B23052453246049E58EA5F69AEFF5244E2FB2B
S3150200B2400641069E089A0EFD5D5EE6FB0241109ED1
S3150200B250059AADEF50A5E2FB06410B9E019AADFFA2
S3150200B26050A4E2FB0641A4460C9A8EFD07BE0A9C38
S3150200B270049EE4FB02C11BED5B1F189CCDF88CC03B
S3150200B2809BED253FA4FB07EC1E9C169A00FF560178
S3150200B290E5FB04EC1D9C059F02FF5821E4FB03EC31
S3150200B2A0029CEAFB04ECAAEF5045E2FB00EC099A89
S3150200B2B0E2FB06ECAAFF5044069E119AE2FB06EC5C
S3150200B2C08BED7D5F089AE7FB02ECAAEF52A5179A6F
S3150200B2D0019FE7FB02ECAAFF52A4DDE90B72E7FB32
S3150200B2E002EC1EEB080E0EFD1DBE4CEB0902CDF85C
S3150200B2F038E00F921BED471F0A9ADDE90E8958EADC
S3150200B3009F699BED393F2EF07C4C5200CDF878C0F8
S3150200B31000FF56011992209A149F02FF5821CDE987
S3150200B3200E89A7FB02ECB4EF5245E5FB0AEC099A3B
S3150200B330E2FB03ECB4FF52441F9AE2FB04EC089AC8
S3150200B3400EFD415E049CE0FB02EC109AB3EF50A5A1
S3150200B350E4FB02EC0B9C019AB3FF50A4E6FB04EC5F
S3150200B3600A9C059E8EFD23BEE6FB04EC4446239E04
S3150200B3701BED331F3419A0469BED4D3F0F9E24F063
S3150200B3807E4441EB060900FF5601139958EA5F69AC
S3150200B390E2FB01EC02FF5821DDE90C16E6FB01ECAB
S3150200B3A0159AA4EF5045CDF838E0AAFB07E1D46020
S3150200B3B0A4FF50441D9C099AE5FB04E10EFD655E5F
S3150200B3C0169C119EE4FB03E1A4EF52A5029CE2FB4C
S3150200B3D004E1A4FF52A4E6FB00E1089A049E0EFDD6
S3150200B3E001BEE6FB02E1069E179A1BED1F1FE6FB56
S3150200B3F002E1059E0B9A9BED613FE6FB02E1019A93
S3150200B400199E00FF5601E2FB06E1139E0C9A02FF0B
S3150200B4105821E6FB02E11EEB080EA7EF504541EB71
S3150200B4200901CDF808E00391A7FF5044DDE902893E
S3150200B43058EA9F691F9E8BED755F159A2EF07C4127
S3150200B440A7FB06AEA7EF52A51161099A109EA7FFA8
S3150200B45052A4E5FB02AE089A02940EFD25BEE3FB5A
S3150200B46002AEE4FB06AE0B9C9BED651F049EE0FB61
S3150200B47004AE9BED693F0A9C059AE6FB04AE9BED82
S3150200B4806D5F069E139C0D999BED71BFE6FB04AEA4
S3150200B49044460E9E9BED75DF490034190D9E14EF4E
S3150200B4A052610E94E2FB06AE159A06FF506124F035
S3150200B4B07E4454611C9C0BED7F7F019A4CEB090C78
S3150200B4C01AEF5461E2FB04AE129C0C9A06FF52611B
S3150200B4D0CDF83CC0E4FB02AEDDE90E890BED7B7FC5
S3150200B4E0CDF850A0099A58EA5F691CEF5A61A2FB8F
S3150200B4F0074C169A189306FF5461E5FB024C119A03
S3150200B500049E0BED777FE2FB034C029B10EF5C611E
S3150200B510089ACDE90E89E3FB024C06FF5A61179B96
S3150200B520059AE0FB034C0BED737F0B9BE6FB034C8A
S3150200B530069E12EF5061199BE6FB034C139B06FF16
S3150200B5405C61E2FB034C019B0C9A0BED6F7FE3FB04
S3150200B550014C1C9BE3FB024C9BED791F14EB080884
S3150200B5600F9C9BED7D3FCDF818804CEB04040794AD
S3150200B5701EFD7D5EDDE9062352EA9F63CDE90623C1
S3150200B5801EFD79BE159B109A28F07C481EFD75DEBD
S3150200B590C3F81880129BA7FB02C814EF52614FEA48
S3150200B5A04309089B119A06FF5061E5FB03C8A7FBF6
S3150200B5B0033AE5FB023A0BED6B7FDDE917240B9D9F
S3150200B5C01AEF5461E4FB023AE4FB05C8029C06FF4B
S3150200B5D05261059AE4FB053A0A9D0BED677FE4FB8F
S3150200B5E005C8199D139C1CEF5A61E0FB053AE0FB66
S3150200B5F004C8049806FF54611A9DE0FB043A0D9CA8
S3150200B6000BED637FE6FB013AE0FB04C810EF5C61D9
S3150200B6101C98129CE6FB00C806FF5A61E2FB003A40
S3150200B620E2FB04C81B980BED5F7F019A149EE2FBB6
S3150200B630093A12EF5061E2FB00C80C9AE0FB023AAB
S3150200B64006FF5C61E2FB05C8069A079D0BED5B7F70
S3150200B650B418224619461EFD711E4EEB050352EA28
S3150200B6605F631EFD6D3E1598891824F07E441EFD0B
S3150200B670695EC4610C464AEB03051EFD65BE54EACB
S3150200B6809F651CEB040C62461EFD61DE48EB05035A
S3150200B69052EA5F63144614EF52611D4654EACF051F
S3150200B6A021F07C4106FF506101622CF07E4141622D
S3150200B6B00BED577FA11845EB03041AEF54614918A5
S3150200B6C06441891806FF526144EB0304219BC918A1
S3150200B6D00BED537F0A4644F1000352EA9F631CEFC7
S3150200B6E05A6121F07C410160229906FF54618B1850
S3150200B6F01E9923F07E420BED4F7F01EB5363C0E9A7
S3150200B700012324B0BDE8F88FAFF30080AFF30080C9
S3150200B7102DE9F84FA4B007B44EF6744BC2F2042BCF
S3150200B720DBF800B00BF5FE7B01A309E0AFF3008066
S3150200B7300000000004000000080000000C000000E9
S3150200B74093ED00FF4EF67443C2F204231B6803F224
S3150200B750F4532FEE43EF07BC4FF0260C10EF5C615B
S3150200B7609646536806FF5A61176A9468D2680BEDCB
S3150200B7704B7F0CFB02F615900A9212EF5061DEF82F
S3150200B78010008A691E9606FF5C610292DEF814605A
S3150200B79000EBC0020BED477F00EB4208CDF860805C
S3150200B7A0DEF81C201EFD5D1E0CFB06F80D961EFD26
S3150200B7B0593E0E691B9704961EFD555E0F6A164684
S3150200B7C04D6A1EFD51BE1497DEF8187019951EFDBE
S3150200B7D04DDE3A462546CDF8748014EF52610CFBD5
S3150200B7E006F807EBC70704EBC40406FF506102EB39
S3150200B7F0470A0B9505EB44040BED437F10930CFBB4
S3150200B80003F51AEF54611390CB69486906FF52613A
S3150200B8101C921296CDF858800BED3F7FCF68DEF86A
S3150200B820242006971CEF5A618F680CFB02FC0597D1
S3150200B83006FF5461DEF800701A924A680BED3B7FF0
S3150200B84008971B9F019210EF5C610A680A9906FF2E
S3150200B8505A61CDF844C007EBC70C07EB4C0C0BED55
S3150200B860377F01EBC10E149F01EB4E0E12EF5061B2
S3150200B870CDF824C0AEFB07EC199906FF5C61189E51
S3150200B880E1FB04ECA4FB07410BED337F1893E6FBC7
S3150200B89003EC199B1EFD491E059FE3FB05411EFD98
S3150200B8A0453EA046189B1E9D1EFD415E029CE5FB81
S3150200B8B00381E6FB04811EFD3DBE1D9C049DE4FB47
S3150200B8C000811EFD39DEEAFB0581169C189614EFEF
S3150200B8D05261069EE4FB0681099E06FF5061019CA9
S3150200B8E0E6FB0781119E0BED2F7FE6FB0481089E86
S3150200B8F01AEF5461029CE6FB02810D9E06FF52611D
S3150200B9000F9106EBC60106EB41010BED2B7FE1FB26
S3150200B91004EC129CEAFB00EC1CEF5A61CDF838806D
S3150200B92028F07C48CDF8848006FF546104EBC408F5
S3150200B93004EB4808E8FB05EC0BED277F069E099D04
S3150200B9401F9010EF5C61E5FB06ECDDE90E6706FF72
S3150200B9505A6156EA9F6740461A9D0BED237FCDE951
S3150200B9600E6705EBC508059F12EF506105EB480807
S3150200B970E8FB07EC089C06FF5C61019D0C92E5FB67
S3150200B98004EC0BED1F7F109D0E9CE5FB02EC1EFDE9
S3150200B990351E6A00149F1EFD313E17920F9A1EEB4A
S3150200B9A004041EFD2D5E46464CEB0209A0461EFD12
S3150200B9B029BEDDE9182524F07E4CA7FB01411EFDB8
S3150200B9C025DEE5FB02410246EAFB034114EF526122
S3150200B9D020900298CDF888C006FF5061E2FB004134
S3150200B9E01F98099A8BED017F1F96E2FB00411AEF21
S3150200B9F054613246049E58EA5F6906FF5261E2FBD1
S3150200BA000641069E089A8BED057FE6FB0241109ED3
S3150200BA10059A1CEF5A61E2FB06410B9E019A06FF4C
S3150200BA205461E2FB0641A4460C9A8BED097F0A9CFF
S3150200BA30049EE4FB02C110EF5C61189CCDF88CC039
S3150200BA4006FF5A61A4FB07EC1E9C169A8BED0D7F2E
S3150200BA50E5FB04EC1D9C059F12EF5061E4FB03EC31
S3150200BA60029CEAFB04EC06FF5C61E2FB00EC099A2D
S3150200BA70E2FB06EC8BED117F069E119AE2FB06ECC9
S3150200BA801EFD211E089AE7FB02EC1EFD1D3E179ABB
S3150200BA90019FE7FB02EC1EFD195EDDE90B72E7FB77
S3150200BAA002EC1EEB080E1EFD15BE4CEB0902CDF88C
S3150200BAB038E00F921EFD11DE0A9ADDE90E8958EA78
S3150200BAC09F6914EF52612EF07C4C5200CDF878C07B
S3150200BAD006FF50611992209A149F8BED157FCDE9CE
S3150200BAE00E89A7FB02EC1AEF5461E5FB0AEC099AF0
S3150200BAF0E2FB03EC06FF52611F9AE2FB04EC089A92
S3150200BB008BED197F049CE0FB02EC109A1CEF5A6144
S3150200BB10E4FB02EC0B9C019A06FF5461E6FB04EC83
S3150200BB200A9C059E8BED1D7FE6FB04EC4446239E94
S3150200BB3010EF5C613419A04606FF5A610F9E24F08D
S3150200BB407E4441EB06098BED217F139958EA5F6922
S3150200BB50E2FB01EC12EF5061DDE90C16E6FB01ECAB
S3150200BB60159A06FF5C61CDF838E0AAFB07E1D460BE
S3150200BB708BED257F1D9C099AE5FB04E11EFD0D1E3A
S3150200BB80169C119EE4FB03E11EFD093E029CE2FBAC
S3150200BB9004E11EFD055EE6FB00E1089A049E1EFD19
S3150200BBA001BEE6FB02E1069E179A9EFD03DEE6FB58
S3150200BBB002E1059E0B9A14EF5261E6FB02E1019A3D
S3150200BBC0199E06FF5061E2FB06E1139E0C9A8BED6D
S3150200BBD0297FE6FB02E11EEB080E1AEF546141EBE8
S3150200BBE00901CDF808E0039106FF5261DDE90289F9
S3150200BBF058EA9F691F9E8BED2D7F159A2EF07C4188
S3150200BC00A7FB06AE1CEF5A611161099A109E06FF48
S3150200BC105461E5FB02AE089A02948BED317FE3FB99
S3150200BC2002AEE4FB06AE0B9C10EF5C61049EE0FBE9
S3150200BC3004AE06FF5A610A9C059AE6FB04AE8BED3A
S3150200BC40357F069E139C0D9912EF5061E6FB04AEFA
S3150200BC5044460E9E06FF5C61490034190D9E8BED2B
S3150200BC60397F0E94E2FB06AE159A9EFD071E24F05E
S3150200BC707E4454611C9C9EFD0B3E019A4CEB090CC2
S3150200BC809EFD0F5EE2FB04AE129C0C9A9EFD13BE55
S3150200BC90CDF83CC0E4FB02AEDDE90E899EFD17DE5F
S3150200BCA0CDF850A0099A58EA5F6914EF5261A2FBD7
S3150200BCB0074C169A189306FF5061E5FB024C119A3F
S3150200BCC0049E8BED3D7FE2FB034C029B1AEF54610F
S3150200BCD0089ACDE90E89E3FB024C06FF5261179BD7
S3150200BCE0059AE0FB034C8BED417F0B9BE6FB034C75
S3150200BCF0069E1CEF5A61199BE6FB034C139B06FF3B
S3150200BD005461E2FB034C019B0C9A8BED457FE3FBEE
S3150200BD10014C1C9BE3FB024C10EF5C6114EB080820
S3150200BD200F9C06FF5A61CDF818804CEB0404079469
S3150200BD308BED497FDDE9062352EA9F63CDE90623AF
S3150200BD4012EF5061159B109A28F07C4806FF5C6141
S3150200BD50C3F81880129BA7FB02C88BED4D7F4FEAF2
S3150200BD604309089B119A9EFD1B1EE5FB03C8A7FB10
S3150200BD70033AE5FB023A9EFD1F3EDDE917240B9DC1
S3150200BD809EFD235EE4FB023AE4FB05C8029C9EFD8F
S3150200BD9027BE059AE4FB053A0A9D9EFD2BDEE4FBCF
S3150200BDA005C8199D139C14EF5261E0FB053AE0FBAE
S3150200BDB004C8049806FF50611A9DE0FB043A0D9CE4
S3150200BDC08BED517FE6FB013AE0FB04C81AEF5461A2
S3150200BDD01C98129CE6FB00C806FF5261E2FB003A81
S3150200BDE0E2FB04C81B988BED557F019A149EE2FB79
S3150200BDF0093A1CEF5A61E2FB00C80C9AE0FB023AD0
S3150200BE0006FF5461E2FB05C8069A079D8BED597F32
S3150200BE10B4182246194610EF5C614EEB050352EA4E
S3150200BE205F6306FF5A611598891824F07E448BEDEC
S3150200BE305D7FC4610C464AEB030512EF506154EA7A
S3150200BE409F651CEB040C624606FF5C6148EB05032A
S3150200BE5052EA5F6314468BED617F1D4654EACF05B5
S3150200BE6021F07C411BED1B1F01622CF07E414162D9
S3150200BE701BED7F3FA11845EB030402FF5021491831
S3150200BE80644189180BED7F3F44EB0304219BC918DB
S3150200BE901BED171F0A4644F1000352EA9F639BED0E
S3150200BEA0013F21F07C410160229902FF50218B184B
S3150200BEB01E9923F07E428BED013F01EB5363C0E9ED
S3150200BEC0012324B0BDE8F88FAFF30080AFF3008002
S3150200BED02DE9F84FA4B007B44EF6744BC2F2042B08
S3150200BEE0DBF800B00BF5FE7B01A309E0AFF300809F
S3150200BEF00000000004000000080000000C00000022
S3150200BF0093ED00FF4EF67443C2F204231B6803F25C
S3150200BF10F4532FEE43EF07BC4FF0260C1BED7F1FA9
S3150200BF2096465368176A9468D2681BED6B3F0CFB02
S3150200BF3002F615900A92DEF810008A691E9600FF34
S3150200BF4052010292DEF8146000EBC00200EB4208D6
S3150200BF50CDF86080DEF81C201BED573F0CFB06F87F
S3150200BF600D960E691B9704960F6A00FF520116463C
S3150200BF704D6A1497DEF8187019951BED433F3A4641
S3150200BF802546CDF874800CFB06F807EBC70704EBD1
S3150200BF90C40400FF520102EB470A0B9505EB440469
S3150200BFA010930CFB03F513901BED2F3FCB694869E9
S3150200BFB01C921296CDF85880CF6800FF5201DEF827
S3150200BFC0242006978F680CFB02FC05978EFD2F1E18
S3150200BFD0DEF800701A924A6808971B9F01921BEDC1
S3150200BFE07B1F0A680A99CDF844C007EBC70C07EB1A
S3150200BFF04C0C01EBC10E1BED673F149F01EB4E0E7D
S3150200C000CDF824C0AEFB07EC1999189E00FF520129
S3150200C010E1FB04ECA4FB07411893E6FB03EC199B36
S3150200C020059F1BED533FE3FB0541A046189B1E9D52
S3150200C030029C00FF5201E5FB0381E6FB04811D9C85
S3150200C040049DE4FB0081EAFB05811BED3F3F169C44
S3150200C0501896069EE4FB0681099E019C00FF52018A
S3150200C060E6FB0781119EE6FB0481089E029CE6FB25
S3150200C07002811BED2B3F0D9E0F9106EBC60106EBCF
S3150200C0804101E1FB04EC00FF5201129CEAFB00ECC9
S3150200C090CDF8388028F07C48CDF8848004EBC408BB
S3150200C0A08EFD331E04EB4808E8FB05EC069E099D4F
S3150200C0B01F90E5FB06EC1BED771FDDE90E6756EADE
S3150200C0C09F6740461A9DCDE90E6705EBC5081BED35
S3150200C0D0633F059F05EB4808E8FB07EC089C019DBA
S3150200C0E00C9200FF5201E5FB04EC109D0E9CE5FB51
S3150200C0F002EC6A001BED4F3F149F17920F9A1EEB3C
S3150200C100040446464CEB020900FF5201A046DDE953
S3150200C110182524F07E4CA7FB0141E5FB02410246AD
S3150200C1201BED3B3FEAFB034120900298CDF888C005
S3150200C130E2FB00411F9800FF5201099A1F96E2FB9B
S3150200C14000413246049E1BED273F58EA5F69E2FB37
S3150200C1500641069E089AE6FB0241109E00FF520126
S3150200C160059AE2FB06410B9E019AE2FB0641A446B2
S3150200C1708EFD371E0C9A0A9C049EE4FB02C1189C93
S3150200C180CDF88CC01BED731FA4FB07EC1E9C169A00
S3150200C190E5FB04EC1D9C059F1BED5F3FE4FB03ECF6
S3150200C1A0029CEAFB04ECE2FB00EC099A00FF520156
S3150200C1B0E2FB06EC069E119AE2FB06EC089AE7FB06
S3150200C1C002EC1BED4B3F179A019FE7FB02ECDDE900
S3150200C1D00B72E7FB02EC1EEB080E00FF52014CEB62
S3150200C1E00902CDF838E00F920A9ADDE90E8958EA7B
S3150200C1F09F691BED373F2EF07C4C5200CDF878C07C
S3150200C2001992209A00FF5201149FCDE90E89A7FBCD
S3150200C21002ECE5FB0AEC099AE2FB03EC1BED233F79
S3150200C2201F9AE2FB04EC089A049CE0FB02EC109ACB
S3150200C23000FF5201E4FB02EC0B9C019AE6FB04ECC4
S3150200C2400A9C059E8EFD3B1EE6FB04EC4446239E9D
S3150200C2503419A0460F9E1BED6F1F24F07E4441EB5E
S3150200C2600609139958EA5F69E2FB01EC1BED5B3F95
S3150200C270DDE90C16E6FB01EC159ACDF838E0AAFBCF
S3150200C28007E1D46000FF52011D9C099AE5FB04E117
S3150200C290169C119EE4FB03E11BED473F029CE2FB69
S3150200C2A004E1E6FB00E1089A049EE6FB02E100FFD8
S3150200C2B05201069E179AE6FB02E1059E0B9A1BEDBA
S3150200C2C0333FE6FB02E1019A199EE2FB06E1139E69
S3150200C2D00C9A00FF5201E6FB02E11EEB080E41EB4F
S3150200C2E00901CDF808E00391DDE902891BED1F3F44
S3150200C2F058EA9F691F9E159A2EF07C41A7FB06AE4F
S3150200C300116100FF5201099A109EE5FB02AE089ADE
S3150200C3100294E3FB02AE8EFD3F1EE4FB06AE0B9CCF
S3150200C320049EE0FB04AE0A9C9BED011F059AE6FB08
S3150200C33004AE069E139C0D99E6FB04AE9BED153FDB
S3150200C34044460E9E490034190D9E0E9400FF52017A
S3150200C350E2FB06AE159A24F07E4454611C9C019AB7
S3150200C3609BED293F4CEB090CE2FB04AE129C0C9AA6
S3150200C370CDF83CC000FF5201E4FB02AEDDE90E89B6
S3150200C380CDF850A0099A58EA5F69A2FB074C9BEDCB
S3150200C3903D3F169A1893E5FB024C119A049EE2FB66
S3150200C3A0034C00FF5201029B089ACDE90E89E3FB7A
S3150200C3B0024C179B059A9BED513FE0FB034C0B9BEE
S3150200C3C0E6FB034C069E199BE6FB034C00FF52015B
S3150200C3D0139BE2FB034C019B0C9AE3FB014C8EFD83
S3150200C3E0431E1C9BE3FB024C14EB08080F9CCDF882
S3150200C3F018804CEB04049BED051F0794DDE9062328
S3150200C40052EA9F63CDE90623159B109A9BED193FCD
S3150200C41028F07C48C3F81880129BA7FB02C84FEA93
S3150200C4204309089B00FF5201119AE5FB03C8A7FBCB
S3150200C430033AE5FB023ADDE917249BED2D3F0B9DFE
S3150200C440E4FB023AE4FB05C8029C059AE4FB053AC2
S3150200C45000FF52010A9DE4FB05C8199D139CE0FBEF
S3150200C460053AE0FB04C89BED413F04981A9DE0FBA8
S3150200C470043A0D9CE6FB013AE0FB04C800FF5201B8
S3150200C4801C98129CE6FB00C8E2FB003AE2FB04C8D9
S3150200C4901B989BED553F019A149EE2FB093AE2FB7B
S3150200C4A000C80C9A00FF5201E0FB023AE2FB05C803
S3150200C4B0069A079DB41822468EFD471E19464EEB74
S3150200C4C0050352EA5F631598891824F07E449BEDB2
S3150200C4D0091FC4610C464AEB030554EA9F651CEB2F
S3150200C4E0040C62469BED1D3F48EB050352EA5F636F
S3150200C4F014461D4654EACF0500FF520121F07C4145
S3150200C50001622CF07E414162A11845EB03049BEDCA
S3150200C510313F49186441891844EB0304219BC91829
S3150200C52000FF52010A4644F1000352EA9F6321F0DA
S3150200C5307C41016022999BED453F8B181E9923F0A1
S3150200C5407E4201EB5363C0E9012324B0BDE8F88FB4
S3150200C5502DE9F84FA4B007B44EF6744BC2F2042B81
S3150200C560DBF800B00BF5FE7B01A309E0AFF3008018
S3150200C5700000000004000000080000000C0000009B
S3150200C58093ED00FF4EF67443C2F204231B6803F2D6
S3150200C590F4532FEE43EF07BC4FF0260C00FF520177
S3150200C5A096465368176A9468D2689BED593F0CFB0E
S3150200C5B002F615900A92DEF810008A691E9600FFAE
S3150200C5C052010292DEF8146000EBC00200EB420850
S3150200C5D0CDF86080DEF81C208EFD4B1E0CFB06F8A3
S3150200C5E00D960E691B9704969BED0D1F0F6A164654
S3150200C5F04D6A1497DEF8187019959BED213F3A465D
S3150200C6002546CDF874800CFB06F807EBC70704EB4A
S3150200C610C40400FF520102EB470A0B9505EB4404E2
S3150200C62010930CFB03F59BED353F1390CB694869DC
S3150200C6301C921296CDF8588000FF5201CF68DEF8A0
S3150200C640242006978F680CFB02FC05979BED493F59
S3150200C650DEF800701A924A6808971B9F019200FF43
S3150200C66052010A680A99CDF844C007EBC70C07EBDA
S3150200C6704C0C9BED5D3F01EBC10E149F01EB4E0E80
S3150200C680CDF824C0AEFB07EC199900FF5201189EA3
S3150200C690E1FB04ECA4FB07411893E6FB03EC199BB0
S3150200C6A08EFD4F1E059FE3FB0541A046189B1E9D6E
S3150200C6B09BED111F029CE5FB0381E6FB04811D9C99
S3150200C6C0049DE4FB00819BED253FEAFB0581169C58
S3150200C6D01896069EE4FB0681099E00FF5201019C04
S3150200C6E0E6FB0781119EE6FB0481089E9BED393F1E
S3150200C6F0029CE6FB02810D9E0F9106EBC60106EB3C
S3150200C700410100FF5201E1FB04EC129CEAFB00EC42
S3150200C710CDF8388028F07C48CDF884809BED4D3FDB
S3150200C72004EBC40804EB4808E8FB05EC069E099DE9
S3150200C7301F9000FF5201E5FB06ECDDE90E6756EAA3
S3150200C7409F6740461A9D9BED613FCDE90E6705EB5B
S3150200C750C508059F05EB4808E8FB07EC089C00FFA7
S3150200C7605201019D0C92E5FB04EC109D0E9CE5FB2B
S3150200C77002EC8EFD531E6A00149F17920F9A1EEB4F
S3150200C78004049EFD471E46464CEB0209A046DDE91F
S3150200C790182524F07E4CA7FB0141A1EF5025E5FBAD
S3150200C7A002410246EAFB034120900298CDF888C076
S3150200C7B0A1FF5024E2FB00411F98099A1F96E2FB53
S3150200C7C000419EFD3F5E3246049E58EA5F69E2FBE7
S3150200C7D00641069E089A02FF5421E6FB0241109E7C
S3150200C7E0059AE2FB06410B9E019A8EFD573EE2FB3D
S3150200C7F00641A4460C9A0A9C049EE4FB02C19EFDD5
S3150200C800331E189CCDF88CC0A4FB07EC1E9C169A0E
S3150200C8109EFD535EE5FB04EC1D9C059FE4FB03ECC9
S3150200C820029CEAFB04EC00FF5401E2FB00EC099ACD
S3150200C830E2FB06EC069E119AE2FB06EC8EFD6B1EEF
S3150200C840089AE7FB02EC179A019FE7FB02EC9EFDB2
S3150200C8504B1EDDE90B72E7FB02EC1EEB080E4CEBFE
S3150200C8600902CDF838E00F92A1EF50250A9ADDE9C8
S3150200C8700E8958EA9F692EF07C4C5200CDF878C09A
S3150200C880A1FF50241992209A149FCDE90E89A7FB85
S3150200C89002EC9EFD2F5EE5FB0AEC099AE2FB03EC35
S3150200C8A01F9AE2FB04EC089A02FF5421049CE0FB67
S3150200C8B002EC109AE4FB02EC0B9C019A8EFD5B3EA5
S3150200C8C0E6FB04EC0A9C059EE6FB04EC4446239E2A
S3150200C8D09EFD371E3419A0460F9E24F07E4441EB7E
S3150200C8E006099EFD435E139958EA5F69E2FB01EC75
S3150200C8F0DDE90C16E6FB01EC159A00FF5401CDF8B2
S3150200C90038E0AAFB07E1D4601D9C099AE5FB04E125
S3150200C9108EFD6F1E169C119EE4FB03E1029CE2FB58
S3150200C92004E19EFD4F1EE6FB00E1089A049EE6FB2B
S3150200C93002E1069E179AA1EF5025E6FB02E1059E4B
S3150200C9400B9AE6FB02E1019A199EA1FF5024E2FB33
S3150200C95006E1139E0C9AE6FB02E11EEB080E9EFD13
S3150200C960335E41EB0901CDF808E00391DDE9028966
S3150200C97058EA9F691F9E02FF5421159A2EF07C41A8
S3150200C980A7FB06AE1161099A109E8EFD5F3EE5FB7E
S3150200C99002AE089A0294E3FB02AEE4FB06AE0B9CDF
S3150200C9A09EFD3B1E049EE0FB04AE0A9C059AE6FB36
S3150200C9B004AE9EFD475E069E139C0D99E6FB04AEF1
S3150200C9C044460E9E00FF5401490034190D9E0E94F2
S3150200C9D0E2FB06AE159A8EFD731E24F07E44546168
S3150200C9E01C9C019A4CEB090C9EFD531EE2FB04AE05
S3150200C9F0129C0C9ACDF83CC0E4FB02AEDDE90E892E
S3150200CA00A1EF5025CDF850A0099A58EA5F69A2FB1A
S3150200CA10074C169A1893A1FF5024E5FB024C119A73
S3150200CA20049EE2FB034C029B9EFD375E089ACDE90B
S3150200CA300E89E3FB024C179B059AE0FB034C02FFAF
S3150200CA4054210B9BE6FB034C069E199BE6FB034C0B
S3150200CA50139B8EFD633EE2FB034C019B0C9AE3FBA8
S3150200CA60014C1C9BE3FB024C9EFD3F1E14EB080887
S3150200CA700F9CCDF818804CEB040407949EFD4B5E88
S3150200CA80DDE9062352EA9F63CDE90623159B109A38
S3150200CA9028F07C4800FF5401C3F81880129BA7FBBC
S3150200CAA002C84FEA4309089B119A8EFD771EE5FBE1
S3150200CAB003C8A7FB033AE5FB023ADDE917240B9DFF
S3150200CAC09EFD431EE4FB023AE4FB05C8029C059A5E
S3150200CAD0E4FB053A0A9DA1EF5025E4FB05C8199D22
S3150200CAE0139CE0FB053AE0FB04C80498A1FF50241E
S3150200CAF01A9DE0FB043A0D9CE6FB013AE0FB04C8F2
S3150200CB009EFD3B5E1C98129CE6FB00C8E2FB003AC7
S3150200CB10E2FB04C81B9802FF5421019A149EE2FB11
S3150200CB20093AE2FB00C80C9AE0FB023A8EFD673E28
S3150200CB30E2FB05C8069A079DB418224619469EFDD1
S3150200CB402F1E4EEB050352EA5F631598891824F0EF
S3150200CB507E449EFD4F5EC4610C464AEB030554EAD1
S3150200CB609F651CEB040C624600FF540148EB05036B
S3150200CB7052EA5F6314461D4654EACF0521F07C4112
S3150200CB808EFD7B1E01622CF07E414162A11845EBAF
S3150200CB9003049EFD577E49186441891844EB030439
S3150200CBA0219BC9189EFD6B9E0A4644F1000352EA78
S3150200CBB09F6321F07C41016022991BED7F1F8B1838
S3150200CBC01E9923F07E4201EB5363C0E9012324B090
S3150200CBD0BDE8F88FAFF30080AFF30080AFF30080BB
S3150200CBE02DE9F84FA4B007B44EF6744BC2F2042BEB
S3150200CBF0DBF800B00BF5FE7B01A309E0AFF3008082
S3150200CC000000000004000000080000000C00000004
S3150200CC1093ED00FF4EF67443C2F204231B6803F23F
S3150200CC20F4532FEE43EF07BC4FF0260C9BED013F6A
S3150200CC3096465368176A9468D26800FF56010CFB41
S3150200CC4002F615900A92DEF810008A691E9602FF15
S3150200CC5058210292DEF8146000EBC00200EB420893
S3150200CC60CDF86080DEF81C2020EF50410CFB06F860
S3150200CC700D960E691B9704968BED655F0F6A164635
S3150200CC804D6A1497DEF81870199522EF52A13A46AA
S3150200CC902546CDF874800CFB06F807EBC70704EBB4
S3150200CCA0C4040EFD35BE02EB470A0B9505EB4404A0
S3150200CCB010930CFB03F51BED6B1F1390CB694869B0
S3150200CCC01C921296CDF858809BED153FCF68DEF880
S3150200CCD0242006978F680CFB02FC059700FF56017D
S3150200CCE0DEF800701A924A6808971B9F019202FFAB
S3150200CCF058210A680A99CDF844C007EBC70C07EB1E
S3150200CD004C0CB2EF504501EBC10E149F01EB4E0ED7
S3150200CD10CDF824C0AEFB07EC1999B2FF5044189E19
S3150200CD20E1FB04ECA4FB07411893E6FB03EC199B19
S3150200CD300EFD595E059FE3FB0541A046189B1E9D0D
S3150200CD40B2EF52A5029CE5FB0381E6FB04811D9C22
S3150200CD50049DE4FB0081B2FF52A4EAFB0581169C06
S3150200CD601896069EE4FB0681099E8EFD0BBE019C6B
S3150200CD70E6FB0781119EE6FB0481089E1BED571F09
S3150200CD80029CE6FB02810D9E0F9106EBC60106EBA5
S3150200CD9041019BED293FE1FB04EC129CEAFB00EC0E
S3150200CDA0CDF8388028F07C48CDF8848000FF560103
S3150200CDB004EBC40804EB4808E8FB05EC069E099D53
S3150200CDC01F9002FF5821E5FB06ECDDE90E6756EAE5
S3150200CDD09F6740461A9DA2EF5245CDE90E6705EBC5
S3150200CDE0C508059F05EB4808E8FB07EC089CA2FF6F
S3150200CDF05244019D0C92E5FB04EC109D0E9CE5FB52
S3150200CE0002EC0EFD7D5E6A00149F17920F9A1EEBCE
S3150200CE100404A1EF50A546464CEB0209A046DDE903
S3150200CE20182524F07E4CA7FB0141A1FF50A4E5FB87
S3150200CE3002410246EAFB034120900298CDF888C0DF
S3150200CE400EFD19BEE2FB00411F98099A1F96E2FBEE
S3150200CE5000411BED431F3246049E58EA5F69E2FB1E
S3150200CE600641069E089A9BED3D3FE6FB0241109E57
S3150200CE70059AE2FB06410B9E019A00FF5601E2FB70
S3150200CE800641A4460C9A0A9C049EE4FB02C102FFD8
S3150200CE905821189CCDF88CC0A4FB07EC1E9C169A50
S3150200CEA0B5EF5245E5FB04EC1D9C059FE4FB03EC44
S3150200CEB0029CEAFB04ECB5FF5244E2FB00EC099A41
S3150200CEC0E2FB06EC069E119AE2FB06EC0EFD3D5EC7
S3150200CED0089AE7FB02EC179A019FE7FB02ECB4EF14
S3150200CEE050A5DDE90B72E7FB02EC1EEB080E4CEBDC
S3150200CEF00902CDF838E00F92B4FF50A40A9ADDE990
S3150200CF000E8958EA9F692EF07C4C5200CDF878C003
S3150200CF108EFD27BE1992209A149FCDE90E89A7FB92
S3150200CF2002EC1BED2F1FE5FB0AEC099AE2FB03EC70
S3150200CF301F9AE2FB04EC089A9BED513F049CE0FB2E
S3150200CF4002EC109AE4FB02EC0B9C019A00FF5601DC
S3150200CF50E6FB04EC0A9C059EE6FB04EC4446239E93
S3150200CF6002FF58213419A0460F9E24F07E4441EB5D
S3150200CF700609A9EF5045139958EA5F69E2FB01ECED
S3150200CF80DDE90C16E6FB01EC159AA9FF5044CDF833
S3150200CF9038E0AAFB07E1D4601D9C099AE5FB04E18F
S3150200CFA00EFD615E169C119EE4FB03E1029CE2FB10
S3150200CFB004E1A9EF52A5E6FB00E1089A049EE6FB0E
S3150200CFC002E1069E179AA9FF52A4E6FB02E1059E1C
S3150200CFD00B9AE6FB02E1019A199E8EFD03BEE2FB65
S3150200CFE006E1139E0C9AE6FB02E11EEB080E9EFD7D
S3150200CFF05B7E41EB0901CDF808E00391DDE9028988
S3150200D00058EA9F691F9E9EFD6F9E159A2EF07C41DF
S3150200D010A7FB06AE1161099A109E1BED7B1FE5FB6D
S3150200D02002AE089A0294E3FB02AEE4FB06AE0B9C48
S3150200D0309BED053F049EE0FB04AE0A9C059AE6FBC7
S3150200D04004AE00FF5601069E139C0D99E6FB04AE44
S3150200D05044460E9E02FF5821490034190D9E0E9435
S3150200D060E2FB06AE159AA1EF524524F07E445461C6
S3150200D0701C9C019A4CEB090CA1FF5244E2FB04AE44
S3150200D080129C0C9ACDF83CC0E4FB02AEDDE90E8997
S3150200D0900EFD715ECDF850A0099A58EA5F69A2FBAF
S3150200D0A0074C169A189320EF50A1E5FB024C119AF1
S3150200D0B0049EE2FB034C029B0EFD0DBE089ACDE9CF
S3150200D0C00E89E3FB024C179B059AE0FB034C1BED12
S3150200D0D0671F0B9BE6FB034C069E199BE6FB034C64
S3150200D0E0139B9BED193FE2FB034C019B0C9AE3FB5E
S3150200D0F0014C1C9BE3FB024C00FF560114EB080893
S3150200D1000F9CCDF818804CEB0404079402FF5821BB
S3150200D110DDE9062352EA9F63CDE90623159B109AA1
S3150200D12028F07C48B6EF5045C3F81880129BA7FB3F
S3150200D13002C84FEA4309089B119AB6FF5044E5FB21
S3150200D14003C8A7FB033AE5FB023ADDE917240B9D68
S3150200D1508BED695FE4FB023AE4FB05C8029C059A83
S3150200D160E4FB053A0A9DB6EF52A5E4FB05C8199DF4
S3150200D170139CE0FB053AE0FB04C80498B6FF52A4F0
S3150200D1801A9DE0FB043A0D9CE6FB013AE0FB04C85B
S3150200D1900EFD31BE1C98129CE6FB00C8E2FB003A6B
S3150200D1A0E2FB04C81B981BED531F019A149EE2FB77
S3150200D1B0093AE2FB00C80C9AE0FB023A9BED2D3FCE
S3150200D1C0E2FB05C8069A079DB4182246194600FFD7
S3150200D1D056014EEB050352EA5F631598891824F04F
S3150200D1E07E4402FF5821C4610C464AEB030554EA09
S3150200D1F09F651CEB040C6246A5EF504548EB050300
S3150200D20052EA5F6314461D4654EACF0521F07C417B
S3150200D210A5FF504401622CF07E414162A11845EB04
S3150200D22003040EFD555E49186441891844EB030454
S3150200D230219BC918A5EF52A50A4644F1000352EAFA
S3150200D2409F6321F07C4101602299A5FF52A48B18AD
S3150200D2501E9923F07E4201EB5363C0E9012324B0F9
S3150200D260BDE8F88FAFF30080AFF30080AFF3008024
S3150200D2702DE9F84FA4B007B44EF6744BC2F2042B54
S3150200D280DBF800B00BF5FE7B01A309E0AFF30080EB
S3150200D2900000000004000000080000000C0000006E
S3150200D2A093ED00FF4EF67443C2F204231B6803F2A9
S3150200D2B0F4532FEE43EF07BC4FF0260C8EFD0FBE44
S3150200D2C096465368176A9468D2681BED3F1F0CFB9B
S3150200D2D002F615900A92DEF810008A691E969BEDF8
S3150200D2E0413F0292DEF8146000EBC00200EB4208F6
S3150200D2F0CDF86080DEF81C2000FF56010CFB06F814
S3150200D3000D960E691B97049602FF58210F6A164660
S3150200D3104D6A1497DEF818701995B7EF52453A46DA
S3150200D3202546CDF874800CFB06F807EBC70704EB1D
S3150200D330C404B7FF524402EB470A0B9505EB4404BB
S3150200D34010930CFB03F50EFD795E1390CB694869C9
S3150200D3501C921296CDF85880B6EF50A5CF68DEF82B
S3150200D360242006978F680CFB02FC0597B6FF50A493
S3150200D370DEF800701A924A6808971B9F01920EFD0A
S3150200D38015BE0A680A99CDF844C007EBC70C07EB2D
S3150200D3904C0C1BED2B1F01EBC10E149F01EB4E0E25
S3150200D3A0CDF824C0AEFB07EC19999BED553F189EAC
S3150200D3B0E1FB04ECA4FB07411893E6FB03EC199B83
S3150200D3C000FF5601059FE3FB0541A046189B1E9DE3
S3150200D3D002FF5821029CE5FB0381E6FB04811D9CAA
S3150200D3E0049DE4FB0081A1EF5045EAFB0581169CF2
S3150200D3F01896069EE4FB0681099EA1FF5044019CF5
S3150200D400E6FB0781119EE6FB0481089E0EFD395E4E
S3150200D410029CE6FB02810D9E0F9106EBC60106EB0E
S3150200D4204101A1EF52A5E1FB04EC129CEAFB00ECE0
S3150200D430CDF8388028F07C48CDF88480A1FF52A42C
S3150200D44004EBC40804EB4808E8FB05EC069E099DBC
S3150200D4501F908EFD2BBEE5FB06ECDDE90E6756EA54
S3150200D4609F6740461A9D9EFD5F7ECDE90E6705EBDE
S3150200D470C508059F05EB4808E8FB07EC089C9EFDDE
S3150200D480739E019D0C92E5FB04EC109D0E9CE5FB40
S3150200D49002EC1BED771F6A00149F17920F9A1EEB80
S3150200D4A004049BED093F46464CEB0209A046DDE922
S3150200D4B0182524F07E4CA7FB014100FF5601E5FB2F
S3150200D4C002410246EAFB034120900298CDF888C049
S3150200D4D002FF5821E2FB00411F98099A1F96E2FBC0
S3150200D4E00041BFEF50453246049E58EA5F69E2FBAF
S3150200D4F00641069E089ABFFF5044E6FB0241109E73
S3150200D500059AE2FB06410B9E019A0EFD495EE2FB7D
S3150200D5100641A4460C9A0A9C049EE4FB02C1BFEF94
S3150200D52052A5189CCDF88CC0A4FB07EC1E9C169A3B
S3150200D530BFFF52A4E5FB04EC1D9C059FE4FB03EC34
S3150200D540029CEAFB04EC8EFD1BBEE2FB00EC099A90
S3150200D550E2FB06EC069E119AE2FB06EC1BED631F4C
S3150200D560089AE7FB02EC179A019FE7FB02EC9BED98
S3150200D5701D3FDDE90B72E7FB02EC1EEB080E4CEBDE
S3150200D5800902CDF838E00F9200FF56010A9ADDE94A
S3150200D5900E8958EA9F692EF07C4C5200CDF878C06D
S3150200D5A002FF58211992209A149FCDE90E89A7FBF2
S3150200D5B002ECA3EF5045E5FB0AEC099AE2FB03EC09
S3150200D5C01F9AE2FB04EC089AA3FF5044049CE0FB7A
S3150200D5D002EC109AE4FB02EC0B9C019A0EFD6D5EC6
S3150200D5E0E6FB04EC0A9C059EE6FB04EC4446239EFD
S3150200D5F0A3EF52A53419A0460F9E24F07E4441EBB8
S3150200D6000609A3FF52A4139958EA5F69E2FB01ECEB
S3150200D610DDE90C16E6FB01EC159A0EFD09BECDF806
S3150200D62038E0AAFB07E1D4601D9C099AE5FB04E1F8
S3150200D6301BED4F1F169C119EE4FB03E1029CE2FBCD
S3150200D64004E19BED313FE6FB00E1089A049EE6FB0E
S3150200D65002E1069E179A00FF5601E6FB02E1059ECD
S3150200D6600B9AE6FB02E1019A199E02FF5821E2FBA0
S3150200D67006E1139E0C9AE6FB02E11EEB080EB6EFDC
S3150200D680524541EB0901CDF808E00391DDE9028933
S3150200D69058EA9F691F9EB6FF5244159A2EF07C41A6
S3150200D6A0A7FB06AE1161099A109E8BED6D5FE5FB35
S3150200D6B002AE089A0294E3FB02AEE4FB06AE0B9CB2
S3150200D6C0B5EF50A5049EE0FB04AE0A9C059AE6FB64
S3150200D6D004AEB5FF50A4069E139C0D99E6FB04AE5C
S3150200D6E044460E9E0EFD2DBE490034190D9E0E9423
S3150200D6F0E2FB06AE159A1BED3B1F24F07E445461F5
S3150200D7001C9C019A4CEB090C9BED453FE2FB04AED7
S3150200D710129C0C9ACDF83CC0E4FB02AEDDE90E8900
S3150200D72000FF5601CDF850A0099A58EA5F69A2FB9C
S3150200D730074C169A189302FF5821E5FB024C119AE0
S3150200D740049EE2FB034C029BA8EF5245089ACDE9E0
S3150200D7500E89E3FB024C179B059AE0FB034CA8FFDC
S3150200D76052440B9BE6FB034C069E199BE6FB034CBD
S3150200D770139B0EFD515EE2FB034C019B0C9AE3FBED
S3150200D780014C1C9BE3FB024CA7EF50A514EB0808C7
S3150200D7900F9CCDF818804CEB04040794A7FF50A405
S3150200D7A0DDE9062352EA9F63CDE90623159B109A0B
S3150200D7B028F07C488EFD13BEC3F81880129BA7FB87
S3150200D7C002C84FEA4309089B119A1BED271FE5FB86
S3150200D7D003C8A7FB033AE5FB023ADDE917240B9DD2
S3150200D7E09BED593FE4FB023AE4FB05C8029C059A0D
S3150200D7F0E4FB053A0A9D00FF5601E4FB05C8199DA4
S3150200D800139CE0FB053AE0FB04C8049802FF58218A
S3150200D8101A9DE0FB043A0D9CE6FB013AE0FB04C8C4
S3150200D820BFEF52451C98129CE6FB00C8E2FB003A89
S3150200D830E2FB04C81B98BFFF5244019A149EE2FB06
S3150200D840093AE2FB00C80C9AE0FB023A0EFD755E4D
S3150200D850E2FB05C8069A079DB41822461946BEEF92
S3150200D86050A54EEB050352EA5F631598891824F01A
S3150200D8707E44BEFF50A4C4610C464AEB030554EA3B
S3150200D8809F651CEB040C62460EFD11BE48EB0503B8
S3150200D89052EA5F6314461D4654EACF0521F07C41E5
S3150200D8A09EFD637E01622CF07E414162A11845EB2A
S3150200D8B003049EFD779E49186441891844EB0304CC
S3150200D8C0219BC9181BED731F0A4644F1000352EA55
S3150200D8D09F6321F07C41016022999BED0D3F8B18DD
S3150200D8E01E9923F07E4201EB5363C0E9012324B063
S3150200D8F0BDE8F88FAFF30080AFF30080AFF300808E
S3150200D9002DE9F84FA4B007B44EF6744BC2F2042BBD
S3150200D910DBF800B00BF5FE7B01A309E0AFF3008054
S3150200D9200000000004000000080000000C000000D7
S3150200D93093ED00FF4EF67443C2F204231B6803F212
S3150200D940F4532FEE43EF07BC4FF0260C00FF5601AF
S3150200D95096465368176A9468D26802FF58210CFBF0
S3150200D96002F615900A92DEF810008A691E96AEEF4C
S3150200D97050450292DEF8146000EBC00200EB42084A
S3150200D980CDF86080DEF81C20AEFF50440CFB06F892
S3150200D9900D960E691B9704968BED795F0F6A1646F4
S3150200D9A04D6A1497DEF818701995AEEF52A53A46ED
S3150200D9B02546CDF874800CFB06F807EBC70704EB87
S3150200D9C0C404AEFF52A402EB470A0B9505EB4404CE
S3150200D9D010930CFB03F50EFD21BE1390CB6948692B
S3150200D9E01C921296CDF858801BED5F1FCF68DEF8A9
S3150200D9F0242006978F680CFB02FC05979BED213FBE
S3150200DA00DEF800701A924A6808971B9F019200FF7F
S3150200DA1056010A680A99CDF844C007EBC70C07EB12
S3150200DA204C0C02FF582101EBC10E149F01EB4E0E66
S3150200DA30CDF824C0AEFB07EC1999BCEF5245189EEF
S3150200DA40E1FB04ECA4FB07411893E6FB03EC199BEC
S3150200DA50BCFF5244059FE3FB0541A046189B1E9D51
S3150200DA600EFD455E029CE5FB0381E6FB04811D9CDF
S3150200DA70049DE4FB0081BBEF50A5EAFB0581169CE1
S3150200DA801896069EE4FB0681099EBBFF50A4019CE4
S3150200DA90E6FB0781119EE6FB0481089E8EFD1FBEF2
S3150200DAA0029CE6FB02810D9E0F9106EBC60106EB78
S3150200DAB041011BED4B1FE1FB04EC129CEAFB00EC5F
S3150200DAC0CDF8388028F07C48CDF884809BED353F30
S3150200DAD004EBC40804EB4808E8FB05EC069E099D26
S3150200DAE01F9000FF5601E5FB06ECDDE90E6756EADC
S3150200DAF09F6740461A9D02FF5821CDE90E6705EB46
S3150200DB00C508059F05EB4808E8FB07EC089CADEF46
S3150200DB105245019D0C92E5FB04EC109D0E9CE5FB23
S3150200DB2002ECADFF52446A00149F17920F9A1EEB45
S3150200DB3004040EFD695E46464CEB0209A046DDE989
S3150200DB40182524F07E4CA7FB0141ACEF50A5E5FB5E
S3150200DB5002410246EAFB034120900298CDF888C0B2
S3150200DB60ACFF50A4E2FB00411F98099A1F96E2FB04
S3150200DB7000410EFD05BE3246049E58EA5F69E2FB8D
S3150200DB800641069E089A1BED371FE6FB0241109ED0
S3150200DB90059AE2FB06410B9E019A9BED493FE2FB89
S3150200DBA00641A4460C9A0A9C049EE4FB02C100FFAD
S3150200DBB05601189CCDF88CC0A4FB07EC1E9C169A45
S3150200DBC002FF5821E5FB04EC1D9C059FE4FB03ECD8
S3150200DBD0029CEAFB04ECABEF5245E2FB00EC099A2D
S3150200DBE0E2FB06EC069E119AE2FB06ECABFF524400
S3150200DBF0089AE7FB02EC179A019FE7FB02EC8BED12
S3150200DC00715FDDE90B72E7FB02EC1EEB080E4CEBD3
S3150200DC100902CDF838E00F92AAEF50A50A9ADDE97B
S3150200DC200E8958EA9F692EF07C4C5200CDF878C0D6
S3150200DC30AAFF50A41992209A149FCDE90E89A7FB38
S3150200DC4002EC0EFD29BEE5FB0AEC099AE2FB03ECA7
S3150200DC501F9AE2FB04EC089A1BED231F049CE0FBCF
S3150200DC6002EC109AE4FB02EC0B9C019A9BED5D3FE1
S3150200DC70E6FB04EC0A9C059EE6FB04EC4446239E66
S3150200DC8000FF56013419A0460F9E24F07E4441EB54
S3150200DC90060902FF5821139958EA5F69E2FB01EC73
S3150200DCA0DDE90C16E6FB01EC159ABCEF5045CDF802
S3150200DCB038E0AAFB07E1D4601D9C099AE5FB04E162
S3150200DCC0BCFF5044169C119EE4FB03E1029CE2FB5E
S3150200DCD004E10EFD4D5EE6FB00E1089A049EE6FBBA
S3150200DCE002E1069E179ABCEF52A5E6FB02E1059EEB
S3150200DCF00B9AE6FB02E1019A199EBCFF52A4E2FBD3
S3150200DD0006E1139E0C9AE6FB02E11EEB080E8EFD5F
S3150200DD1017BE41EB0901CDF808E00391DDE902895E
S3150200DD2058EA9F691F9E9EFD677E159A2EF07C41DA
S3150200DD30A7FB06AE1161099A109E9EFD7B9EE5FB2E
S3150200DD4002AE089A0294E3FB02AEE4FB06AE0B9C1B
S3150200DD501BED6F1F049EE0FB04AE0A9C059AE6FBD0
S3150200DD6004AE9BED113F069E139C0D99E6FB04AE95
S3150200DD7044460E9E00FF5601490034190D9E0E942C
S3150200DD80E2FB06AE159A02FF582124F07E44546146
S3150200DD901C9C019A4CEB090CAEEF5245E2FB04AE19
S3150200DDA0129C0C9ACDF83CC0E4FB02AEDDE90E896A
S3150200DDB0AEFF5244CDF850A0099A58EA5F69A2FB19
S3150200DDC0074C169A18930EFD5D5EE5FB024C119AFE
S3150200DDD0049EE2FB034C029BADEF50A5089ACDE9E7
S3150200DDE00E89E3FB024C179B059AE0FB034CADFF41
S3150200DDF050A40B9BE6FB034C069E199BE6FB034CC9
S3150200DE00139B8EFD07BEE2FB034C019B0C9AE3FBC0
S3150200DE10014C1C9BE3FB024C1BED5B1F14EB080839
S3150200DE200F9CCDF818804CEB040407949BED253F1C
S3150200DE30DDE9062352EA9F63CDE90623159B109A74
S3150200DE4028F07C4800FF5601C3F81880129BA7FBF6
S3150200DE5002C84FEA4309089B119A02FF5821E5FBC3
S3150200DE6003C8A7FB033AE5FB023ADDE917240B9D3B
S3150200DE70AAEF5045E4FB023AE4FB05C8029C059A68
S3150200DE80E4FB053A0A9DAAFF5044E4FB05C8199D26
S3150200DE90139CE0FB053AE0FB04C804988BED7D5F1A
S3150200DEA01A9DE0FB043A0D9CE6FB013AE0FB04C82E
S3150200DEB0AAEF52A51C98129CE6FB00C8E2FB003AA8
S3150200DEC0E2FB04C81B98AAFF52A4019A149EE2FB25
S3150200DED0093AE2FB00C80C9AE0FB023A0EFD1DBEAF
S3150200DEE0E2FB05C8069A079DB418224619461BEDA1
S3150200DEF0471F4EEB050352EA5F631598891824F013
S3150200DF007E449BED393FC4610C464AEB030554EA55
S3150200DF109F651CEB040C624600FF560148EB0503A5
S3150200DF2052EA5F6314461D4654EACF0521F07C414E
S3150200DF3002FF582101622CF07E414162A11845EB95
S3150200DF400304B4EF524549186441891844EB0304AB
S3150200DF50219BC918B4FF52440A4644F1000352EA0F
S3150200DF609F6321F07C41016022990EFD415E8B1870
S3150200DF701E9923F07E4201EB5363C0E9012324B0CC
S3150200DF80BDE8F88FAFF30080AFF30080AFF30080F7
S3150200DF902DE9F84FA4B007B44EF6744BC2F2042B27
S3150200DFA0DBF800B00BF5FE7B01A309E0AFF30080BE
S3150200DFB00000000004000000080000000C00000041
S3150200DFC093ED00FF4EF67443C2F204231B6803F27C
S3150200DFD0F4532FEE43EF07BC4FF0260CB3EF50A5D8
S3150200DFE096465368176A9468D268B3FF50A40CFB2E
S3150200DFF002F615900A92DEF810008A691E968EFDC8
S3150200E00023BE0292DEF8146000EBC00200EB420867
S3150200E010CDF86080DEF81C201BED331F0CFB06F8E2
S3150200E0200D960E691B9704969BED4D3F0F6A164699
S3150200E0304D6A1497DEF81870199500FF56013A4694
S3150200E0402546CDF874800CFB06F807EBC70704EBF0
S3150200E050C40402FF582102EB470A0B9505EB440460
S3150200E06010930CFB03F5A4EF50451390CB69486956
S3150200E0701C921296CDF85880A4FF5044CF68DEF861
S3150200E080242006978F680CFB02FC05970EFD655E41
S3150200E090DEF800701A924A6808971B9F0192A4EF55
S3150200E0A052A50A680A99CDF844C007EBC70C07EBDC
S3150200E0B04C0CA4FF52A401EBC10E149F01EB4E0EB1
S3150200E0C0CDF824C0AEFB07EC19990EFD01BE189ED1
S3150200E0D0E1FB04ECA4FB07411893E6FB03EC199B56
S3150200E0E01BED1F1F059FE3FB0541A046189B1E9DC6
S3150200E0F09BED613F029CE5FB0381E6FB04811D9CCF
S3150200E100049DE4FB008100FF5601EAFB0581169C93
S3150200E1101896069EE4FB0681099E02FF5821019C81
S3150200E120E6FB0781119EE6FB0481089EA7EF504598
S3150200E130029CE6FB02810D9E0F9106EBC60106EBE1
S3150200E1404101A7FF5044E1FB04EC129CEAFB00EC00
S3150200E150CDF8388028F07C48CDF884808BED755F49
S3150200E16004EBC40804EB4808E8FB05EC069E099D8F
S3150200E1701F90A7EF52A5E5FB06ECDDE90E6756EA0E
S3150200E1809F6740461A9DA7FF52A4CDE90E6705EB8D
S3150200E190C508059F05EB4808E8FB07EC089C0EFD41
S3150200E1A025BE019D0C92E5FB04EC109D0E9CE5FB41
S3150200E1B002EC9BED651F6A00149F17920F9A1EEBE5
S3150200E1C004049BED693F46464CEB0209A046DDE995
S3150200E1D0182524F07E4CA7FB01419BED6D5FE5FB04
S3150200E1E002410246EAFB034120900298CDF888C01C
S3150200E1F09BED71BFE2FB00411F98099A1F96E2FB55
S3150200E20000419BED75DF3246049E58EA5F69E2FBE8
S3150200E2100641069E089A14EF5261E6FB0241109EE1
S3150200E220059AE2FB06410B9E019A06FF5061E2FB4C
S3150200E2300641A4460C9A0A9C049EE4FB02C10BED1D
S3150200E2407F7F189CCDF88CC0A4FB07EC1E9C169A07
S3150200E2501AEF5461E5FB04EC1D9C059FE4FB03ECFD
S3150200E260029CEAFB04EC06FF5261E2FB00EC099A0F
S3150200E270E2FB06EC069E119AE2FB06EC0BED7B7FB7
S3150200E280089AE7FB02EC179A019FE7FB02EC1CEFE8
S3150200E2905A61DDE90B72E7FB02EC1EEB080E4CEB52
S3150200E2A00902CDF838E00F9206FF54610A9ADDE9B9
S3150200E2B00E8958EA9F692EF07C4C5200CDF878C040
S3150200E2C00BED777F1992209A149FCDE90E89A7FB51
S3150200E2D002EC10EF5C61E5FB0AEC099AE2FB03EC47
S3150200E2E01F9AE2FB04EC089A06FF5A61049CE0FBC3
S3150200E2F002EC109AE4FB02EC0B9C019A0BED737F85
S3150200E300E6FB04EC0A9C059EE6FB04EC4446239ECF
S3150200E31012EF50613419A0460F9E24F07E4441EB61
S3150200E320060906FF5C61139958EA5F69E2FB01EC94
S3150200E330DDE90C16E6FB01EC159A0BED6F7FCDF8C5
S3150200E34038E0AAFB07E1D4601D9C099AE5FB04E1CB
S3150200E3509BED791F169C119EE4FB03E1029CE2FBF6
S3150200E36004E19BED7D3FE6FB00E1089A049EE6FB95
S3150200E37002E1069E179A1EFD7D5EE6FB02E1059E00
S3150200E3800B9AE6FB02E1019A199E1EFD79BEE2FB9B
S3150200E39006E1139E0C9AE6FB02E11EEB080E1EFD39
S3150200E3A075DE41EB0901CDF808E00391DDE902894A
S3150200E3B058EA9F691F9E14EF5261159A2EF07C410E
S3150200E3C0A7FB06AE1161099A109E06FF5061E5FB96
S3150200E3D002AE089A0294E3FB02AEE4FB06AE0B9C85
S3150200E3E00BED6B7F049EE0FB04AE0A9C059AE6FBEE
S3150200E3F004AE1AEF5461069E139C0D99E6FB04AE19
S3150200E40044460E9E06FF5261490034190D9E0E9433
S3150200E410E2FB06AE159A0BED677F24F07E4454614B
S3150200E4201C9C019A4CEB090C1CEF5A61E2FB04AEF0
S3150200E430129C0C9ACDF83CC0E4FB02AEDDE90E89D3
S3150200E44006FF5461CDF850A0099A58EA5F69A2FB0B
S3150200E450074C169A18930BED637FE5FB024C119A53
S3150200E460049EE2FB034C029B10EF5C61089ACDE925
S3150200E4700E89E3FB024C179B059AE0FB034C06FF51
S3150200E4805A610B9BE6FB034C069E199BE6FB034C6B
S3150200E490139B0BED5F7FE2FB034C019B0C9AE3FBA4
S3150200E4A0014C1C9BE3FB024C12EF506114EB080873
S3150200E4B00F9CCDF818804CEB0404079406FF5C61B0
S3150200E4C0DDE9062352EA9F63CDE90623159B109ADE
S3150200E4D028F07C480BED5B7FC3F81880129BA7FBE4
S3150200E4E002C84FEA4309089B119A1EFD711EE5FBFD
S3150200E4F003C8A7FB033AE5FB023ADDE917240B9DA5
S3150200E5001EFD6D3EE4FB023AE4FB05C8029C059A39
S3150200E510E4FB053A0A9D1EFD695EE4FB05C8199DEA
S3150200E520139CE0FB053AE0FB04C804981EFD65BE99
S3150200E5301A9DE0FB043A0D9CE6FB013AE0FB04C897
S3150200E5401EFD61DE1C98129CE6FB00C8E2FB003A47
S3150200E550E2FB04C81B9814EF5261019A149EE2FB77
S3150200E560093AE2FB00C80C9AE0FB023A06FF506148
S3150200E570E2FB05C8069A079DB418224619460BED1A
S3150200E580577F4EEB050352EA5F631598891824F00C
S3150200E5907E441AEF5461C4610C464AEB030554EA01
S3150200E5A09F651CEB040C624606FF526148EB0503AD
S3150200E5B052EA5F6314461D4654EACF0521F07C41B8
S3150200E5C00BED537F01622CF07E414162A11845EBAF
S3150200E5D003041CEF5A6149186441891844EB030489
S3150200E5E0219BC91806FF54610A4644F1000352EA08
S3150200E5F09F6321F07C41016022990BED4F7F8B18BE
S3150200E6001E9923F07E4201EB5363C0E9012324B035
S3150200E610BDE8F88FAFF30080AFF30080AFF3008060
S3150200E6202DE9F84FA4B007B44EF6744BC2F2042B90
S3150200E630DBF800B00BF5FE7B01A309E0AFF3008027
S3150200E6400000000004000000080000000C000000AA
S3150200E65093ED00FF4EF67443C2F204231B6803F2E5
S3150200E660F4532FEE43EF07BC4FF0260C10EF5C611C
S3150200E67096465368176A9468D26806FF5A610CFB7D
S3150200E68002F615900A92DEF810008A691E960BEDC4
S3150200E6904B7F0292DEF8146000EBC00200EB4208E8
S3150200E6A0CDF86080DEF81C2012EF50610CFB06F8F4
S3150200E6B00D960E691B97049606FF5C610F6A164655
S3150200E6C04D6A1497DEF8187019950BED477F3A4696
S3150200E6D02546CDF874800CFB06F807EBC70704EB5A
S3150200E6E0C4041EFD5D1E02EB470A0B9505EB4404AE
S3150200E6F010930CFB03F51EFD593E1390CB69486936
S3150200E7001C921296CDF858801EFD555ECF68DEF833
S3150200E710242006978F680CFB02FC05971EFD51BE4E
S3150200E720DEF800701A924A6808971B9F01921EFD36
S3150200E7304DDE0A680A99CDF844C007EBC70C07EB11
S3150200E7404C0C14EF526101EBC10E149F01EB4E0EFD
S3150200E750CDF824C0AEFB07EC199906FF5061189E4E
S3150200E760E1FB04ECA4FB07411893E6FB03EC199BBF
S3150200E7700BED437F059FE3FB0541A046189B1E9DBB
S3150200E7801AEF5461029CE5FB0381E6FB04811D9CA2
S3150200E790049DE4FB008106FF5261EAFB0581169C9B
S3150200E7A01896069EE4FB0681099E0BED3F7F019CAF
S3150200E7B0E6FB0781119EE6FB0481089E1CEF5A6167
S3150200E7C0029CE6FB02810D9E0F9106EBC60106EB4B
S3150200E7D0410106FF5461E1FB04EC129CEAFB00ECEA
S3150200E7E0CDF8388028F07C48CDF884800BED3B7F4D
S3150200E7F004EBC40804EB4808E8FB05EC069E099DF9
S3150200E8001F9010EF5C61E5FB06ECDDE90E6756EA48
S3150200E8109F6740461A9D06FF5A61CDE90E6705EBD2
S3150200E820C508059F05EB4808E8FB07EC089C0BEDBD
S3150200E830377F019D0C92E5FB04EC109D0E9CE5FBD7
S3150200E84002EC12EF50616A00149F17920F9A1EEBA8
S3150200E850040406FF5C6146464CEB0209A046DDE96C
S3150200E860182524F07E4CA7FB01410BED337FE5FB17
S3150200E87002410246EAFB034120900298CDF888C085
S3150200E8801EFD491EE2FB00411F98099A1F96E2FBF4
S3150200E89000411EFD453E3246049E58EA5F69E2FB90
S3150200E8A00641069E089A1EFD415EE6FB0241109E47
S3150200E8B0059AE2FB06410B9E019A1EFD3DBEE2FB56
S3150200E8C00641A4460C9A0A9C049EE4FB02C11EFD64
S3150200E8D039DE189CCDF88CC0A4FB07EC1E9C169A58
S3150200E8E014EF5261E5FB04EC1D9C059FE4FB03EC6F
S3150200E8F0029CEAFB04EC06FF5061E2FB00EC099A7B
S3150200E900E2FB06EC069E119AE2FB06EC0BED2F7F6C
S3150200E910089AE7FB02EC179A019FE7FB02EC1AEF53
S3150200E9205461DDE90B72E7FB02EC1EEB080E4CEBC1
S3150200E9300902CDF838E00F9206FF52610A9ADDE924
S3150200E9400E8958EA9F692EF07C4C5200CDF878C0A9
S3150200E9500BED2B7F1992209A149FCDE90E89A7FB06
S3150200E96002EC1CEF5A61E5FB0AEC099AE2FB03ECA6
S3150200E9701F9AE2FB04EC089A06FF5461049CE0FB32
S3150200E98002EC109AE4FB02EC0B9C019A0BED277F3A
S3150200E990E6FB04EC0A9C059EE6FB04EC4446239E39
S3150200E9A010EF5C613419A0460F9E24F07E4441EBC1
S3150200E9B0060906FF5A61139958EA5F69E2FB01EC00
S3150200E9C0DDE90C16E6FB01EC159A0BED237FCDF87B
S3150200E9D038E0AAFB07E1D4601D9C099AE5FB04E135
S3150200E9E012EF5061169C119EE4FB03E1029CE2FBCE
S3150200E9F004E106FF5C61E6FB00E1089A049EE6FB81
S3150200EA0002E1069E179A0BED1F7FE6FB02E1059EC9
S3150200EA100B9AE6FB02E1019A199E1EFD351EE2FBE8
S3150200EA2006E1139E0C9AE6FB02E11EEB080E1EFDA2
S3150200EA30313E41EB0901CDF808E00391DDE9028997
S3150200EA4058EA9F691F9E1EFD2D5E159A2EF07C4187
S3150200EA50A7FB06AE1161099A109E1EFD29BEE5FBB3
S3150200EA6002AE089A0294E3FB02AEE4FB06AE0B9CEE
S3150200EA701EFD25DE049EE0FB04AE0A9C059AE6FB1B
S3150200EA8004AE14EF5261069E139C0D99E6FB04AE8A
S3150200EA9044460E9E06FF5061490034190D9E0E949F
S3150200EAA0E2FB06AE159A8BED017F24F07E4454619B
S3150200EAB01C9C019A4CEB090C1AEF5461E2FB04AE62
S3150200EAC0129C0C9ACDF83CC0E4FB02AEDDE90E893D
S3150200EAD006FF5261CDF850A0099A58EA5F69A2FB77
S3150200EAE0074C169A18938BED057FE5FB024C119A9B
S3150200EAF0049EE2FB034C029B1CEF5A61089ACDE985
S3150200EB000E89E3FB024C179B059AE0FB034C06FFBA
S3150200EB1054610B9BE6FB034C069E199BE6FB034CDA
S3150200EB20139B8BED097FE2FB034C019B0C9AE3FBE3
S3150200EB30014C1C9BE3FB024C10EF5C6114EB0808D2
S3150200EB400F9CCDF818804CEB0404079406FF5A611B
S3150200EB50DDE9062352EA9F63CDE90623159B109A47
S3150200EB6028F07C488BED0D7FC3F81880129BA7FB1B
S3150200EB7002C84FEA4309089B119A12EF5061E5FB5E
S3150200EB8003C8A7FB033AE5FB023ADDE917240B9D0E
S3150200EB9006FF5C61E4FB023AE4FB05C8029C059AA7
S3150200EBA0E4FB053A0A9D8BED117FE4FB05C8199D2E
S3150200EBB0139CE0FB053AE0FB04C804981EFD211EE7
S3150200EBC01A9DE0FB043A0D9CE6FB013AE0FB04C801
S3150200EBD01EFD1D3E1C98129CE6FB00C8E2FB003A95
S3150200EBE0E2FB04C81B981EFD195E019A149EE2FB05
S3150200EBF0093AE2FB00C80C9AE0FB023A1EFD15BE7A
S3150200EC00E2FB05C8069A079DB418224619461EFD60
S3150200EC1011DE4EEB050352EA5F631598891824F05C
S3150200EC207E4414EF5261C4610C464AEB030554EA72
S3150200EC309F651CEB040C624606FF506148EB050318
S3150200EC4052EA5F6314461D4654EACF0521F07C4121
S3150200EC508BED157F01622CF07E414162A11845EBD6
S3150200EC6003041AEF546149186441891844EB0304FA
S3150200EC70219BC91806FF52610A4644F1000352EA73
S3150200EC809F6321F07C41016022998BED197F8B18DD
S3150200EC901E9923F07E4201EB5363C0E9012324B09F
S3150200ECA0BDE8F88FAFF30080AFF30080AFF30080CA
S3150200ECB02DE9F84FA4B007B44EF6744BC2F2042BFA
S3150200ECC0DBF800B00BF5FE7B01A309E0AFF3008091
S3150200ECD00000000004000000080000000C00000014
S3150200ECE093ED00FF4EF67443C2F204231B6803F24F
S3150200ECF0F4532FEE43EF07BC4FF0260C1CEF5A617C
S3150200ED0096465368176A9468D26806FF54610CFBEC
S3150200ED1002F615900A92DEF810008A691E968BEDAD
S3150200ED201D7F0292DEF8146000EBC00200EB42087F
S3150200ED30CDF86080DEF81C2010EF5C610CFB06F853
S3150200ED400D960E691B97049606FF5A610F6A1646C0
S3150200ED504D6A1497DEF8187019958BED217F3A46A5
S3150200ED602546CDF874800CFB06F807EBC70704EBC3
S3150200ED70C40412EF506102EB470A0B9505EB4404FB
S3150200ED8010930CFB03F506FF5C611390CB6948698F
S3150200ED901C921296CDF858808BED257FCF68DEF84F
S3150200EDA0242006978F680CFB02FC05971EFD0D1E9C
S3150200EDB0DEF800701A924A6808971B9F01921EFDA0
S3150200EDC0093E0A680A99CDF844C007EBC70C07EB5F
S3150200EDD04C0C1EFD055E01EBC10E149F01EB4E0E9F
S3150200EDE0CDF824C0AEFB07EC19991EFD01BE189E94
S3150200EDF0E1FB04ECA4FB07411893E6FB03EC199B29
S3150200EE009EFD03DE059FE3FB0541A046189B1E9D62
S3150200EE1014EF5261029CE5FB0381E6FB04811D9C13
S3150200EE20049DE4FB008106FF5061EAFB0581169C06
S3150200EE301896069EE4FB0681099E8BED297F019CAE
S3150200EE40E6FB0781119EE6FB0481089E1AEF5461D8
S3150200EE50029CE6FB02810D9E0F9106EBC60106EBB4
S3150200EE60410106FF5261E1FB04EC129CEAFB00EC55
S3150200EE70CDF8388028F07C48CDF884808BED2D7F44
S3150200EE8004EBC40804EB4808E8FB05EC069E099D62
S3150200EE901F901CEF5A61E5FB06ECDDE90E6756EAA8
S3150200EEA09F6740461A9D06FF5461CDE90E6705EB42
S3150200EEB0C508059F05EB4808E8FB07EC089C8BEDA7
S3150200EEC0317F019D0C92E5FB04EC109D0E9CE5FB47
S3150200EED002EC10EF5C616A00149F17920F9A1EEB08
S3150200EEE0040406FF5A6146464CEB0209A046DDE9D8
S3150200EEF0182524F07E4CA7FB01418BED357FE5FBFF
S3150200EF0002410246EAFB034120900298CDF888C0EE
S3150200EF1012EF5061E2FB00411F98099A1F96E2FB2D
S3150200EF20004106FF5C613246049E58EA5F69E2FBD5
S3150200EF300641069E089A8BED397FE6FB0241109E3A
S3150200EF40059AE2FB06410B9E019A9EFD071EE2FB15
S3150200EF500641A4460C9A0A9C049EE4FB02C19EFD4D
S3150200EF600B3E189CCDF88CC0A4FB07EC1E9C169A8F
S3150200EF709EFD0F5EE5FB04EC1D9C059FE4FB03EC86
S3150200EF80029CEAFB04EC9EFD13BEE2FB00EC099A2E
S3150200EF90E2FB06EC069E119AE2FB06EC9EFD17DEEC
S3150200EFA0089AE7FB02EC179A019FE7FB02EC14EFC3
S3150200EFB05261DDE90B72E7FB02EC1EEB080E4CEB2D
S3150200EFC00902CDF838E00F9206FF50610A9ADDE990
S3150200EFD00E8958EA9F692EF07C4C5200CDF878C013
S3150200EFE08BED3D7F1992209A149FCDE90E89A7FBDE
S3150200EFF002EC1AEF5461E5FB0AEC099AE2FB03EC18
S3150200F0001F9AE2FB04EC089A06FF5261049CE0FB9D
S3150200F01002EC109AE4FB02EC0B9C019A8BED417F09
S3150200F020E6FB04EC0A9C059EE6FB04EC4446239EA2
S3150200F0301CEF5A613419A0460F9E24F07E4441EB20
S3150200F040060906FF5461139958EA5F69E2FB01EC6F
S3150200F050DDE90C16E6FB01EC159A8BED457FCDF842
S3150200F06038E0AAFB07E1D4601D9C099AE5FB04E19E
S3150200F07010EF5C61169C119EE4FB03E1029CE2FB2D
S3150200F08004E106FF5A61E6FB00E1089A049EE6FBEC
S3150200F09002E1069E179A8BED497FE6FB02E1059E89
S3150200F0A00B9AE6FB02E1019A199E12EF5061E2FB0E
S3150200F0B006E1139E0C9AE6FB02E11EEB080E06FF22
S3150200F0C05C6141EB0901CDF808E00391DDE90289B3
S3150200F0D058EA9F691F9E8BED4D7F159A2EF07C4153
S3150200F0E0A7FB06AE1161099A109E9EFD1B1EE5FB4B
S3150200F0F002AE089A0294E3FB02AEE4FB06AE0B9C58
S3150200F1009EFD1F3E049EE0FB04AE0A9C059AE6FBAA
S3150200F11004AE9EFD235E069E139C0D99E6FB04AE8D
S3150200F12044460E9E9EFD27BE490034190D9E0E943E
S3150200F130E2FB06AE159A9EFD2BDE24F07E44546158
S3150200F1401C9C019A4CEB090C14EF5261E2FB04AED3
S3150200F150129C0C9ACDF83CC0E4FB02AEDDE90E89A6
S3150200F16006FF5061CDF850A0099A58EA5F69A2FBE2
S3150200F170074C169A18938BED517FE5FB024C119AB8
S3150200F180049EE2FB034C029B1AEF5461089ACDE9F6
S3150200F1900E89E3FB024C179B059AE0FB034C06FF24
S3150200F1A052610B9BE6FB034C069E199BE6FB034C46
S3150200F1B0139B8BED557FE2FB034C019B0C9AE3FB01
S3150200F1C0014C1C9BE3FB024C1CEF5A6114EB080832
S3150200F1D00F9CCDF818804CEB0404079406FF54618B
S3150200F1E0DDE9062352EA9F63CDE90623159B109AB1
S3150200F1F028F07C488BED597FC3F81880129BA7FB39
S3150200F20002C84FEA4309089B119A10EF5C61E5FBBD
S3150200F21003C8A7FB033AE5FB023ADDE917240B9D77
S3150200F22006FF5A61E4FB023AE4FB05C8029C059A12
S3150200F230E4FB053A0A9D8BED5D7FE4FB05C8199D4B
S3150200F240139CE0FB053AE0FB04C8049812EF5061F8
S3150200F2501A9DE0FB043A0D9CE6FB013AE0FB04C86A
S3150200F26006FF5C611C98129CE6FB00C8E2FB003AB2
S3150200F270E2FB04C81B988BED617F019A149EE2FBA8
S3150200F280093AE2FB00C80C9AE0FB023A1BED1B1F8F
S3150200F290E2FB05C8069A079DB418224619461BEDDD
S3150200F2A07F3F4EEB050352EA5F631598891824F0F7
S3150200F2B07E4402FF5021C4610C464AEB030554EA20
S3150200F2C09F651CEB040C62460BED7F3F48EB050382
S3150200F2D052EA5F6314461D4654EACF0521F07C418B
S3150200F2E01BED171F01622CF07E414162A11845EB0E
S3150200F2F003049BED013F49186441891844EB03045A
S3150200F300219BC91802FF50210A4644F1000352EA22
S3150200F3109F6321F07C41016022998BED013F8B189E
S3150200F3201E9923F07E4201EB5363C0E9012324B008
S3150200F330BDE8F88F80ED009F80ED04BF80ED08DF09
S3150200F34080ED0CFF704790ED009F90ED04BF90EDAD
S3150200F35008DF90ED0CFF704700000000000000007F
S3150200F36070B5F0E80245230065F31F446FF30F05FD
S3150200F37045EA134584EA142385EA152603F47F43F6
S3150200F38006F47F465C40754084EA032485EA062536
S3150200F39084EA141385EA151603F0F01306F0F01644
S3150200F3A05C40754084EA031485EA061584EA9403F0
S3150200F3B085EA950603F00C3306F00C365C40754080
S3150200F3C084EA830485EA860584EA540385EA5506B7
S3150200F3D003F0223306F022365C40754084EA430489
S3150200F3E085EA460541F8044B013A41F8045BB8D177
S3150200F3F070BD00BF00000000000000000000000019
S3150200F4002DE9F04F2DED108B00F5FE7A00F2F45B3C
S3150200F4101AED7F1F1AED6B3F00FF52011AED573F9F
S3150200F42000FF52011AED433F00FF52011AED2F3F32
S3150200F43000FF52018BED2F1F1AED7B1F1AED673F5E
S3150200F44000FF52011AED533F00FF52011AED3F3FF2
S3150200F45000FF52011AED2B3F00FF52018BED331FC5
S3150200F4601AED771F1AED633F00FF52011AED4F3F67
S3150200F47000FF52011AED3B3F00FF52011AED273FF2
S3150200F48000FF52018BED371F1AED731F1AED5F3F16
S3150200F49000FF52011AED4B3F00FF52011AED373FB2
S3150200F4A000FF52011AED233F00FF52018BED3B1F75
S3150200F4B01AED6F1F1AED5B3F00FF52011AED473F2F
S3150200F4C000FF52011AED333F00FF52011AED1F3FB2
S3150200F4D000FF52018BED3F1F9AED011F9AED153F7A
S3150200F4E000FF52019AED293F00FF52019AED3D3F7E
S3150200F4F000FF52019AED513F00FF52018BED431F6F
S3150200F5009AED051F9AED193F00FF52019AED2D3F24
S3150200F51000FF52019AED413F00FF52019AED553F1D
S3150200F52000FF52018BED471F9AED091F9AED1D3F11
S3150200F53000FF52019AED313F00FF52019AED453F1D
S3150200F54000FF52019AED593F00FF52018BED4B1F0E
S3150200F5509AED0D1F9AED213F00FF52019AED353FBC
S3150200F56000FF52019AED493F00FF52019AED5D3FBD
S3150200F57000FF52018BED4F1F9AED111F9AED253FA9
S3150200F58000FF52019AED393F00FF52019AED4D3FBD
S3150200F59000FF52019AED613F00FF52018BED531FAE
S3150200F5A09BED471FA1EF5025A1FF50249BED3F5F26
S3150200F5B002FF54218BED573F9BED331F9BED535FAB
S3150200F5C000FF54018BED6B1F9BED4B1FA1EF5025E6
S3150200F5D0A1FF50249BED2F5F02FF54218BED5B3F71
S3150200F5E09BED371F9BED435F00FF54018BED6F1FB1
S3150200F5F09BED4F1FA1EF5025A1FF50249BED335FDA
S3150200F60002FF54218BED5F3F9BED3B1F9BED475F56
S3150200F61000FF54018BED731F9BED531FA1EF502585
S3150200F620A1FF50249BED375F02FF54218BED633F10
S3150200F6309BED3F1F9BED4B5F00FF54018BED771F48
S3150200F6409BED431FA1EF5025A1FF50249BED3B5F8D
S3150200F65002FF54218BED673F9BED2F1F9BED4F5F02
S3150200F66000FF54018BED7B1F9BED57DF9BED6BFF7C
S3150200F6701AED7F1F9AED013F00FF5C0102FF5E213A
S3150200F68020EF50418AED655F22EF52610BED357F27
S3150200F6901AED6B1F9AED153F00FF5C0102FF5E211A
S3150200F6A0B2EF5045B2FF50440BED595FB2EF5265CF
S3150200F6B0B2FF52648BED0B7F1AED571F9AED293F6D
S3150200F6C000FF5C0102FF5E21A2EF5245A2FF5244F7
S3150200F6D00BED7D5FA1EF5065A1FF50640BED197F25
S3150200F6E01AED431F9AED3D3F00FF5C0102FF5E21CA
S3150200F6F0B5EF5245B5FF52440BED3D5FB4EF506591
S3150200F700B4FF50648BED277F1AED2F1F9AED513F00
S3150200F71000FF5C0102FF5E21A9EF5045A9FF50449C
S3150200F7200BED615FA9EF5265A9FF52648BED037F72
S3150200F7309BED5BDF9BED6FFF1AED7B1F9AED053F9D
S3150200F74000FF5C0102FF5E21A1EF5245A1FF524478
S3150200F7500BED715F20EF50610BED0D7F1AED671F08
S3150200F7609AED193F00FF5C0102FF5E21B6EF50459C
S3150200F770B6FF50448AED695FB6EF5265B6FF526432
S3150200F7800BED317F1AED531F9AED2D3F00FF5C0101
S3150200F79002FF5E21A5EF5045A5FF50440BED555FD4
S3150200F7A0A5EF5265A5FF52648BED0F7F1AED3F1F41
S3150200F7B09AED413F00FF5C0102FF5E21B7EF524521
S3150200F7C0B7FF52440BED795FB6EF5065B6FF506452
S3150200F7D00BED157F1AED2B1F9AED553F00FF5C01CD
S3150200F7E002FF5E21A1EF5045A1FF50440BED395FA8
S3150200F7F0A1EF5265A1FF52648BED2B7F9BED5FDF7C
S3150200F8009BED73FF1AED771F9AED093F00FF5C012E
S3150200F81002FF5E21BFEF5045BFFF50440BED495F2B
S3150200F820BFEF5265BFFF52648BED1B7F1AED631F5C
S3150200F8309AED1D3F00FF5C0102FF5E21A3EF5045DA
S3150200F840A3FF50440BED6D5FA3EF5265A3FF526415
S3150200F8500BED097F1AED4F1F9AED313F00FF5C0158
S3150200F86002FF5E21B6EF5245B6FF52448AED6D5F46
S3150200F870B5EF5065B5FF50640BED2D7F1AED3B1FBA
S3150200F8809AED453F00FF5C0102FF5E21A8EF52455B
S3150200F890A8FF52440BED515FA7EF5065A7FF5064D6
S3150200F8A08BED137F1AED271F9AED593F00FF5C017E
S3150200F8B002FF5E21BFEF5245BFFF52440BED755F5B
S3150200F8C0BEEF5065BEFF50640BED117F9BED63DF0B
S3150200F8D09BED77FF1AED731F9AED0D3F00FF5C015A
S3150200F8E002FF5E21AEEF5045AEFF50448AED795FCE
S3150200F8F0AEEF5265AEFF52640BED217F1AED5F1F2C
S3150200F9009AED213F00FF5C0102FF5E21BCEF5245EA
S3150200F910BCFF52440BED455FBBEF5065BBFF506425
S3150200F9208BED1F7F1AED4B1F9AED353F00FF5C01F1
S3150200F93002FF5E21ADEF5245ADFF52440BED695F0A
S3150200F940ACEF5065ACFF50640BED057F1AED371F27
S3150200F9509AED493F00FF5C0102FF5E21ABEF524583
S3150200F960ABFF52448AED715FAAEF5065AAFF50645D
S3150200F9700BED297F1AED231F9AED5D3F00FF5C0117
S3150200F98002FF5E21BCEF5045BCFF50440BED4D5FBC
S3150200F990BCEF5265BCFF52648BED177F9BED67DFB0
S3150200F9A09BED7BFF1AED6F1F9AED113F00FF5C0185
S3150200F9B002FF5E21AEEF5245AEFF52440BED5D5F94
S3150200F9C0ADEF5065ADFF50648BED077F1AED5B1FFF
S3150200F9D09AED253F00FF5C0102FF5E21AAEF50452A
S3150200F9E0AAFF50448AED7D5FAAEF5265AAFF5264D0
S3150200F9F00BED1D7F1AED471F9AED393F00FF5C01A3
S3150200FA0002FF5E21B4EF5245B4FF52440BED415F53
S3150200FA10B3EF5065B3FF50648BED237F1AED331FAE
S3150200FA209AED4D3F00FF5C0102FF5E21A4EF5045B7
S3150200FA30A4FF50440BED655FA4EF5265A4FF526428
S3150200FA400BED017F1AED1F1F9AED613F00FF5C016E
S3150200FA5002FF5E21A7EF5045A7FF50448AED755F6E
S3150200FA60A7EF5265A7FF52640BED257F9AED651F3E
S3150200FA709AED693F9AED6D5F9AED717F9AED759FEA
S3150200FA8014EF52A10AFF50A10AED7FBF16EF54A14F
S3150200FA900AFF52A10AED7BBF18EF56A10AFF54A135
S3150200FAA00AED77BF10EF58A10AFF56A10AED73BF00
S3150200FAB012EF50A10AFF58A10AED6FBF9AED791F06
S3150200FAC09AED7D3F1BED7D5F1BED797F1BED759FEB
S3150200FAD014EF52A10AFF50A10AED6BBF16EF54A113
S3150200FAE00AFF52A10AED67BF18EF56A10AFF54A1F9
S3150200FAF00AED63BF10EF58A10AFF56A10AED5FBFD8
S3150200FB0012EF50A10AFF58A10AED5BBF1BED711F50
S3150200FB101BED6D3F1BED695F1BED657F1BED619F65
S3150200FB2014EF52A10AFF50A10AED57BF16EF54A1D6
S3150200FB300AFF52A10AED53BF18EF56A10AFF54A1BC
S3150200FB400AED4FBF10EF58A10AFF56A10AED4BBFAF
S3150200FB5012EF50A10AFF58A10AED47BF1BED5D1F28
S3150200FB601BED593F1BED555F1BED517F1BED4D9F65
S3150200FB7014EF52A10AFF50A10AED43BF16EF54A19A
S3150200FB800AFF52A10AED3FBF18EF56A10AFF54A180
S3150200FB900AED3BBF10EF58A10AFF56A10AED37BF87
S3150200FBA012EF50A10AFF58A10AED33BF1BED491F00
S3150200FBB01BED453F1BED415F1BED3D7F1BED399F65
S3150200FBC014EF52A10AFF50A10AED2FBF16EF54A15E
S3150200FBD00AFF52A10AED2BBF18EF56A10AFF54A144
S3150200FBE00AED27BF10EF58A10AFF56A10AED23BF5F
S3150200FBF012EF50A10AFF58A10AED1FBF1BED351FD8
S3150200FC001BED313F1BED2D5F1BED297F1BED259F64
S3150200FC1014EF52A10AFF50A18AED01BF16EF54A1BB
S3150200FC200AFF52A18AED05BF18EF56A10AFF54A199
S3150200FC308AED09BF10EF58A10AFF56A18AED0DBF42
S3150200FC4012EF50A10AFF58A18AED11BF1BED211F29
S3150200FC501BED1D3F1BED195F1BED157F1BED119F64
S3150200FC6014EF52A10AFF50A18AED15BF16EF54A157
S3150200FC700AFF52A18AED19BF18EF56A10AFF54A135
S3150200FC808AED1DBF10EF58A10AFF56A18AED21BFCA
S3150200FC9012EF50A10AFF58A18AED25BF1BED0D1FD9
S3150200FCA01BED093F1BED055F1BED017F9BED039FDE
S3150200FCB014EF52A10AFF50A18AED29BF16EF54A1F3
S3150200FCC00AFF52A18AED2DBF18EF56A10AFF54A1D1
S3150200FCD08AED31BF10EF58A10AFF56A18AED35BF52
S3150200FCE012EF50A10AFF58A18AED39BF9BED071FFB
S3150200FCF09BED0B3F9BED0F5F9BED137F9BED179FDC
S3150200FD0014EF52A10AFF50A18AED3DBF16EF54A18E
S3150200FD100AFF52A18AED41BF18EF56A10AFF54A16C
S3150200FD208AED45BF10EF58A10AFF56A18AED49BFD9
S3150200FD3012EF50A10AFF58A18AED4DBF9BED1B1F82
S3150200FD409BED1F3F9BED235F9BED277F9BED2B9F3B
S3150200FD5014EF52A10AFF50A18AED51BF16EF54A12A
S3150200FD600AFF52A18AED55BF18EF56A10AFF54A108
S3150200FD708AED59BF10EF58A10AFF56A18AED5DBF61
S3150200FD8012EF50A10AFF58A18AED61BF1AED1B1F9F
S3150200FD901AED7F3F02FF50210AED7F3F1AED171F32
S3150200FDA09AED013F02FF50218AED013FBDEC108B17
S3150200FDB0BDE8F08F2DE9F04F4FF02608D1E9084350
S3150200FDC0A1B00B9308FB03F304EBC40500934B6944
S3150200FDD004EB450901938F694B464FF0000A3A46F8
S3150200FDE0D1F81CC00894CDF84890DC18D1F80490DC
S3150200FDF04AEB0A0B07EBC7070D6802EB47071190A0
S3150200FE00059288680A690694CDF81CB0CC68CB4680
S3150200FE1008FB0CF18E46049515466246019BCDF809
S3150200FE200CB008FB03F8A300A3FB0B3BECFB0E3B59
S3150200FE30F9194AEB0A069218E0FB003B1792019A5F
S3150200FE40CDF830C04AEB0A0C92184AEB0A0ACDF8F2
S3150200FE5064A09A46CDF860C0F4460E9202956A00F6
S3150200FE60049D1092E2FB05ABCDE91CAB019B059A02
S3150200FE709B000F9353000A930C9BA5FB05BA9B00AC
S3150200FE801393089BCDF824E05B000D930B9BDDF8E2
S3150200FE9008E05B001493019B4FEA4909E3FB08BAA9
S3150200FEA0009BA3FB0038ECFB0E389C46DDF80CE009
S3150200FEB0E9FB05C8AEFB0939E7FB02391F46CDF857
S3150200FEC054C04FEA400CECFB0579029D1A97A5FB3C
S3150200FED00173019A05FB06331BEB070BA2FB0171AB
S3150200FEE043EB0A03DDF818A002FB0611A0FB0A6A1F
S3150200FEF01BEB060B079E159A00FB06AA4AEB030AA2
S3150200FF00009BDDF814C0A3FB0E36DDF824E0EEFB01
S3150200FF100436DB1876411BEB03034AEB0606D719B8
S3150200FF2041EB08014FEA936A23F07C48009BCDF827
S3150200FF305480A3FB0538EEFB0C38DDF80CB04FEA13
S3150200FF40400CEBFB0C389B46049D4FEA440CECFB41
S3150200FF5005B8069ACDF86CB0A4FB023BDDF81CE0AE
S3150200FF604AEA861A04FB0EBBFB18DDF808C04BEB07
S3150200FF70010B13EB0A0323F07E411691ACFB021729
S3150200FF800CFB0E771A9A4BEB966B5E0E009B511882
S3150200FF9047EB0907A3FB0439DDF824C0019A46EAB8
S3150200FFA0CB16ECFB0239DB1849EB0909CB184FEAF1
S3150200FFB0440C47EB09079B1923F07C4E4FEA936AE0
S3150200FFC0A4FB0C31DDF84890089E47EB5B67E9FB22
S3150200FFD00631DDF840B0DDF80C90EBFB0031CDF8D0
S3150200FFE024E0DDF83CE00A9AEEFB0931E2FB05313A
S3150200FFF01093ACFB0036009DDDF814C01291E5FBB0
S315020100000C361946EBFB09160591A4FB0E310F9628
S315020100100B9EDDF84CE0E6FB0531029D1646E5FB3B
S315020100200531E2FB0031E9FB0E319946049A0D9B3B
S31502010030DDF800E0E3FB02911391A4FB0B318B4641
S315020100400899CDF82C90EEFB013B0E990293A1FB88
S31502010050052ECDF820B0CDF878E0069B1A92019ACA
S31502010060DDF81CE0A2FB0312A4FB0696019C4AEAF8
S31502010070871A04FB0E251B9C1F966118119E45EBE0
S31502010080080511EB0A014FEA516821F07E4145EB61
S315020100909765F160ACFB03170CFB0E77DDF830C0F8
S315020100A01C9CACFB03A26118009B1D9C0CFB0E223F
S315020100B0DDF838C047EB0407A3FB0CB411EB0B01C7
S315020100C0B346DDF864E048EAC51803FB0E44049B17
S315020100D044EB070411EB080144EB55648D0E21F044
S315020100E07C413161ACFB0317059EDDF85CE07118BA
S315020100F00F9E45EA841546EB070611EB0A0142EB10
S315020101000602ACFB00A8A0FB0E67491900984FEA4C
S31502010110516521F07E4142EB9462CBF81410A0FBAB
S315020101200E14DDF860C045EAC21500FB0C441098B6
S31502010130DDF820C04118129844EB0004491944EB3A
S315020101405264029A0B9812EB0A054CEB080CDDF885
S3150201015028A0DDF80C80EAFB085CF2469E46A3FB6A
S315020101600A23AA184FEA916545EA84154CEB030C5A
S3150201017021F07C4152194CEB946CCBF81810510EBC
S31502010180139C41EACC11411844EB5C64DDF868C06A
S31502010190DDE91E051CEB090340EB05059B190D98CC
S315020101A045EB0705E8FB0035149822F07E42EEFB8B
S315020101B00035CBF81C208A0E42EA84129B1845EBC5
S315020101C094625C0E44EAC21421F07C41520E23F081
S315020101D07E43CBF82010CBF82430D100E3001B1963
S315020101E041EA547142EB0101DB1849411B1942EB09
S315020101F001021599DDF824E05B1842F10002990E1D
S3150201020041EA8211169A23F07C430A4422F07E4186
S315020102100EEB5262CBE90031CBF8082021B0BDE8E2
S31502010220F08F00BF2DE9F04F8046131E18BF012340
S31502010230D8E90176D8E90354D8F814908FB0D8F8E2
S3150201024018A00068CDF80090C446D8E907B9D8F8D5
S315020102502480CDF80890D1F800905B42CDF804A035
S31502010260CDF80C80DA4309EA030A00EA020802EA37
S3150201027009094AEA080A1840D1F8048040EA090045
S31502010280086007EA020908EA03001F4002EA0808B1
S3150201029047EA08074F60D1F808808F6840EA0900EB
S315020102A005901F4002EA080006EA020847EA080723
S315020102B00697D1F80C80CF681E4006431F4002EA1A
S315020102C0080005EA020847EA08070797D1F81080ED
S315020102D00F691D4005431F4002EA080004EA0208AD
S315020102E047EA08071C4044EA0008CDF810A04C6909
S315020102F008974F69DDF8009002EA07001C4009EAF7
S3150201030002073C43DDF804A08F69099403EA090454
S31502010310D1F8189004431F4002EA09000AEA0209C9
S3150201032047EA09070A9703EA0A07D1F81CA0074315
S3150201033002EA0A090AEA03000BEA020A40EA0A0089
S315020103400B9003EA0B0040EA0900D1F820B0D1F87C
S3150201035020A00090029802EA0B090AEA030A00EABF
S31502010360020B4AEA0B0ACDF830A003EA000A4AEA6E
S3150201037009090398D1F824A000EA020B0AEA030A42
S315020103800340486A4AEA0B0A02401343009ACDF82F
S3150201039034A00DF1100EC1E90265C1E90484C1E977
S315020103A007298F614B62BEE80F00ACE80F00BEE879
S315020103B00F00ACE80F009EE803008CE803000FB0C3
S315020103C0BDE8F08F2DE9F04F90F8F73291B004466F
S315020103D00191032B00F2B782DFE813F0EE00E00091
S315020103E011000400019B00F5157200F50B714C30EA
S315020103F09847042384F8F73211B0BDE8F08FD4F898
S31502010400B852D4F89462D0F87C22D0F8A412D0F86B
S3150201041080320395D0F8A802D4F8C0520D96D4F8CA
S31502010420C86202900595D4F89C52CDE908610F92F3
S315020104305118029AD4F8ACC2D4F884B2D4F8BC7278
S315020104400695D4F8C452D4F8B0E2D4F888A2C4F816
S31502010450B4119918D4F8B402D4F88C92D4F89082D3
S3150201046004970795D4F89872D4F8A0520E93C4F85B
S31502010470B8110BEB0C01039BC4F8BC110AEB0E017C
S31502010480C4F8C01109EB0001C4F8C41108EB030159
S315020104900D9EC4F8C81104990C9005987118C4F8F8
S315020104A0CC113918DDE90623C4F8D011D118089AFE
S315020104B0C4F8D411A918C4F8D81104F19C0004F5A2
S315020104C0DA71CDF828C0CDF82CE0FFF773FC069857
S315020104D00F9A06F1006102F1006200F100660998C5
S315020104E00E9B263A121AC4F8DC2103F18063029AA2
S315020104F0DDF828C00BF1006B023BDDF82CE09B1AFC
S31502010500ABF1020B0AF1806AC4F8E031AAF1020AE0
S31502010510ABEB0C0309F10069DDF830C0C4F8E43134
S31502010520A9F10209AAEB0E03C4F8E83108F18068C1
S31502010530A9EB0C03DDF80CC0A8F10208C4F8EC31F2
S31502010540A8EB0C03C4F8F031049B059807F1806708
S315020105500239089AC91A05F18065079B023F3F1ABB
S31502010560023E023DF61AAD1AC4F8F87104F5337764
S315020105703846C4F8F411C4E97F6504F5EE71FFF754
S3150201058019FC019B3A4604F1240104F1C40098477F
S31502010590032384F8F73211B0BDE8F08F019B00F511
S315020105A08A7200F59E7100F529709847022384F834
S315020105B0F73211B0BDE8F08FB0F9F43290F8F66275
S315020105C0C3F3CC020244157903F007031D4105F07A
S315020105D001056E40324600F19C014C30FFF722FEC6
S315020105E0324604F1C40104F17400FFF71BFEA06F49
S315020105F084F8F652D4F88450E26C616FD4F88860BC
S3150201060002900395D4F88C50236D09910E925118DC
S31502010610029AD4F87CE0D4F854B0676E0496069533
S31502010620D4F89060D4F89450D4F88000D4F858A045
S31502010630C4F8EC109918D4F898C0D4F85C90D4F8A0
S31502010640608005970796A76EE66E0895256F0D934E
S31502010650039AC4F8F0100BEB0E01C4F8F4100AEB7E
S315020106600001C4F8F81009EB0201C4F8FC10049960
S31502010670DDE905324144C4F800119918C4F80411A0
S315020106800799089A7918C4F80811B118C4F80C1117
S31502010690614669180B90C4F8101104F50B7004F148
S315020106A0EC01CDF828E0CDF830C0FFF783FB0E9AB6
S315020106B009980D9B02F10062263A121A03F1806330
S315020106C00298DDF828E00BF1006B023B1B1AABF135
S315020106D0020B0B980AF1806AC4F81831AAF1020AD0
S315020106E0ABEB0E03C4F81C3109F10069AAEB000356
S315020106F00398A9F10209C4F8203108F18068A9EB2F
S3150201070000030498DDF814C0A8F10208C4F82431E4
S31502010710A8EB00030CF10061C4F82831069B0239EB
S31502010720C91A07F18067079B023FFF1A06F10066A5
S31502010730089B023EF61A05F180650C9B023DED1AF5
S31502010740C4F81421C4F82C11C4F83071C4F8346108
S31502010750C4F8385104F58A7104F51570FFF72AFBBE
S31502010760D4F83032D4F8582203F18063023B9B1A43
S31502010770C4F89031D4F83432D4F85C2203F1006320
S31502010780023B9B1AC4F89431D4F83832D4F8602269
S3150201079003F18063023B9B1AC4F89831D4F83C32C8
S315020107A0D4F8642203F10063023B9B1AC4F89C311C
S315020107B0D4F84032D4F8682203F18063023B9B1AD3
S315020107C0C4F8A031D4F84432D4F86C2203F10063A0
S315020107D0023B9B1AC4F8A431D4F84832D4F87022E9
S315020107E003F18063023B9B1AC4F8A831D4F84C3258
S315020107F0D4F8742203F10063023B9B1AC4F8AC31AC
S31502010800D4F85032D4F8782203F18063023B9B1A62
S31502010810C4F8B031D4F82C32D4F8542203F100636F
S31502010820D4F89C60263B9B1AD4F8C4A0C4F88C3138
S3150201083006F10063263BA3EB0A03D4E92850C4F868
S31502010840643105F18063023BD4E93298A3EB0903D3
S31502010850C4F8683100F10063D4F8A810023B4044A1
S31502010860A3EB0803C4F84401C4F86C31D4F8D000F0
S3150201087001F18063023B1B1AC4F87031D4F8AC3023
S315020108800144D4F8D4C0C4F8481103F10063D4F882
S31502010890AC10023B6144A3EB0C0CD4F8B0304D44CE
S315020108A01846D4E939B7C4F84051C4F84C11D4F802
S315020108B0D85003F18061D4F8B43002392844491B77
S315020108C01D465644C4F83C61C4F85001D4F8DC60B4
S315020108D003F10060D4F8B83002383544861B184655
S315020108E0C4F8545103F18065D4F8E030D4F8BCE081
S315020108F01844023DED1AC4F85801D4F8C0300EF17D
S3150201090000600238DE44A0EB0B0B03F18060023873
S31502010910C4F85CE1C01B03EB070EC4F860E104F105
S31502010920EC02C4E95DC1C4E961B0019BC4E95F653A
S3150201093004F5B27104F51F709847012384F8F73262
S3150201094011B0BDE8F08FD0F88C316A4AD0E964065D
S31502010950A3FB02834FEA986141EA83119B0EE0FBF6
S3150201096002131F46D4E967034FEA516C4CEAC71CCE
S315020109707F0EE6FB02C7BE46D4F898514FEA9C6742
S3150201098047EA8E174FEA9E6EE5FB027E7D0E45EA29
S31502010990CE154FEA5E6EE0FB025E4FEA956949EAC1
S315020109A08E194FEA9E6EE3FB029ED4F8A4614FEACA
S315020109B0596040EACE104FEA5E6EE6FB020EF2463F
S315020109C0D4F8603227F07E47C4F8D8724FEA906EA7
S315020109D01F44D4F8A8314EEA8A1E4FEA9A66E3FB0F
S315020109E002E6D4F8643225F07C454FEA5E6AC4F821
S315020109F0DC524AEAC61A1D44730ED4F8AC6129F0D8
S31502010A007E49E6FB02A3D4F86862C4F8E09209EBD8
S31502010A10060BD4F8B0614FEA9A6949EA83199B0E2B
S31502010A20E6FB02931E46D4F86C3220F07C40C4F8F1
S31502010A30E40218444FEA596343EAC61329F07E4693
S31502010A4003EBC30903EB490328F07C48984421F0E0
S31502010A507E4101EB98612CF07C4C0CEB5163D4F88E
S31502010A6058C221F07E418C44C4F8D012D4F85C12EB
S31502010A702AF07C4203EB010AD4F87412C4F8EC2280
S31502010A801144D4F87822C4F8F062C4F8D432164478
S31502010A90D4F87032D4F854222EF07E4E28F07C48D7
S31502010AA073444244C4F8E8E2C4F808C2C4F8042212
S31502010AB0C4F8CC8204F50172C4E983A7C4E98703A9
S31502010AC0C4E98916019BC4E9855B04F5C67104F183
S31502010AD0740098470022B4F8F43284F8F722013BF5
S31502010AE01BB29342A4F8F432BCBF012384F8F83254
S31502010AF082E400BF42DB010070B51B4B86461B68D0
S31502010B00012B26D0022B06D0184A7346BDE8704047
S31502010B101146174818474FF43F73164C1648226878
S31502010B2003FB020191F8F81282F0010541B103FBC0
S31502010B30050393F8F832002BE6D12A4685F0010522
S31502010B404FF43F73714603FB0200FFF73BFC25603E
S31502010B5070BD094890F8F832002BD5D17146BDE82F
S31502010B607040FFF72FBC00BF5C11002278370102EB
S31502010B70000000205811002228000020094B1868A5
S31502010B8078B1094A012892F8F932B3FA83F34FEAA6
S31502010B90531305D092F8F525002A53EA13907047AC
S31502010BA0184670475C110022280000202DE9F04703
S31502010BB000F0C6FF2A4A1388002B4FD000254FF0BA
S31502010BC0010A5768274EDFF8A890274C07EB43081E
S31502010BD0EFF310828AF31088336823B9402189F82A
S31502010BE0143089F8141033680133336082F31088A4
S31502010BF0A8EB070EAEF1020E4FEA5E0E0EF1010EE2
S31502010C0039464EF001E0194831F8022B130A1B014D
S31502010C1053FA82F254F8223003402B4343F0040381
S31502010C2044F822300FF011C0EFF310828AF31088D4
S31502010C30336813B13368013B3360336823B98021CA
S31502010C4089F8143089F8141082F310884FF47A71F6
S31502010C50642085F0010501F009FFB9E7FEE700BF4F
S31502010C60DCC00102E0EC042200084040FE3FFEFF28
S31502010C70000D4040022800D070470249024801F0A7
S31502010C809DBD00BF38BD010294EC042230B5EFF3DD
S31502010C900A84002585F30A886D468D468047AD464E
S31502010CA084F30A8830BD00BF70B54FF0640EE4B01C
S31502010CB06D4603464EF001E0ADF1040263AE53F810
S31502010CC0041B42F8041F0FF007C04FF0010E55F83E
S31502010CD0044FF4462B46724603E0013A43F80419DF
S31502010CE012D053F8041C6046A1420CF1FF3CF4D821
S31502010CF0B5424DF820400EF1010EE8D1DDE931038E
S31502010D001844400864B070BD0020B5424DF8204039
S31502010D100EF1010EDBD1F1E72DE9F0478A46244FA8
S31502010D201546BC461C46DAF80820DAF80C3081462C
S31502010D3008684968089EACE80F00DAF81000DAF88C
S31502010D401410DAF81820DAF81C3007F1600EACE854
S31502010D500F0028686968AA68EB68DFF85880ACE872
S31502010D600F0028696969AA69EB69ACE80F000FCC23
S31502010D70ACE80F0094E80F008CE80F003068716848
S31502010D80B268F368AEE80F003069B2697169F36956
S31502010D90AEE80F0098E80300C7F88000A7F88410B0
S31502010DA048463946BDE8F0478622F8F73DBE00BF00
S31502010DB000130020A037010270B50C4616469AB000
S31502010DC022462149054602A8F6F736FFD4F86009FC
S31502010DD0D4F86419D4F86829D4F86C390DF1480CA1
S31502010DE0ACE80F00D4F87C39D4F87009D4F8741938
S31502010DF0D4F87829ACE80F009DF8483023F00703B0
S31502010E008DF848309DF8673003F07F0343F04003C5
S31502010E108DF8673086B10AAE30460C4A12A902F045
S31502010E205BF804F5186432462846084B02A9009479
S31502010E30FFF772FF1AB070BD0AAE3046034A12A915
S31502010E4002F096F8EDE700BFA8130020E81700208C
S31502010E5010B50D4CADF5286D21460DF59060F8F7EC
S31502010E6001FB68460DF59061F8F7E8FA4FF49062D6
S31502010E702146684601F0E0FF003818BF01204042D2
S31502010E800DF5286D10BD00BF08180020002170B5B0
S31502010E90184D84B00DF1040C8646A5FB0023DB0830
S31502010EA003EB8304A0EB44003030BEF1090F0A467E
S31502010EB00CF8010B01F101011846EDD801AB9918A5
S31502010EC041F6FE7C00260C480C4D531C00E02146DF
S31502010ED002684C1E624508D8026891F900E0511C6D
S31502010EE00160016805F802E06E54013BEFD104B0DE
S31502010EF070BD00BFCDCCCCCC68EC042268CC0422F8
S31502010F00202370B50446A0B00DEB030060212A4AE6
S31502010F10F8F768FD214608AA04F51A60F6F724FED9
S31502010F20EC460DF1600EBEE80F00C4F86009C4F884
S31502010F306419C4F86829C4F86C39BEE80F00C4F80C
S31502010F407009C4F87419D4F86009D4F86419C4F89C
S31502010F507829C4F87C39D4F86829D4F86C39174E43
S31502010F60ACE80F00D4F87419D4F87C39D4F87009B6
S31502010F70D4F8782904F51865ACE80F009DF800202D
S31502010F809DF81F30316803F07F0322F0070243F018
S31502010F9040038DF800208DF81F3029B16946284695
S31502010FA001F062FA20B070BD69462846044A01F092
S31502010FB0DFFF20B070BD00BFC81C00206C110022EB
S31502010FC0B83A010200B52021ADF6446D0E48F8F794
S31502010FD071FA6846FFF794FF0C4B0DF51A614FF44F
S31502010FE09462184601F040FF0DF5186E00F5946CF7
S31502010FF0BEE80F00ACE80F009EE80F008CE80F0078
S315020110000DF6446D5DF804FBC81C0020081800208B
S3150201101030B50D460446ADF6446D6846FFF770FFDE
S315020110202A4669462046FFF7C7FE0DF6446D30BDD6
S31502011030F0B5ABB00446FFF70BFF002864D140219F
S3150201104005461AA8F8F736FA314A1AAB02A9314807
S31502011050F6F7B8FD0DF1480C0DF1880EBEE80F004A
S31502011060ACE80F009DF8483023F007038DF84830AD
S315020110709EE80F008CE80F009DF8673003F07F03AE
S3150201108043F040038DF8673034B3012C14D0224F5C
S315020110900AAE04F001043B463146204812AA0094E6
S315020110A001F0F2FE32461D4B1D4802A90097FFF7D9
S315020110B033FE28462BB0F0BD1A4B12A91B68FBB9A9
S315020110C0194A164801F054FF0AAE3046124A12A9CD
S315020110D001F002FF104FE5E7124B12A91B685BB93B
S315020110E0114A0E4801F044FF0AAE30460A4A12A9D5
S315020110F001F03EFF084FD5E7084801F0B5F9F3E7DD
S31502011100064801F0B1F9DFE74FF0FF35D1E700BF3D
S3150201111008180020A8130020A81C0020E8170020A8
S31502011120881300206C110022B83A0102F8B590F931
S3150201113000300E461146002B7ED041F6FE7C4FF062
S31502011140000E3E4C3E4F2568654506D825686A1C49
S31502011150226022687B5507F802E010F9013F002B55
S31502011160F1D12022304601F067FE00284FD03A2302
S3150201117041F6FE704FF0000C324A314D2168814230
S3150201118006D821684F1C276027686B5405F807C0EB
S3150201119012F9013F002BF1D141F6FE701D462022C4
S315020111A0DFF8A8C0264F711E266811F8013F864254
S315020111B00DD826681B0906F1010EC4F800E01CF9D8
S315020111C00330D4F800E0BB5507F80E500B782668B9
S315020111D003F00F03864208D826681CF903E0731C44
S315020111E02360236807F806E0FD54013ADCD141F693
S315020111F0FE7322689A4208D80A2500202268104BFB
S31502011200511C216021689D5458540120F8BD3A238E
S3150201121041F6FE7684460C4A094D2168B14206D84A
S3150201122021684F1C276027686B5405F807C012F91D
S31502011230013F002BF1D1F8BD004C92E768EC042284
S3150201124068CC0422B0370102A8370102E039010253
S3150201125001232DE9F04F02250021B34CB348D4F8FE
S31502011260FC209FB042F08072C4F8FC200268DFF8CD
S3150201127034931A430260AE4ACDE902111560AD4AB2
S315020112801360AD4A1160AD4A1360AD4A1360AD4AAF
S315020112901360AD4A1360AD4A1360AD4A002404924D
S315020112A00498F8F701F9FFF78DFEAA48FFF728FE21
S315020112B02046FFF7BDFE04F001052A460646A5496A
S315020112C006A8FFF779FD29460EA8FFF7A1FE2022FF
S315020112D006A9A14801F0B0FD031E18BF0123002E85
S315020112E053EA0393039920221944039106A80EA9EE
S315020112F001F0A2FD029B2A46002853EA03930293B8
S3150201130099F80030934983F05A0316A889F80030F8
S31502011310FFF752FD99F800304FF4986283F05A03B1
S3150201132089F80030002C00F0AF838C498C4801F01B
S3150201133083FD202283468B498B4801F07DFD4FF4C4
S315020113408C6205468949484601F076FD202282468D
S315020113508749814801F070FD20228046854906A809
S3150201136001F06AFD2022074683490EA801F064FDB9
S3150201137020220646814916A801F05EFD2B1E18BFE2
S315020113800123BBF1000F53EA0393BAF1000F53EAAB
S315020113900393B8F1000F53EA0393002F53EA039321
S315020113A0002E53EA0393002853EA0393029A013467
S315020113B01A44042C02927FF473AF049A704B02F51D
S315020113C01E4237329A427FF469AFDDE902310024C7
S315020113D0CE1802962646564BDFF8CCB11C60554B09
S315020113E0DFF8C8811C60544B664F1C60534B664D37
S315020113F01C60534BDFF8B8911C60524B0BF1600A2B
S315020114001C60514B1C60514B1C605A464146384682
S3150201141001F0AEFD002342462946484600935B464B
S3150201142001F032FD20222946384601F005FD01224E
S315020114305B460446294648460092424601F024FD8F
S3150201144020222946384601F0F7FC021E18BF012266
S31502011450002C52EA02920BF1200BD3451644D4D149
S31502011460652541F6FE704FF0000C3446474B029E4D
S31502011470DFF840814649D8F80020824209D8D8F8D7
S315020114800020571CC8F80070D8F800708D5401F876
S3150201149007C013F9015F002DEDD13046FFF7F6FCC7
S315020114A0202741F6FE70AC463A4B3949D8F800205E
S315020114B0824209D8D8F80020551CC8F80050D8F83D
S315020114C000508F5401F805C013F9017F002FEDD1A9
S315020114D02046FFF7DBFC41F6FE73D8F800209A425C
S315020114E00AD80A21D8F80030294AD1540133C8F85A
S315020114F00030D8F80030D75402210123A71900245D
S315020115002548264E0268DFF8B0B03A440260084A1E
S3150201151023481160074A054D1360074ADFF83490E4
S315020115201460064A136049E000ED00E0001000E095
S315020115305C100022541000224C100022601000227E
S315020115406C110022601100226811002260CC042273
S31502011550011000D8E81C002088130020800B00200F
S3150201156008180020600B0020C81C0020000700207C
S31502011570E0060020C0060020A0060020800600200A
S31502011580B90105D860060020400600200038010294
S3150201159068CC04221C3801026CEC04227011002270
S315020115A0012000D8A8130020F8390102583A010295
S315020115B02006002068EC0422014000D8C74A1360C5
S315020115C0C74A1360C74A1360C74A1360F7F76CFF2D
S315020115D0FFF7F8FCC548FFF793FCC548F7F764FF28
S315020115E00320FFF725FD059704EB0B0217464FF083
S315020115F0000A2246231D0493384602F00303CDE96D
S315020116000232F7F751FFBFF34F8FBFF36F8FC5F862
S3150201161004A0BFF34F8FBFF36F8F0298FFF708FD48
S31502011620BFF34F8FBFF36F8F6421029B039A01FBB6
S31502011630034C049B686801329A4246F82C00DAD1BF
S3150201164014F0010740F0C181BFF34F8FBFF36F8FD3
S315020116506F60BFF34F8FBFF36F8F3A46494616A8A5
S31502011660FFF7AAFBBFF34F8FBFF36F8F6A6804F5CB
S31502011670C87346F82320BFF34F8FBFF36F8F6F6096
S31502011680BFF34F8FBFF36F8F0122494616A8FFF7AB
S3150201169093FBBFF34F8FBFF36F8F6A6804F5FA733B
S315020116A046F82320BFF34F8FBFF36F8F6F60BFF3EF
S315020116B04F8FBFF36F8F394616A8FFF7A9FCBFF309
S315020116C04F8FBFF36F8F6A6804F5167346F82320AE
S315020116D0BFF34F8FBFF36F8F6F60BFF34F8FBFF3B0
S315020116E06F8F012116A8FFF793FCBFF34F8FBFF34C
S315020116F06F8F6A6804F52F7346F823200134642C30
S315020117007FF472AF0021652441F6FE75794B754A65
S315020117101960794B059F1960784B79481960794BA5
S3150201172019606E4B19606E4B196011606E4A764BE9
S315020117301160D8F80020AA4208D8D8F80020561C11
S31502011740C8F80060D8F800608454815513F9014F36
S31502011750002CEED16D48FFF7A7FAFFF797FB20257C
S3150201176041F6FE706A4B6649D8F80020824208D8D3
S31502011770D8F80020561CC8F80060D8F800608D54CD
S315020117808C5513F9015F002DEED16248FFF78CFAF1
S31502011790FFF77CFB202441F6FE705F4B5849D8F8CF
S315020117A00020824208D8D8F80020561CC8F80060EA
S315020117B0D8F800608C548D5513F9014F002CEED1E7
S315020117C05648FFF771FAFFF761FB202541F6FE70D5
S315020117D0534B4B49D8F80020824208D8D8F800204A
S315020117E0561CC8F80060D8F800608D548C5513F960
S315020117F0015F002DEED14B48FFF756FAFFF746FB84
S3150201180041F6FE73D8F800209A420AD80A20D8F87F
S3150201181000203B4B511CC8F80010D8F80010985410
S315020118205D54652441F6FE723F4BD8F800003449F7
S31502011830904209D80026D8F80000451CC8F8005085
S31502011840D8F800500C544E5513F9014F002CECD127
S31502011850364E3748FFF728FAFFF718FB202533469D
S3150201186041F6FE70B4462649D8F80020824208D8CD
S31502011870D8F80020561CC8F80060D8F800608D54CC
S315020118808C5513F9015F002DEED166462948FFF703
S315020118900BFAFFF7FBFA202441F6FE70B446264BFB
S315020118A01749D8F80020824208D8D8F80020561CD9
S315020118B0C8F80060D8F800608C548D5513F9014FB1
S315020118C0002CEED11D486646FFF7EEF9FFF7DEFA68
S315020118D0202541F6FE710A4A32E000BF6C11002250
S315020118E0601100226811002260CC0422E81C00204B
S315020118F0013000D85C100022541000224C10002244
S3150201190068CC0422601000222838010270110022DC
S3150201191038380102001300224038010290140022D5
S3150201192048380102201600225038010260380102AD
S31502011930B01700224019002268380102D01A00228B
S31502011940D8F800308B4208D8D8F80030581CC8F8AD
S315020119500000D8F80000D554145416F9015F002D81
S31502011960EED16948FFF7A0F9FFF790FA41F6FE7347
S31502011970D8F800209A420AD80A20D8F80020634BE8
S31502011980511CC8F80010D8F8001098545D54604AEA
S31502011990002F604B41F6FE7108BF13466522D8F847
S315020119A000405A488C4209D80026D8F80040651CE6
S315020119B0C8F80050D8F800500255465513F9012FC0
S315020119C0002AECD11FB0BDE8F08FBFF34F8FBFF3F2
S315020119D06F8FC5F804A0BFF34F8FBFF36F8F01223C
S315020119E0494616A8FFF7E8F9BFF34F8FBFF36F8F8A
S315020119F06A6804F5FA7346F82320BFF34F8FBFF3E3
S31502011A006F8FC5F804A0BFF34F8FBFF36F8F00220C
S31502011A10494616A8FFF7D0F9BFF34F8FBFF36F8F71
S31502011A206A6804F5C87346F82320BFF34F8FBFF3E4
S31502011A306F8FC5F804A0BFF34F8FBFF36F8F0121DC
S31502011A4016A8FFF7E5FABFF34F8FBFF36F8F6A68E8
S31502011A5004F52F7346F82320BFF34F8FBFF36F8F21
S31502011A60C5F804A0BFF34F8FBFF36F8F002116A8ED
S31502011A70FFF7CEFABFF34F8FBFF36F8F6A6804F594
S31502011A80167346F8232039E6234C244D244925486A
S31502011A9001F0EAF90FCD0FC495E80F00DFF894A023
S31502011AA0DFF894B084E80F004FF48C6249461E4871
S31502011AB001F0DAF9BBE80F00AAE80F009BE80F0074
S31502011AC0DFF878E00DF118088AE80F00B8E80F0090
S31502011AD0AEE80F0098E80F00144F0DF1380C8EE8AE
S31502011AE00F00BCE80F000FC79CE80F00104D16AEA1
S31502011AF087E80F000FCE0FC596E80F00012485E88F
S31502011B000F00FFF7CDBB00BF601C002268CC042288
S31502011B10C0370102E0370102600B0020C81C002019
S31502011B2008180020800B002000070020A0060020D4
S31502011B3080060020E006002088130020C00600204F
S31502011B402DE9F04F8548864A99B0904207D2013A6B
S31502011B50121A22F007028349083201F085F9BFF30E
S31502011B604F8FBFF36F8F3D2341F6FE7500277E4AE5
S31502011B707E4C12787E487F4A2168A94205D821689F
S31502011B804E1C266026684354875512F9013F002BE5
S31502011B90F2D13D2541F6FE76774A75482168B14272
S31502011BA005D821684F1C276027684554C35512F989
S31502011BB0015F002DF2D16E464FF0700B4FF06A0AAB
S31502011BC0DFF810826D4FB8E80F000FC698E80F00D4
S31502011BD086E80F0069466A4A08A88DF800B08DF8B2
S31502011BE01FA001F0C5F9674A08A96748FFF79EFADF
S31502011BF0EC4681460FCFACE80F004FF058038DF843
S31502011C00003097E80F0086E80F004FF06B02694635
S31502011C108DF81F2008A85A4A01F0AAF95B4A08A9B9
S31502011C205B48FFF783FAEC46A8F1100E8144BEE841
S31502011C300F00ACE80F0098E80F0086E80F0069462E
S31502011C40524A08A88DF800B08DF81FA001F090F94C
S31502011C50504A08A95048FFF769FAEC46A7F1100E57
S31502011C6000EB0908BEE80F00ACE80F004FF058037D
S31502011C708DF8003097E80F0086E80F004FF06B02EF
S31502011C8069468DF81F2008A83E4A01F071F908A994
S31502011C90404A4248FFF74AFA3D2641F6FE77404B53
S31502011CA0334980442268BA4205D82268501C206012
S31502011CB020688E540D5413F9016F002EF2D132466B
S31502011CC0384910A8F7F7B0FE374A10A93748FFF787
S31502011CD02DFA03223649804410A8F7F7A5FE354AA4
S31502011CE010A93548FFF722FA344A404410601268B7
S31502011CF0DFF8E4C0002A324B4FF00A0541F6FE77BF
S31502011D0018BF63461A492268BA4205D82268501C8E
S31502011D10206020688D540E5413F9015F002DF2D113
S31502011D2028482949FEF7B2FF41F6FE764823274A9B
S31502011D300F482168B14205D821684F1C27602768E0
S31502011D404354C55512F9013F002BF2D1BFF34F8F10
S31502011D5001221F4B1A6019B0BDE8F08F0000000086
S31502011D6060690000400000020000000068EC0422E5
S31502011D7068CC0422B4380102EC3801029839010216
S31502011D80B83A0102183B010210390102F83A01027E
S31502011D901C390102D83A01022839010234390102F9
S31502011DA040390102B0380102983A01026C39010246
S31502011DB078390102783A01027C3901026CEC04227B
S31502011DC08038010251120102807F00208839010206
S31502011DD070EC0422BC3901027438010230B50025C7
S31502011DE00F4A011D02F500744FF0190E00234EF041
S31502011DF001E0081F50F823C042F833C051F823C04E
S31502011E0044F833C002330FF00BC80135042D02F139
S31502011E10040201F1C80104F10404E5D130BD00BF99
S31502011E20C07F002030B500250F4A011D02F500745E
S31502011E304FF0190E00234EF001E0081F52F823C09D
S31502011E4040F813C054F823C041F813C004330FF00D
S31502011E500BC80135042D02F1040204F1040401F157
S31502011E60C801E5D130BD00BFC07F002008B50D48CD
S31502011E70FEF742FE0C48FEF73FFE0C48FEF73CFE1B
S31502011E800B48FEF739FE0B48FEF736FE0A48FEF707
S31502011E9033FE0A48FEF730FEBDE808400848FEF761
S31502011EA02BBE00BFD1BE000251C50002E1CB00022A
S31502011EB071D2000201D9000291DF000221E600027D
S31502011EC0B1EC00022DE9F04F83B00190FFF786FFD6
S31502011ED02F4A136804331360FEF750FEE0B92D4C06
S31502011EE02D4DA0462D4E05F1600955F8042F56F8E1
S31502011EF0043F4046C4E96422C4E96622C4E9683360
S31502011F00C4E96A33FDF77CFAA945EED1019803B01B
S31502011F10BDE8F04FFFF786BF214B1E4CDFF878B0C4
S31502011F20054620481C601D4FFDF704FADFF878A02C
S31502011F30DFF87890DFF878800BF1600603E0FFF7AF
S31502011F4095FFB3451BD05BF8042F57F8043F012DCB
S31502011F50C4E96422C4E96622C4E96833C4E96A337E
S31502011F60EDD15046FEF7C8FD4846FEF7C5FD40468F
S31502011F70FEF7C2FD0F48FEF7BFFDB345E3D109489F
S31502011F80FDF7E1F9019803B0BDE8F04FFFF74ABF4B
S31502011F9054110022C07F0020943B0102343B01020E
S31502011FA074EC0422807F0020D19F000291A70002D7
S31502011FB051AF000211B700022DE9F04F14468A46CD
S31502011FC01F460646636887B00393A3684FF44872B7
S31502011FD00493E36800210593236802AD029300F09E
S31502011FE03BFF574528BF06F5487825D3A94634460F
S31502011FF0AB462046534600225BF8041BC83400F068
S3150201200093FF4445F5D13046FFF75CFF06ABA3EBE0
S31502012010050EAEF1040E4FEA9E0E0EF1010E4EF0C2
S3150201202001E0D9F80030534449F8043B0FF007C8E0
S31502012030A7EB0A07BA45D9D94FF01F0880240DF13B
S3150201204018090AF1FF3A8DF806808DF80740AFB9F3
S31502012050304601233A460DF1060100F065FF0435CB
S315020120603046012352460DF1070100F05DFF4D4551
S3150201207006F1C806E7D107B0BDE8F08F3B4600225C
S315020120803046296800F050FFE2E700BF70B50E4600
S3150201209015461C4684B0089BA82103936A46099BF0
S315020120A0CDE900650294FFF787FF04B070BD00BF5A
S315020120B02DE9F04385B00C9CCDE90001CDE902235F
S315020120C0DDF83490C4B104F1FF3809F54877484682
S315020120D0FFF7F8FE6E464D46346828462146A82388
S315020120E00022C83500F040FFA834BD4246F8044B31
S315020120F0F2D1B8F10108EAD205B0BDE8F08300BF1A
S315020121002DE9F0410227002688B000F11C01A1EB5E
S31502012110000EAEF1040E4FEA9E0E0EF1010E0546B9
S315020121204EF001E0C4690368E21702F013029B183C
S3150201213024F0004446EB0602C461036055F8043FED
S315020121409B1846F100022B600FF009C0012F01D046
S315020121500127DCE70225041FA1EB040EAEF1040EF2
S315020121604FEA9E0E0EF1010EADF10400A446804621
S315020121702746132300264EF001E057F8042FD21802
S3150201218046F1000348F8042FDE170FF00BC0A1EB4E
S31502012190040EAEF1040E4FEA9E0E0EF1010E4EF042
S315020121A001E0079E26F000430793F6175CF8042F19
S315020121B050F8043F534033405340CCF800300FF0FF
S315020121C00BC8012D01D00125C6E708B0BDE8F08193
S315020121D010B588B0EE468C460446BCE80F00AEE860
S315020121E00F009CE80F008EE80F006846FFF788FF94
S315020121F04FF0080E20464EF001E0ADF1040252F80E
S31502012200043F04304FEA132C1C0C190E00F803CCC0
S3150201221000F8024C00F8011C00F8043C0FF011C84A
S3150201222008B010BD4FF0000C624630B501384FEAD6
S31502012230DC0EBEF11F0F11F80E300CF007040EF181
S31502012240010510D04D5D0CF1030C43EA0523E34071
S3150201225003F007031344DA1C22F007041B1BD208FE
S3150201226000F8013FE3E7E34003F007031344DA1CF6
S3150201227022F007040CF1030C1B1BBCF5817F00F84D
S31502012280013F4FEAD202D2D130BD00BF2DE9F04F54
S3150201229084464FF000088246284B83B001EB410188
S315020122A0019203EBC11900204FF0040E494606467E
S315020122B00546044602464EF001E0019B013080EAE2
S315020122C0030BCBF1000343EA0B030F68DB0F013B60
S315020122D003EA070B4F6842EA0B0203EA070B8F6810
S315020122E044EA0B0403EA070B45EA0B05D1F80CB0E5
S315020122F0603103EA0B031E430FF021C808F10408FB
S31502012300B8F1180FCCE90024CCE9025609F11009FB
S315020123100CF1100CC7D1019ADAF80010534213439B
S31502012320DB43DAF82020DB0F19431A43CAF80010FF
S31502012330CAF8202003B0BDE8F08F00BF383C010285
S3150201234010B588B0EE468C460446BCE80F00AEE8EE
S315020123500F009CE80F008EE80F006846FFF7D0FEDB
S31502012360EC46BCE80F0020606160A260E360BCE855
S315020123700F0020616161A261E36108B010BD00BF77
S3150201238030B50D46A1B00446684600F0B1FD694676
S3150201239008A800F0ADFD08A9084600F0A9FD08AAA3
S315020123A02946104600F0CCFD08AA6946684600F0A7
S315020123B0C7FD694610A800F09BFD08A9084610AAA8
S315020123C000F0BEFD08A910A8052200F0E1FD08AA49
S315020123D0104610A900F0B4FD08A910A80A2200F0BF
S315020123E0D7FD10A9084608AA00F0AAFD10A918A847
S315020123F0142200F0CDFD10AA104618A900F0A0FD86
S3150201240010A908460A2200F0C3FD08AA104610A91F
S3150201241000F096FD08A910A8322200F0B9FD10A914
S31502012420084608AA00F08CFD10A918A8642200F03B
S31502012430AFFD10AA104618A900F082FD10A90846A0
S31502012440322200F0A5FD08AA104610A900F078FD77
S3150201245008A90846052200F09BFD6A46204608A9FE
S3150201246000F06EFD21B030BD2DE9F04F0D46F5B0FD
S31502012470AA68EB680190086849681AAC0FC4EB694F
S3150201248028696969AA695C4E0FC49DF86830376884
S3150201249023F007038DF868309DF8873003F07F0338
S315020124A043F040038DF887300FB1544B5F680DF14D
S315020124B0880948461AA9FFF7B5FE336833B1504A6F
S315020124C04E4B5B6811680B44DB1B13604D480021C0
S315020124D0044608234FAA01E054F8041F013B42F8BF
S315020124E0041FF9D1484C01212546082357AA01E0C8
S315020124F055F8041F013B42F8041FF9D101210823B3
S315020125005FAA01E054F8041F013B42F8041FF9D106
S315020125100021082367AA01E050F8041F013B42F893
S31502012520041FF9D1002438AF0DF5807A8AEA070330
S31502012530DFF8C880009319F90420D6F800B0D51740
S315020125406A4021463846521BBBF1000F01D0D8F82A
S3150201255004B0FFF79BFE009B316805EA03027395FF
S3150201256048AB82EA0A057A4050A872937095719235
S3150201257039B1264BD8F8042019680A44A2EB0B029A
S315020125801A6032680AB1D8F804B000F0DDFC32688C
S3150201259001343AB11E48D8F8042001680A44A2EB74
S315020125A00B030360562CC6D134680CB1134B5C681D
S315020125B058AA60A902A800F093FC58AA60A90AA821
S315020125C000F076FC0AA912A8FFF7DAFE02A908466C
S315020125D012AA00F0B5FC019802A9FFF7F9FD3368CA
S315020125E033B10C4A054B5B6811680B441B1B136024
S315020125F075B0BDE8F08F00BF90EC0422001000E038
S3150201260084EC0422183C0102F83B01028CEC042200
S3150201261088EC042280EC042208B5FEF7C7FA0020F2
S3150201262008BD00BF2DE9F84F0388DBB14FF0000A60
S3150201263080464FF00109DFF8D4B00024314D4FEA4C
S31502012640CA07D8F8043035F8022BD919898891427C
S315020126500AD00134032CF4D1B8F800300AF1010A88
S315020126605345EAD8BDE8F88FDB5909FA04F603F0B7
S31502012670B853B3F1807F244BF6B293F84C2C12D0A7
S31502012680324230D104F120021BF81230DB09E0D0CC
S315020126901BF81230012123F08003C8200BF81230F7
S315020126A000F0E4F9D5E7324210D004F120021BF81A
S315020126B01230DB09CDD11BF81230012143F0800320
S315020126C0C8200BF8123000F0D1F9C2E7012000F060
S315020126D06FFA0D4B012093F84C2C324383F84C2CA4
S315020126E000F036FAE1E7012000F062FA064B01201A
S315020126F093F84C2C22EA060283F84C2C00F028FAB5
S31502012700C0E700BF44BF010200E0014000202040B3
S31502012710F8B50646FFF786FFEFF31082012383F32E
S315020127201088234F3B681BB9402022490B75087557
S315020127303B6801333B6082F31088338800211BB367
S315020127401D4D08E01B01134445F82340328801312F
S315020127508BB29A4218D9736853F8314003EBC1021E
S315020127609288E0034FEA1223D2B2EBD502EB0310B1
S3150201277055F820E024F4803C2EF4803E45F820E012
S315020127801B0145F820C0DEE7EFF31082012383F334
S3150201279010883B6813B13B68013B3B603B681BB940
S315020127A0802004490B75087582F31088F8BD00BFB5
S315020127B0E0EC0422000D40400008404008B5034BFE
S315020127C003600846FFF7A4FF002008BD54524F508C
S315020127D01E4A92F8263092F82420DBB202F00F024A
S315020127E0A2F1080103292BD8DFE801F020160C0219
S315020127F01749184A51F82330A2FB03231B09164A2B
S31502012800136070471249134A51F82330A2FB03237E
S31502012810114ADB08136070470D490E4A51F82330FD
S31502012820A2FB03230C4A9B08136070470849094A15
S3150201283051F82330A2FB0323074A5B081360704752
S31502012840034951F82330D340D9E700BF00E00140E4
S3150201285000100022ABAAAAAAF0EC0422704700BF1C
S31502012860F8B54AF2035001234B494C4AA1F8FA033F
S31502012870938093889BB2002BFBD101244FF4004035
S315020128809FED416B9FED427B454B4649C3E90711DB
S315020128905961148083ED007F1861FFF799FF0922C0
S315020128A006213D4B83F8501A83F8A22093F8002C97
S315020128B01AB993F8013C980760D0374C94F8003C5A
S315020128C0002B50D00022344B83F8012C83F8002CC4
S315020128D00023314A82F8323092F83C301907FBD58F
S315020128E045F6017040F2111100232B4C1085A2F816
S315020128F04C1082F82A3094F83C309B06FBD5042210
S3150201290001250526254B284F1A77276284F824507C
S3150201291084F82660FFF75CFF2946962000F0A6F8A8
S31502012920002384F824302762FFF752FF29469620B6
S3150201293000F09CF884F82660FFF74AFF4AF201523A
S315020129401A4B1A80BFF35F8F1D72BFF35F8F4FF46D
S3150201295025421A8084F8305084F8525084F8535034
S31502012960A4F8FA23F8BD0121C82084F8001C00F05E
S315020129707DF894F8003C012BFBD1A3E74FF47A7062
S31502012980FFF76CFFA4E700BF006CDC0200127A00BD
S3150201299000800000002D310100E0014000C101402C
S315020129A00010002200389C1C322312310020004004
S315020129B038B50025284C0121C82084F8285000F09A
S315020129C055F884F8245094F82430002BFBD194F85E
S315020129D02430214943F0020384F8243091F824304B
S315020129E0C3F340009B07F9D41B4A81F8220092F8EF
S315020129F0223003F0FF00002BF9D192F8403016493C
S31502012A0060F3C71382F8403091F84030DB09FBD1FD
S31502012A1091F84200104A63F3C71081F8420092F816
S31502012A204230DB09FBD192F844000B4963F3C7102C
S31502012A3082F8440091F84430C3F3C014DB09F9D19A
S31502012A40012000F0B5F8054B012083F84C4CBDE896
S31502012A50384000F07DB800BF0020204000E0014070
S31502012A60A0F101000028FBD1704700BF1E4B1F4A8F
S31502012A701B6800FB01F1934213D302F1854202F571
S31502012A80071203F5742302F6834203F23F23A2FBE4
S31502012A9003239B0CA3FB01314FF0FF30E1B1FFF79A
S31502012AA0DFBF4FF47A7210B4114C4FF0FF30B4FB12
S31502012AB0F3F3A1FB02C434B9BCFBF3F080B15DF8B8
S31502012AC0044BFFF7CDBFB1FBF3F1A1FB0212002AC2
S31502012AD0F5D1084620B1F2E71846002BDFD170473F
S31502012AE05DF8044B704700BFF0EC042200127A0035
S31502012AF000CA9A3B70B500240D4B0E4EB3F8002165
S31502012B00B3F82051ADB2154025FA04F3DB0704D51B
S31502012B1056F82430E0B203B198470134102CF3D1B0
S31502012B20034AA2F81051B2F820311D42FBD170BD01
S31502012B3000C00040A0EC0422034B1A8812B1034BD9
S31502012B40C3F80023704700BFCCC0010200C0004099
S31502012B50EFF31081012383F31088124B33F810200F
S31502012B6092B22AB133F81020013A92B223F8102018
S31502012B7033F810309BB293B910B40B4A0B4CB2F82E
S31502012B80FA3334F810009BB243F4254323EA0003D7
S31502012B90A2F8FA3381F310885DF8044B704781F38A
S31502012BA010887047E4EC042200E00140D0C0010223
S31502012BB030B4EFF31081012383F310880E4A32F801
S31502012BC010309BB26BB90D4C0D4DB4F8FA3335F892
S31502012BD010C09BB243EA0C0343F425439BB2A4F80B
S31502012BE0FA3332F8103001339BB222F8103081F3F6
S31502012BF0108830BC704700BFE4EC042200E00140BB
S31502012C00D0C0010200BE704708B500F035F8FFF7E3
S31502012C1003FDFEE7F8B5174F05463E68A6B17C6887
S31502012C2006EB460604EB860602E00C34B4420BD0F0
S31502012C30637AAB42F9D1D4E900020021121A0C34AB
S31502012C4000F00AF9B442F3D1BE6896B1FC6804EB0E
S31502012C50061602E01034A6420BD0637BAB42F9D1D1
S31502012C60D4E90002A168121A103400F0FDF8A64256
S31502012C70F3D1F8BD4CBF0102F8B5644A644B5A61FF
S31502012C80BFF34F8FBFF36F8F1B6803F47002B2F568
S31502012C90801F00F0928013F4600F7AD05D4A1368A8
S31502012CA043F004031360BFF34F8FBFF36F8F4FF4EB
S31502012CB07002594B564C0020C4F88820A360FDF7D8
S31502012CC0D9FF0025FFF7CCFD4AF202514FF4254206
S31502012CD0524B0120A3F8FA1383F8B05AA3F8FA2348
S31502012CE0FDF7C8FF4E4B83F30A884A4B1A689207CF
S31502012CF003D5A268B2F1007F63D00020FFF78AFFF5
S31502012D00FFF766FDFFF754FE0320FFF751FF00238D
S31502012D104FF00C0E1C464EF001E0424903F10C0243
S31502012D2021F8224001330FF007C80320FFF710FFF5
S31502012D300320FFF73DFF3C4B03205C609C60DC6097
S31502012D401C61FFF705FF0120FFF764FFBFF34F8FF9
S31502012D50BFF36F8F2E4BC3F85042BFF34F8FBFF3B2
S31502012D606F8F324B324D5B1B002B4FEAA30606DDFA
S31502012D70002455F8043B01349847A642F9DC0220A7
S31502012D80FDF778FFFFF7D8FEBDE8F840002000F016
S31502012D9051B8204A136843F004031360BFF34F8FFF
S31502012DA0BFF36F8F4FF0E022936843F48033936051
S31502012DB0BFF34F8FBFF36F8F79E719077FF46EAFBA
S31502012DC069E701211A695869C2F3C302093201FA94
S31502012DD002F300260027DB0843F007C0AFF30080A9
S31502012DE0E5E802670FF005C0C0F3C303093301FA30
S31502012DF003F34FF00052DB0843F007C0AFF3008044
S31502012E00E2E802670FF005C077E700BF01020E0094
S31502012E1000ED00E000E001E00000000200E00140F8
S31502012E20000C0022000D40400040204048C1010232
S31502012E3044C10102704700BF0139024410B59042F4
S31502012E4001D1002005E0037811F8014FA34201D018
S31502012E50181B10BD0130F2E702440346934200D12A
S31502012E60704703F8011BF9E70A44431E914200D158
S31502012E70704710B511F8014B914203F8014FF9D190
S31502012E8010BD0000000000005FF800F0C9680000F4
S31502012E905FF800F0851300005FF800F04D2700008F
S31502012EA05FF800F0CD0900005FF800F0D5280000B8
S31502012EB05FF800F0776400005FF800F01555000036
S31502012EC05FF800F01D1C00005FF800F089090000A0
S31502012ED05FF800F0412600005FF800F0B1680000DB
S31502012EE05FF800F0596400005FF800F0F127000076
S31502012EF05FF800F03F5100005FF800F0450900005D
S31502012F005FF800F0552200005FF800F01924000076
S31502012F105FF800F0311E00005FF800F00133000097
S31502012F205FF800F0211A00005FF800F0012C0000A2
S31502012F305FF800F0B12600005FF800F0E5580000E6
S31502012F405FF800F0A14A00005FF800F09564000006
S31502012F505FF800F0750A00005FF800F0050B00004B
S31502012F605FF800F0190A00005FF800F0012F000077
S31502012F705FF800F0070500005FF800F0A15C0000B1
S31502012F805FF800F0AD2000005FF800F031090000A3
S31502012F905FF800F0EF650000B8AF1300B8AF130099
S31502012FA04B3A0A7BB8AF1300A97413034B3A0A7B57
S31502012FB09C1B9939B8AF130078F0C9BEA9741303E3
S31502012FC0A6928DCF4B3A0A7BEFE91E6E9C1B99396D
S31502012FD0318DD434B8AF13004B3A0A7BB8AF130024
S31502012FE0A97413034B3A0A7B9C1B9939A0E82F91CA
S31502012FF033704D11E6587CAFE28719B4DBE36D6B92
S315020130004B3BFD23309A2BC99943919F1D8FBB7967
S31502013010D078DDC0C40F33680D6205BAE751D71007
S31502013020F1CBA4A18DDDBF4155B3E4628BF76D6A85
S315020130303B05BC73A4AD2EA12BD160159B214B2F51
S31502013040B8AE20573740BD6378F0C9BE1D8FBB7934
S315020130505A713ED4D078DDC065E09A22C40F336836
S315020130609576FA479C19B3E7AE2CBB7E4F00FC332B
S3150201307028FB3ECD4E0C601F373ED71129EC01E7E6
S315020130807CB8A1C902F2B5C2000A7E99327BBE534F
S31502013090098FBC6C5C5976FD50F67D9A6D7CAE2328
S315020130A00A890A77B0111AAD6F69A5997BC3120C09
S315020130B03279D801318BEEE2C7EFD2498FBF45751E
S315020130C0A974130378F0C9BEEFE91E6E1D8FBB7991
S315020130D0705C4E055A713ED406B6C12901F95A6190
S315020130E0382EA78216E83636AD381F6A5E439478C3
S315020130F003DBE09494862AD772382243705C4E052C
S315020131003FD15F22B6C7DBD622494947476D7323B2
S31502013110FF12098AC6F76A9179E18CD8D72055AD93
S31502013120D53A03D674214D1524318170103A0D54C6
S3150201313091AD2F9462121122A6928DCF02F2B5C2DF
S31502013140BB8628F1000A7E99E28FB1FB327BBE5320
S31502013150C13FC31517E09EEEA4B6B9917603D348D3
S31502013160808904C56C8AF860E37BB5C8CDA0D526F3
S31502013170705B5B5C2CD06D6C8DE27E8EB3EB079936
S31502013180BC76F861588DD24EB015E6506F63F3A343
S31502013190A785363BFB4665DB16E284402617D347F5
S315020131A07053C314E19DFB387609853E07AB50E7A0
S315020131B04B3A0A7BA97413039C1B993978F0C9BE51
S315020131C0A6928DCFEFE91E6E318DD43447713FC77A
S315020131D0F1C7D8FDF3B2E921993DDFA9DAF5834CAE
S315020131E0E19FE18AF8699EF401FB40B35A713ED42C
S315020131F065E09A229576FA47C1372BCE1AB6C036C2
S31502013200F8731C8E9C1E72348CE8308469B1FD1DE4
S31502013210D355A4A755B8A3AFD168AD312CCD9471BE
S31502013220976018C3C40E40BFEFE91E6E705C4E056F
S3150201323006B6C1293FD15F22CBB1F85EB6C7DBD64E
S315020132405F345792FA587BBCAC4669A7EFE64573E1
S31502013250D80A73283A15EC02B8B1F951FA50E37457
S31502013260A3C403CFBB8628F1E28FB1FBC13FC315CD
S31502013270383366CF9E00F8679C18C03E52D803CEFB
S31502013280975F251A835E336478EFD61568C406A85C
S31502013290AA6A95691AB00E416AAA587F0A844B2A0C
S315020132A09C1B9939A6928DCF318DD43402F2B5C2C7
S315020132B02CD06D6CBB8628F1270D55AE55BA890106
S315020132C053C9C6E7261D853DF8740F37CE8DCC9CB2
S315020132D099466A9A2528F67FC5079B2006B6C12913
S315020132E0CBB1F85E5F3457922DC03DDDEC06A69157
S315020132F0D814F1C19941AB4D2438260FD80B66D1AA
S315020133007BC5F85DB5D9F1B72BDBDEAE2804CABDA4
S31502013310993ED2521BA690A7318DD4342CD06D6C16
S31502013320270D55AE8DE27E8EE565D343B3EB079944
S31502013330F0D33CE9F4A86B880D5B601BF965D250AA
S31502013340FC390E47C7EEDFA04E0F391AFA4EFD229F
S315020133502064EA18270D55AEE565D343F0D33CE95F
S31502013360F3B1F678DDCD8BE6732AD805F4A1C6E969
S315020133705A7324263DE741A70006B2F588214C225D
S31502013380EEEFD063233DE55B1E7DA5986C8DD15B87
S315020133900000000000000000B6C5F58465E466C6BB
S315020133A0588BECFCD0722BCB5B6D72301216E1910D
S315020133B0890F3641DAF2AA51D52F92934679D70E61
S315020133C0FF0D4A3DFB493ED691A3B1FAA78EC12B09
S315020133D0E4704486112CC3160D5E39162432741913
S315020133E02EAB4E01122152D4AE2AD52CD440B5CBE6
S315020133F01C9A2CBC8ED527FA0E4E0987CD9FE27DEB
S31502013400FB4299373277F2AF140897544E14F86695
S31502013410929C0C5CA9722DB174205A6C242DB5CCE8
S315020134209D0D4FFCEEEDEA11741D817151EA19AF42
S315020134304589079EA0E9223AA1DCCBA50B79DAE7F9
S315020134401E7F8BEA40C03CEAAF27FC3163FF079837
S3150201345016EDF582D53BF67E215979D6B3F49289DA
S315020134601F704E0465E73FC1C9CC993040C4088E2E
S315020134700B723549B5D159700E56A1CECF8441ACE6
S31502013480948351DCA5A68902BB85354887317CB177
S31502013490F2BC67BBD71AA3B701F68166B109826589
S315020134A0F870439325205E384D19B7B301F49B1486
S315020134B03CFA4A31A2CBA86D68BE54B215F9596ECF
S315020134C0D43ECF795C54B7B05F2EA59CE92E9EF708
S315020134D0364E07A129EB0E3ED43FC222AA65D61C5F
S315020134E02F9D04C4588FB8A0881D807E4B3824298D
S315020134F03B08956EBA928CDC92A2BE518BF5871867
S31502013500AB5D3ED55799363AC22EA0DD02EDF67570
S31502013510DFB6B6B8CBBC69A1EC10242BB9A4A2BD07
S315020135206D807AC76C8905B865E18DCBE7493FC9DC
S31502013530E0A4A0D7588AF953B99DFD1E0F3DE64E68
S315020135409C1F65DD098CE37140C8D431E28BE557D6
S3150201355054BE55A519BD65D5C32422443DF0CC9769
S31502013560742240BE1AAE28EFB2F76B8451E8335D7E
S31502013570984C1C90364C214F3187223F10345B5EAA
S31502013580F49DFA45AC4942A2BA8FB3E10B750E44DA
S31502013590327DA4A5000000002EAB4E01122152D4A9
S315020135A0AE2AD52CD440B5CBCD9FE27DFB429937CD
S315020135B03277F2AF1408975474205A6C242DB5CC85
S315020135C09D0D4FFCEEEDEA11A0E9223AA1DCCBA555
S315020135D00B79DAE71E7F8BEA16EDF582D53BF67E8D
S315020135E0215979D6B3F4928940C4088E0B723549B2
S315020135F0B5D159700E56A1CEBB85354887317CB1FE
S31502013600F2BC67BBD71AA3B725205E384D19B7B3EB
S3150201361001F49B143CFA4A31D43ECF795C54B7B0DB
S315020136205F2EA59CE92E9EF7AA65D61C2F9D04C482
S31502013630588FB8A0881D807E92A2BE518BF587183D
S31502013640AB5D3ED55799363ACBBC69A1EC10242B1A
S31502013650B9A4A2BD6D807AC7E0A4A0D7588AF9534E
S31502013660B99DFD1E0F3DE64EE28BE55754BE55A5AB
S3150201367019BD65D5C3242244B2F76B8451E8335D83
S31502013680984C1C90364C214FAC4942A2BA8FB3E1F9
S315020136900B750E44327DA4A5100000002000000027
S315020136A0400000008000000001000000020000004E
S315020136B004000000080000000000000001000000F4
S315020136C002000000030000000000000008000000E4
S315020136D010000000180000000200000006000000B1
S315020136E00A0000000E0000000000000004000000B5
S315020136F0080000000C0000000400000009000000A0
S315020137000E00000013000000030000000800000084
S315020137100D00000012000000020000000700000078
S315020137200C0000001100000001000000060000006C
S315020137300B00000010000000000000000500000060
S315020137400A0000000F000000020000000500000050
S31502013750080000000B000000010000000400000048
S31502013760070000000A00000000000000030000003C
S315020137700600000009000000010000000000000030
S315020137800000000000000000000000000000000030
S315020137900000000000000000000000000000000020
S315020137A05C2E2F2F5E5C00003A204F4B0A00000070
S315020137B03A204641494C0A2020676F7420200000B6
S315020137C0657870444820434F52524543544E4553FF
S315020137D053204741544520504153530A00000000EB
S315020137E0657870444820434F52524543544E4553DF
S315020137F0532047415445204641494C0A00000000E6
S31502013800657870444820636F72726563746E65737E
S31502013810732066756C6C2D6D6D3D0000206C6F77A3
S315020138202D6D6D3D00000000657870444820656E7F
S315020138306361707320413D002063737761703D00BF
S315020138402062617463683D0020626F74683D000006
S315020138506578704448207761726D20413D00000011
S31502013860206D76653D00000020636F6C6420413D4A
S31502013870000000000A4B4154204641494C0A0A0005
S315020138800A4B415420414C4C2050415353202D2D7B
S315020138902073747265616D7320412B4220766572C5
S315020138A06966696564206F6E20626F6172640A0AD5
S315020138B0000000003D3D3D20454B2D5241384D3122
S315020138C0206861726E6573733A204B4154202B2036
S315020138D04457542F504D5520284954434D2F445493
S315020138E0434D29203D3D3D0A0A0000003D3D204B46
S315020138F041543A205832353531392028524643202F
S31502013900373734382073362E3129203D3D0A0000DF
S31502013910616C6963655F706B00000000626F625FD4
S31502013920706B2020000000004B28612C42292020C8
S31502013930000000004B28622C4129202000000000D3
S315020139403D3D204B41543A20534841332D323536C1
S31502013950207669612061736D204B656363616B2D0E
S315020139606631363030203D3D0A000000736861330E
S3150201397028222229202020006162630073686133B4
S3150201398028226162632229004841524E455353203F
S31502013990444F4E450A0000005DAB087E624A8A4BDF
S315020139A079E17F8B83800EE66F3BB1292618B6FD3E
S315020139B01C2F8B27FF88E0EB0000000077076D0ABA
S315020139C07318A57D3C16C17251B26645DF4C2F872D
S315020139D0EBC0992AB177FBA51DB92C2A000000007C
S315020139E0303132333435363738396162636465666C
S315020139F000000000000000000000000000000000BE
S31502013A0000000000000000000000000000000000AD
S31502013A10000000000000000001000000000000009C
S31502013A20000000000000000000000000000000008D
S31502013A300000000000000000ECFFFFFFFFFFFFFF98
S31502013A40FFFFFFFFFFFFFFFFFFFFFFFFFFFFFFFF7D
S31502013A50FFFFFFFFFFFFFF7FA546E36BF0527C9D51
S31502013A603B16154B82465EDD62144C0AC1FC5A189E
S31502013A70506A2244BA449AC43A985DA74FE225B2E3
S31502013A80045C172D6BD390BD855F086E3E9D525B1C
S31502013A9046BFE24511431532A7FFC6F8BF1ED766D8
S31502013AA051C14756A061D662F580FF4DE43B49FA02
S31502013AB082D80A4B80F8434A090000000000000040
S31502013AC000000000000000000000000000000000ED
S31502013AD000000000000000004A5D9D5BA4CE2DE1BE
S31502013AE0728E3BF480350F25E07E21C947D19E3384
S31502013AF076F09B3C1E161742DE9EDB7D7B7DC1B4B2
S31502013B00D35B61C2ECE435373F8343C85B78674DCB
S31502013B10ADFC7E146F882B4F8520F0098930A7549E
S31502013B20748B7DDCB43EF75A0DBF3A0D26381AF472
S31502013B30EBA4A98EAA9B4E6A000000008900000030
S31502013B408B000080808000808B00000000800000D6
S31502013B5088800080820000800B0000000A000000BD
S31502013B6082800000038000008B8000000B00008031
S31502013B708A000080810000808100008008000080A8
S31502013B808300000003800080888000808800008016
S31502013B900080000082800080010000000000000019
S31502013BA0000000000000000001000000010000000A
S31502013BB001000000010000000000000000000000FA
S31502013BC001000000000000000100000001000000E9
S31502013BD001000000010000000000000000000000DA
S31502013BE000000000000000000100000000000000CB
S31502013BF001000000000000000100000000000000BA
S31502013C0000000000000000000000000000000000AB
S31502013C10000000000000000000000000000000009B
S31502013C20000000000000000000000000000000008B
S31502013C3000000000000000003E9140D70539109DAA
S31502013C40B3BE40D1059F39FD098A8F683484C1A567
S31502013C506712F898922FFD44853B8CF5C693BC2FCB
S31502013C60190E8CFBC62D93CFC2423D6498480B2791
S31502013C7065BAD4333A9DCF0768AA7A870512C9ABCA
S31502013C809EC4AACC23E8D9268C5943DDCB7D1B5A87
S31502013C90A8650C9F687B116FA8D5B44260A5998A65
S31502013CA0F6AC604E0C812B8FAA376EB16B239EE068
S31502013CB05525C969A695B56BD7713C93FCE7249244
S31502013CC0B5F50F7A969D469F0207D6E1659AA65AE1
S31502013CD02E2E7DA83F060C595F7A9BA5B3A8FA43FF
S31502013CE078CF9A5DDD6BC136316A3D0B84A00F50E8
S31502013CF0730BA53EB1F51A7065D2FCA4E81F615695
S31502013D007DBAC1E5FD53D33BBDD64B211AF33181B1
S31502013D1062DA5B558715B92A3097EE4CA8B025AF02
S31502013D208A4B86E830845A023267019F02501BC1D0
S31502013D30F4F8809A1B4E167A89D8D00D3F93AE14A9
S31502013D4062DA351C222394584CDBF28C45E570D19C
S31502013D50C6B4B912AF26285ABF1868050A05FE95D8
S31502013D60A9FA605671897E327350A006CDE3E8C383
S31502013D709AA445744C3F93279F09FC8EB951732827
S31502013D803825FD7DF4C6656765920AFB3D8D34CA09
S31502013D902787E52103910E6809FF76C4E9FB135AC9
S31502013DA072C15C7B45399E6E94442B10F9DCDB5D56
S31502013DB02B3E5563BF0C9D7FD93492F3ED5DA7E28D
S31502013DC0F958B5E180763D96FB233C6EAC41272C32
S31502013DD0C3010E32A124903A8F3EDD046659B759CA
S31502013DE02C7088E27703B36C23C3D95E669C33B128
S31502013DF02FE5BC6160E715091A91A2C9D9F5C1E798
S31502013E00D7A7CC8B7871A3B8322AB60E191264637E
S31502013E10954ECC2E5C7C9026F32D3E55CA51C87E1A
S31502013E20B37848A6CB8412A7E7D1883219E4B5E65E
S31502013E3083889A5AEC10F24CF621902DA5042D3264
S31502013E409CBFC675339FC1B9090BD242433A7A5810
S31502013E5061FE64AAF81C3B14ABCA8A967D7C869FD6
S31502013E60292709278E25545F750918EA4BD3A7D04E
S31502013E70E1264137A346B5215D0EF304317D3A5160
S31502013E80FA6B18B631F9907E2F1AF3F432A6338DF6
S31502013E9082791A416BBCB56F85E503D66E0B2A7E14
S31502013EA017AE6B5BF2AAAE406C0D4E1F6CC1604E33
S31502013EB090F9D44FBC7AE650AC3DC637B96EAB9198
S31502013EC0B1075B767035ED6DC7FB0A49271FE68898
S31502013ED0BE229775A798044F438388A258F84FA923
S31502013EE03CED135356D40ECEFA34BFB5CF3D5CF535
S31502013EF071B3EAC9A53C650A8F2185D1457A0A497A
S31502013F00359304467837159AF6E131CC09EA600011
S31502013F1065E96EF87715047EF3675BCE96A4B26601
S31502013F20969756BDD89254FFD02C594A29EC3C504B
S31502013F30B2AC1308654369561B659D679F1B850ACB
S31502013F40F242330361CB08E1A3308BE87FF501D658
S31502013F5014D72DEDCA3A1F3731AD16C8BE0F28ED5B
S31502013F60E3EFE6D85B59D952F523C6F67217E70F86
S31502013F703C291E050B031443ADBCF0FB5E0060D564
S31502013F805E0C87D12E0FB78EA0E684D033901F2008
S31502013F9070667BCEE15A3A4C62A97B17929EFE9FCE
S31502013FA0E1CAE50D1DE7AE984410832D94AEF43FA8
S31502013FB0C83A53582EE14D7183641BF94931435B6B
S31502013FC062BF2C5A65DCB5ADB32728631284FA8722
S31502013FD0D8F849AB915E8960186CF80CEDF2ECE900
S31502013FE0D4DF350712066DB4E76BB90498A09DBC00
S31502013FF06BC26DD92FE6E273D55C700A46441EB3D5
S3150201400092E3155055669C8014759D5DD66CA5ED9F
S3150201401096AF4A01AE4E2E097655C8BF74242A6060
S3150201402007442291A5FCB809FDE97962B8D2C32CED
S3150201403016C0B4D3437CEC6545530B093DF8CC7EDF
S3150201404054B68F77D6DB7B9A0B99076E10EAEE5D33
S31502014050A2EBAF3895EA617D5E51AA4954635BEDE5
S315020140603A82C60B9FC465A8C4D1425BE91F0C857F
S31502014070B915D3036F6DD7301D9C2F630EDDCC2E80
S315020140801531897696B6D051587A63A86BB7DF5245
S3150201409039EF0EA0497DD36DC7E406211744446C5E
S315020140A0697F8D9280D653FB263F4D69A49E73B4D8
S315020140B0B04B862E1197C610DE5FBE7D27C4936470
S315020140C0A27EAD19AD4F5D2690453046C8DF000E82
S315020140D009FE66EDAB1CE62505C85883A02AA60C87
S315020140E04742207AE34A3D6ADCED113BA6D364746A
S315020140F0EF060855AF9BBF03046658CC28E1133F70
S315020141007E7459B4EC73586FF56812CCED3DB6A0C6
S315020141102CE2864563786D56C295DD97847B43FF13
S31502014120A7B54EAA304E746C8BE8853C615D0C9E38
S315020141307381755F1EC7D92FB8EC714E2F0BE7211C
S31502014140E377A440B9DD56E6804F1DCECE5665BF54
S315020141507E7B5D53C43BFC05DDDEAF52AEB3B824B4
S31502014160CF303BED8C6395349581BEA983BCA433D4
S31502014170041F655C4767373794529D0A0BEE3F5120
S31502014180665ADF0F5CE7988FCE07E1BF888661D456
S31502014190ED2C38717E0AA03FE45E2F77206714B1B9
S315020141A0CE9A0796B194F8E84A82AC004D22F84AB3
S315020141B0C46CCDF7D953170034DB3D962D23693CE8
S315020141C0583897B4DA87DE1D85F291A0F9D1D7AABC
S315020141D0B6ED48A02FFEB512441EFE49A6584D64FF
S315020141E07E77AD31A2AEFC21D2D07F885A1C440221
S315020141F0F311C58371AA0149454E24C49DD2F23DEC
S315020142000ADED893740E022B4D210C827E06C86CEF
S315020142100AB9EA6F16793741F0F81A8C54B7B10820
S31502014220B49962247C7A0FCE39D9061EF9B060F7A9
S3150201423013126D727B88BB41D8497C566C8067929A
S315020142406A1E79CACC046D064B39CCE345569FA644
S31502014250D28C78A086B6955CD2F739AAE080D99736
S315020142601CB5C6524238D035AA55CD0793F4437DC3
S3150201427062C38AB7CF36BD5654A9140DC119C52AD0
S3150201428090FAB594B474F4EA5A7AF8A98283AFE63D
S3150201429094E09B87B16DEA0DABE5447354BF66AA00
S315020142A009431B8F885812DA2F4B56FDB3D2875E0C
S315020142B0DDB1835488782C5B7A79A8D674EBBA156A
S315020142C03217C4FAF15CF57EC5058B3C5A1F0029EB
S315020142D0FBCCEA5287CCD70ACF083479621315523E
S315020142E0943D961903170FEB66943D88FAB233A8EB
S315020142F0783C0075A77F3A09BED7163AE67D10E5E6
S31502014300CF32F39ADCFF77A37F670B4418BFD570D0
S315020143100314A3A4192B256A8612A9604460E9B87D
S31502014320DED3787704D83F7F2D5E8ABF311ED067F0
S315020143303E657BC2068A037BF39069D3D519D99E62
S31502014340F2B94EDBBBAE13523591B94C05EA08C739
S31502014350560E26727FD5DE58773D41E9AD9DE77847
S315020143607DE62997D5F957F2E6A77AE30E91DB594D
S315020143709C039EBB5B1BA16A8BD40F5B26536DDA32
S3150201438088A9BF9331826089287ED56132C98AD7CD
S3150201439043815C3A2D94F279E98DC8B6252FDA97D5
S315020143A06901F2ACEAA71B25E4B44EEF874FB409C3
S315020143B0A57D6ABC1BAB907D318E7D08F8920636CF
S315020143C0F76371D237C6DCF46359EA6520E6A425A0
S315020143D0D960C15A2EF79B655B8CE35EB0B9AF9A81
S315020143E0C7131A074E2D9DBF0A2933E96D6EEE8E4C
S315020143F0179710AE17AB3B1CB0B7CAC716B29A1CB9
S31502014400CCC3BB0774D3657DD5584A505047745205
S3150201441090291A136B60F209BE464374447DE84043
S31502014420252BB515D4DA481D3E603BA1188A3A7C84
S31502014430F7BDCD2FC128B74EAE91667C594C237E6E
S31502014440C8B4850A3D9D8864E7FA4A350CC9E2DAA1
S315020144501D9E6A0C071E870A8989BC4B99B50133D1
S315020144606042DD5B3AAE6B733C9ED519E2AD610DDE
S3150201447064D485260F30E73EB9FFAEA3190057E78C
S31502014480E358FF6A6746356725A08AB6BA4BA7B4D1
S31502014490FD15D389E1E61B341AAD0C4EB3A9EE9C88
S315020144A05AA7F2F86D808FBE8D02ABB7465CABDDC3
S315020144B085D70C6BA992A216A22D29D64CAE4623FC
S315020144C028AE2D0E67F4E48C9E6FDFCC942D3D4A07
S315020144D028BC759F7C145143B7D67D9EE455D2F50F
S315020144E0AC1E0B615C111680CA87E1925D97993CFD
S315020144F0C22591976257811318751E844779FA432B
S31502014500D7469C6359FAC6E5742B05E31D5E06A1DF
S315020145103090B8CFA2C6477DE0D6F08E14D0DA3FEE
S315020145203C6F54919A743E9D5781BB261062EC7181
S3150201453080ECC9348DF58C142A4224115EBFB27205
S31502014540B53AA398330CFAA166B652FA0161CB9435
S31502014550D553AFAF003B862CB86A09DB064E2181E3
S31502014560354FE40CC9B6A821F52A9E402AC1246515
S3150201457081A4FC8EA4B56501766A84A074A490F127
S31502014580C07C2FCD84F9EF128F2BAA5806295E69BA
S31502014590B8C8FEBFD9671B59C24CB22895D19A7FBA
S315020145A081C1356365546B7F3672C04F6EB6B8668C
S315020145B083AD807300783A132A79E7152193C4856E
S315020145C0C9DDCDBDA2894CC662D7A3ADA83D1E9D4C
S315020145D02CF8673012DBB75BBE62CAC667F46109A3
S315020145E0EE521921D621EC047047D59B7760231828
S315020145F0D2E0F0586DCA0D747BED0F81E461A0FC27
S31502014600EB4C9ACF74540D5F85FD704F24081F0A37
S3150201461096EE95B751B7626C76AA3567B6D06D83B9
S31502014620C91E53D3DFFF3FB6384F372A3B89F1F410
S315020146306E894F0C4E1C593FEB6FF235FAD97F1436
S315020146405B50B61872025F088FA57F7B3816DF436F
S31502014650116091D6E4E87B310BAFF0D3F50BB7507D
S31502014660F7712EE38AF4EA4F34BD5BA5D34EE860B7
S31502014670EDD1503F9B48ED00E51A26ED2AC70639D2
S31502014680F700E188D98FB69A970136F39A05E9F5CB
S31502014690476D2BBF78DC530E7A877179BF2908B92A
S315020146A031E6176D6344445E936827182EC5054D9E
S315020146B0F54A4A5A9A2D6327CE60B25451F01FD158
S315020146C07052F9728EC36DD838C17C260DCD1F602A
S315020146D0CD0CE9296491672BDBFFEA87D18582A993
S315020146E064A8D0D8BBFBB4A5F76326027FF258B6FD
S315020146F082E29CD9222BBC3B580A3C5852C917B9B3
S31502014700F3C6E40FB8F93F650C3CDFBCD7A70D9B96
S315020147100ED654ABB6EEA0432AC2E1CDB15410ADCA
S31502014720DF32EB4802E9A8C4EAC0CDAC337B3E5F77
S315020147303E9679FC13473672B5E0203506939613F9
S31502014740FE03EA887CCF7F43BC59C9D30BC4D4F795
S31502014750D9DE93F8D15491692675B2B4755C5D318F
S31502014760A5DA36022D84CBCC8EEE5F34A3C8F022B5
S31502014770EDDB397D615A977328706EA3EB7F48781A
S3150201478034CED81D00133F5F89C4304B2DB14F93F0
S315020147902B0A7F394D246C053462C257A2FB501D88
S315020147A08B67B0DE3A82D47BF58A53A66EDCB0C241
S315020147B03EA71D35C6EE655610B2BF4309E03EDB84
S315020147C0C20A8020870172496786BD73615DAB2685
S315020147D0384920ABC209B220ECBC018C43EE2B82D4
S315020147E03BC7FBC025B50C53E93F95C134905148EF
S315020147F05B0F9AE061C25C26A739ED224F4ED5F0D6
S315020148000A1508561EE9AAA275E8DAEDE9B221F4FB
S3150201481092E97D6B1D53BC3171F980A94D133DDFC0
S31502014820A7221A22D1B84F7AD8D6AA3520D4F73D73
S315020148305E121A6ACCED142A4ECECF5207EE48DF2B
S31502014840B708EC06F3FAFFC3C45954B92A0B71052A
S315020148508DA33E96FA251D163C437804578C1A23DE
S315020148609D4381C20E27B5B79F07D9E3EA99AADB11
S31502014870D9032B6C25F5032C7DA4537B75180F796F
S3150201488079580CCF30017B30F9F77E25773D90318F
S31502014890AFBB96BDBD689469CFFEDAF4462F1FBD44
S315020148A0F7D67FA41401EF7C7FB3474ADAFD1FD303
S315020148B085579073A41952524819A96AE63DDDD863
S315020148C0CCD2C02FC26450482FEAFD346624489BDD
S315020148D03A2E4A6C4E1C3E29E11251924B136E3707
S315020148E0A05DA1DCB578377011311C46AF8945B0A0
S315020148F02328037F445C605B897CC420598065B9A7
S31502014900CC8F3B920C10F0E777EFE20265250100AE
S31502014910EEB3AEA8CE6DA7244CF0E7F0C6FEE93B96
S315020149206249E3759E576A861AE61D1E16EF4255BF
S31502014930D5BD5ACCF4FE122F40C7C0DFB222450ABA
S3150201494007A4C9407F6ED01068F6CF784114CFC64E
S315020149509037A418257B605E1818DF6C8F1DB3583B
S31502014960A25862C34FA7CF356E1DE6664FFFB3E16C
S31502014970F7D5CD6CABAC675014CF96A51C432CA0D2
S3150201498000E4D3AE402DC4E3DB260F2E802645D2AA
S315020149906870459E13331F20519D03086B7F52FD9C
S315020149A006007C016449B118A8A4252EB00E22D5B1
S315020149B07503466288BA7C398C0B0C96A67548DA61
S315020149C0202F0EEF76D0685BD48F0B3DCF51FB07BC
S315020149D0D492E3A023168D42911495C82049F2621E
S315020149E0A20C633FC807F005B8D4C9F5D245BB6F1F
S315020149F045227AB56D9F6116FD08A301444A4F0807
S31502014A00ACCAA576C31922A87DBCD14346DEB8DE5F
S31502014A10C638BD602D59811D384C2AECBED733D814
S31502014A20ED20CC0A8362912C8175DF92AA473AE97D
S31502014A30814A3C33A3672D70A1C8892F9A364A3A17
S31502014A400DE88D7C1D7A136315A0ED788A00ACBC46
S31502014A503FB083B4A5B3B82CA1901BCBCB17E436D8
S31502014A604E79117FAADDB33307C65B880808513F29
S31502014A700D02A8E6C01D14244D9C47CF8C13DAF60D
S31502014A8049F8A50E3C45633EAAF92C6548E93E1252
S31502014A906DC7EF5D925D742E5A6C1EB2C3168169A3
S31502014AA0BCE017BAC3A699B5A2400E07522CEB91E8
S31502014AB0DC60FE841CB8C25924F26C03DEAD528856
S31502014AC090B3FFA3B292CF0DBF4BA6BF7159785ACD
S31502014AD0FD244A6C36FE055F9DEEEF3F773CF759A2
S31502014AE09D98CFC189EFF1B35F542EE042FB5DE39E
S31502014AF07CB4A1470B1266577D1583BDCC5D92919D
S31502014B009480CC225320A13CE4D6903F187FE5281D
S31502014B107B762EDECE14471AFFB7B6B80FBA20DB64
S31502014B20A11F5177B6C332B7892DF099C0512BA96E
S31502014B30F1A59C48AD75384FBCDDD0A918B1BC981A
S31502014B402B80B408349E44EE04B1A6B82692088797
S31502014B505D91C7459A345F68F1CC745CF8AC419BB0
S31502014B6051522608813173B647B1AD11ED2AC99961
S31502014B700FB4EC340DD7477AF5A443CCCBC4A0606D
S31502014B80A9BE7736CA665C77EDF5F82F75A17AA1CB
S31502014B90C0FD010E02D9DE1197181AC116396885B0
S31502014BA008D006E5EFA4692D01BD64F67813AF3985
S31502014BB0C6171536312194656DB6D3B490CFACC004
S31502014BC0602E7361E59D05A7BAB0C670781F3D03D5
S31502014BD0E446D926CD614158A27CD272A0B1F2BB7C
S31502014BE004C7DEFB593C39BF1EB862E2CEBB8DE972
S31502014BF089B529300BBDEE023757934D7A10452000
S31502014C002183E49BD8608367E40731E0DED6A0B94D
S31502014C10FEFEDD17E98F0245501A71A08976C1267B
S31502014C20201B1EDA3BA8ECFAA7175FDFD01EBF5680
S31502014C3080F93BD49FBD881F86657273033C8F3A08
S31502014C400BD5AEF2B4E7550436A1E2DFA2E2343661
S31502014C500AC3956D127590105FAC0DA65687366123
S31502014C6057DCABEB6A2FE0177D0FCE4C2D3F197F38
S31502014C70F0DCEC89774A2320E8C5857B9FB66587F8
S31502014C80B2BA68D18B67F06F9B0F331D7CE7703A1E
S31502014C907C8EAFB0516D5F3A52B27871B60DD27653
S31502014CA060D11ED5F9341C077011E4B3204A2AF6E5
S31502014CB066E3FF3C3582D67CB6FA87D85BA4E10B64
S31502014CC06E3B40BA326A842A00606EE9121092D9AA
S31502014CD04309DC3B86C83828F3F4AC6860CD65A687
S31502014CE0D3E3D73C182DD942D92560339D3859577C
S31502014CF0FFD82C2B3B25F03E3050464ACFB06BD124
S31502014D00AB77C515416B49FA9D41ABF48AAECF82A9
S31502014D101228A806A6B8DC21FA84708A2C43424BD3
S31502014D2045E5B9DFE3198A895DE4589C21009FBEF6
S31502014D30D1EB6DA1CE77F11FCB7E44DB72C1F83B7D
S31502014D40BD2D28C61FC4CF5FFE15AA75C0FFAC8054
S31502014D50F9A9E124E8C97007FDB5B5459AD961CF2C
S31502014D6024793A1BE9840986893E3E30190930E7DE
S31502014D701E0B5041FD64F239CBF89E3E8A365A60CB
S31502014D80154750A522C0E9E38F24245FB0483D555B
S31502014D90E5267664CD16F413ACFD6E9ADD9F0242CA
S31502014DA04149A534BECE12B97BF3BD87B9640F64FE
S31502014DB0B4CA9885D3A471418C4CC999AA5827FAC9
S31502014DC007B800B06F6F00239253DAADDD91D2FBC3
S31502014DD0ABD14B57FA1482507F72636DD308140319
S31502014DE033B5C7D7EF9A376A4BE2AECCC58FE1A985
S31502014DF0D3BE8F4F91352F331E52D7EE2A4D243F04
S31502014E0015962E4328903A8ED4169C2E77BA64E1D3
S31502014E10D898EB47FA87C13B0CC286EA1501476D62
S31502014E2025D1466CCBB78A998801663AB53278D7CD
S31502014E3003BA6F90CE810D45023945D82A4DAEF897
S31502014E401D2DDBE88E0518701EC1D2C75F99B3AA64
S31502014E5079CACC24236DB153B5E0CAB2664D262375
S31502014E607665CAEB33EDBA7DC84AD2F0D6BE0E03D9
S31502014E70105563F7787F882A4F2D015CE7B9232AFB
S31502014E80EAF2E1CA5146970CCA705D677332B62FD0
S31502014E90F50344860B25A70B21649C02FD180DBB65
S31502014EA0028F298921142DBC960E258BE6F847839C
S31502014EB0C9712D03E82F9F7B9C6DF886935863DD9C
S31502014EC0A4853AE176916961577DAA4E9511512ED3
S31502014ED0FBBD60FB571BC23280079E31CD2378D8BA
S31502014EE0C5757789C1CFC4EFF7B30A9A12FB544845
S31502014EF071C33872419DC4126937E8FF33B550094F
S31502014F00D16B1D8E1D1C862110E5021338D822F0A5
S31502014F10B4CA91630C2009254295798317A0B30976
S31502014F203FEED5AA8FD06D629F1470EBEEBC00BA2C
S31502014F30C944A4A046B22114C7A7248C8E3AA44A16
S31502014F40F55EF0D840F5C104DCB93E0B0C5EBAAD94
S31502014F50E39CA4484450B52AEC5D0F6F2627D22E56
S31502014F602408D55E41EE249815D468947CEC7B80A6
S31502014F703FE221B5E1BA9370FA3A5D1C63AC07DCF4
S31502014F806C8CDFF971516158B0E2739DD879A072C8
S31502014F905DE1EAB4CEF40173412C72D659E7096494
S31502014FA09B72BF72CFE174A669E5213CEB240ABC70
S31502014FB023CBBA4ED2670139F69A7B2BBDB831D5CE
S31502014FC0515BFC37350905506D5493C525CF2F2307
S31502014FD0490FB42B1465A320ED41D97852D8CC6E72
S31502014FE043782FD283AE5422B7CDBF7B2ED022C5B2
S31502014FF0E2E4F0BF51331E68454F03839DB5648BCE
S31502015000FB0EA21FF2718B2FE45065BA95942469A7
S315020150102B47D5458EF99E53755220A6A1B67B6EB6
S31502015020838E3C41D7214FAAB25C8FE855D1566F88
S31502015030E15B34A64B5DE22D3F74AE1C96D874D06B
S31502015040ED631CEEF5186DF829EDF4E75BC5BD9726
S3150201505008B13A6679D2BA4CCD1FD7A02490D18035
S31502015060F88A28FB0AC225C519643A5F4B97A3B190
S31502015070337200E2EFBC7F7D69CBCF0717B927ED0B
S3150201508088F7D422D3EDF929658A1F74F08FBFB848
S315020150905250D30ABBCD467C0DB6EC70166BE39A21
S315020150A0F8A50FFE4968A5EB755554E78560C8FD5D
S315020150B0210B0355E9D65C39EE2A3AACBFA15A1344
S315020150C0312EC7296A4D5CC9DE520002E2F3C608D7
S315020150D08B6EB0200C55027901286B266A1EEFFAF7
S315020150E0169F73D5C4686C862C76031BBC2F8AF671
S315020150F08D5AB7875E4375599490C2F3C55D7CCDCF
S31502015100AB05912A9AA281C758301C42361DC68028
S31502015110D7D4D8DC96D19C4F68377B6AD897921937
S31502015120637AD11A2458D0D0170C1C5CAD9C02BAF2
S3150201513007037A3884D0CD7C13D45E43288DC342CB
S31502015140C9CC783260F350BDEF03DA791AAB07BBEB
S3150201515055338CBEAE9795265324700A4C0EA1B9CF
S31502015160DE1B7DD56658A20FF7DA27CDB5D9B9FF71
S31502015170FD332C4945292C57BE30CDD645C77FC7AD
S31502015180FBAEBAE3D3E8DFE40CDA5DAA30882CA2DF
S3150201519080CA5BC09854987F858CB217D63B0AD3D6
S315020151A0EA3B7739B777D3C5BF5C6A1E8CE7C6C6B9
S315020151B0C4B72A8BF7B8610D0045D90D5803FC29EE
S315020151C093ECBB6FA47AD2ECF8A7E2C25F150A137D
S315020151D0D5A106B71A156B41B036C1E9EFD7A85664
S315020151E0204BE458CDE507BDABE0571BDA2FE6AFFE
S315020151F0D2E87742F72A1A19BB037A289993DFCFA5
S31502015200E027CBF2C87833CA88CECCED8F62DCFABE
S315020152108F98BEE0BC56CA732185CCCA30CBEF0B40
S315020152201A977265405B44F4AD027D4C8D678181AC
S315020152302EBB30C9E48B167E78586474837240E8BB
S315020152404A5B7FD2591C09EC2ECC3976E4724D2F7A
S31502015250161D51D43DB6D96785496FAB5B0950D549
S315020152601AAFBF4F5BCDF40440750C2AD12E8E9D29
S31502015270862221B2044EC22B149AE02F0BB6D40910
S315020152807E74B1DBAFF084C36EFDB57889EAE2586C
S315020152900A9BE0B577F59E51A9CC2411D9D763189B
S315020152A08E708AB84581C07AF53170850973CD2B26
S315020152B0E5FAB88A6E7A336216CAFF067FF1CE4BD9
S315020152C06AE12A69DBE106DEB0424F612D705307BE
S315020152D0D012925BB441605F73123A1B4E32ABD16C
S315020152E040530581F17C94186E198CA967955D3B33
S315020152F0681E2E802504A07F05278C027415537D16
S31502015300FE750DDB697D3180DD8D8CEFE8ACFF30FA
S3150201531098E9C3B67BE99D7EBCBA500BD4EB1684E1
S31502015320EE8B2028267208156DC3C1B9AF8F14A35F
S315020153305D7D2DD3ACDA070D8C31657D0EC0413210
S31502015340E76DE8D0DCE5BEE6268CC0FBC22D8B11EB
S31502015350C33D60FCA7040D68EBA35A694A41C2F931
S31502015360218FA6054C2CA4DA3E96937F98236C7C5A
S31502015370E354390CD38C0E2129BA6B3FAB757340BA
S315020153802E481E99D8B6C39EE9925FE5820EC89948
S31502015390E10A0CFBB6137C302C5F7AD2DA3CD6FBDF
S315020153A0D706A18ABCC40FF030A4648E1A5CFB53E3
S315020153B0852E1A0CE5ABEA04E7B58ACB21107524D2
S315020153C0EB10505C494423FCA110564E7B711E5FC3
S315020153D0D50C71C2185FDA449E9829C78062D446F9
S315020153E0DDA56853D0FB934B895A76D1813FDF63A2
S315020153F023A2A0B964BDCE34EB4CF38A8702275EA1
S31502015400AED646B909040B901285BDDAF7EB1265E1
S31502015410818F258869B7D9614BD9B74913A7C5A623
S315020154204694EB2358D1F3A334484877D2FB1604AA
S315020154302F81702C6F5ED46931143CC54BF716CEA1
S31502015440DEED7220CE25972BE73EB2B56FC3B9B812
S3150201545008C95C0B450E2E7EFB0E464F432BE69F7B
S31502015460D60736A6D403D3DE24DAA0B70E2152F02C
S31502015470935B5400BE7D7E2330B40167ED75350121
S3150201548010FD0B9FE6941023227FE483150F3275DC
S31502015490E35511B199A6AF711DB653399B6FCE650E
S315020154A0E641A1AFEA3958C6FE59F7A9FD5F430F96
S315020154B08EC2B1C2E9421102D6503B471C3C42EAB6
S315020154C010EF383B1F7AE85195BEC9B25FBF849B84
S315020154D01C9AF878BC1F73008018F84818C730E484
S315020154E019C1CE5E220C96BFE315BA6B83E0DAB61A
S315020154F00858E147336F4D4CC91F7DC1CFECF718F0
S31502015500143C4051A6F5756CDF0CEEF72B71DEDB10
S31502015510227AE4A7AADD3F1970198F98FCDD0C2FB8
S315020155201BF5B9B02762916BBE769177C4B6C76E89
S31502015530A89F8FA80095BF386F87E8373CC9D21F4D
S315020155402C46D1185A1EF6A27612243982F58050BB
S3150201555069490DBF9EB96F6AEB550856BBC1466ACA
S315020155609DF093F838BB1624C1AC718F37111DD744
S31502015570EA9618A31469F775C623E4B6B522B1EE05
S315020155808EFF86F210709D938C5DCF1D832AA990A2
S3150201559010EBC5429FDA6F13D1BD05A3B1DF4CF9FA
S315020155A0082CF89F9D4B360F8A58BBC3A5D8872A6C
S315020155B0BADCE80B51832102BBA05F30BD4F7A0EE4
S315020155C0AD63C654E04C9D824838E32F83C321F470
S315020155D0424CF61B0DC85A7984347CFC6E706EB34C
S315020155E061CFC1C3B4C9DF73E5C71C78C9791DEBA5
S315020155F05C67AF7DDB9A4570B32BB49149DB911B96
S31502015600CADC024B23962657DC788C1FE59EDF9F68
S31502015610D31FE28C8462E15F417C074DAE0A79E2D7
S31502015620A36974DB7082938BA216BD8ADC32B66ED5
S31502015630724B06AAEC14087289531195C7295C317B
S31502015640CE742F8607E5E0D73274928521764A0C0D
S31502015650E4A1254A986CDE7210A36ABF53B59AAECD
S315020156601B6E6D80A9500A053951FFAD0374BB92B9
S315020156708B61BE4576D294032C352868D957269874
S315020156802ED4A81C303080480DA0CD9FEC998E9760
S315020156908E3477F08599B65647E22CD5FE372587A3
S315020156A01050606FDBBB3FFB8B9F344B319E202139
S315020156B03943961DB762910148343CE5418650D47F
S315020156C006D6EC54955CBC49E03A31A40CB9BD2628
S315020156D03073B9DE78C9E125F4ED7E855122574D45
S315020156E0C5939EE1DD4E72E33570790B0E42718AE6
S315020156F043E7AB8736833C3BA44535B2256439F58E
S3150201570096B2FB987EA2A71586DD6F63BC526CAB7F
S31502015710EE349341A895D97975DD9511A68E8ACD78
S315020157202FA8D91DA8D804A5B67958A381CA0D54A4
S315020157308A6AC879A316DD60D3F2D0CBD101065F9E
S315020157407FBB32612F416E7387DE8D2332446083C4
S315020157503C75C0F572523A1E1D6556ADB772318B54
S3150201576017D7AB3F7A1B5801E4F64D42F64DC92DC8
S315020157704F28292C5D6E37309CA55981A78D91D270
S31502015780F313073FD91CDC6B9065CD4A937A5F56BA
S3150201579028C1B44CECACDA53815AE949DB54A2E78D
S315020157A073ADB008D0D5925107FC0AD0B1E5204DB0
S315020157B0385FF22C01F8555D7C931180841E65CA0F
S315020157C0281AF46E6EC4B0C6528D3F5FA71B02B78C
S315020157D0FDB9D7EA99FF9D114D1DB3F4CBDFEA431B
S315020157E092881411743F50C6173B0D06C568EEFE2A
S315020157F0C80A4ADDB393923244FC79B730DA2B0EEA
S31502015800F86D0F42B76D66F5862219F5D970758E58
S3150201581006F2483F6EF0C75F9478AFD2A44B104FA1
S315020158200C598DF5DD60D5E25C3B89430E315E9CF8
S315020158307D48FE3FAE8D0B5AFEAB3E53BD23FB6840
S315020158408F3EF56DBC5BA67C4A7DA60143F032C94B
S31502015850F6397C670B97344D1A9694E14F21594ECE
S315020158604FCD710DC77DBE492DF2503BD2CF00936C
S31502015870327291FC46D4894708B27C5D2D8579281E
S31502015880E7F27D6870DDDEB891786821ABFF0BDC4B
S3150201589035AA7D6743C0442B8EB74E07AB871C1AC8
S315020158A067F4DA998ED1C6FA67904F48CDBBAC3E02
S315020158B0E4A4B92BEF2EC560F18BFD3BBC895D0BD0
S315020158C01A55F3C937926BB0F52830D5B0164C0E7E
S315020158D0ABCACF2C319CBC10116DAE7CC2C52B70EC
S315020158E0AB8CA4549B69C744B22E49BA5640BCEF4D
S315020158F06D67B6D94872D7705BA0C23E4BE88AAAD9
S31502015900E08117EDF49E6998D1858E70E41345798D
S3150201591013F476A9D35B75630EEC6F9F50946165A0
S315020159208D51C646A97E2EEE5C9BE067F3C1339785
S315020159309584946363AC0F2E137EEDB87D96D49154
S315020159407A8176D70A2F25746425850DE08209E4CA
S31502015950E53CA5163861B83264CD48E4BEF7E7796D
S31502015960D0867808673AC86A2EDBE4A0D9D49FF8B4
S31502015970414F5A735C217941C367DE3217EDA8B1F3
S3150201598048491B461894B43CD2BCCF764343BD8EDC
S315020159900880181E873EEE0F6B5CF8F52A0CF8415B
S315020159A09467FA04C3847268AD1BBAA399DF458969
S315020159B0165DEBFFF92A1D0DDF1E6232A18ADAA9F5
S315020159C079652259A122B83093C19AA77B1904405D
S315020159D0761D531897D7AC166AC62BE5285DF15B7F
S315020159E08E1AF07018E3472CDD8BC206BCAF192460
S315020159F03A176B25EBDE252D943A0C68F1809FA2AE
S31502015A00E6E7E91A157EF7717379014858F1001133
S31502015A10DD8DB316B3A44A05B87C26198D46C8DFB7
S31502015A20AF4DE5669C78280B17EC6E662A1DEB2AAC
S31502015A3060A77DABA61046133FB2597CC25EF5CA7A
S31502015A40F2044D153EEDAE99F44141E1721D4468F1
S31502015A50A2A03239134503143C8C02DCE03014D97E
S31502015A6071C71752A855B90EFAA1992CEDE1094B46
S31502015A703C746ABDF21A88423DAD5CAB9AC6FE7BA6
S31502015A80ADCFB24CD38C3EC2A2D637FB4BD15D68A9
S31502015A90187A671544D6D60AB5EC7B419E431A7825
S31502015AA066020ED18C93C54A24AC92061185A35D7A
S31502015AB03312E3ADA265B0119F7E9247288914790C
S31502015AC077A80A37EFD6DA3303271211FA248F1F82
S31502015AD09295DF2A2FAC655246B3FC9A30DD5F40C0
S31502015AE0543FE628443D72D9AEAA655FF01DC094C3
S31502015AF009084CE13ADCE44317A538A9F1C712BCFF
S31502015B00E1B28031AB2830474A25CDFB1E57783F9B
S31502015B100FF9F66F4234E574A3C6C2ADC37A6FEAD2
S31502015B20947C71E9F628E9D0F5EA45D6EA79D3E219
S31502015B30BEFB1FC58587DD4698885C37BE01987016
S31502015B404883FDE3B5DA064B14072327ED0C887566
S31502015B50424C2FDD8F46092B96CB01B7EE49C797EB
S31502015B60C369A3B6D438F483D92C409A8B2B966297
S31502015B707BDF889850C776692AA0FF826594975B76
S31502015B8049F5A8FE516A09DA9BAF775F375163A0DF
S31502015B90761E1D2061DECF1BA2596A2490544A4A01
S31502015BA090DD7FE8DEBD3ED6FA71230D677C43D9CF
S31502015BB0D68E0FD30873E869674A6DD01108423D44
S31502015BC0E3FFE0908504FCBEDE7B48BDB7C670F8F4
S31502015BD028FA9A3116732A6EABA8943E8C772496CC
S31502015BE0EC8BA7E9CEF3D60A4F3C740D81C78A9492
S31502015BF0CCFCECAA357962769F9AD5D624ACA85606
S31502015C0006F096303E75DBC899524C8FE6417F47C6
S31502015C101461C8F61C858D58FEB0F68DC78E1351D8
S31502015C201BF575E589DA9753B9F17A711D7A20095F
S31502015C3050D6202BBAFD022115F5D177E7652ACD7B
S31502015C40F160AA8F87918954E506BCDABC3BB7B1EC
S31502015C50FBC97CA9CB784865A1E65C0505E49E965D
S31502015C6029AD511268A7BC3615A47DAA17F51A3AB1
S31502015C70BAB2EC29DB25D70AA99516F1ED2DC47C1A
S31502015C80CC6A2EBF115AD917A35F106B614A758B65
S31502015C90DFB5B75BBA7CDB255EC2B6E998E9B0B07F
S31502015CA09D5A135C062070058E78D44E926F208120
S31502015CB06B74713AF7B82C784274C6D6D0E3518424
S31502015CC061A6B0E9AFEF99E95FD3FCF31062A38550
S31502015CD0F1B01410364C3C5E57244E83B16742DC58
S31502015CE0C51BCE70B54475B6D75ED1F70B7AF01ADD
S31502015CF05036A071FBCFEF4A856F059B0CBCC7FEE0
S31502015D00D7FFF5E768527D53FAAE124362C6AF7703
S31502015D10D99F3902535F674F1E17150436362DC3B5
S31502015D203B48988911EF2BCD105194D0AD6E0A875D
S31502015D306165A8A272BBCC0B9BD2DF941513F597B2
S31502015D406A4C3F315D98556110504508073FA1EBFA
S31502015D5022D3D2B808266B679375530F0D7B712137
S31502015D604C061E130B694E919FE02A75AE87B61B30
S31502015D706E3C429BA7F30B42472B5B1C65BA3881EB
S31502015D80801B1B31ECB67186B03531BCB10CFF7B81
S31502015D90E0F10C9CFA2F5D740934374364317A15AC
S31502015DA0D981AAF4EEB7B8FA0648A6F5E6FE93B08B
S31502015DB0B6A77F705436772E81F95D4EE10262AA4B
S31502015DC0F5E1155017590DA26C1DE2BAD375A21849
S31502015DD0530260018A614305C1234C97F4BDEA0D62
S31502015DE09346CE9D250A6FAA2CBA9AA2B82C2004F4
S31502015DF00D96072D3643144BC013C11CB33E265DC7
S31502015E008430C216B8BEDECCD0559080F5F5EB06CD
S31502015E10AE3B389614ACC6758098F006F60FC1E40F
S31502015E2011384ADDA9D1005C4F7458A6A6EAE745A6
S31502015E30EE63E9528DDFCA53374A6E183F345B82ED
S31502015E406561CBF824D87A76DA4B987B292EB1098B
S31502015E504DCB4C21FF4D6D03EC2C2453F737B8473C
S31502015E60F21242C08CC46D25C528D9E1FBFB22E2A0
S31502015E70072C8AAD5B29EA485E71C5573F1C9B29EF
S31502015E80906D686B9E92CB96B35A23476480043019
S31502015E90E19F4DA4245C432C3F83F8807CC907060D
S31502015EA05BEC25CA7815850E6FBB1E160B45F7549A
S31502015EB00EF8DEA09247CB7B5936C72BD0E38784F7
S31502015EC0DF7999054584AF4BBF6FADDC5A977CD11B
S31502015ED0B696FCDE0B9F3657C2245204A0D0EC1CA8
S31502015EE05239E5691B1B7F7581F68952927A5B7776
S31502015EF04861731620C66C1B988663750199A9F1D0
S31502015F00D360AAEEBED13D3588A49B4C33719484ED
S31502015F1011E3AD43686EFA63AD6984BF9EB7F6E1DC
S31502015F20353166E2041080151B1874AF3083499A25
S31502015F303C679B044F50A23BFD21037676E86C9A9F
S31502015F40D83AB69E10B5E27F9205C88AAED4E7006A
S31502015F503A726FBB7A6BD873B65ABA6D60B5520B89
S31502015F60ABEDB1BB0F4F13A935A6049B0D52A93058
S31502015F70DBE57379F3B81368CA63CD19B36B9EF582
S31502015F803968D02192150C67B6CA50215B566DB09D
S31502015F90A3124F109D19FB2075A71BB6AEBFC712E0
S31502015FA0FDBF63E21F624EB8CF0D845CC3A5470BEA
S31502015FB03486AFCC0BBE837E20C1996DEE3D9461D2
S31502015FC0E09F0B462E1F10868D59E88E51F1B26B5A
S31502015FD0CC75C4FC8962B776D38D73C501E7DADB6A
S31502015FE0EE1B6FB235F6C6F9F45EF142806AE961DB
S31502015FF0D8A460AF1FD1A13A74CC6C72FA6DFD14AC
S3150201600065B9532FFE4C083BB4C8A252F5E43AF3E4
S315020160106A16400D7AB0AA5925AC5E924CECBC7751
S31502016020387713608471481851F4A9FE3743375BF8
S3150201603046AAE6C88EE765187A1F6EB6C7B7C4CCFC
S315020160407E2F0CF5257E15441CAF3E71FC6DF03E8C
S31502016050F763DA5267442F58CB9C521CE9547C965B
S31502016060FB35C6649226F63065191278F4AF4727D6
S315020160705C6FF6EA18840317E44C3220D37B31C6EF
S31502016080C48B48A4E84210A864135A4E8BF11EB27F
S31502016090C98DA2CD4B1C2A0C47041F6FD0C74DD206
S315020160A059C087DB3E9E26B28FD2B2FB72025BD10A
S315020160B07748F6C6D18B557C4569BD694881C4EDE1
S315020160C0228D1CBE7D906D0DABC55CD512D23BC631
S315020160D083DC14A3309B6A5A3D4696D32415ECD031
S315020160E0F0245AC38A62BB12A45FBC1C793A0CA57E
S315020160F0C3AFFB0ACAA50404D643A70A07401F8CED
S31502016100E85E265BCBD0BACCDED28F666B044B57E8
S315020161103396DDCAFD5B3946D16F412A1B9EBC62AD
S315020161208B5950E328F7C6B567695D3DD83F3404FC
S3150201613098EEF8E7167552399C9A5D1A2DDB7F1196
S315020161402A5C00D1BC45779CEA6FD554F1BED4EFE7
S3150201615016D022E8299A5776172AC0497E8EB64565
S315020161607FA3A9BCA251CD231B4C22EC115FD63EC3
S31502016170B1BD059EDC84A343F234B45213B53C335C
S31502016180E180DE93492832D8CE350D75872851B57F
S31502016190C177272ABB14C50245B6F18BDAD54B68FE
S315020161A0534BB5F67ED38BFB53D2B0A9D7163931F1
S315020161B059805461099260110A3BA761AC68E2F009
S315020161C0F5A5913710FAFAF2E9006D6B823EE1C14B
S315020161D0428FD76FE97EFA602BD74DBDBECEFE94B4
S315020161E011220F06DA4F6AF4FFD1C8C077594A1253
S315020161F0959200FBB8045370C66E294D351D3DB606
S31502016200D831AD5F3E05C3F3EC42BDB48C950B6745
S31502016210FD5363A10C8E3921EFD2A78DCAB26A2131
S315020162202728F499DDD96A36753CDD4F00B964AE8B
S31502016230629E90535B393A409A7E1B8616FCC5864E
S3150201624051C4276A4730A3F69735E9A167726601F9
S31502016250EBDF8260CDB9FF0539613FF59FFA17A6DB
S31502016260B66CE613E5B5F260A48A44B3EFBEA8D7CD
S3150201627092A15E6F8532297AEE192DCB073FC3DAD9
S3150201628026A1C47758EEF7E14662143944FAA7E12A
S31502016290A9149BFD417AF04D443288FF1E48A88815
S315020162A01DFD2176C7E759A4B27489D494D544FB5E
S315020162B0C0755BB395AA127CEA374009C0465461A0
S315020162C02624D4A61EB1F02E59CA2514184647967D
S315020162D0CE95DB233682F54288E82DB061D7390B9C
S315020162E01F4E41D27E0E555F40A9E12258A4BFA698
S315020162F0997B44FD7D2F0A050293637948449CB834
S315020163002C7FC65093F1E44AC6F91AC8A85DB3F0C8
S31502016310171087463500D03977DB50A6333B7C43CD
S31502016320B22BC5BA1DE8AF6B18D3B72D2D4099FE16
S31502016330CEA62B37EC7E5B2B3DC1540351AFA7F2A0
S31502016340602B37AA45B1A0D770D4A3056AB96928CB
S31502016350730146822DE4286524B51ED71455269568
S315020163609345F15D81D803E6B7E64D0D41DF7C1415
S3150201637050C8370473B1935226F2CC4B81E0D02335
S3150201638093FB9681CD45C7925B1E54596C79618BFD
S3150201639078F921C0F04DA44072930351111DA9D57C
S315020163A0DE26CA99B777D32E6B6B36FDAC0272A184
S315020163B0951990D61B293007D662231859A840BBD6
S315020163C0BB1A4D8A77559FB9F659857527B4188D2B
S315020163D05A23264DE70FC226F522CCE99F1D8D646D
S315020163E07C57DD281956BC66D139246521EDD34780
S315020163F0498BAFEDAC71D2491DFBCCF664FC824EE2
S3150201640026BA1BB7B4C9AA2A6BA7AFCBDB89A08769
S315020164106DDDDBD80791BE6C5CB970AC0FD020FF85
S3150201642050E1DA59C74F00BD145340BE24D1050FBE
S315020164303332F5A9632031238A880A0A1B189F7A07
S315020164400321571D9E90041ACF6AFD5391C20DD4A2
S315020164505C3B6B388F382C17F3332B388A05F58959
S31502016460B4C048AD0BBAE25A6EB33DA503B5938FDC
S31502016470E632A2959DEDA35A0156B7B4F9AA982719
S3150201648072AD8D5C1372AC5E23A0B76161AACED2E6
S315020164904E7D8FE984B2BF1B6165D9C7E97767650E
S315020164A03680C77254122BCBEE6E50D999320565DE
S315020164B0CC57895E4EE1074A99F90D98CB12E44E03
S315020164C071C76E3C6FD715A3FD775C92DEEDA5BB56
S315020164D00234311D39AC0B3F9BA477C4CD580B2432
S315020164E017F04764DEDA38FDAD6AC8A7328D921914
S315020164F081A0AF84ED7AAF50E55BF61501DE4F6EF2
S31502016500B209612121269829D9D6AD0B81050278D6
S3150201651006D0EBBA16A321196D70E085859AF31F91
S315020165203339E7B3D8A5D0363B458F71E1F2B9438A
S315020165307CA9274808EAD1574B038460BEEEDE6B7D
S3150201654054B80F78B6C2993195062DB6AB76339704
S31502016550907D648BC980316E71B028A1E7B67AEE5F
S31502016560AA8BA8936D59C1A4306121B282DEB4F718
S3150201657018BD97DD9D993E36F40D30DA513A90E316
S31502016580B05AA93D236439848064350B2DF13CED63
S3150201659094718184F6778C034542D5A280EDC9F3C5
S315020165A05239F677788BA00A755408D163AC6DD748
S315020165B06B63709415FBF41EEC7B165BE65E4E85EF
S315020165C0C2CDD096420A59599921109834DFB27236
S315020165D056FF0B4A2AE95E579C0C3F45DE1A43C316
S315020165E09B3B70FF5E04F5E93D7B84EDC97AD9FCDC
S315020165F0C6F4581CC2E60E4BEA68E6607639AC97D9
S3150201660097B43A15FEBB199B9FA7EC34B579B14CE9
S3150201661057AE31A19FC05161965DF0FD0D5CF53A11
S315020166207AEEB42AE02E26DD0917171287BBB211BC
S315020166300B030F80FA24EF1F09666C6B3A1296B4AC
S315020166403859AB8085FE50A75F7AC2B739BF71F45C
S315020166503C19AC77CE037950206216906AA691FF57
S3150201666009E0F15BAE5225F27CDF907FD885FF7D92
S31502016670B96F730CFE0F624F343EDEDF650DF962B0
S31502016680AD5FFAB992C528CF104516C6F96EC899FB
S31502016690846C254A0448D4256FB1E9C70E2368BD27
S315020166A05D79C5C1C1B9B10EFFB1B695C4C8437909
S315020166B05ECFBA0B62AF9F2F552B02C915447C2CB4
S315020166C0FEB12E8141D2A0560D5EB6D7C9A12EF0DA
S315020166D0263B32D52F518041DBA5488A693EFFA46C
S315020166E03B4095BD06386ABA5DB6D547AFE17C9F98
S315020166F0FBD23959E587E01596145C74437520126D
S315020167000C6138DAFD3CFFDA4FC3712C2797E7E4B7
S31502016710E9EDBD34197BC039383F96FB6E18948872
S31502016720D59B63DC800EA048991C6CE92B09E8A471
S31502016730613657CA547D095A55E7C9172B89452D22
S31502016740F88D308972FD33D0D98B5B52D9E92F6C22
S3150201675079C01CC1F1ECDB2ED2A015C7E3A4161633
S315020167604D1D34F8B03C6253CB99E8C72953EF96D5
S31502016770A6BA68A6BB8D4E3D5FA287D0DD0F0FEE8E
S31502016780EE343E5C5531759CB53AAB8F2E570C668D
S31502016790B2D34C5444FC540819ADED55C5A0EB6176
S315020167A0E63DA8F0FE33B524F8A5BA832804773B63
S315020167B08D7EA498B8828F6712D9067C5A434168A6
S315020167C00B833FBB213C12CA78E2CBB1277BB3D400
S315020167D046506FC7843B751D4CE93733F73BC5B04D
S315020167E0154FE1117E69B57C50C73019ACAB844BAC
S315020167F0680464E0BF4ADD28449FCB444CB6C07DA1
S31502016800BF5D92E3ACE1A318C457042D8634307AF6
S315020168102E890C8AF78B494C9631A71AFB53D63728
S315020168201864D73F3095940FB2173AFB090B20AD86
S315020168303E61C82F29494D54866B9730F5AFD22256
S315020168400446D2C206B8908DE5BAE54D6C89A1DC43
S31502016850170C34C8E65F0028888652349FBAEF6A5D
S31502016860A17D102594FF1B5C364BD966CDBB5BF728
S31502016870FA6D310F9372E472D36C30DFCD36116E3D
S315020168804341A308E002DEA424B46A4245C64E226D
S315020168904ACE770D2160D674049369029CEEF44FB9
S315020168A04FC8F3324EBD9BF4E20FE8D4E386060FDE
S315020168B04C81A2852BCF531946689A030A46316643
S315020168C061809B2FA02048A0D6C02F06A05C359DD3
S315020168D0142E839148051E584F0881978C209526C0
S315020168E0E10E45230B2A50B102DEEF03A6AE9DFD52
S315020168F04CA333278C2E9D5A27762AD335F6F307D6
S31502016900F066655F864DAA7A5044D02897E7853CA2
S315020169103864E00F007FEE1FE5F7DB03DA055376F5
S31502016920BDCD341449F2DAA4EC884AD2CDD54A7BDC
S31502016930430504EE5140F9004AA3CBBCA653D280CB
S315020169409B213838A1C3613E96E3829801B6C39072
S315020169506FE60E5D77053D1C59C06B21406FA8CDD0
S315020169607ED8BC121D23BB1F9009C7179E6A95B418
S31502016970552ED1663B0C75381AE5229440F12E69E3
S3150201698071F65D2B3CC7C0CB29E04C74E74F012160
S315020169907C4830D3C7E221065149143B4B2B505751
S315020169A0B3BC4B446BFF678EDB8563162769BDB8A3
S315020169B0C89592E3316F181355A4BE2BAB473189A3
S315020169C0299107924FA2538CA7F730BE48F9494B3A
S315020169D03DD44F6E0890E9122EBBDF7FB3960CF1C0
S315020169E0F9EA1C125E939A9F3F985B3AC43611DF0D
S315020169F0AF993E5DF0E3B27700CBC2DA124A655A2D
S31502016A00611454FF40AE0C9575CBBA9ACAC404F30D
S31502016A10B6714C6A697881531A82E87E284F6C9066
S31502016A209D724797792B6A8E3EF50FE1308A11C224
S31502016A30B2B9A09DE4CFA32B494EFA783128FF20A3
S31502016A40FA3298AFEDF53A224DC8A59307DEDAEB95
S31502016A50A21F631B8AAC1F385726F19C87750DFD51
S31502016A60290E3AE594EF2FE8E74BBB5BF0A734CC4E
S31502016A70A2380CA57211250B9BD25CCC8FF43295F0
S31502016A807136CEA3BE51A82B41291251A0CADA32C0
S31502016A90F2040035D9998D47C002BB9048D95A1DD7
S31502016AA01551C20EB108E2500217F24E89226AA2AC
S31502016AB00548523B3423C94DB686800F408C82E38A
S31502016AC0C80D9F97F7E6773FB42CF44D30DEF67E7C
S31502016AD084D7ABB67C79655275496CF3EBE3D33A4D
S31502016AE025218637A5255DD716A525A03D9473E8F0
S31502016AF047C811C4B47CBC6B560DA5D4D19C6F3C5E
S31502016B007EABFEC6774024B62E97803548BFF96F15
S31502016B10FBAC32B3835837009D24C91C2B81B6A224
S31502016B20581F2121EE6E8662CE0EF15DB8C5B52CD7
S31502016B3000AE63E259B2A603B605E5E209298D0D57
S31502016B40301229C0AB78CA982723B1A96955EF77C4
S31502016B50479B43817B89777CB51C33DEE2B5C1F164
S31502016B6020A4FC158E5D9F5AB132D97BF138A49FC0
S31502016B70E746611CF01B382A16D2DD66529FC06FAA
S31502016B804870E3C8A760E5DCFD62DFA29D9365EC70
S31502016B9092D12EE5E79A867AD463E4871D9B4078E3
S31502016BA09D63FBCD5AA94DAD9C9B2555377728ECA4
S31502016BB0AB3012C3E906C869223FBB1474F5487BA0
S31502016BC088CCDCAEE4CEC768BE80ED7961932FED49
S31502016BD04BBC775F880BD725DB2D3CB7F42A7214A1
S31502016BE00D06055A5F0C47BC2EB08125AC3E9400BA
S31502016BF08F9C491F3B4B430E33A20613DEE6CD02A1
S31502016C00C78E6F11A2525A7B5B3B16C1F481C6E154
S31502016C104326D36006351D24C752BC0E4D40E46B94
S31502016C20F591A7B13B2346AE2BB45DD20E17EC2AE2
S31502016C3094D6456696FD8D1DDEC42E9CC5A96F2987
S31502016C40CBF3844FBF618BBC08F9A817D906771C11
S31502016C505D25D37AFC95B763A4B0DD129C6398D502
S31502016C606B8624C0309FD1A560E4FC58032F7CD1EA
S31502016C708A5E092E1595A107C85F9E38028F36A82E
S31502016C803BE48DCF023B4390432641C55DFDA1AF57
S31502016C9037012F033DE88F3E94A27005B9158B2F5C
S31502016CA0494508677042F29484FDBB61E15A1CDED4
S31502016CB00740AC7F793BBA753CD1EFE88D4C700841
S31502016CC03137E0338E1AC5DFE3CD6012A55D9DA58E
S31502016CD0868C25A69908D62296D1CD70C0DB39625B
S31502016CE09A8A7D6C8B8AFE60601240EBBC4788B340
S31502016CF05E9E77877BD004099C91BADDD41FCEB400
S31502016D00AA8D4CC73EDB31CF51CC86AD63CC632C09
S31502016D1007DE1DBC3F14E243B940F948662D32F441
S31502016D20390C2DBD0C2F950631F981A0AD9776163A
S31502016D306C2AF7BACEAA4062A095A25B9C7434F87B
S31502016D405AD237CA5B7C94D66A31C9E7A73BF16648
S31502016D50AC0CB48D23AFBD56EB3335F5E3B92A3608
S31502016D60403DB96ED568853372555A1D52140E9E31
S31502016D70181374836DA8241DB23B9DC16CD31013E5
S31502016D80B9862362B76B2A065C4FA1D791859B7C94
S31502016D9054571E7E5031AA031FCED4FF4876ECF417
S31502016DA01C8CAC54F0EA45E07C35091D8225D2885B
S31502016DB05948EB9ADC61B243F9E5C49EED25654279
S31502016DC00333901601DA5E0EDCCAE5CBF2A7B17285
S31502016DD0405FEB14CD7B3829408149F1A76E3C21F6
S31502016DE054482B39F87E1E7CBACE29568CC3882488
S31502016DF0BBC58C0DE5AA6510570D20DF25452C1C58
S31502016E004A67CABFD62D3B5C304083E1B1E7070A28
S31502016E1016E71C4FE698A16997D6A9EF13D6FC7A15
S31502016E205979061CA45AC40C96DAFAC104E16FA573
S31502016E306503E47204B7733A34472D9E6BE5267BEC
S31502016E407516C6812B13C7C47FDE9CEC25955CEFB4
S31502016E50AD4317E7160BC839686C821B0D6E190F05
S31502016E60DBE36049E2F01FF76C43B7237016136147
S31502016E708272DA7758EAF00CEFB4164D3FDA331420
S31502016E8099F857E2F8533D7C48AC5C6F0EF5C92F71
S31502016E905C744728E415827B14949654297B87B443
S31502016EA02FF404605413347DAC008E4A8E13EFC660
S31502016EB05F214AEEAC5CF36DB2B8F0EF5A7B126E0B
S31502016EC0B82959F36E66AE0D551C426DBCF52C50B0
S31502016ED07C1245D8B0BB6667BDCCD4DDA4806C19E3
S31502016EE09DDDF2955DF5E6221BC7D640C7335EC727
S31502016EF02F043CCB7912B57B5A94A63BD4CE32E30E
S31502016F005DC081E861130BDE3BED675E090FD41AA2
S31502016F105D3DC6B8DAACA85D9F15703A4A66B6C43D
S31502016F20144E900A0F4F1976136C09A4394C61A5B8
S31502016F30EDEC9F9750FFD06CF9F7BFD1DACB3D4EFE
S31502016F4017576420828E11C9569D180FBCCECCBA32
S31502016F50687646D4E922481B2CD5BC68BDF2BE33FD
S31502016F60F22E4869B0DB49C6EE1ACB410CEEB6B534
S31502016F70E5A71202274D295C813756257F0A36ABD2
S31502016F8058790F488A221225E3B4146127055DC791
S31502016F902AFE76D925962D229DBC7C34C813AB4692
S31502016FA08323C199D4E84938C94AD6874031EA4C84
S31502016FB0E79EA2B13441351F179DCB6E7B730E96A8
S31502016FC0E1EA7CD64849F2FA891B5ED5B4A9E737CC
S31502016FD0EB596CB43C17B75CF0ABB7828BE6894AC6
S31502016FE0B9B7A69B27D91CF46F878DE110C2E616A5
S31502016FF0C6091B7F0FDBAC7CCBF83B3D3BAA9F3C12
S31502017000F93ECE857BA3BD921D8A1297FD362402D7
S315020170107DE296E93CB8057EA64DA74E2E75105522
S3150201702022EC93F4756C5808F489E49A10C5F9A216
S315020170308FFCE6EF56EC2C1302376F52BBD3931338
S31502017040C8C4414311276DA300C3517F05D46FEC18
S31502017050A1B7632AE561273ABC781AD9E0B26290F0
S31502017060679650C89C88C947B8705040664AF59DD4
S31502017070BFA19324A9E66973EDCAC5DC344401E1D3
S3150201708033FB843C965DED47E7A086ED769501706C
S31502017090E4F967D27B69B22564689813FB3F679D61
S315020170A0B8C75D41D9FBA53C5E3B27DF3BCC4EE031
S315020170B0D24C4EB53D68201497D19D241EBD78B49D
S315020170C002C1585E00350C625CACBACC2FD302FB0E
S315020170D02DA708F5EB3BB660D05ACCC16FBBEE3497
S315020170E08BAC4696E90C1B6A53DE6BA649DAB0D322
S315020170F0C181D061413BE8314F2B069E12C7E89709
S31502017100D80A32294F8FE4493F68186F4BE1EC5B8D
S315020171101703552DB61ECF55B9E1B35A465D3A420C
S31502017120613FF1C787C113FCB6B9B5EC6436F819EC
S3150201713007B637A6930CF86680D08B5D6AFBDCC472
S3150201714042481A57ECC4EBDE6553E5B883E8B2D47C
S3150201715027B8E5C87DC8BD5011E1DF6E83376D6082
S31502017160D9AB11F0153E3532963BB725C33AB06419
S31502017170AED55F724464D51D19FEFF2A035D74F212
S3150201718066DB247F493C9F0CEF9885BAE3D398BC12
S3150201719014531D9A677C4C2298D31DAB299E665DBA
S315020171A03B9E2D34581692FCCD7359F3FD1D855520
S315020171B0F60A9525C3419A50E925F9A6DC6EC0BDAA
S315020171C0331F1B64F4F33E79893E839D8012EC8260
S315020171D08913A12823F0BF059DDB89170C088E3977
S315020171E0F578E7F3252060A75D03BD064C8998FA79
S315020171F0BE66A925DC036A104095B613E847DBE5AE
S31502017200E11026433B2A5DF376127838E9261FAC54
S3150201721069CBA0A08CDBD429D0533333AF0AADD9C5
S31502017220E509D3ACA59D6638F0F788C88A65573C4F
S31502017230FABE2C05518AB34AE9C02443EECBDADF02
S31502017240B75B953F884244059F6031EAA8AAF7DEFB
S31502017250FF7C284206E7AE6854E09D80E8E28FF69D
S31502017260D1BA829C6A09BCE345BFAD0AD45363070E
S315020172709E95A1DEB51F9B7B0CCC7174F1C81CF0E7
S31502017280BB829057372E24955F6BE4D393607727A1
S31502017290FB85BD285AD5132DDAB8355B06D2C5FA58
S315020172A0B74B62859A8ADAA80FCD213D91CAD2CC13
S315020172B0580DF98BEE41836B527AEE7ACE9C01BF61
S315020172C0D3EA54E4B6D2DEA819BBA8870B9F613C68
S315020172D0D8160956D7B51936B2C482026BF2793578
S315020172E0AEEFAF4FF292D564C0C7C8287BEDCDB7DA
S315020172F0D7A873716B7B926A56466E984FB26D1F11
S315020173005B10E9D12EC0211075A3C02CFF3FFFF8F7
S315020173109225C8C6F86B2A1DEB88CE3E8640708D33
S315020173208CC0EE80A907E3F0DA8F780D615022ACAA
S315020173308D470D3AA4926D05A1A53DFC96A1051BAB
S31502017340D09EB543C2A8D7771879D197623DDA069E
S31502017350F75323F194B4FB66B80F5CD8B9501A758A
S315020173607B09CF8B25DCAFD169A90983A3A6162F89
S315020173705906B0E59EFFDD14D60923F19609D7D643
S3150201738039D5C3E98523FBDB112455F7B002D6466D
S315020173900C3E8457050B0A27CC2B86A74006FF61B4
S315020173A0FEAB115F9AC0CA81BB2AD15504834790AD
S315020173B073E85A94E1BDA4199146146335E984DC54
S315020173C0F4231FD6A0E82F63D5A8A9120680AA4CDA
S315020173D0D318990EFADBF948F8858A3A33B394D56C
S315020173E0587D8DE78976A34E1F358E5E459FBF7305
S315020173F0B4EB41BCD2D70755FC7295290329EB1C84
S31502017400EED00295A2CA8C7C7BE6CC1134A4BF9144
S31502017410E731A8641948845793D56867252B7CDA26
S3150201742013CA224457C0C1981DCE0ACAD50BA8F168
S3150201743090A688C0ADD1CD299CC0DD5FEFD1CFD654
S31502017440CE5D57F7FD3E2BE8C23416205D6BD5257E
S315020174509B2BED04BBC6413048E156D9F9F2F20F36
S315020174602E6B359F7597E7AD5C026C5FBB98461A2A
S315020174707B9A041468BD4B10C3F9B59D0D765BC3A7
S315020174802151BACA700C5964094CF741938A8D4548
S31502017490887426ECA56250746FDD43C5D852733BDE
S315020174A0F77A9A4E62166CE99CFBCCAB27DA16790F
S315020174B03316F98253A6166D41FCCF1E0C986E3116
S315020174C0069FD4E0C7ABB4C7618E7CC847C2D59FBD
S315020174D0B55DB5AC5A6AD77767EDF16831FDF05102
S315020174E0C23B6FD8CD1D812CDEF2D204435CDC4453
S315020174F049712A0957CCE85B63F17FD65F9A5DA988
S315020175008156C74C9DE62BE957F220DE4C02F8B7AD
S31502017510F52D07FB202A4F2079B0EB303D3B14C8ED
S31502017520302E65BD5A158975315C6D8F313C3C65CE
S315020175301F1679C217FB70254AFA6283AB20FFCD6B
S315020175406E3E1AE2D418E1572BE639FC179617E379
S31502017550FD6917BCEF539A0DCE10F4044EC35803BE
S3150201756085066E275A5B13B62115B9EBC770965D70
S315020175709C88DB21F354D604D5B5BDDD16C17D5EEB
S315020175802DDDA58DB6DE542992A234331708B61C19
S31502017590D71A9918264F7A4A73F7D2C3741FD2E9BA
S315020175A04568C425415450C1339EB9F9E85C4E621F
S315020175B06C18CDC5AAE4C511194ABB14D4DBC4DDC6
S315020175C08E4F42983CBCB2196971CA36D79FA848F8
S315020175D090BD19F00E32650FC6E0FDCAB1D186D44F
S315020175E081513B16E3E63F4F9A93F2FA0DAFA85942
S315020175F02A0733ECBDC7AB4CE29D0EA80B8BA2ED5D
S3150201760006891195FC0510603CD37B419F713CA60E
S315020176102325C396D8762263B9662AAE733A3EE328
S315020176208216D0BCDF2668B0B33F8F4B7F7AC3F890
S3150201763073D8ADB4F93ED224080D965FAF1FC721A8
S3150201764005E274D86A3856096F4345BD5E403F83E9
S31502017650EFD0190B72BAA22528742F53FBA8FA167A
S3150201766072E2A446A02ED4DB80A49E8B3B653753DF
S31502017670033F97237294654044A0541A9CA1C0F714
S31502017680BB9FBD77245E1C4A7229F25A11CAE3A630
S315020176900D9E2E3F95BB1918842E045E79BB8F4928
S315020176A014B798769AD80D7D9562FE27A40BFB8BAB
S315020176B024052021E782BA3641EC4542B7CB0ED6E4
S315020176C0168734349EE89BFDDE8422E4FE0A24C931
S315020176D0B41D53D048F67244D54E27570A9DD6C8D3
S315020176E0174B80603280BA45ACDF552210DA3CDF97
S315020176F039B309272321D277D894AD64706D8A49AB
S315020177006322F69AFDC8B5A5F441C14505EDA88CDB
S315020177108C352D66C3BE632C75E43EEFFA31EC8DD2
S3150201772092FD229E8AFFDB99B1CA264E59112D512D
S31502017730B91043EC1E56DE0C6A584E5A85A95F2DC6
S315020177407EABBE49A4F7F865D3331DF2DD4D07AA18
S31502017750EE9DCB1B72BA5C1841CBE3F4A39D8693D3
S315020177607E97F740F59203BF833B46D0FC04620243
S31502017770ED6EEC9E761AC93E6CCEBAB05FA0BF1E04
S315020177801E9AAF1C0C6234C91AB6821DC41C77CC70
S31502017790EC4FF7A56AA1942DF8FB4B19B4AC1D4821
S315020177A09982E5BAF1E3774DA072137D2E61F41E3B
S315020177B0E169FF707E868D3A58F9AF555DCD586FF6
S315020177C0217756755CAA3EBA7D2265919923C175C8
S315020177D05EB3F2C24313BE69E11CDE681002BEF655
S315020177E01FBCDC0EE718D5E8A505551BD0FDEFE356
S315020177F0D03FECD35333F63502A92393D43B7F3BD7
S31502017800536E2C6B56B5217CA752783AF58FBAE5A1
S3150201781000CE8E83A577BC2836805DE2A878BA634E
S3150201782090343394001E656332E58C28202FD848A4
S315020178302475B536FAAB313A2E0A9C0824969E2354
S315020178403847FE3AC0C448C72AA14F762AEDDB174C
S3150201785082851C32F0939B6389D2783F8F788FC0E1
S315020178609F4D40A12CA730FE9DCC65CFFC8B77F2B4
S315020178702120CB5A1698E47EC3A11191E308D57B48
S3150201788089749080D4902B2B19FD72AEC2AED2E7C9
S31502017890A602B6853C49DF0E685A9B595881CCAE81
S315020178A00EE2ADEB0F4F57EA077FB622741DE44F86
S315020178B0B44F9D01E3923B4013417684D2C467677C
S315020178C035F8F5F73F4090A0DEBEE6CAFACF8F1C27
S315020178D069A3DFD1540CC004F85C468B812FC24DDB
S315020178E0F8EF80145AF3A07157D6C704ADBFE8AEBC
S315020178F0F47661B22AB15B35F4BB9374CC641EA7EC
S31502017900C3B0A3ECD984BDE585E705FA0CC56B0ABC
S3150201791012C32E1832819B0F18738C5AC7DA01A330
S3150201792011AACEB39D0390ED2D3FAE3BBF7C076FEF
S315020179308EAD52E0F8EA1875326C7F1BC45988A4E1
S31502017940983238F4BC602D0FD9D1B1C929A91518BD
S31502017950C45517BB1B87C347484FEC719753445114
S315020179606E5D8CC97DB105F86BC6C3471AC162F754
S31502017970DC994676859BB800B06650C8505DE6FB39
S31502017980B099A2B3B0C4EC62E0E81A44EA5437E50E
S315020179905F8DD4E82CA0FE08D0EADE6876DD4D8242
S315020179A0235D684B204564C865D6895DCDCF14B584
S315020179B037D5754FA729384743D634494393895258
S315020179C0F52212A506F8DBB9221CF4C38F876D8F47
S315020179D030979D4D2A6A6737D685E277F4B54666B2
S315020179E093618F6C67FFE840DD94B5AB1173ECA62A
S315020179F04DEC8C65F346C87EC72EA21D3F8F5E9B5A
S31502017A0013CD016C771D0F13B89F98A2CF8F4C210E
S31502017A10D59D9B3923F7AA6D64856210564A1E5974
S31502017A2034DFB4A87CB84B2A438EA3E772252ADE3B
S31502017A306E04E5FED9ABBD3C7030D12CDDBBAE8107
S31502017A409E0E5AF825432E96CBFEDFCAAA9193DEE5
S31502017A50E630C252DA7F175379DEB9500697BCA7D0
S31502017A609BB501C3FBA7123D8CE36AD3682E65025F
S31502017A70DC99615A8339D7791F7A9A9E57D5D8D814
S31502017A8072F4993F17E06FAD2A41B4FFAEB6FB67B8
S31502017A90521842E1BADAA761E57B0FD2B3102BCCB9
S31502017AA05F74F2FAF50CAF01C79418FF1E99258788
S31502017AB06B829355F01D942F949372E126CAD53F9A
S31502017AC09E9289FBACB717C1D0583C0E3936164C7B
S31502017AD004E468D427EBA46EBDC13141F64D35D914
S31502017AE02258EC86A1948075C2F359E412EE6444DD
S31502017AF0823213CBE4FC116C3717590D92D9C92185
S31502017B00D66CB4E9D241EA9BCABF890D20840EE242
S31502017B10F85FAE6E949FD9790532676835487BF175
S31502017B206CD9AA3CE8EA7D3886E3FF56FD71B46159
S31502017B3099A545B7951174312475031306D65F537A
S31502017B406AC2FBB0F6AD10E2AE90E9239B0A8DAC98
S31502017B50F9DB2FD7084D20477F494B0DB32E24075A
S31502017B6087CCBCB90663F91E456F11D8340995371E
S31502017B70045B4001628D4605DE6732F9A965F500AF
S31502017B808A8ED5C08DD7CFCE8EE218F3DCE215A24E
S31502017B905233639B91EE9945CE2A8C5CE972B0A26F
S31502017BA04B9C1E6596FCCF692BB4E742F88E324494
S31502017BB0B3DEAA22C196D95D0732F85E423CF2B41F
S31502017BC0B534A9C9D394F8ABF787FD39138C70D0B4
S31502017BD030611617917876187C500C67F05E5B92CD
S31502017BE0BF333CB942C89B813F00DD709A2E7910A2
S31502017BF074DC286E7A4BAD5980C9546A1DE913A407
S31502017C008FD910F525774A5546620F5AAC86C26A54
S31502017C10BF25C88589A35B1009AD7D266A018F340C
S31502017C2063D3B7A2C9D6582F1322074E59BA7597ED
S31502017C3050A6E6F97F089D75DB5D8A9DDD80ABBFA7
S31502017C40C72458905962EF16B864AB326A71FE6363
S31502017C50FBEB0AE08A54615447BE3DEB62753A5F1B
S31502017C60B8A0BD8E5438EAF79972744531E5C3005E
S31502017C7051D52716E7E90413A28EADACBF043B58D2
S31502017C8084E88B14E843B729DBC510083B581E2B41
S31502017C90AABBB38EE549542BFE9CDC6AD2149878B2
S31502017CA00BDD488B3FAB1B3C0AC679F9FFE10FDAC4
S31502017CB093D62D7C2DDE68449E4619945E35BB51C2
S31502017CC054C7DD234CDCE63362997F44D6B6A593CD
S31502017CD063BD44FB6F7CCE6CCE0763F8C6D89A4B64
S31502017CE0280C5D43313511212C777A65C566A8D4F6
S31502017CF0527324637E42A65DCA22ACDE88C6941AFA
S31502017D00F81FAEBBF76E06B90F58598D388CAD8880
S31502017D10A82C9FE7BF9AF258ED6C61E4F8B0A8C3AC
S31502017D207DA8259E0E6600F79CA5BCF41F06E3619D
S31502017D30E90BC4BDBF920C2E13C1BE7CD9F6189DA8
S31502017D40E4DBBF74E6064A84D6604EAC22B5F52062
S31502017D50515E9550C05B0A72355A809B43093F0CAE
S31502017D60FCAB4262378B4EE84693225CF3171469E9
S31502017D70ECF04E14BB9C9B0E0027F676289D3B64C5
S31502017D80EB68760E409D1D5D8406FC2103434B1B69
S31502017D906A2455227EBB3879EE8FCEF86526BEC29D
S31502017DA02CD680E814FF67E9EE4E362F7E6E2EF151
S31502017DB0F6D27ECB7033B334CCD68186EE91C5CD65
S31502017DC053A785ED9C1002CE83888058C18574ED38
S31502017DD0E465FE2D6EFC7611544EAE9441B2BE445C
S31502017DE06CEF5718511C545F98048D362D6B1EA6E5
S31502017DF0ABF72E97A484544438B63BB71DD92C96BB
S31502017E00089C12FCAA7705E68916B6F3399B616FBF
S31502017E1081EE44295F9951347C7DEA9FD0FC5291CF
S31502017E20F65C93B0946C814A405C2847AA9A8E25E7
S31502017E30B7932804A69CB8102560643B6E422A9B20
S31502017E40CFE45C389071123245EA6DDDC2FF5CA265
S31502017E5075DEA8BE10904006A04AD379D6DE7CD63E
S31502017E609FB34DCCC09E0BCC0F195DE356A435A52D
S31502017E70EF6F1FF6EAD9052E59EB1BD61A9047C4A6
S31502017E800A88DCE5BC191F662768CAB782546824CA
S31502017E90267FE0EF8C773C2996900607709E8086B6
S31502017EA08901E5E4155BD7AA47011AA21557F3071B
S31502017EB05E5D8112F1F3870400F21FA1D695C71602
S31502017EC0C91558B1E2D070CBB595539B2093F2896F
S31502017ED04F7BE431D0C2B85062498A06080C354854
S31502017EE09A2C095153D0FD6FDDC86FAF4A4FAF17B8
S31502017EF08BA5DB3CB553054B79FF321BBEFC659C5A
S31502017F009B0FB5039FEA75EB06E6076C6C2AEDFC3F
S31502017F1008797151D56C1035D452C1271B2105BF81
S31502017F2039F61ABD4968C25E98AB6F8EAA2C0B5EF2
S31502017F304008BD50DD8B4C053D07CF1D2FB1A03842
S31502017F4076A2F6B7A3A8604B9A4F40D325ACD5FECD
S31502017F5029C205555E2DE872C844D8F07F690B6BBC
S31502017F6049CB79D95CF812BB1F0FDAC1C641A5D23A
S31502017F701172CE5829247C7B021D7769FDCDD90069
S31502017F807EF1FB6CCD760241C72EB11C6C30454C9D
S31502017F906108502716BF57289E6801013F90219F0D
S31502017FA0051086BFD3DF79D71B0FEB3D5FEE22A10A
S31502017FB0D4005A484BF80D516ECA28CE293C0DF110
S31502017FC03D09B6FC4045D3BA3F2DEAA2D76E42E738
S31502017FD0B998F24F4E9DAF087E1F5216366530157F
S31502017FE0BA3D2096B8060D6679085F54BC89392DCB
S31502017FF0B0D7EB78AF03534BE8BDBCBEC3A6F8724C
S31502018000898E3ADC4ACA0F4F7ADFBFC7E8D4A96F15
S31502018010B74E629B672DCF0D9C2818974947593D4C
S31502018020263F5324C5F8EB1215EFC314CBBF6202E8
S315020180308E51B777D578B8206EF0455ABE4139755B
S31502018040655F9C6DEDAE7CD0B651FF729C6B77116C
S31502018050A94D0DEFD9D1D2176A3E3F0718AFF227C4
S31502018060691052D719E53FFD2200A63C2CB7E3223F
S31502018070A7C665CC634F2172F569D8F6BF0355AD24
S31502018080D1032B5A8B83968EC7E17A06E524FD43EB
S3150201809049A1D9C3FA7AD10E138FAC56634347CE9F
S315020180A0E7EF725160DDAD3D2CA6491409C73DBB10
S315020180B0CF5D2205EBDD6D2A80EC52F445079C70FB
S315020180C0BBF67808B5E10B4728B779C89601B673AE
S315020180D09A20E511D8B6A04293A60753407FE3B48E
S315020180E09567332FD714A7AB99107673A7D0FBD612
S315020180F0C9CB7181C548DF5FC9293BF4B9B79D1D5B
S31502018100758F514F4A8205D6C49D2F31BD72C0F279
S31502018110B045155A85AC241FAA05958E3208D62478
S31502018120EE20140CD1C14847A225FB065CE4FFC729
S31502018130E695E32A9E73BA005A499C2DB3EE82BA9A
S315020181407CB92BF1FCC8EFCEE0D1B593AEAB2DB025
S315020181509B8D69139C0CC03950452C24C8BBBFADFD
S31502018160D98130D0EC0CC8BC92DFC8F5A66635843D
S315020181704CCE5882D325CF78689D48318E6BAE1589
S3150201818087F02B9CAB1C85AA05FA4EF0975AA7C914
S3150201819032F83F6B07526B007F2FBF89B038C95146
S315020181A0A7E9DF0265BD972453E480789CC0FFFFEF
S315020181B0928EF9CACE6745120DC5860C448B34DC04
S315020181C051E694CCC9CB3713B93C3E644DF72264D0
S315020181D008CDE3BAC2701124B473C40A86ABF93F5F
S315020181E035E41301EE1D91F0AFC4C6EB6050E74AC8
S315020181F00D00876C9612863F46729D739028BA705F
S31502018200C1370F86B9455CC33D7FBC4B11FFB59A99
S31502018210A1EB08CD1C92801C0CE661DC2F8BC202FD
S3150201822077E3F62868D0CDAA85069D14D501BF5FEE
S31502018230196BA809664F6929F59005ADAE29F75262
S3150201824040E62712EA2DB0EAAEA1C870035F8A2E74
S31502018250B78932919DC17D21E47B95F703539C0C2D
S3150201826045C185E0201AC3A3500085D0711D72B0A5
S31502018270DAF20BAB0E39BA0AF37B8C63FEDF9F523D
S3150201828095498B38609E2BDF4902AD1B4FB327E020
S31502018290ED74FAB9C92FC97BF9D91A802EEF979FC6
S315020182A03ADAAF79547D6983506B59BDFFB306E95A
S315020182B0E0B83FDD372B6702E48508268BCAB24850
S315020182C01C4CB382EC6B28A4748FF517261A7E9385
S315020182D0A5A22CABCB1F1D74F5A78C3929A79BEE42
S315020182E0DB49487A25A69CEBE144C57ECE29EB29DA
S315020182F0C8E236F71EA22C2317CB3F253D4261BFAA
S3150201830014EB39FAEA3C8008AFC75198DF0286F1CD
S315020183104B41E349A0F30004F416159ECBF535FF54
S3150201832045AE8A64CF5B80EEF39E3AB92B3CD7F019
S31502018330C2A69220F20B7B09ACE1A2A7E74CE47B31
S31502018340B7B8D1FA3ED91F419B7C5F0DD7A134172D
S3150201835016DB27312392650D33D7A92115AB8BC4C1
S3150201836025BB1AD6EAEAC2A60543CBC61C6C5C62D9
S31502018370673AEB93EA0FC97FCBA4F153941230ED1E
S315020183808737F5C8C921E6BCB9E7BE38132BCBFA44
S315020183908C42A89E8A7925304D77F4214DB94578CC
S315020183A027B797786CF162BF2B52563CC0571867B4
S315020183B01212629552A8D63C99A9EC3A92DEEC3F8A
S315020183C02FC1E862005BAABDDE8A9896FC9DB96759
S315020183D03610665228C0523F2D9BF378DEB8D93645
S315020183E0ECB947A871ED427FDE3FBD79D6D11C2497
S315020183F06BCEFB92EC4F706ABEE7C5FAB0C033444E
S31502018400BEDC084C85AE4B729B8F9746C44CF2F18B
S31502018410C85F82626DFF0A4A015309619EFB17E931
S31502018420F892A00294DF02C10B1966FAF5E209BFBE
S3150201843037FEDCE0BE091168DE0D2A78C90C9A55B1
S31502018440858371EAB2CD1D558C23EF315B86627F3E
S315020184503D61737976A74A50138D0436FAFC189C4E
S31502018460DD9D8973B39D1529AAD0929F0B359FDC99
S31502018470D4198A87EE7EF526B1EF8756D52CAB0C39
S315020184807BF17A2462D1805167245A4F345AC185CD
S315020184906930BA9D3D94414096CCEB43BAEEC0C3D6
S315020184A0AF9CEA269C9C748DC6CC771CEE95FAD9B4
S315020184B00F348476D9A12014DDAA6CA24377214B0D
S315020184C0CEB78A6424B4A647E3C9FB037A4F1DCB10
S315020184D019D000984231D9124F5937D39977C6002C
S315020184E07BA43AB240513C5E95F35FE354281844AB
S315020184F012A0594331924F1B510915899D105C3EB9
S315020185006A69E92D91FACE3920305F973FE4EA2074
S31502018510AE2D137F2A579B23B16698A43030CF33F1
S3150201852059485F21D2731F25F6F4DE5140AA82AB68
S31502018530F6239A6FD591F15F68902DAC33D49E8163
S315020185402385C95F79AB83283DEB9355807245EF4D
S31502018550CB368F756A520C02BCDBD89EF8349877FB
S315020185606CA47CDCF9AAF2C874B0E1A3DC4C52A972
S315020185707738311546CCAA0289CC42F059EF31E956
S31502018580B64B128E9D9C582C9759C7AE8AE1C8AD3F
S315020185900CC502560AFE2C45DF777864A0F7A08641
S315020185A09F7C600E2764C4BBC911FBF125EA17AB98
S315020185B07B874B307B7DFB4C80DF78D328CC3365C0
S315020185C0B4A40F0A7943DBF65ADA01F7F95F64E3D9
S315020185D0A42B17F317F3D574F55EF7B1DAB52DCDE2
S315020185E0F565B016CF957FD785F0493FEA1F571437
S315020185F03D2B2B262136331C81CAD96754E56FA838
S31502018600378C292B757C8B393B62ACE392086DDA88
S315020186108CD9E94745CCEB4A771AD205725A1753D8
S31502018620D434B9D32244C0B0DCEA5DDD4BF2D9AD14
S315020186308CFF109FE6464F0745A459A004B2E90DE7
S315020186400FAD174BAAB45CE157C5791F52ECBBE1DA
S315020186501B0871D0B9F1332610998B017741FBC101
S3150201866040E10F6CDC20EAA6FFC65443E7F361D66C
S315020186707A40A3F1E672CB5EFCDA4F2223C893D08D
S31502018680C6A3E402FD2EC9DF19C30FF175C2C63AAC
S31502018690F63AA25F0845386AA924DC9F3BCCCAF3A5
S315020186A01D6679671C3F749ECE710EBD5FD9ECC003
S315020186B0F6EA79FEAD703E42A69131CAE06BF62723
S315020186C00D25B3839E3672A06310B3114CC85D6249
S315020186D0BD1D52E8B5BAB1694EFB59221BA315A5B8
S315020186E02FC5CA2B97F36009CB54348DEC2FB5ED08
S315020186F019C076C420272E389769E8E806E1EAFE12
S315020187008393D0987F336398EFEB06AA0E48709451
S31502018710D0C2C5D498688B03A650CE8A1DC591F3E3
S3150201872048292DAEB9D0423180CA247F1A5A4DDB6F
S31502018730A80E25598BBAAE21892EFE63EA859C9C29
S31502018740EC12940E91AF1BBE7BFEFB868AAA7B8F2F
S315020187506C8B96EF9F7FB10F4EF66F707666A159BD
S315020187603DA5860DDD53B910960B5CCEE6E1485860
S31502018770680C7812E7788B2D2B90C3AF2EC6D5796C
S315020187802807E88952213A77B92001E140E68AC3EE
S315020187906D1A2B7B7123AE0943B1B1A55C00061D8F
S315020187A0A2CDD17FB86B4C6DE7FFFC537696F56E81
S315020187B0A51ECEC1E8297C093BA5F543B9EC3C5C73
S315020187C0F28DC0061DA6C99C475489859A63BACF04
S315020187D0D59FF00DE85A845ACA94EB5DBE7DE94CE9
S315020187E0489C708C38A4D03897D069A1D4CE3EC4A7
S315020187F0C387E5F7FF49120A81E4D0004E0658E520
S315020188009A38BFD84E1A13428E60D175EB28DEBB59
S315020188106911492851B8493336A5070DEC1A9B59F6
S315020188200C893486D006E7797BFB7DB8A13D141904
S31502018830088C4B8D61F6786A9BA15320DFEEB01747
S31502018840FA1F0B334BD8587C24DEAAAD7BDB53AE21
S31502018850F5C07879A4A70535C9016D271B07F01262
S31502018860708CC486C5BAB8E7A9FBD6719B120853A8
S3150201887092B73D5AF9FB885D10B654739E8D400B33
S315020188806E5BA85B53326B8007A2584A033AE6DB5A
S315020188902CDFA1C9DDD93B17DF7258FE1E0F502B03
S315020188A0C11839D42E58D658E03A67C98E27EDE653
S315020188B019A39EB113CDE106236F166F51ADD040B8
S315020188C0BE6AAB1F93328E118E084DA0145EE33F32
S315020188D06662E1263560803053035B9E62AF2B47A9
S315020188E047048D27900BAA3B27BF4396465F780C18
S315020188F0137B838D1A6A3A7F0B803D5D3944E6F715
S31502018900F6ED01C955D5A89539632C593078CD684C
S315020189107E30512EEDFDD030A4625D3CBC31F0407B
S31502018920607AF0CF3E8BFC1945B50F13A23D18981C
S31502018930CD138FAEDDDE3156BF01CC9EB68E689C5D
S315020189406F8944A6AD83BCF0E29F7A5F5F952DCA1B
S315020189504182F28D03B4A84E02D2CAF10A46ED2A29
S3150201896083EE8CA4055330465F1AF149457721916E
S3150201897063A42C543009CE24A732EAC73DB1F59837
S3150201898098DB167ECCF8D5E347D9F8CB52BF0AACB1
S31502018990ACE45EC8D038F308A164DAD08E4AF07529
S315020189A04B28E267AF2C22EDA47B7B1F79A334828D
S315020189B0678B01B7B0B8F64CBD731A9921A883C368
S315020189C07A0C32DF01BC27AB637077841B333DC15E
S315020189D0998A07EB824A0D53A2B8243B9A25E65C93
S315020189E0B8A0AF45CC7A57B83770A08BE8E6CBCCA6
S315020189F0BF097812513C143D5F79CFF16261C8F526
S31502018A00F257EE2619868C117835061C8524211714
S31502018A10CF7F06EC5D2BD1365745157991276D121D
S31502018A200A3A78FC5C8FE4D5AC9B17DFE8B6BD3613
S31502018A305928A85B8817F52E4A0D1ED18C43BD888D
S31502018A4008F3CC430D61CB30CC7B9391370E9AE080
S31502018A500C72B1255B135945E9A16D7C8336A41EBF
S31502018A60BEBDB91FAF89C1F955D15DCEFC0130300A
S31502018A7052BE57BC9EC9A7289D9ED1E89993FDB8BF
S31502018A80FF232496CB918190A342C747D748B9B217
S31502018A90C444FBD72632F337086E5FB56787AE0D3E
S31502018AA0023A205BB3B3434A798CAF806E5A72E3C2
S31502018AB0A3A75F70D17F7A0F1DB121C853259133C8
S31502018AC0DF01E341C242ED66FD22421011CC6F067F
S31502018AD08F1692C1413B7A30E05CB56E075DEB8E33
S31502018AE05A920DAABF36C52FE8C6B6DC0F8381BEE0
S31502018AF052AF7B8245706C55B7D8E90273512B8E02
S31502018B00E81487246922E5E3B560A94C77BD4FBD18
S31502018B10A9ADECC599414B6F0644F42B02904BB9B2
S31502018B2034B590FF7E23D4AB3A6DF8FA60A900768C
S31502018B30E32E32C2DAAB452F6A8AEFC81249AF6118
S31502018B405E6EFB43FEA48FE5CF27D46F5DCCAFB536
S31502018B50EB111E1E2893536A89EED1A53951DAF318
S31502018B60886993FF7C454581C488E100ED2F623F08
S31502018B703D5A8BDB1538510FCF439414FE04FF0F78
S31502018B80D7DD5C86D9C6CA53B7D11E53035B3831CA
S31502018B909D03D1AC7CA246581787B01EACCDF54FCA
S31502018BA0BCE9F29095B2E86799FA7A235E3B0944E9
S31502018BB0B2B80887ED4B410D8CF7D8409E1130466D
S31502018BC0110E713CC59B1AA079DD1089252B6D48C2
S31502018BD0E52403DBB3476C1EF2C8A9C4BC34216A7F
S31502018BE0372ECE8A1CFDF8FBBAA0119904E30A00BE
S31502018BF09E9BC86B613A6E04BE0639F04254E61476
S31502018C002ABE62E3549D014AC730C28DECDFCC68AD
S31502018C101C866BAF3F7EFB7CDCAE588C4E9737468B
S31502018C20A441F0ABFB22EFB98A7180E956D985E1FD
S31502018C30A6A843B1FA781B2F512F5B30FBBFEE96E4
S31502018C40B8969588AD38F9D325DDD546C72DF5F009
S31502018C5095003ABB9082965701E1200A43B81AF76A
S31502018C6047ECF0248D6593F3D1EEE26EA80975CF38
S31502018C70E1A32ADC353EC47DFF2A4FE316AFBDA62A
S31502018C80A64FE837CCE9A10A3130AD862E312E9AAC
S31502018C90A5300C130570FE64653DE2AADBE7EB0E17
S31502018CA068D83508DF6FFF784F2616C09B24264405
S31502018CB049219DDAD95F8D738CD5DAE8DD96CED559
S31502018CC022492FB210DC7E1427EB1CAC028572827C
S31502018CD0DF097BE33BEF8431C3D97D8865669685DF
S31502018CE05553B04B319B0FC9B17920EFF88DE0C6D0
S31502018CF02FC18C751620F77E18973E275C2A785A63
S31502018D0094FD4E5E99C676353E7D231F05D82E0FFC
S31502018D10990AD5821DB84F04D9E307A9C518DFC13F
S31502018D2059634CCE1D37B35749BB01B2344570CA9C
S31502018D302EDD309C3F82797F0BBA87C8AA2D07D3D5
S31502018D40EE62A5BF052926018B76EFC0023054CF0C
S31502018D509C7EEA4671CC3B2C3144E12052350CCC47
S31502018D604151B1090795650D365F9D201B62F59A42
S31502018D70D3557761F7BC697C5F29E804EBD7F00725
S31502018D807DF3502F2518DB10D7981717A3A951E9A0
S31502018D901DA5AC22739A5A6FA279982E427C19F6B6
S31502018DA04736CA52D4DD4AA4CBAC4E4BC13F419B96
S31502018DB0684FEF077DF84E3574B951AEC48FA2DE06
S31502018DC096FE4D74D373991DA84838870B68406285
S31502018DD095DF67D17924D84E75D9C56022B5E3FEF0
S31502018DE0B8B041EBFC2E35503C65F6A930AC08888B
S31502018DF06D233905D2922D304BE23D48AD4758538A
S31502018E00E63234245690DD85EE9944FB5E7B5BD3D4
S31502018E10AF234D597592CB5606781FC3033F1810DF
S31502018E20E74ACC139B80CF304B5FAFF19408639B2B
S31502018E30C9FFA4E8F6A5DA7FF372E6AD32E9FB11C2
S31502018E40026CD71641C67B301F0E35F60EFA6B9FA2
S31502018E500DB49C8D1B4C41157CFB3ECB3F02594CFC
S31502018E60942A3CC699CB2F6C84E0C7C3E29041BADF
S31502018E70D97418A5AE5D540E303CF50D8B8B7B95DE
S31502018E8098F0608E0A771C2ADE96573470A6C7BB05
S31502018E90C99BC9909A8FA42258AC3F8DDCC07D6BC9
S31502018EA0FD2BE4E66CCD975405D300F41B7D2F54BC
S31502018EB036918D047FF45941321EE3390866AD209D
S31502018EC050BE0584D51B1EF869BCDAF4564006F875
S31502018ED075B971CED43DD2143948D2BBA815857461
S31502018EE0552BB0AF478312777FA1A249C62ABA5042
S31502018EF0F130D73A51250506827FA28A098E39F2C7
S31502018F0024B0A189BB82796D4CD24D21844069FA84
S31502018F10C30123A36F96AB71431ADC5E5E5804B29A
S31502018F203CC79758EE160E9F3C48704EAEC0825B08
S31502018F30BEF9DD2B0E174A6297552DFA8D4F3F2545
S31502018F400C137754409CE42502116B99E552C0003B
S31502018F504A6CBB336E96CB330969117F042870596B
S31502018F606744561E1CC48A82877321E6BD7D417001
S31502018F708443ACFBAE271672076EBDB487E16770F8
S31502018F8074FED1C703028F6E305AC8382FAAC69310
S31502018F908AA7753D1F7D29768C30C88ED3F37E2B29
S31502018FA0AB94EB71ECD78F82BD2A06C5363B7C802A
S31502018FB04141A931B84CB60C78634C5333FC30307D
S31502018FC061E841E55C5C63B928C7B2D9BEA9D91586
S31502018FD0CB5D77F3A33E234931FC0B44CDD93783CD
S31502018FE0D78F31AFA12C9D7270202C77A4A440A0FB
S31502018FF0BE49733AF02E00468814E3C0C675184876
S31502019000B43420E2B2299421653B28318AC92372FC
S31502019010F97722340BD62034F765FEAFDE3AA2FA8F
S315020190204C76E05BD41E26780344162F1E0A1C4496
S3150201903095D3877A568EEA5A3D28A4BCA2C11378E3
S31502019040D93D86A191F062ED86FA68C2B8BCC7AE77
S315020190504CAE1C6FB7D3E51077F1E0E4B66FBC2DC9
S31502019060936ABDA429BFE104E8F67A78D466195E4B
S3150201907060D026B45E5FDC0E678EDA53D6BF5354D8
S3150201908041F6A924EC1EDCE9238A57033B2687BF56
S3150201909072BA1C36516CB445A17F4F31BF2A40A921
S315020190A050F48C8EDCF157E284BEA8234BD5BB1D4E
S315020190B03B71CB6DA3BF7721E4E37F8ADD4D9DCE64
S315020190C0300E6276566413AB58990EB37B4F594BE9
S315020190D0DF291232EF0A1C5C8FDB79FABC1B0837D7
S315020190E0B3595FC21E8148608724839C65767A08DC
S315020190F0BBB58A7D3819E64A2EA34453AAF6DB8DFF
S3150201910078401BB4B4EA887D600D134A97EBB05ED2
S31502019110033EBF171BD9001A83FB5B98447E11617C
S31502019120363196712A46E0FC4B9025D44834AC83FD
S31502019130643DA45BBE5A6875B2F261EB3309966E61
S315020191405249FFC9A80F3D546965F67A107572DF57
S31502019150AAE6B023B629551318D5D1ADD7DBF01837
S31502019160111FC1CF88789F979B751471F0E13287E1
S31502019170013ACA651AB8B579FE832EE2BC16C7F55D
S31502019180C18509E819EB2BB4AE4A251437A69DEC25
S3150201919013A6901505EA725911788FDC20ACD40F0B
S315020191A0A84F4DAC94D29A9A340436B3642D1BC09F
S315020191B0DB3B5F90959C7E4F0D22706241A02A8116
S315020191C04E5B24F9FA895A9905EF7250CEC4ADFF66
S315020191D073EB73AA0321BC2377DBC7B58CFA8240F2
S315020191E055C134C7F88686067EA5E7F6D9C8E629AB
S315020191F0CF9B63A708D37304059E58032679EECA4B
S3150201920092C4DC4612424B2B4FA901E674EFA1022E
S315020192101A3404DEBF732F103E0DC27E0CD5A2B5E1
S315020192206372C9A06EDD4BC64D73FFC15290E856FB
S31502019230BAFA2F2BF7C629494762A393A2CB8E35D9
S3150201924065FD68B262988FAF891CA068997E2F412D
S31502019250244575CD12F386572C0314CAFF8877333A
S31502019260E31E7F44281092F3ADCC1B231F07148BF8
S31502019270834734F24B7B814C836638372BCD822769
S31502019280B64F69E49C60AC087C1DE15AB2495B6643
S31502019290631903B57C5F1F30456C19571ED2D2CABA
S315020192A06B797B7479762D3969DE890F6F51A350FB
S315020192B03179C5BCFA30242F2944839A8C64501320
S315020192C00BAC56ED53CCB376CD82D7F00498E8DFDA
S315020192D02757A9728A324D7C6EB971288553F80FC8
S315020192E0BBF1C360AB9F3EE1024434255359FDEE07
S315020192F04B74B77570C3370A84440BA457A03B411C
S31502019300436A5F4F1A2E4CBA1CD6E1AEA5A04B6139
S3150201931053DC058B1A53A1782B56D03A70F1BD6CEA
S31502019320A32125C93048CF8EE72484FD03D3EBDA86
S315020193306FC55E2EA482AD72A3D9EA5361CB20C753
S315020193406E632B517FC9B255B19002D45F5BE3B113
S31502019350E20E533BF1CCD92F9417C3437DBA059D37
S3150201936026253293FFC8702438741916C8DE238362
S31502019370539B568198705228B896F7475B47BD07AB
S31502019380548F2C5413B0C7D27EF8243BF423BD2D3F
S31502019390D601097BD7AF5165C3553F8B5ACC998C00
S315020193A0A0D2DE3F25D71106360AB736FF9529ED3B
S315020193B019268AD7549A691F11FA0753AFF566140B
S315020193C0F20A6CED7DCC7F81FBA3A4C34EE46D0A48
S315020193D00B7D92BC751407748AEAE773F39272E7FE
S315020193E0315A04CBD2376529DE4F27D33E65D01BCE
S315020193F06629BD76442C9A2FCF376B9A83F9FB15D2
S31502019400993ABF8E93E7DF432B6ABD5381F0510D23
S31502019410CDCB35AE40A3224138E3D7205DC1A63874
S3150201942043270B1E97A5DC37DC7FAB5B312285F820
S315020194306ECDDD840DF40C0D09D60B9564CE109616
S31502019440F2288CA9AEDCB4CE25E83782AA2D9AE39E
S31502019450BBB1FC6054398E11C645577FABB918EBC7
S3150201946090C68757EE8A3A02A9AFF72DDA1227B7C5
S315020194703D015CEA257D59369A1C51B5E0DAB4A262
S3150201948006FFFF2B2960C87A344250F55D371F98D3
S315020194902DA14EDA25D76B3FAC5860107B8D4D73EB
S315020194A05F90C66F9E5740D92D930292F9F8666472
S315020194B0D0D660DA19CC7E7B0D695C693C37C278FD
S315020194C06E904206662E25DDD22BE14A44441D9555
S315020194D05639740176AD35429BFA7CA7514AAE6D77
S315020194E05086A3E754362682DB822D8FCDFFBB0938
S315020194F0BACAF51B66DCBE03F57589070DCB586240
S3150201950098F2899154422949E46EE3E223B4CAA04E
S31502019510A166F0CDB0E27C0E6F13F426A46B00B9FE
S315020195203530E0579E36678D283C464FD9DFC8CB8A
S31502019530F5DBEEF8BC8D1F0DA0137273AD9DAC83E6
S31502019540982EF72EBAF8F69F5769EC43DD2E1E3197
S3150201955075ABC5DE7D903A1DDC81D03E319316BADC
S3150201956080341B85AD9F3229CB2103033C0128019F
S31502019570E3FD1BA3441B0100161EE4C5C64906549E
S3150201958035773F333064F80A46E705F3D2FCACB2CD
S31502019590A7DC56A229F4C016E8CF22C4D0C82C8D66
S315020195A0CB3AA1057B4F2B076FA5F6ECE6B6FEA3D8
S315020195B0E2710AB9CC55C33C31913E904394B6E966
S315020195C0CE37567ACB94A4B84492BABAA4D17CC8FF
S315020195D06875AE6B42AF1E6343AEF6AC28BDED8332
S315020195E0B47A5C7D8B7C3586442CEBB7694740C0E7
S315020195F03F58F6C2F57BB359C6BAE6C480C276B302
S315020196000B9B1D6DDDD30E9744F90B4558959AB008
S3150201961023E2CD57FAACD04871E6AB7DE4260FB60C
S31502019620373A2F6297A1D1F1940396E97ECE084289
S31502019630DB3B6D3391412316EF3AA633C7EA9AF122
S315020196404E4542445DBA7F2C41E49547A07AA85D16
S31502019650F5B0E0A4E1513041BE8B573DFDD12D85D8
S31502019660086128C372CE652B7322CEEAF4078C6594
S3150201967040AB38EC04F833097664498D7969ABA7B6
S31502019680C8ABB5FCDEAA21817294537BEF12DCA52D
S315020196901A35455E0647FD07CD2B8D253D3C58C83B
S315020196A03FB760AF4D9A021781376A41D6C90FFAA1
S315020196B023FBB338BA5F1E1CC3E7E89A5511423041
S315020196C0A582489429B281F2E45082372EAC138ADC
S315020196D0F448BA5409FA4A016C66B31B009731CBB6
S315020196E0B9ECFF4B526000333C23881A9911372992
S315020196F064D34E3D36841829FAAB4BDC05683C032C
S31502019700C1EC96555EBF152C3B1D9BB52406C71BA6
S31502019710C50E9FA15098DE3EEBB61ABCC3379DFB20
S3150201972040A2574D5314BE02F6E1A5F81534D7F4FB
S315020197308881CC0C30F464590068092D15234AE45A
S315020197409669867059C5085C6EFBAF460AB62DDF6F
S3150201975089FD56F8C1559157EFC9E012DD4E329691
S31502019760970242F28D878B46BE73F5A476379A1914
S315020197702AE9918EF1BC7F1EA6E71708636BF1B544
S315020197802610353C23698C8001F2CE543B984A322D
S315020197904553484A0892C053BFAFCBF18114D4D284
S315020197A0E5746171B62D1D23985CA5E256767D0B93
S315020197B0F695A42AD85C953EEB951B10363DF973B6
S315020197C086446F4F7933EFFA62E5158F5F7351560F
S315020197D0A10DB45890F1A37F9E699D0562C83FA071
S315020197E0699E619AA1CF7023EB3D822F123BFEC483
S315020197F04E84F0A76F051B1D1FF66BE53146C61B8E
S31502019800A382536E10AB79D38D1640057EC5584D92
S31502019810E4D8428462566256F67F26F6DE99E4B9A8
S3150201982043082C747BCA7277B1F2A4E93F15A023CF
S315020198300650D0D5ECDFDF2C4086F31FD69C49DDDE
S31502019840A0253606C39BCD29C33DD73D02D8E25199
S3150201985031923B207A70254A6AEDF6538A66B72A17
S31502019860A170D11D584242306101E23A4C140040C6
S31502019870FC498E246D8921579624843C0907DD66AD
S315020198800A1A12A9426EACC7FD6224FB3832BB55D5
S31502019890D3ACA74D66635B591D927A175CDC068BC6
S315020198A0940F36AAB6A5DF60AB67F63C86B2876E21
S315020198B05C9EB3B436326319ED0712766F6AF93BD1
S315020198C0EBE034C54DA29FD120148C68333C916FD5
S315020198D0595B29CEC8FDBC69AE1B18FD17556E0B27
S315020198E0B463B92B9F62229025460632E9BC09551B
S315020198F0DA133CF674DD8E574EDAD0A191505D280B
S31502019900083EFEB5A76FAA4BB39393E17C17E563B5
S31502019910FD30B0C4AF35C9033D0C2B49C6767299E9
S31502019920FC05E2DFC4C2CC473C3A62DD849BD2DC51
S31502019930A2C7880259ABC23EEEB8A8CBA35135C421
S31502019940165F11B21D6FA26550388CAB524F0F765E
S31502019950CAB81D413B44433034E3D6A14B095B806F
S31502019960193F350977F13EBF2B702206CB063F42DE
S31502019970DD4578D877225A586289D433825F8AA123
S315020199807F2578ECB5C49866FF413E37A56F8EA751
S315020199901F98EF5089275676D68379755D346966A5
S315020199A0A611AA1711EDB6628F125E985718DD7DC0
S315020199B0DDF626F6B8E58F68E46F3C942999ACD8B2
S315020199C0A29283A361F1F9B5F39AC8BE13DB992674
S315020199D074F005E43C84CF7DC032474A48D6906C88
S315020199E0993256CAFD4321D5E1C65D91C328BEB35C
S315020199F01B1927737E68396782641657B70751297F
S31502019A00D0D277552EAB04FEAA9DBCD5A14F10200C
S31502019A10865592AE700A9B69ABC74122DDA8BB4B44
S31502019A20BC2B61F176316ACA829B16E42A33BEA83F
S31502019A30719E865B7BBF0F10B420AFB76A3BF31CE6
S31502019A40C61739519618D0065E59300F69E314ECE0
S31502019A50DF759A451A136D74CF140820EAC5659FFE
S31502019A604017A369E1360584ADB4C82539D10E8BF9
S31502019A701D3636E9AFDB80001F97CBC9D0AAE58C2C
S31502019A80294AD59FA9AA5611789BAF157024F74189
S31502019A90AA490F42A8CCE81F2AC80C3C8F84A1729E
S31502019AA0549E7C87C260C538404155CE28E2045097
S31502019AB0719D4203A11824045FFFF3AB51EA9D890C
S31502019AC0BAD8C22F67A8939B5CBD6EBE97CB382CC2
S31502019AD05D3B269784574D11476281206F4CE858AA
S31502019AE093D76FE3B6B2B28D854D481D56827197F3
S31502019AF0D7AB32864F022208A3EC1B6B7CBB01B3A8
S31502019B007513EBC66D3F3955EBE4B69710280D91E7
S31502019B10A39E479D8D54D41ACFC530EF83843DD67B
S31502019B200CCC612396B4D44CAC2684A400E590EE09
S31502019B30EB4EC1187D1DF50A9EAEFC1EA0A47BA5A7
S31502019B40948A30DCEE4B9F762ECB0336EB0EF1D1A7
S31502019B507812447E5ECE9940E921518A4F8EC91A06
S31502019B60E02FFADB4495AE7DF90D43D60DAA20838B
S31502019B70B52F4A2C6582726655079CB93BB2E78CB2
S31502019B807A0FF5C4EDD6C535C3509BEDD22E1E7E96
S31502019B90A14D93E8165F3036687CB7CBBB005BD923
S31502019BA04978F1916A84BCDDB3D928BEAE00F77C4F
S31502019BB03E1FD3855C28E15CE8BDB0982D97B6318E
S31502019BC05BDEA6AC0607927D9F658A90F81073E666
S31502019BD03502DFEFA6C2FA502D79896BC2DD11A3D8
S31502019BE0642651DAC6B4301B590815CF4C7BA70C33
S31502019BF00894001BDF43E41DE0E636CC7A3A798EFF
S31502019C00ED6E587DA3B7FAF9E4F4E1BA92964F3AAA
S31502019C107E445FFF3EB0141C9152A814D17B641995
S31502019C20AFD33410B26CB757FA6D9D0F44DB29637B
S31502019C309314576A583EF45EA6755638142078EF87
S31502019C40E8A9FDAA309F64A2CBA8DF5C50EBD14CF8
S31502019C50B3C04D1DBA5A1146C01A0CC89DCC6DA689
S31502019C6036A4381BF45CA097C6D7DB95BEF3EBA7E7
S31502019C70AB7D7E8DF6B8A07D76DAB5C353190FD4C6
S31502019C809B9E1121736FAC1D6059B2FE2160CC03FC
S31502019C904B4B67837E885F5A113DA170CF01638F5B
S31502019CA0C4D00D3515B8CECF7EA4BCA4D49702F785
S31502019CB034144DE456B66936B943A6A0D328969E06
S31502019CC06420C3E600CBC3B532EC2D7C8902539BDB
S31502019CD00CC7D1D5E27AE34333E1A6ED063F7E38DE
S31502019CE0C03AA199511D306711382636F8D85ABDA6
S31502019CF0BEE9D54FCDE6216A5FE646300A17C6F1BF
S31502019D002435D2002A2A715855B7828C3CBDDB69AB
S31502019D1057FF95A1F1F96B58E3B29966122941EF02
S31502019D2001138D704708D371BDB08211D0325432FE
S31502019D30368B1E00071B37450B79F85E8D08DBA6AD
S31502019D40E5370961DCF07852B86EA161D24903ACFC
S31502019D507921E59037B0AF0E2F044837C1550596E4
S31502019D6011AA0B82E6419A210C6D487338F7811CC0
S31502019D7061C6025A67CC9A301DAE750F5E8040519C
S31502019D8030CC6226E3FB02EC6D3992EA1EDFEB2C44
S31502019D90B35B43C54433AE44EE43A5BBB989F29CDA
S31502019DA04271C95A9D0E76F3AA60934FC6E5821D8A
S31502019DB08F67947F1B22D562BCE79A084585E20A22
S31502019DC0064D7F1CCFDE8D38B811480A5115AC38C5
S31502019DD0E48C9271F68BB20E7227F400F3EA1F67D6
S31502019DE0AA418C2A2AEB728F92323797D77FA12901
S31502019DF0A687B532ADC6EF1DA79551EF1ABE5BAF69
S31502019E00ED157B9177128C142EDAE57AFBF79129FF
S31502019E106728DDF81B207D466B2EBDF772EE0679AB
S31502019E204EBF9A10D670D205A4A841B945FE5C8DE3
S31502019E308742971C6718C24418C36B29569D5F74E3
S31502019E40652E15D8D4803599CEE939583FB1E5B09A
S31502019E50C02139D4282BFC518CA9E29517D18F1B2D
S31502019E6091626B2BE15E4E1C72B5247410E7305B76
S31502019E70C64A4F4CE89D6B6E58EB98D135A5BEB1DB
S31502019E80E31B3E866836B01CBC3B19914AD70F5874
S31502019E9069BC0024B59AE971BF5769CAF5115EFC1E
S31502019EA0AA5787E4E85D73BBAD51F3540227E875FF
S31502019EB09120BF40F85F6C1E0D21DE80A05666B16F
S31502019EC055314531130975451BF0FBB9F22E8B2627
S31502019ED00705C68A0E23567751E11D4BCE5FF2DF87
S31502019EE025401CE1C7C041D8879C7454C8B3542588
S31502019EF0F90D8E905924292D88B00CF8105F7C6BD0
S31502019F005121E456DC546B73C499EFC6A520B6C23F
S31502019F10426FA0C32C804C5FDA52077DF1C8659B64
S31502019F2000E87EC738E31C88E3F9625BF014B5C327
S31502019F30480DC1BED55DED6687B210DC35FB6D7984
S31502019F409DF27F5CCD6B17270549B2C7E8433D7F7A
S31502019F507642C591A1F50403EBE4377F6BE054CD5C
S31502019F60CA6CE9F5875FC18CCE7D59D3B08B24B813
S31502019F700C407460A0FF6A242153E4FB688ED83733
S31502019F803250D7C048750986350D4A89EF139B4E63
S31502019F9025D35357AC3CA825610D35154BDD462714
S31502019FA0B72195EEC8CB3FD0CA7286135A366EE8F0
S31502019FB0E2897D7E7F980E517C07478E637D5ACB5F
S31502019FC059C0A1206153B78DCCFDED8B4D1E9E5418
S31502019FD09D173B50B7530108E3D33E0A939DA6DD75
S31502019FE022A760CDF16E383DE64EAABD58AD17C81F
S31502019FF02A37E74F558DBE239B4E785AE5DC44132B
S3150201A0004A0B0E4F3D4D6C9BD27BBE39B825586625
S3150201A010E9FE8AFF91EEA8745F4FDC2790B7DAED6D
S3150201A02065CEDB7FA17654B6CDB12A5804DE6E79B0
S3150201A030D05670E7DBBCA3565A325ED0876BB21399
S3150201A040A82135B7384D687767628D49DE7F5C7422
S3150201A050B6009198D114E96BAD4FEF749A91FE95C2
S3150201A060A208A3F6EC7B823A017BA409D3014E96A0
S3150201A07097C7A35B4F3CC471A9E77A56BDF41EBCD0
S3150201A080BD9844D6B24C623FC84E1F2CD26410E42E
S3150201A090014038BAA5C5F92ECD749EFAF66DFDB604
S3150201A0A07A26AFE4BC7882F10E99EFF1D0B35582EC
S3150201A0B093F2C590A38C755A952446D91027B7A257
S3150201A0C003507DD5D2C6A83ACA87B4A0BF00D4E34D
S3150201A0D0EC72EBB344E2BA2D94DC611D8B91E08CF8
S3150201A0E06630819A4636ED8DD3AAE8AF29A8E6D421
S3150201A0F03FD439F62780730ACCE1FF572F4A0F98CE
S3150201A100439883E10D0D6700FD15FB494A3F5C103B
S3150201A1109CA6265163CA982644C597464B5DA7C796
S3150201A120BFFF0FDF48F8FD155A7846AAEBB9682832
S3150201A13014F7525B10D7685AF30E763E5842C7B5EA
S3150201A14090B90AEEB952DC753F922B07C22714BFAA
S3150201A150F0D9F06F2D0B4273061E859ECBF62CAFFE
S3150201A160C43822C61339598F73F3FB9996B88ADA22
S3150201A1709EBC34EA2F63B53D2BD7458085018469A0
S3150201A18051062FCFA2FA224CC62D226B65361A949E
S3150201A190DEDA6203C8EB5E5AEDB1CCCF24460EB6C7
S3150201A1A095035CBD92C2DB59C98104DC1D9DA031B8
S3150201A1B040D9565DEACE733FC68D4E0AD1BFA7B7C7
S3150201A1C039B3C9447E0057BEFAAE57157F20C16026
S3150201A1D0DB186226918805263D2B15615279EDE53C
S3150201A1E0D1D7DD0E7D356249714C6BB9D0C8827407
S3150201A1F0BED866A919F9592E7428B6AF3628079220
S3150201A200A504E179855ECD5F4AA130C6AD01AD5A9D
S3150201A210983F6675503D9161DA31321A362DC60D77
S3150201A22070022094325847FACE94953F5101D802D2
S3150201A2305C5DC031A1C2DB3DEF81FB4F0AA5503FF8
S3150201A240BF20F43B0935E0B1D02CAAC61C8EAA9BCD
S3150201A250407A23FA61982332D1354A00C25A73FBF6
S3150201A260C307663A430FDE3199D528C5BF91857B6F
S3150201A2700C05BBF5259ABE55BF3DDB33CD5A000D04
S3150201A280E235AC807CB31101EBEB886F6CD6924858
S3150201A290CDFB0865B1AD0E77DD894E5EE0F95184DD
S3150201A2A0373979BCFF0263C05C49A6569574225DB3
S3150201A2B0FB0356A05C75A609B97150A081B6D3F10C
S3150201A2C03AFF92359A6507220EE481782969015F80
S3150201A2D04E37BA860EDDBE16B537272C4FCCCC5E6D
S3150201A2E003B7CC2D0C9EB743F33DC44EBC08E033F5
S3150201A2F0C06675F040B8C10677F888A3C6A5887608
S3150201A300ACB6B2DE146CA902F82A8C1B43F3C964FB
S3150201A310D6EEA154554328365C80029B7F9EEE6998
S3150201A32040167D548A82FFCB680943B269A8933DE0
S3150201A3307269E23FCDB8B746E0EB7EFE862081E93F
S3150201A3403754512FE76BBA4CE9FA6E518B16041D3D
S3150201A350B92C98431039A15EE12E70F49C5C124926
S3150201A3602DB3258B1FB720457EEF1F50263019339B
S3150201A3702BEBD2C897896D6502B0D3D5E43B2B6F1F
S3150201A38080C8096AD933ECAFCCC4BCA8A4735F03F5
S3150201A3908B19624628B9C52239893D43FEC858CB75
S3150201A3A0507E8D6A2ECBA0895ABEFB095395CA7976
S3150201A3B006C17FCD1666620CC6F90C12C641BB21D7
S3150201A3C09BA5CDDE12AAB2EA348BA40A022DA7C13D
S3150201A3D0683B7DE8274D5D21050B5A69E50831B4D5
S3150201A3E08BA337ADE80EB06C817353A3EED6DA5E5A
S3150201A3F02432DCB6D402263F9CF1CA5BB647B2C808
S3150201A40052C6B2B1C39D7749E2E2ECD5BB80A189BE
S3150201A41039E0C8CEA398F0134BC55ECEF90FDC9A8C
S3150201A4200D132F8C6B2A9C031595F8F0C707800232
S3150201A4306BB304AC1483967814BB9627A257AAF37E
S3150201A44021DA079BB7BA3A881C39A03118E24BE5E3
S3150201A450F90532D838FBE75E8E6A4441CBFD8D534E
S3150201A460F9374943A9FDACA5788C3C268D90AF46B8
S3150201A470090DCA9B3C63D0619128F934F8D2C66EA4
S3150201A480583B6F20425108FC1AA069C48AB07CA9C4
S3150201A49015EEE46064659F27B0F51270B668C01ABE
S3150201A4A04AB1F5A9261EFA3672CE5A161519BE3BBF
S3150201A4B06B06B4B587EF56064B8354CB40140E0E8A
S3150201A4C0BDFA2F0353EA5AD46CBE629EAEA351C0A3
S3150201A4D0AD580B518BFB0E566625DBFF354974636E
S3150201A4E0BB680B78896BBDC503EC3E5580321B6F89
S3150201A4F0F5D7AE47D85F966EDF73FCF8BC28A3ADDD
S3150201A500FC37F0A65D6984EE09A9C238DBB47F6324
S3150201A510DC7B06F82DAC235B7B5280EE53B9D29AD3
S3150201A5208D6DDEFAAA198FE8CF820E150417710E08
S3150201A530DCDE95DDB9BBB979930A2359758AFB1815
S3150201A5405DF4E660698F161DB53CA91445A9853AE5
S3150201A550FDD0AC053708DC38DE6FE66DA5DF45C8F0
S3150201A5603A48402C00A552E132F6B4C763E1D2E97A
S3150201A570651BBCDC2E45F430409775C582276D8577
S3150201A580CCBE9CF9694513FA714EEAC073FC448844
S3150201A59069243F591A9A2D63FB93E587F5626CB1DB
S3150201A5A0713E5DCADEED99496D3ECC14E0C191B4AE
S3150201A5B0A8DBA8894711F508226206630EFB04335C
S3150201A5C03FBAAC87890635FBA361108C772419BD86
S3150201A5D0208683D143AD5830D06376E5FD0F3C32F8
S3150201A5E010A62EA238DFC3059A4F99ACBD8AC7BD04
S3150201A5F099DCE3EFA49F5426674086DE62D4D46BCE
S3150201A600880414868E6E1516F5F418FD7CE0EFFCAF
S3150201A610DCA0AFB6DE4CAB2AA750BBFE5F8D8669C6
S3150201A6200C64CE546B3E74F0D49F9FBB8B095A8146
S3150201A630838C0C628658E0165A688AEA12B05FB2B7
S3150201A64071B96070B3CDA06EEADE16F189D394F2C8
S3150201A6500BE06FDA2B161D12898FCE87D7388B73D3
S3150201A6608DA87941E25826B66D3151F19C8C733031
S3150201A670C97572727F8C1249B99653F717BCDB04FE
S3150201A6804667F8D2D7A2E669C6AB3EF5999D40C6A2
S3150201A690D2252E33F6756160DDE740F50E3721408E
S3150201A6A0A5D0F1A1F5D6100907B8065BCDAA3446A5
S3150201A6B035F2446935E6396AE7F390DF4056CD96BD
S3150201A6C0EA25FADB0E763A6CC43CE35909EFF32428
S3150201A6D0582E0D537E9E88429D9E04745796A11D47
S3150201A6E02B35FE98A16ECDFBA63652CC50CDCBB101
S3150201A6F0E246983F3DC85E1F75CB8C32C323FB8E63
S3150201A700E96E87DD07A242AF96E7FA5DDCDAFB2046
S3150201A710519FBF066B241E24FE18DC558CE2640A87
S3150201A720DDEB9933999EDFE352E6E2702343AC797E
S3150201A7300ECCE43AC37FFF35A9F7D82DA5A6139C03
S3150201A740BFCAFD3E8C1FBB2DB5F7085E40321E9671
S3150201A750E5C9E6BB21A1C848456464597C5A41FC56
S3150201A76015B628C1D7B224D212B9FB05C9C93560BB
S3150201A770AB9F427412A9D7429466535F8942D2D2E1
S3150201A7802C9B9342C5A233CA5CB9DDC7A6AD6F98AD
S3150201A7905D2D712F042C155A21693437B73C843942
S3150201A7A04794C83807FB47A77E3045A231808DCB37
S3150201A7B068F0826D8E0F8167B47D28D2BC8FEB3E25
S3150201A7C0933EA001A3D3C7725A2698BD8CE873544F
S3150201A7D003B4215951AA2473A137DE6290AAC58412
S3150201A7E0E1961D0D00A51D42D942926A30868278F4
S3150201A7F0DA100D694A465E3C6107B15A47D87EE5D1
S3150201A8004637D16F205E4371325602CD4E822F34C6
S3150201A8107B1E79A81E28164B8133810BD501C1D126
S3150201A8202868EE76110FE6DE09643F389388B60C86
S3150201A8304A48FFF665C58361D6F96B1E465A1D74F1
S3150201A84081A57777FCB30523D9D37464A27455D451
S3150201A850FFE00164DCE126196E663FAF498546DBFE
S3150201A860A50E4AF104CF7FD7470CBAA4F73FF23DB2
S3150201A870853CCE32E1DF103AA0CE17EA8A4E7FE05E
S3150201A880FDC11F3A4615D52FF1C0F231FD225317EC
S3150201A890155D1E861DD0A11F3298597D945580CC17
S3150201A8A02055F137DA56461E2093054E74F7F6996E
S3150201A8B033CF756ABC633577AB94DFD100ACDC3834
S3150201A8C0E90D08D1DD2B712E62E2D5FD3EE9137F3A
S3150201A8D0E5019AEE18EDFC73B39C136308E9B10620
S3150201A8E0CD3EA0C567DA93A4328963ADC8CE778D12
S3150201A8F0444F861B706B421F011C91414C26C9EFC6
S3150201A900252CA217B8B7A3F147140FF36BDA7558C2
S3150201A91090B0311D27F51A4E5225A191C8357EF107
S3150201A920769C5E5753816BB73E729B0D6F4083FADD
S3150201A93038E4A73F1BBB760B9B93927FF9C1B808FC
S3150201A9406EAB44D4CB7167BE1780BB996364E522B3
S3150201A95055A972B71ED66D7B923DF350E8C1ADB7CC
S3150201A960CFD58C604FFA9879DB5BFC8DBD2D96AD08
S3150201A9704F2F1DAFCE9B3E70C7D201ABF9AB3057FD
S3150201A980183B1440DC76FB1681B2CBA065BE6C8601
S3150201A990FE6AFF9B659BFA5355548894E9C8146C69
S3150201A9A0E5D4AE65665D3A84F15AD6BC3EB71B184C
S3150201A9B0501FC6C4E5938D395F131799427D84836F
S3150201A9C0D7037D561F911BADD1AA77BED948777E93
S3150201A9D04AAF512E2EB4585401C391B660D5417077
S3150201A9E01EE7D7AD3F1B20858555331163E1C2169C
S3150201A9F0B12808013D5EA52A4F44070CE69251EDA6
S3150201AA00101D42742D4EC54264C8B5FD824C2B35CC
S3150201AA106486768A4A00E913FF2B036C55B5B5CBDA
S3150201AA203A7A2929B79171DFBB81EDAD2673FFC150
S3150201AA30F503BE68BBE8AD717C466B80C584621EB8
S3150201AA407B605DE77B99F6C562D278B358D9678B8D
S3150201AA50708BCD816AD6883D89D74E20937A768BC3
S3150201AA602AAEA09FCBCA2F768748CE6DCCEB1F7735
S3150201AA70B35FF08F15623034FD7C84D6CAFA66BDA7
S3150201AA80481DC8A0BE6C3A6042DEAE06910CA9C54D
S3150201AA90B5C02CD2A23B5E724AC4FE01C7A00BE826
S3150201AAA0940FD515CC1807D75B3BCF283BA2D969A2
S3150201AAB06ACAB5B2200E785DA9493220C9E9616731
S3150201AAC0EACD0C2272B882DABB785808CC5840ED2E
S3150201AAD0331A40F9E043BB7B49BFF5E1A7A15DE02B
S3150201AAE0926073D46D7D4526F632CC7377B0DC77EE
S3150201AAF0CD5FDD9C96945D0AB4317B2A0719E2FC8F
S3150201AB00168057AA75DC7A4D24934787A676C20E1C
S3150201AB10EB4BDA1F5D9D6D6D8381B0E98AA5B1228A
S3150201AB208B385CC171D095FD17050A85762381A9FB
S3150201AB305E337FBBBA4C3833B4CAE81A7368C9F6B6
S3150201AB40C5924FCB1E74205E3EBCCD8CE53BA52D36
S3150201AB50F70D9769A2FEDD2DA842B33D31CEAEBEF9
S3150201AB60EEB72D845B63A3CBEF137F8120668CE85E
S3150201AB70C6D5764EAA38941B1A036F167E77508A6B
S3150201AB8028A3B70FF1397B0676BD0F01A6C9251990
S3150201AB90050974CC75B5F96D0F0302A97FB0A8AE8C
S3150201ABA043D163F46A768CF8607A783C6683B01591
S3150201ABB0A8A4678214B1EA08ACD002D09B40C1BDF9
S3150201ABC0A6D9CCB545026666EC85DEFAC47D31822C
S3150201ABD00DDFD76A4B93FE0274EAB7CF00F15CEF41
S3150201ABE0AC42CBA133768922E285F2CE540CCED485
S3150201ABF0556A148A048C403076FFB73E19FC5139E6
S3150201AC0063482F704C1BF885D50EA6C98FA3276CF6
S3150201AC109027748BCB65B240A47B8F4AF439EDE65B
S3150201AC204D78B9F4B45A801EE0F6D057902FFDE65E
S3150201AC30D8398E3B2EEB604AFE44535D236266860B
S3150201AC404968B9713FE9740D903228F6D4BEFA6D9E
S3150201AC50F370F9C59E242D3BDBCE2F8345889D7368
S3150201AC6063F86BAEC9D638FAF7FE4FB7CA0DBC32D6
S3150201AC705EE4BC14887E93737F873B19C9002EBBA1
S3150201AC806B50DCE090A8E3EC9F64DE36C0B7F3ECD0
S3150201AC901A9EDE980804465F8DF47B29167103B964
S3150201ACA03468F0D4223BD1A9C6BD9646571597E121
S3150201ACB035E8D591E8A4F82C670F110787FD936D46
S3150201ACC049B5387CD3094CDD866A73C24C6AB17CBC
S3150201ACD0092A25586EBD4920A26BD0177E48B52C8C
S3150201ACE06B1950391C38D224308A9785819C65D7D5
S3150201ACF0F6A4D691287F6F7A49EF9A6A8DFD097D6E
S3150201AD000BB93D5BBE60EEF0D4BF9E512CB5214C12
S3150201AD101D9445C5DFAA1160A279913FD239274612
S3150201AD20CFDDD697311283FF8A14F253B5DE0713AC
S3150201AD30DA4D5F7B6837220DCA24517E1631FF092F
S3150201AD40DF45C7D98B15E40BE556F57E227D2B2906
S3150201AD5038D1B6AF41E2A43AF505332ABF38C12C40
S3150201AD60C326E9A28F3F5848EBD24955A2B13A0808
S3150201AD706CA387466EAAFC3264B084AB5CFB852D5C
S3150201AD8014BCF389D21078490CCE157B44DC6A4790
S3150201AD907BFD44F876A32B12DDA253DD281B345426
S3150201ADA03FFC42DF5B9017AAF4F8D24DD992F50F18
S3150201ADB07DD38CE00F62031D54E5B4A2CD3202C2EB
S3150201ADC07F185D1142FDD09ED979D47DBEB4AB2EDA
S3150201ADD04CEC682BF50BC7024F32C75C5A568F50A3
S3150201ADE022A906E5C0C461D019AC455CDBAB18FBF0
S3150201ADF04A318003C109686CB9AECEC9F15666D72C
S3150201AE006A65E518F8155B1C34234C843228E7265B
S3150201AE103868192F776F343AC86ADAE21251D5D2F5
S3150201AE20ED51E8B13103BDE96272C68EDD46079680
S3150201AE30D0C5F76E9F1B91052DFF37B656D7DCE9B4
S3150201AE40C4F087C98F344CECB7C7FBF38592D5CED4
S3150201AE5087EAE19347350533949FFEC58089C1018F
S3150201AE60C8D56F71696765CD86A095D1C3456081E5
S3150201AE708279CC66327F2B6E8F56C3F7682480CCDB
S3150201AE80B34C971982BAE99D6013B8B59C22B7AB48
S3150201AE9062BABE6F7A01E24474B7DA5443A7C2C4F6
S3150201AEA01A03AF4E3C4C5D8E178F8342D2236CB789
S3150201AEB0EAE4DC688F099A74CD6ECAB6F32CF88778
S3150201AEC0C2A0F4183E890F5857E5042607308905B2
S3150201AED01D9CD156C26AAB6C60DEC12CA0E0DFDCE0
S3150201AEE05B57C551FF652603EBBE3A07F1320C2CBF
S3150201AEF006867BCD1420886AB57F74A4FE922AA5A4
S3150201AF0089ABA51F49A412DCCEA447B84BA92DD8FB
S3150201AF104ECC1295CEED774D6EEB4FAF7CD111D162
S3150201AF20A3A43AB342BA0B05306CB4EE3C4C5117AA
S3150201AF30757DC21B8BDBBE549C18E27745E1C8774F
S3150201AF4045C499FF6A6FE4A34353336DC8DF4431A5
S3150201AF50A916427C9E55963AEED22AF4370D55121F
S3150201AF60F5FBA19804E0788BB24C89338207535DD5
S3150201AF700C8D493E4E4EC80252AABA806889934444
S3150201AF800E9485F2C4AF984CB64854A49BA74AEFD7
S3150201AF907FAE7AA510C57852940B4C2974D04DA573
S3150201AFA0B6FF18DFB8465DF56683AE8DC5EC6FF068
S3150201AFB065D19081665786585C1E904FA4FE1F0C80
S3150201AFC082B78421B76F0B2B88DB140191FF87E5CA
S3150201AFD042A18547360F13379F35580D5C5015121E
S3150201AFE06BC428FCC713202A4E66EA89AFA1A024A6
S3150201AFF01F0E13A138B60044C319ED9664B7013A80
S3150201B000307232EDB00AE031B115CA8357880A525D
S3150201B010C7BECC5A87B9AA06BB0EDFF5839933C1DF
S3150201B020AC4C2C518F75F3C0E198B30B0A13F12C7A
S3150201B030620C27AAF9EC3C6BEFEA2E51F3AC4953A9
S3150201B04049CBC11CD341C1208D689AA9070C18248A
S3150201B050172D4BC6D1F95E5508BD733BBA70A7369B
S3150201B0600CBFAFA308EF4A62F24609B498FF3757FD
S3150201B0709D748133E14D5F67803AC1B6465075755D
S3150201B080B943ECA0012F55CC49084A85514B8FBFD4
S3150201B09065C08C9AEC5BD436BF75249F8CCD78E85B
S3150201B0A004F7281611AB3E7DFADFD5C4CCED781D27
S3150201B0B003684B3A7BB1E6512E6C55863F70586F49
S3150201B0C0BCCEF83B78933B6673AA32FD3C51FA8BB0
S3150201B0D0DD939B698EA3E452FC82176B03522C0EFD
S3150201B0E0B483AD6C816C81643E076469D9BDDCD0E1
S3150201B0F020C56401F79DD9131DB3DA3BD9F62FA1F9
S3150201B100FE2D659D0FD825078794BE9AF34F9C01A4
S3150201B110433CCD82B850F460CAC0E521C35E4B01FF
S3150201B120A2BF19D7C969CB4FA0230075181C5F4E60
S3150201B13080ACED559EDE061C7CF5C9824D6394B248
S3150201B14036459324E1FDCB1F5ADB8C41B34D9C9EC0
S3150201B150FC194445D9F34000ADBBDD89FBA8BEF11C
S3150201B160CBAEAE61BC2CCB3B9D8D9B1FBBA7588F33
S3150201B17086A61251DA7E5421D38659FD39E9FDDEBE
S3150201B1800C380A51892C27F4B91931BB07A42BB7FC
S3150201B190F44D254A330A5563EE8A94084D86F4B076
S3150201B1A06F1CBA91EE19DC0758A1ACA6AECD757922
S3150201B1B0BBD4624213610B337242CBF993BC68C1B1
S3150201B1C098DBCEC71F71B8AE7A8DAC34AA520E7F08
S3150201B1D0BB557D7E09C1CE418A806DA2D71996F7EC
S3150201B1E06D159E1D9ED41FBB27DFA1DB6CC3D773D2
S3150201B1F07D77281FD94CB4266BE0B54B7E144F954B
S3150201B2004EBFA8CA49F66764A07045F0079213BFFC
S3150201B2100151CE547B37157EB411B6083520C922A9
S3150201B220BE382D4CE4B00494B5D96F46594C349FBF
S3150201B230716966826F777B18BD7EA5D4A50458F421
S3150201B2408C37DBBB8679FFE4242E860812339E9265
S3150201B250D84353E08A78867AD8A63A3935900A30A5
S3150201B260CDB12BA13111502B22C293F077F61F7B60
S3150201B270AD2BB8CAF8C10943375F28B02D8444AF54
S3150201B280DFC8EF47901853879A9720F891E0749593
S3150201B29079556169608D370E555A07837191FAD9CD
S3150201B2A0DC9F006BD25ADB4B0EEF3DD62CAD2978D3
S3150201B2B07738FD7549C58F072D8F872814BDDF871E
S3150201B2C0A121941EDD364613A341732551C9174F99
S3150201B2D0B86C29AD4B8DF95D8AA933B85B4B00E297
S3150201B2E030334C2DEC5D774413E9AC7E0644A23A29
S3150201B2F0A9008ED5E3302627540BC9ECD08F67F30C
S3150201B300993504129B4501F09BB85837BC5F7226EA
S3150201B310AE19A773AAE42543A03918203FE1D4BF89
S3150201B32061F13D3EE2FFEFAEE31F5D6BF0045BB6FA
S3150201B330C0FB622BFB85E0521AED929EF8435D1823
S3150201B340C61947FEEA1E4AB04F3FF0A688BE9F497C
S3150201B350DD9B853C2F0D8B5DBAF24CA5EA79401235
S3150201B360E7261B00EB6524D7FDF77AC9FDBC4368C6
S3150201B37002CDEA552BB42405DB5353D746B38BCB07
S3150201B380221E51AE4BB2FCFCEFE60AD5408DA4CB90
S3150201B3905DCBF7F4E5BAE32612FE458DDE3CDA848F
S3150201B3A0D2E244E418C242BD98357E1F789651A86E
S3150201B3B0B2E216563FC94276E4F89545A7DA232347
S3150201B3C0B4BE7A858B8C68DE6E32591C968EC43F6A
S3150201B3D0BAB8C915CA732E0B56C8D3BFDE84ACCB15
S3150201B3E044F25FB348C3241607AD9C5DCA8DF8B714
S3150201B3F0E8EBC2A24D570E3B843031A59125021DC1
S3150201B400720827D6AE4A2DCA20FD0B2F852BA1869F
S3150201B41048A77DAD39C4E656E6BABD4249FF04C71F
S3150201B420791FDEB2E2AD215ED8FA5256F3B35DE977
S3150201B430C1EB088F37B522087574388F4748F0512A
S3150201B4403CCBBE9CF4BC5DB255209FD94412AB9A4B
S3150201B450D6A5101C6C9E702C8303736293F2B7E11E
S3150201B4602C8ACAEBFF79524B1413D4BF8A77FCDAC2
S3150201B4700F61729C1410EB7D7AEE66876AAF62CB1E
S3150201B4800ECD535504ECCB66B5E40B0F380180584B
S3150201B490EAE22CF69F8EE608AD30C14B0A50AD3476
S3150201B4A09CD40B3D49DB388DBE890A50983D5CA27E
S3150201B4B0093BBAEE873F1F2FF9F2B80AD5092D2F9C
S3150201B4C0DF2359C58D21B9ACB96C767326348F4AFF
S3150201B4D0F519F738D73BB14C4AB615E5758C84F7A1
S3150201B4E038904ADBBA0195A5501B753F3F310DC213
S3150201B4F0E82EAEC053E3A119C305FABA60751C7DE5
S3150201B500615EE5C6A0A0E1B37364D6C0189752E3A3
S3150201B51086340CC2116B5441BDBD96D5CD7221B490
S3150201B52040FCEE984345E093B50941B44753B19FB8
S3150201B53034AE660299D36B73B4B33493502D5385EB
S3150201B540736581604B11FD4675835C42305F5FCC4A
S3150201B5505CAB7FB8A2952241E9D67EF5889BC919D3
S3150201B56025C8F86D26CB935373D20AB31332EE5C18
S3150201B570342E2DB5EB53E114C6EA93E26152652EE0
S3150201B580DBAC332103925A846B990079CB75094658
S3150201B59080DD5A198DBB60078A81E6CD171A3E41B5
S3150201B5A084A069EDA96D1557B1CCCA468F26BF2C69
S3150201B5B0F2C53AC39BBE346B0F3AD4A05E27BF676E
S3150201B5C0BEEE9B08348EE6AD2EE779D44C13894242
S3150201B5D05454BA32C3F9620FE121B3E3D0E40462EF
S3150201B5E0951EFF287A63AA3B9EBD995BFDCF0C0B84
S3150201B5F071D0C8643EDC224D395F3BD68965B4FC05
S3150201B60061CFCB573F6AAE5C05FA3A95D2C2BAFE12
S3150201B610361437361AA00F1C92D67CBC497454E7ED
S3150201B620DF3DF7E6AABE9A0F297E8300A71CF04AE0
S3150201B63083C11B3F5D1BAB63AE3FC554E8E51EC12B
S3150201B640F43F4F2BC1060B6A727AB6E0800F543370
S3150201B650EFE307CDC38FF1158CF428B0630775327A
S3150201B6605F066A5540070206585B49C312D83BD5A5
S3150201B6708D505F869B6C7008CC58CC38F290B621FF
S3150201B68072FBCC1E99F742FC5F97CF3771ED696069
S3150201B690742D6A82B26FEA25677062FD2400BFA02B
S3150201B6A05A40C0BC5E0F6150DADD96EF262891F949
S3150201B6B0BF0C70A5ED3BC47602A66CE1E849BAC29D
S3150201B6C09C15DB0AF8613C8259121E8C1641B29214
S3150201B6D01371BFC277E53F74FF3D343DABA27CF3E4
S3150201B6E017C6AB802D6A8C1ACAFFCCD435E0498EB7
S3150201B6F0B9D1A1BAEE6BB4484612B438411B99CC02
S3150201B7006BC29A6F529C3B24BDABCBB74D49EFB985
S3150201B71000ED82D03D43BA5FD01A94C955E3499CE4
S3150201B720848F4974DE4A73B95C3E6666D0FEC341B4
S3150201B730B310E7E8F8EDCF0E74E2550D4D4097844C
S3150201B740532BADC4D963666C3457A9ADD9B02FEC6E
S3150201B7503CF7B8CD20E11726F67D77DABF2DD83B27
S3150201B7609E36980BCC77B17199360C8563840E1D82
S3150201B770F1D1E2485B94715A424B5B40D53D206F51
S3150201B7800945B21004C67E3246882AAC3072349C10
S3150201B7906AEBFF11FC29DE77744CE23FB2EFB97E08
S3150201B7A001BE51169FF4503EEA8D8521DC32A73E39
S3150201B7B0F910B85BD77B3717F6F90E63712E30286D
S3150201B7C0E0CE642B03A2D4C2BE92624B302008099A
S3150201B7D018DF2AA87A74CA5FA58E255CC3032A23B9
S3150201B7E0F10CCB6B2C3AF2866621442E0D8DAD3DC2
S3150201B7F02B8676AB3C93A804CC1359F1ED3C2BA3D3
S3150201B80089BDF06F75BCB3CC635F17BCB7D6323452
S3150201B8100232859B92BA1E0E9563942C6D7EC47E6E
S3150201B820310236A3E74CBAFFD10FBAC50757214AEF
S3150201B8308743F3E61759C626E2BE87DD1B5643F058
S3150201B840E8DADAB1D27DF12CD495617349CBE11DE7
S3150201B8502C085C1E4B823939FF3D9422B604C6D2AE
S3150201B860A0B3CF44CEBE8CBC78868097F34F255DBC
S3150201B870BFA61C3B4F61A30F506A938C0E2B08691E
S3150201B880B6C5DAC135A0C9F934B6DFC4543EB76FBD
S3150201B89040C12B1D9B410540F082BEB9BDFE03A0EE
S3150201B8A090AC443AAFC189208EFA5419919F49F856
S3150201B8B042AB40EF8A21BA1F3EF5C8FA489454AB0F
S3150201B8C04137A67B9AE8F681015E2B6C7D6CFD748D
S3150201B8D0426EC8A8CA3A2E3994017B3E04573E4F9E
S3150201B8E07FAFDA08EE3E1DA8F1DEDC99ABC639C898
S3150201B8F0D56177FF135D536CAF358A3EE934BD4C92
S3150201B90016E887584481072EABB09AF2769C311914
S3150201B9103BC10AD5E47FE125D554EBB3788373A7FE
S3150201B9207C3C55A566D3691DBA0028F962CF260A61
S3150201B93017327E80D512AB01FD66D2F6E791489C9D
S3150201B9401B7807039BA144073BE261601D8F388880
S3150201B9500ED54B35A3A63E12962DE34190188D11B5
S3150201B960485831D8C2E3EDB9D94532D87142AB1E36
S3150201B97054A118C9E261394A9763AA04E1BF296150
S3150201B980CBFCA7A40800968F5894907D89C08B3F63
S3150201B990A991B2DC3EA49F70902702FDEBCB2A88C7
S3150201B9A0605711C40533AF89F473347DE392F465AC
S3150201B9B02B5A5154DFC5B22CCA2AFD638C5D0AEBA0
S3150201B9C0FF4E692E66C12BD23AB0CBF86EF323270E
S3150201B9D01F13C8F0EC29F0702E34C549AF92BC1A78
S3150201B9E0D0FAE6B211D8EEFF294EC8FC8D8CA2EF31
S3150201B9F043C54CA418DFB511FC75A9428ABB7BBFAE
S3150201BA0058A3AD9677395C8C48AAEDCD6FC77FE214
S3150201BA10A620BCF6D75F73196642C842D090ABE343
S3150201BA207E54197F0F8E84EBB997A465D0A10325A5
S3150201BA305F89DF911191EF0FB96E1CABA17C50B1F9
S3150201BA40B387B6163E8F44BDAB917A2C7FFB553434
S3150201BA50C1DE2A2F9E227975B7161C5BB8DCB56A40
S3150201BA60A5277B3CE8FCC094BE1755731A1CB1A4EA
S3150201BA70AAAF0EBAD0389249578BBA7A526EF4EC03
S3150201BA807B64D18B478CA015EF6F705FA6C6F17AE6
S3150201BA90D5303AF078FA4563A1E715105FF902DF6E
S3150201BAA06302B4A91DC40E790711EA33A10E3A4DF8
S3150201BAB0C9F83AE3E70BF754A4F0D8BDE9CBD3931F
S3150201BAC0027317FD1B2C15DB75A8177F6DDCBD7D77
S3150201BAD0FE6E428FCC711A3E62BDBA90E3A33CC898
S3150201BAE033C8910267E3ED80C40079D3CC3880C8AC
S3150201BAF0A11FC31E23C05F2C4F8B03171791BAFEDA
S3150201BB0081EFDEC9213712E534880D5DE7E4971C22
S3150201BB10C63BDC237AAEAF68656E4502D1E422C428
S3150201BB20917BD4CAC14A4187DDFFB6A2BBE2921517
S3150201BB300F10C2F5BFD2D9751CE8263676B4D95B89
S3150201BB40DD2EA0BC36699689B377F0613D19410AAB
S3150201BB507154CE0042A297304CB8F8C73477425797
S3150201BB60E970B2013EA141F1A664E5B4FEADD1028E
S3150201BB7048BD83CE923DB24B86C4956624E762A147
S3150201BB800796A83534631D13372AD1A061155230A1
S3150201BB9063B3AFA6AD4B7056B912F952A74A6CAF51
S3150201BBA0C87067D86C5F665E58CDC8A383AC354C46
S3150201BBB07E8AA510C0297A2B026C992799F4D19D08
S3150201BBC052174DE058B0B30C3E2CD07F96887E1F9B
S3150201BBD0B13E8BCB6842962FDA2A8F21A05BA97BD5
S3150201BBE0CAB90F338722F4CF07D9C6566D49DADAB5
S3150201BBF054EEBEF496C280530A8D896604274F9D80
S3150201BC007A3FFF0A9987093D45BADA6762F39ED000
S3150201BC109C661C7B5E45617739B4447E09FE6812D7
S3150201BC20D77D085783A84FE33C9BAD315795CB345B
S3150201BC3098EE8D7CC068906C9161CE4D015C68D5A1
S3150201BC40FC9D1F498A52E469DF060C82292189C6B5
S3150201BC50AADA7EFC8F5BF81368F556D9BA6C5900DD
S3150201BC6047DAB1600A1917C3CD50DC87C70B76894B
S3150201BC7079FAA2C1A45EA33145995CA2494C8D17FA
S3150201BC8082F76AE4D1C4616CE35E09B84AE8807856
S3150201BC90AB983D52CC93BE13C4D8D9C178B39D0E8D
S3150201BCA0B133B3B2263636B88F236E67EB28D7BEC9
S3150201BCB0BDC1BC8E08B5C915AF66893EDB3EDF1331
S3150201BCC05F2EE3C27628B49CE7A1EE42C0FD12CEF6
S3150201BCD03CF0C148622FC1466BC0E6272AFF0189A3
S3150201BCE0B184BDF02AA63E06E5A99BFE965D22AF6A
S3150201BCF00C937B132733B37C6A0851B58FDA774FDE
S3150201BD001F3AE72DEE098C6A163A882C22AC860474
S3150201BD1036FF2436074CBB2375DC037A3C13EAC58E
S3150201BD20BD77AB8841A1022C5BA19F2209019BC869
S3150201BD30BD8D906D474DAD4A4000000044BD0102E4
S3150201BD40000000000000000000000000008000006A
S3150201BD5002000000008000000300000000800000D5
S3150201BD6004000000008000000500000000800000C1
S3150201BD70070000000040000008000000004000002B
S3150201BD8009000000008000000B0000000080000096
S3150201BD900E000000008000000F0000000008011CD8
S3150201BDA0000100000008011C010100000008011C3D
S3150201BDB0020100000008011C03010000000C011C25
S3150201BDC0040100000000011C050100000000011C25
S3150201BDD0060100000400000007010000000C011723
S3150201BDE00C010000000001170E0100000000010015
S3150201BDF00802000000000100090200000000010023
S3150201BE000A020000000001000B020000000C0117EB
S3150201BE1000030000000C011701030000000C0117CA
S3150201BE2002030000000C011703030000000C0117B6
S3150201BE3004030000000C011705030000000C0117A2
S3150201BE40060300000004011707030000000401179E
S3150201BE50080300000000011307040000000001149A
S3150201BE60080400000000011409040000000C010688
S3150201BE700A040000000C01060B040000000C010676
S3150201BE800C040000000C01060D0400000400000071
S3150201BE900E0400000000011300050000000001135A
S3150201BEA001050000000401070B050000000401075B
S3150201BEB00C05000004000000000600000008011C39
S3150201BEC0000800000008011C010800000008011C0E
S3150201BED0020800000008011C030800000008011CFA
S3150201BEE0040800000008011C080800000400000004
S3150201BEF009080000000001130E08000000000113EA
S3150201BF000F080000000C0104020A0000000C0104E3
S3150201BF10030A0000000C0104040A0000000C0104DB
S3150201BF20050A000000000000060A0000000C0105D7
S3150201BF300E0A0000000C01050F0A0000000C011494
S3150201BF40010B0000020403040404000008000000BF
S3150201BF506CC001020F0000007CBF01020300000059
S3150201BF6064BF010200000068000000680000008052
S3150201BF7000000080000C0022000C00220000006874
S3150201BF8000000068000000900001090D0000006831
S3150201BF9000000068000000270001020D0000006891
S3150201BFA000000068400000020001010D000000804F
S3150201BFB000000080000000900001090800000080D6
S3150201BFC00000008000000027000102080000008036
S3150201BFD0000000804000000200010108000000008C
S3150201BFE000000000000000900101090500000000A8
S3150201BFF00000000000000027010002050000000009
S3150201C00060690000400000020100010500000020F5
S3150201C0100000002000000090010109040000002038
S3150201C0200000002000000027010002040000002099
S3150201C03000000020A06900020100010400000022A4
S3150201C0400000002200000090000109030000002206
S3150201C0500000002200000027000002030000002267
S3150201C060F80B0022A069000200000103000000682B
S3150201C070000000680001000D000000680000006871
S3150201C0800001000D00000080000000800001000890
S3150201C09000000080000000800001000860690000C5
S3150201C0A0606900000100000500000020B087002041
S3150201C0B001000004F80B0022000C0022000000031C
S3150201C0C030100022F4EC04220000000300000000FC
S3150201C0D00100020008001000200000000300000019
S3150201C0E0E4C0010200060E04070100004275696CF4
S3150201C0F07420776974682052656E65736173204195
S3150201C1006476616E63656420466C657869626C6506
S3150201C11020536F667477617265205061636B616744
S3150201C120652076657273696F6E20362E352E300064
S3110201C130362E352E3000000000000506F8
S3090201C13CF8B500BF8A
S3090201C140F8B500BF86
S3090201C1440D76000269
S3090201C148E57500028E
S3090300A100FFFFFFFF56
S3090300A104FFFFFFFF52
S3090300A200FFFFFFFD57
S3090300A28000000000D1
S70502012C09C2
