S00E0000626C696E6B792E737265638D
S31502000000000C002239F6000225F5000235F6000240
S3150200001035F6000235F6000235F6000235F6000224
S3150200002000000000000000000000000035F600029B
S3150200003035F600020000000035F6000235F6000231
S3150200004000000000000000000000000000000000A8
S315020000500000000000000000000000000000000098
S315020000600000000000000000000000000000000088
S315020000700000000000000000000000000000000078
S315020000800000000000000000000000000000000068
S315020000900000000000000000000000000000000058
S315020000A00000000000000000000000000000000048
S315020000B00000000000000000000000000000000038
S315020000C00000000000000000000000000000000028
S315020000D00000000000000000000000000000000018
S315020000E00000000000000000000000000000000008
S315020000F000000000000000000000000000000000F8
S3150200010000000000000000000000000000000000E7
S3150200011000000000000000000000000000000000D7
S3150200012000000000000000000000000000000000C7
S3150200013000000000000000000000000000000000B7
S31502000140D8F81C00D9F81C4000194FF0000B4BEBF5
S315020001500B0B4FEA4B0B0BEBD07B13270BFB07FB6F
S3150200016020F00047B8E80F00B9E870044FF0010C20
S31502000170ECFB640BECFB651BECFB662BECFB6A3BB6
S3150200018099E8700098E80007ECFB684BECFB695BAA
S31502000190ECFB6A6B5F44704798E8FF00B9E8001D04
S315020001A0B0EB080071EB0A0172EB0B0273EB0C0366
S315020001B099E8000F74EB080475EB090576EB0A065D
S315020001C077EB0B0768EB080828F0250910EB090006
S315020001D051EB080152EB080253EB080354EB0804F7
S315020001E055EB080556EB080657EB080758F10008C9
S315020001F028F0250910EB0900704704B587B03CCA00
S31502000200B1E80144A2FB006BA3FB007CE2FB6A7B24
S31502000210C0B4A4FB0086E3FB6A8BA5FB0097E4FB54
S315020002206A9BE5FB6AB7E2FB6E8CE3FB6E9CE4FB22
S315020002306EBCE5FB6EC7B1E80144E2FB6096E3FBE8
S3150200024060B6E4FB60C6E5FB6067CDE902894FF064
S315020002500009E2FB6AB9E3FB6AC9E4FB6A69E5FBEA
S315020002606A794FF0000AE2FB6ECAE3FB6E6AE4FBB0
S315020002706E7AE5FB6E9A51F8048B4FF0000EE2FBA4
S3150200028068E6E3FB6876E4FB6896E5FB68A651F848
S315020002901C894FF00000E2FB6870E3FB6890E4FB08
S315020002A068A0E5FB686001B40A9A10323CCA51F8AC
S315020002B0048B4FF00000E2FB68B0CDF814B0E3FB0C
S315020002C068C0E4FB68E0E5FB680751F8048B4FF071
S315020002D0000BE2FB68CBCDF818C0E3FB68EBE4FB4E
S315020002E0680BE5FB68B751F8048B4FF0000CE2FB94
S315020002F068ECCDF81CE0E3FB680CE4FB68BCE5FBAC
S3150200030068AC51F8048B4FF0000EE2FB680E0890C1
S31502000310E3FB68BEE4FB68AEE5FB686EB1E801018B
S31502000320E2FB60B9CDF824B0E3FB609AE4FB60A679
S315020003305DF804BBE5FB60B6E2FB6897E3FB68A7E2
S31502000340E4FB68B7E5FB6867B1E80101E2FB60AC74
S31502000350E3FB60BCE4FB606CE5FB607CE2FB68BE31
S31502000360E3FB686EE4FB68E7E5FB687CDDE90745CD
S3150200037026234FF00008E3FB6C484FEA480848EA98
S31502000380D47824F0004C132408FB04F807BCE3FBE2
S315020003906508E3FB6918E3FB6A284FF0260918BCD7
S315020003A0E9FB6B38E9FB664860BCE9FB6E58E9FB82
S315020003B0676808EB0C0703B000BD00B585B0A0FB6B
S315020003C0009AA0FB01BC1BEB0B0B4FF0000EEEFBE1
S315020003D06EAB2DE900064FF00008E0FB628C58EB8D
S315020003E00808E1FB618BA0FB039AE1FB629C59EBD7
S315020003F00909EEFB6E9BCDE902894FF00009E0FB8D
S31502000400649AE1FB639C59EB0909E2FB629BCDF816
S315020004101090A0FB0598E1FB649AE2FB639C59EB02
S315020004200909EEFB6E9BCDF814904FF00009E1FB33
S315020004306598E2FB649CE0FB669A59EB0909E3FBCB
S31502000440639BCDF81890A0FB0709E1FB660AE2FB65
S31502000450650CE3FB64084041EEFB6E0BE1FB67981B
S31502000460E2FB669AE3FB65C95CEB0C0CE4FB64BC3D
S31502000470E2FB6798E3FB66A90022E4FB65A25AEB5E
S315020004800A0AEEFB6ECAE3FB6728E4FB669259EBA7
S315020004900909E5FB65A90023E4FB6738E5FB66323B
S315020004A05B41EEFB6E93E5FB678258EB0808E6FBC1
S315020004B06638AEFB0E45E6FB67426441EEFB6E48CC
S315020004C05241E7FB678252EB0E024FF02606E6FB2D
S315020004D0620E4FEA4E0E4EEAD07E20F000471325FA
S315020004E00EFB05FE03BCE6FB6B0EE6FB6C1E9B4693
S315020004F0A4463CBCE6FB6A2EE6FB693EE6FB6B4E77
S31502000500E6FB6C5E40BC4FF0260CECFB686E774453
S3150200051000BD2DE9004104F0BDFDDDF80080B8F113
S315020005200108CDF80080F6D101B00DF1040888E883
S31502000530FF0000BD08688A68CB680C694D698E6940
S31502000540CF69496870472DE9F14F9246FFF7F2FFEE
S3150200055020F0070047F08047FFB45FF000082DE95E
S3150200056004015146FFF7E6FF27F00047FFB45FF0AC
S315020005700109A8FB08AB4FF0000C2DE9001D2DE97F
S31502000580001EFFB4A8FB08672DE9C01D2DE9C01D9A
S315020005902DE9001EFE20002341091DF1A80252F892
S315020005A0211000F01F04E14001F00101CDE928010C
S315020005B05940D1F1000E684610A94FF0040B90E89D
S315020005C03C0091E8C003724002EA0E0A96EA0A0665
S315020005D072407B4003EA0E0A97EA0A077B4094EAD6
S315020005E0080404EA0E0A98EA0A0894EA080495EA54
S315020005F0090505EA0E0A99EA0A0995EA09053CC0BF
S31502000600A1E8C003BBF1010BD9D1E8460DF12009DF
S31502000610FFF796FDFFB404F03DFDFFB40DF140086F
S315020006200DF16009FFF7B8FDFFB404F033FDFFB426
S31502000630694610AA04F02CFD0DF1800888E8FF0037
S315020006400DF14008E946FFF7A7FD0DF1400888E8DD
S31502000650FF00DFF84CE2DDF81CC04FF0000BEEFBAA
S3150200066067CB4FEA4B0B0BEBDC7B13270BFB07FB32
S315020006702CF00047BDE80017EEFB608BEEFB619B9A
S31502000680EEFB62ABEEFB63CB07BCEEFB640BEEFB51
S31502000690651BEEFB662B5F4401B087B42DE900179C
S315020006A0694610AA04F0F4FC0DF1A00888E8FF00E0
S315020006B00DF1C0080DF1E009FFF742FD8DE8FF00DC
S315020006C0694608AA04F0E4FC0DF1200888E8FF0058
S315020006D00DF1C0080DF1E009FFF75EFD8DE8FF00A0
S315020006E0694618AA04F0D4FC8DE8FF00E8460DF12D
S315020006F02009FFF725FD04F0CDFC0DF1C00888E8BE
S31502000700FF00E8460DF12009FFF746FD04F0C2FCA2
S315020007108DE8FF00694640AA04F0BAFC0DF1E00834
S3150200072088E8FF0020B0DDE92823501E7FF534AFAC
S3150200073008A8FFC804F0AEFCFFB404F0ABFC04F05A
S31502000740A9FCFFB418A96A4604F0A2FC8DE8FF00D2
S31502000750694608AA04F09CFC0DF1200888E8FF000F
S3150200076004F098FCFFB4694608AA04F091FC0DF166
S31502000770200888E8FF004FF00508FFF7CAFE694621
S3150200078008AA04F085FC0DF1200888E8FF005FF056
S315020007900A08FFF7BEFE694608AA04F079FC8DE84E
S315020007A0FF005FF0140888B0FFF7B3FE694608AA97
S315020007B004F06EFC08B05FF00A08FFF7AAFE69466D
S315020007C008AA04F065FC0DF1200888E8FF005FF036
S315020007D03208FFF79EFE694608AA04F059FC8DE826
S315020007E0FF005FF0640888B0FFF793FE694608AA27
S315020007F004F04EFC08B05FF03208FFF78AFE694645
S3150200080008AA04F045FC5FF00508FFF782FE694678
S3150200081010AA04F03DFC8DE8FF00694618AA04F010
S3150200082037FC4FEAD7784FF0130908FB09F84FF067
S31502000830000A08F1130810EB080851EB0A0852EBFC
S315020008400A0853EB0A0854EB0A0855EB0A0856EB5A
S315020008500A0857EB0A085AEB0A0B4FEAD87848EA15
S315020008604B0808FB09F8DDF8289110EB0800C9F8D7
S31502000870000000204141C9F8041049464241434163
S31502000880444145414641474127F000478A60CB60D3
S315020008900C614D618E61CF614BB0BDE8F08F0000F7
S315020008A042DB01002DE9F04F40F2190EF8C9B2E819
S315020008B0001FD3FA48F3D4FA49F4D5FA4AF5D6FA20
S315020008C04BF6D7FA4CF7F8C0BEF1010E7FF4EEAF45
S315020008D038C9B2E80007D3FA48F3D4FA49F4D5FA8C
S315020008E04AF538C0BDE8F08F2DE9F04F40F2190EF7
S315020008F0F8C9B2E8001F93FA48F394FA49F495FA54
S315020009004AF596FA4BF697FA4CF7F8C0BEF1010E85
S315020009107FF4EEAF38C9B2E8000793FA48F394FAC7
S3150200092049F495FA4AF538C0BDE8F08F2DE9F04F43
S3150200093040F2400E51F8044B52F8046B51F8045B36
S3150200094052F8047BD3F804B053F808CB2CFB06FC10
S3150200095040F804CB24FB16FC40F804CB2BFB07FC27
S3150200096040F804CB25FB17FC40F804CBBEF1010E80
S315020009707FF4E0AFBDE8F08F2DE9F04F40F2400E74
S3150200098051F8044B52F8046BD0F8005053F804CBDC
S31502000990D0F804702CFB065C40F804CB24FB167BD3
S315020009A040F804BB51F8044B52F8046BD0F80050DF
S315020009B053F804CBD0F804702CFB065C40F804CB49
S315020009C024FB167B40F804BBBEF1010E7FF4D8AFC0
S315020009D0BDE8F08F2DE9F04F46F60809C0F601583A
S315020009E04FF2013AC6F6A83ADDF824B040F2400EBC
S315020009F051F8044B52F8046B5BF8045B53F804CBD2
S31502000A005BF8047B2CFB065505FB0AF515FB3895AE
S31502000A1024FB167707FB0AF717FB3897C7EA254523
S31502000A2040F8045B51F8044B52F8046B5BF8045B24
S31502000A3053F804CB5BF8047B2CFB065505FB0AF541
S31502000A4015FB389524FB167707FB0AF717FB389731
S31502000A50C7EA254540F8045BBEF1010E7FF4C8AF34
S31502000A60BDE8F08F2DE9FF4F46F6080B40F6015A16
S31502000A704FF2013CC6F6A83C40F20009DDF83440CC
S31502000A80DDF838700DEE107ADDF83C700DEE907AD6
S31502000A9040F2000E08EE903A33F8025B13F8016B4F
S31502000AA0C5F3033747EA0616C5F30B05C6F30B066D
S31502000AB0B5EB0A0F80F04E8022F8025B09F10109BC
S31502000AC0B9F1040F40F04680A2F1080209EE103A8D
S31502000AD009EE90EA0AEE106A1DEE908A51F8043B7E
S31502000AE0D2F8009054F804EB3EFB13F515FB0AB559
S31502000AF0C3EA050548F8045B15FB39F613FB0966DC
S31502000B0023FB19F5C0F8045040F8086BCEF1000E2D
S31502000B1051F8043BD2F804903EFB13F515FB0AB5D7
S31502000B20C3EA050548F8045B15FB39F613FB0966AB
S31502000B3023FB19F5C0F8045040F8086B0DEE908AB5
S31502000B4019EE103A19EE90EA1AEE106A0EF1010E3B
S31502000B5040F20009B6EB0A0F80F04E80BEF1400F5C
S31502000B6080F24A8022F8026B09F10109B9F1040FF9
S31502000B7040F04280A2F1080209EE103A09EE90EA2C
S31502000B801DEE908A51F8043BD2F8009054F804EB1B
S31502000B903EFB13F515FB0AB5C3EA050548F8045BE7
S31502000BA015FB39F613FB096623FB19F5C0F8045049
S31502000BB040F8086BCEF1000E51F8043BD2F80490CF
S31502000BC03EFB13F515FB0AB5C3EA050548F8045BB7
S31502000BD015FB39F613FB096623FB19F5C0F8045019
S31502000BE040F8086B0DEE908A19EE103A19EE90EA6B
S31502000BF00EF1010E40F2000918EE907A07F1A807ED
S31502000C0003F10308B8EB070F40F32380BEF1400F50
S31502000C1080F21F8018EE903A08EE10CA09EE100A0A
S31502000C2009EE901A0AEE102A0AEE90EA184640F2E7
S31502000C3001011DEE102A04F013FB18EE10CA19EE7C
S31502000C40100A19EE901A1AEE102A1AEE90EA18EE07
S31502000C50903ABEF1400FFFF61FAFBDE8FF8F00BF0F
S31502000C602DE9FF4F46F6080B40F6015A4FF2013CBA
S31502000C70C6F6A83C40F20009DDF83440DDF83870CB
S31502000C800DEE107ADDF83C700DEE907A40F2000E11
S31502000C9008EE903A33F8025B13F8016BC5F303379B
S31502000CA047EA0616C5F30B05C6F30B06B5EB0A0FA4
S31502000CB080F0548022F8025B09F10109B9F1040FB0
S31502000CC040F04C80A2F1080209EE103A09EE90EAD1
S31502000CD00AEE106A1DEE908A51F8043BD2F8009093
S31502000CE0076854F804EB3EFB13F515FB0AB5C3EA95
S31502000CF0050548F8045B15FB397513FB095740F8DF
S31502000D00047BD0F8007023FB197740F8047BCEF100
S31502000D10000E51F8043BD2F8049007683EFB13F527
S31502000D2015FB0AB5C3EA050548F8045B15FB3975D8
S31502000D3013FB095740F8047BD0F8007023FB1977A0
S31502000D4040F8047B0DEE908A19EE103A19EE90EAFD
S31502000D501AEE106A0EF1010E40F20009B6EB0A0F06
S31502000D6080F05480BEF1400F80F2508022F8026B70
S31502000D7009F10109B9F1040F40F04880A2F1080215
S31502000D8009EE103A09EE90EA1DEE908A51F8043BFC
S31502000D90D2F80090076854F804EB3EFB13F515FBF6
S31502000DA00AB5C3EA050548F8045B15FB397513FB5A
S31502000DB0095740F8047BD0F8007023FB197740F8F6
S31502000DC0047BCEF1000E51F8043BD2F8049007687A
S31502000DD03EFB13F515FB0AB5C3EA050548F8045BA5
S31502000DE015FB397513FB095740F8047BD0F80070E0
S31502000DF023FB197740F8047B0DEE908A19EE103A20
S31502000E0019EE90EA0EF1010E40F2000918EE907A00
S31502000E1007F1A80703F10308B8EB070F40F3238095
S31502000E20BEF1400F80F21F8018EE903A08EE10CA0B
S31502000E3009EE100A09EE901A0AEE102A0AEE90EA54
S31502000E40184640F201011DEE102A04F009FA18EEC6
S31502000E5010CA19EE100A19EE901A1AEE102A1AEE94
S31502000E6090EA18EE903ABEF1400FFFF613AFBDE8D6
S31502000E70FF8F00BF2DE9FF4F46F6080B40F6015AD9
S31502000E804FF2013CC6F6A83C40F20009DDF83440B8
S31502000E90DDF838700DEE107ADDF83C700DEE907AC2
S31502000EA00EEE100A0EEE900ADDF8400040F2000E39
S31502000EB008EE903A33F8025B13F8016BC5F3033779
S31502000EC047EA0616C5F30B05C6F30B06B5EB0A0F82
S31502000ED080F06A8022F8025B09F10109B9F1040F78
S31502000EE040F06280A2F1080209EE103A09EE90EA99
S31502000EF00AEE106A1DEE908A51F8043BD2F8009071
S31502000F0050F8047B54F804EB3EFB13F515FB0AB5C7
S31502000F10C3EA050548F8045B15FB397513FB095648
S31502000F2006FB0CF616FB2AB650F8045B23FB195592
S31502000F3005FB0CF515FB2AB5C5EA26471EEE106A17
S31502000F4046F8047BCEF1000E51F8043BD2F8049029
S31502000F503EFB13F515FB0AB5C3EA050550F8047BFB
S31502000F6048F8045B15FB397513FB095505FB0CF5AF
S31502000F7015FB2AB550F8047B23FB197707FB0CF700
S31502000F8017FB2AB7C7EA254746F8047B0EEE106A16
S31502000F900DEE908A19EE103A19EE90EA1AEE106AE0
S31502000FA00EF1010E40F20009B6EB0A0F80F06A80DC
S31502000FB0BEF1400F80F2668022F8026B09F1010948
S31502000FC0B9F1040F40F05E80A2F1080209EE103A70
S31502000FD009EE90EA1DEE908A51F8043BD2F8009091
S31502000FE050F8047B54F804EB3EFB13F515FB0AB5E7
S31502000FF0C3EA050548F8045B15FB397513FB095668
S3150200100006FB0CF616FB2AB650F8045B23FB1955B1
S3150200101005FB0CF515FB2AB5C5EA26471EEE106A36
S3150200102046F8047BCEF1000E51F8043BD2F8049048
S315020010303EFB13F515FB0AB5C3EA050550F8047B1A
S3150200104048F8045B15FB397513FB095505FB0CF5CE
S3150200105015FB2AB550F8047B23FB197707FB0CF71F
S3150200106017FB2AB7C7EA254746F8047B0EEE106A35
S315020010700DEE908A19EE103A19EE90EA0EF1010E73
S3150200108040F2000918EE907A07F1A80703F1030867
S31502001090B8EB070F40F32380BEF1400F80F21F80AA
S315020010A018EE903A08EE10CA09EE100A09EE901AE6
S315020010B00AEE102A0AEE90EA184640F201011DEEE7
S315020010C0102A04F0CDF818EE10CA19EE100A19EE1D
S315020010D0901A1AEE102A1AEE90EA18EE903ABEF11B
S315020010E0400FFFF6E7AE1EEE900ABDE8FF8F00BF87
S315020010F02DE9FF4F46F6080B40F6015A4FF2013C26
S31502001100C6F6A83C40F20009DDF834700DEE107AFE
S31502001110DDF838700DEE907A40F2000E08EE903A45
S3150200112033F8025B13F8016BC5F3033747EA061679
S31502001130C5F30B05C6F30B06B5EB0A0F80F03A8032
S3150200114022F8025B09F10109B9F1040F40F032807D
S31502001150A2F1080209EE103A09EE90EA0AEE106AC6
S315020011601DEE908A51F8043BD2F8009051F8045BC8
S31502001170D2F8046058F804EB2EFB09F723FB19F4A6
S3150200118040F8047B40F8044B58F8047B27FB06FE24
S3150200119025FB16F440F804EB40F8044B0DEE908A5A
S315020011A019EE103A19EE90EA1AEE106A0EF1010ED5
S315020011B040F20009B6EB0A0F80F03A80BEF1400F0A
S315020011C080F2368022F8026B09F10109B9F1040FA7
S315020011D040F02E80A2F1080209EE103A09EE90EADA
S315020011E01DEE908A51F8043BD2F8009051F8045B48
S315020011F0D2F8046058F804EB2EFB09F723FB19F426
S3150200120040F8047B40F8044B58F8047B27FB06FEA3
S3150200121025FB16F440F804EB40F8044B0DEE908AD9
S3150200122019EE103A19EE90EA0EF1010E40F200099B
S3150200123018EE907A07F1A80703F10308B8EB070F37
S3150200124040F32380BEF1400F80F21F8018EE903AE1
S3150200125008EE10CA09EE100A09EE901A0AEE102AD2
S315020012600AEE90EA184640F201011DEE102A03F03A
S31502001270F7FF18EE10CA19EE100A19EE901A1AEEB6
S31502001280102A1AEE90EA18EE903ABEF1400FFFF6D7
S3150200129047AFBDE8FF8F00BF2DE9FF4F46F6080BAB
S315020012A040F6015A4FF2013CC6F6A83C40F200094C
S315020012B0DDF834700DEE107ADDF838700DEE907AA6
S315020012C040F2000E08EE903A33F8025B13F8016B17
S315020012D0C5F3033747EA0616C5F30B05C6F30B0635
S315020012E0B5EB0A0F80F0418022F8025B09F1010991
S315020012F0B9F1040F40F03980A2F1080209EE103A62
S3150200130009EE90EA0AEE106A1DEE908A51F8043B45
S31502001310D2F8009051F8045BD2F80460D0F800705D
S31502001320D0F804E058F8044B24FB097723FB19EEA6
S31502001330C0F804E040F8087B58F8044B0768D0F878
S3150200134004E024FB067725FB16EEC0F804E040F81D
S31502001350087B0DEE908A19EE103A19EE90EA1AEE13
S31502001360106A0EF1010E40F20009B6EB0A0F80F088
S315020013704180BEF1400F80F23D8022F8026B09F1F6
S315020013800109B9F1040F40F03580A2F1080209EE15
S31502001390103A09EE90EA1DEE908A51F8043BD2F813
S315020013A0009051F8045BD2F80460D0F80070D0F8CF
S315020013B004E058F8044B24FB097723FB19EEC0F826
S315020013C004E040F8087B58F8044B0768D0F804E0BC
S315020013D024FB067725FB16EEC0F804E040F8087BEE
S315020013E00DEE908A19EE103A19EE90EA0EF1010E00
S315020013F040F2000918EE907A07F1A80703F10308F4
S31502001400B8EB070F40F32380BEF1400F80F21F8036
S3150200141018EE903A08EE10CA09EE100A09EE901A72
S315020014200AEE102A0AEE90EA184640F201011DEE73
S31502001430102A03F015FF18EE10CA19EE100A19EE5B
S31502001440901A1AEE102A1AEE90EA18EE903ABEF1A7
S31502001450400FFFF639AFBDE8FF8F00BF2DE9FF4F02
S3150200146046F6080B40F6015A4FF2013CC6F6A83C76
S3150200147040F20009DDF834700DEE107ADDF83870AE
S315020014800DEE907A0EEE100A0EEE900ADDF83C0092
S3150200149040F2000E08EE903A33F8025B13F8016B45
S315020014A0C5F3033747EA0616C5F30B05C6F30B0663
S315020014B0B5EB0A0F80F0568022F8025B09F10109AA
S315020014C0B9F1040F40F04E80A2F1080209EE103A7B
S315020014D009EE90EA0AEE106A1DEE908A51F8043B74
S315020014E0D2F8009051F8045BD2F80460D0F804E018
S315020014F050F8087B58F8044B24FB097707FB0CF7D6
S3150200150017FB2AB723FB19EE0EFB0CFE1EFB2ABEA7
S31502001510CEEA27471EEE103A43F8047B58F8044BEE
S31502001520D0F804E050F8087B24FB067707FB0CF79B
S3150200153017FB2AB725FB16EE0EFB0CFE1EFB2ABE78
S31502001540CEEA274743F8047B0EEE103A0DEE908A58
S3150200155019EE103A19EE90EA1AEE106A0EF1010E21
S3150200156040F20009B6EB0A0F80F05680BEF1400F3A
S3150200157080F2528022F8026B09F10109B9F1040FD7
S3150200158040F04A80A2F1080209EE103A09EE90EA0A
S315020015901DEE908A51F8043BD2F8009051F8045B94
S315020015A0D2F80460D0F804E050F8087B58F8044BEF
S315020015B024FB097707FB0CF717FB2AB723FB19EE67
S315020015C00EFB0CFE1EFB2ABECEEA27471EEE103A83
S315020015D043F8047B58F8044BD0F804E050F8087B33
S315020015E024FB067707FB0CF717FB2AB725FB16EE3B
S315020015F00EFB0CFE1EFB2ABECEEA274743F8047BEF
S315020016000EEE103A0DEE908A19EE103A19EE90EAA5
S315020016100EF1010E40F2000918EE907A07F1A807C2
S3150200162003F10308B8EB070F40F32380BEF1400F26
S3150200163080F21F8018EE903A08EE10CA09EE100AE0
S3150200164009EE901A0AEE102A0AEE90EA184640F2BD
S3150200165001011DEE102A03F003FE18EE10CA19EE60
S31502001660100A19EE901A1AEE102A1AEE90EA18EEDD
S31502001670903ABEF1400FFFF60FAF1EEE900ABDE89C
S31502001680FF8F00BF2DE9F041074690B000F50076C6
S315020016904FF0040E3C46E8464EF001E007F14005E5
S315020016A0C44620686168A268E36808F11008ACE8DD
S315020016B00F0010340FF00DC0EC46384600244FF0F0
S315020016C0040E024600234EF001E05CF823100433B8
S315020016D042F8041B0FF007C80134042C00F1100075
S315020016E00CF1040CEBD1B5422F46D1D110B0BDE8B6
S315020016F0F08100BF2DE9F04F46F6080AC0F60159FF
S315020017004FF2013BC6F6A83B00F5806E53F804CBB8
S3150200171092F80260B2F8037092F8058032F8064B2E
S31502001720C4F30335C4F30B0445EA061544EA05443B
S31502001730C7F30335C7F30B0645EA081546EA05451E
S3150200174051F8046B51F8047B3CFB14F818FB19A8FA
S3150200175016FB38F816FB048840F8048B26FB14F8AF
S3150200176040F8048BCCF1000C3CFB15F818FB19A8C9
S3150200177017FB38F817FB058840F8048B27FB15F88A
S3150200178040F8048BB0EB0E0F7FF4C0AFBDE8F08FCC
S315020017902DE9F04F46F6080AC0F601594FF2013B11
S315020017A0C6F6A83B00F5806E53F804CB92F80260A9
S315020017B0B2F8037092F8058032F8064BC4F303358B
S315020017C0C4F30B0445EA061544EA0544C7F3033598
S315020017D0C7F30B0645EA081546EA054551F8048B98
S315020017E006683CFB14F717FB19A718FB376718FBAB
S315020017F0047740F8047B066828FB146740F8047BEC
S31502001800CCF1000C51F8048B06683CFB15F717FB6C
S3150200181019A718FB376718FB057740F8047B06689B
S3150200182028FB156740F8047BB0EB0E0F7FF4BCAFC4
S31502001830BDE8F08F2DE9F04F46F6080AC0F60159C9
S315020018404FF2013BC6F6A83BDDF8246000EE906A33
S3150200185006F5806E53F804CB92F80260B2F8037074
S3150200186092F8058032F8064BC4F30335C4F30B0431
S3150200187045EA061544EA0544C7F30335C7F30B06E2
S3150200188045EA081546EA054501EE103A10EE903A89
S3150200189051F8048B53F8046B3CFB14F717FB19A79A
S315020018A018FB376718FB047707FB0BF717FB39A7FB
S315020018B053F8046B28FB146606FB0BF616FB39A6D7
S315020018C0C6EA274640F8046BCCF1000C51F8048BAB
S315020018D053F8046B3CFB15F717FB19A718FB376780
S315020018E018FB057707FB0BF717FB39A753F8046BB1
S315020018F028FB156606FB0BF616FB39A6C6EA274633
S3150200190040F8046B00EE903AB3EB0E0F11EE103A6C
S315020019107FF4A0AFBDE8F08F2DE9F04F44F6BF6A21
S3150200192040F6015B40F2100990E8FE0111FB0AFC49
S3150200193011FB2AFE4FEAAC6C4FEAAE6E1CFB0BFCA7
S315020019401EFB0BFECCEA0E4CD1FA4CF112FB0AFC42
S3150200195012FB2AFE4FEAAC6C4FEAAE6E1CFB0BFC86
S315020019601EFB0BFECCEA0E4CD2FA4CF213FB0AFC1F
S3150200197013FB2AFE4FEAAC6C4FEAAE6E1CFB0BFC65
S315020019801EFB0BFECCEA0E4CD3FA4CF314FB0AFCFC
S3150200199014FB2AFE4FEAAC6C4FEAAE6E1CFB0BFC44
S315020019A01EFB0BFECCEA0E4CD4FA4CF415FB0AFCD9
S315020019B015FB2AFE4FEAAC6C4FEAAE6E1CFB0BFC23
S315020019C01EFB0BFECCEA0E4CD5FA4CF516FB0AFCB6
S315020019D016FB2AFE4FEAAC6C4FEAAE6E1CFB0BFC02
S315020019E01EFB0BFECCEA0E4CD6FA4CF617FB0AFC93
S315020019F017FB2AFE4FEAAC6C4FEAAE6E1CFB0BFCE1
S31502001A001EFB0BFECCEA0E4CD7FA4CF718FB0AFC6F
S31502001A1018FB2AFE4FEAAC6C4FEAAE6E1CFB0BFCBF
S31502001A201EFB0BFECCEA0E4CD8FA4CF8A0E8FE01DF
S31502001A30B9F101097FF478AFBDE8F08F2DE9F04FD7
S31502001A4046F6080CC0F6015B44F6AC7AC9F2F47AA3
S31502001A5040F2100990E8FE013AFB01FE3AFB11F151
S31502001A601EFB1BCE11FB1BC1C1EA2E413AFB02FE35
S31502001A703AFB12F21EFB1BCE12FB1BC2C2EA2E421D
S31502001A803AFB03FE3AFB13F31EFB1BCE13FB1BC3EF
S31502001A90C3EA2E433AFB04FE3AFB14F41EFB1BCEAA
S31502001AA014FB1BC4C4EA2E443AFB05FE3AFB15F5A9
S31502001AB01EFB1BCE15FB1BC5C5EA2E453AFB06FED1
S31502001AC03AFB16F61EFB1BCE16FB1BC6C6EA2E46B5
S31502001AD03AFB07FE3AFB17F71EFB1BCE17FB1BC78B
S31502001AE0C7EA2E473AFB08FE3AFB18F81EFB1BCE46
S31502001AF018FB1BC8C8EA2E48A0E8FE01B9F1010985
S31502001B007FF4A8AFBDE8F08F0000000000000000DF
S31502001B1000000000000000000000000000000000BD
S31502001B2000000000000000000000000000000000AD
S31502001B30000000000000000000000000000000009D
S31502001B40704700BFAFF30080AFF30080AFF30080B1
S31502001B50AFF30080AFF30080AFF30080AFF30080F5
S31502001B60AFF30080AFF30080AFF30080AFF30080E5
S31502001B70AFF30080AFF30080AFF30080AFF30080D5
S31502001B80000000000000000000000000000000004D
S31502001B90000000000000000000000000000000003D
S31502001BA0000000000000000000000000000000002D
S31502001BB0000000000000000000000000000000001D
S31502001BC0000000000000000000000000000000000D
S31502001BD000000000000000000000000000000000FD
S31502001BE000000000000000000000000000000000ED
S31502001BF000000000000000000000000000000000DD
S31502001C0000000000000000000000000000000000CC
S31502001C1000000000000000000000000000000000BC
S31502001C2000000000000000000000000000000000AC
S31502001C30000000000000000000000000000000009C
S31502001C4003B32DE9F04122F00704001912F007024E
S31502001C500BD01C00C2F10805AC4200DD2C00A3EB40
S31502001C600408230000F0ECF84346DA0804D098464C
S31502001C7000F066F808F0070313B1002200F0E0F85E
S31502001C80BDE8F081704700BFAFF30080AFF300807C
S31502001C90AFF30080AFF30080AFF30080AFF30080B4
S31502001CA0AFF30080AFF30080AFF30080AFF30080A4
S31502001CB0AFF30080AFF30080AFF30080AFF3008094
S31502001CC0000000000000000000000000000000000C
S31502001CD000000000000000000000000000000000FC
S31502001CE000000000000000000000000000000000EC
S31502001CF000000000000000000000000000000000DC
S31502001D0000000000000000000000000000000000CB
S31502001D1000000000000000000000000000000000BB
S31502001D2000000000000000000000000000000000AB
S31502001D30000000000000000000000000000000009B
S31502001D4051F8044B51F8045BD0E9006704F05533AF
S31502001D5043EA530303F0333343EA930303F00F33A7
S31502001D6043EA131303F0FF1363F30F2386EA1326E2
S31502001D7005F0553343EA530303F0333343EA93033F
S31502001D8003F00F3343EA131303F0FF1343EA13235B
S31502001D9086EA034604F0AA3343EA430303F0CC334C
S31502001DA043EA830303F0F03343EA031303F0FF230A
S31502001DB043EA032387EA134705F0AA3343EA4303B8
S31502001DC003F0CC3343EA830303F0F03343EA03130D
S31502001DD003F0FF2343EA03236FF30F035F40E0E8B8
S31502001DE00267013AACD17047AFF30080AFF30080CF
S31502001DF0AFF30080AFF30080AFF30080AFF3008053
S31502001E0000000000000000000000000000000000CA
S31502001E1000000000000000000000000000000000BA
S31502001E2000000000000000000000000000000000AA
S31502001E30000000000000000000000000000000009A
S31502001E400024002530B46A4411F8015B02F8015BF4
S31502001E50013BF9D130BCD0E9006704F0553343EABF
S31502001E60530303F0333343EA930303F00F3343EA96
S31502001E70131303F0FF1363F30F2386EA132605F009
S31502001E80553343EA530303F0333343EA930303F030
S31502001E900F3343EA131303F0FF1343EA132386EACD
S31502001EA0034604F0AA3343EA430303F0CC3343EA7E
S31502001EB0830303F0F03343EA031303F0FF2343EAF9
S31502001EC0032387EA134705F0AA3343EA430303F0E1
S31502001ED0CC3343EA830303F0F03343EA031303F0FC
S31502001EE0FF2343EA03236FF30F035F40E0E8026731
S31502001EF0704700BFAFF30080AFF30080AFF30080FE
S31502001F0000000000000000000000000000000000C9
S31502001F1000000000000000000000000000000000B9
S31502001F2000000000000000000000000000000000A9
S31502001F300000000000000000000000000000000099
S31502001F4003B32DE9F04122F00704001912F007024B
S31502001F500BD01C00C2F10805AC4200DD2C00A3EB3D
S31502001F600408230000F0ECF84346DA0804D0984649
S31502001F7000F066F808F0070313B1002200F0E0F85B
S31502001F80BDE8F081704700BFAFF30080AFF3008079
S31502001F90AFF30080AFF30080AFF30080AFF30080B1
S31502001FA0AFF30080AFF30080AFF30080AFF30080A1
S31502001FB0AFF30080AFF30080AFF30080AFF3008091
S31502001FC00000000000000000000000000000000009
S31502001FD000000000000000000000000000000000F9
S31502001FE000000000000000000000000000000000E9
S31502001FF000000000000000000000000000000000D9
S3150200200000000000000000000000000000000000C8
S3150200201000000000000000000000000000000000B8
S3150200202000000000000000000000000000000000A8
S315020020300000000000000000000000000000000098
S31502002040F0E80245230065F31F446FF30F0545EAE6
S31502002050134584EA142303F47F435C4084EA032491
S3150200206084EA141303F0F0135C4084EA031484EA4E
S31502002070940303F00C335C4084EA830484EA540339
S3150200208003F022335C4084EA430485EA152303F411
S315020020907F435D4085EA032585EA151303F0F013B5
S315020020A05D4085EA031585EA950303F00C335D402E
S315020020B085EA830585EA550303F022335D4085EA06
S315020020C0430541F8044B013A41F8045BB8D1704725
S315020020D0AFF30080AFF30080AFF30080AFF3008070
S315020020E0AFF30080AFF30080AFF30080AFF3008060
S315020020F0AFF30080AFF30080AFF30080AFF3008050
S3150200210000000000000000000000000000000000C7
S3150200211000000000000000000000000000000000B7
S3150200212000000000000000000000000000000000A7
S315020021300000000000000000000000000000000097
S31502002140F0E80245260065F31F446FF30F0545EAE2
S31502002150164584EA142606F47F46744084EA062469
S3150200216084EA141606F0F016744084EA061484EA29
S31502002170940606F00C36744084EA860484EA540611
S3150200218006F02236744084EA460485EA152606F4E9
S315020021907F46754085EA062585EA151606F0F0168D
S315020021A0754085EA061585EA950606F00C367540F1
S315020021B085EA860585EA550606F02236754085EAE1
S315020021C0460530B46A4412F8014B013B01F8014B53
S315020021D0F9D102B0704700BFAFF30080AFF30080C1
S315020021E0AFF30080AFF30080AFF30080AFF300805F
S315020021F0AFF30080AFF30080AFF30080AFF300804F
S3150200220000000000000000000000000000000000C6
S3150200221000000000000000000000000000000000B6
S3150200222000000000000000000000000000000000A6
S315020022300000000000000000000000000000000096
S3150200224001000000000000000000000089000000FC
S31502002250000000008B0000800000000080800080EB
S31502002260010000008B000000010000000080000059
S3150200227001000000888000800100000082000080CA
S31502002280000000000B000000000000000A00000031
S3150200229001000000828000000000000003800000B0
S315020022A0010000008B800000010000000B0000808E
S315020022B0010000008A000080010000008100008009
S315020022C0000000008100008000000000080000807D
S315020022D00000000083000000000000000380008070
S315020022E00100000088800080000000008800008055
S315020022F001000000008000000000000082800080D3
S31502002300FF000000AFF30080AFF30080AFF3008060
S31502002310AFF30080AFF30080AFF30080AFF300802D
S31502002320AFF30080AFF30080AFF30080AFF300801D
S31502002330AFF30080AFF30080AFF30080AFF300800D
S31502002340AFF204112DE9F05F86B00591D0F8203086
S31502002350D0F84810D0F87050D0F898B0D0F8C0C075
S3150200236083EA010383EA050383EA0B0383EA0C0388
S31502002370D0F80C70D0F83410D0F85C50D0F884B095
S31502002380D0F8ACC087EA010787EA050787EA0B0798
S3150200239087EA0C0783EAF776D0F81440D0F83C10A7
S315020023A0D0F86450D0F88CB0D0F8B4C0CDF8006044
S315020023B084EA010484EA050484EA0B0484EA0C0430
S315020023C083EA0406D0F81830D0F84010D0F86850E6
S315020023D0D0F890B0D0F8B8C0CDF80C6083EA01030B
S315020023E083EA050383EA0B0383EA0C0387EA030203
S315020023F0D0F80070D0F82810D0F85050D0F878B045
S31502002400D0F8A0C087EA010787EA050787EA0B0723
S3150200241087EA0C0787EAF47AD0F81C40D0F8441011
S31502002420D0F86C50D0F894B0D0F8BCC084EA01045D
S3150200243084EA050484EA0B0484EA0C0484EA070E9F
S31502002440D0F80870D0F83010D0F85850D0F880B0D4
S31502002450D0F8A8C087EA010787EA050787EA0B07CB
S3150200246087EA0C0787EAF476D0F82440D0F84C10B5
S31502002470D0F87450D0F89CB0D0F8C4C0CDF8106033
S3150200248084EA010484EA050484EA0B0484EA0C045F
S3150200249084EA0708D0F81070D0F83810D0F86050E7
S315020024A0D0F888B0D0F8B0C0CDF8048087EA01072A
S315020024B087EA050787EA0B0787EA0C0787EAF479B2
S315020024C0D0F80440D0F82C10D0F85450D0F87CB094
S315020024D0D0F8A4C0CDF8089084EA010484EA050481
S315020024E084EA0B0484EA0C0484EA070B83EAF47C8C
S315020024F0D0F81830D0F84840D0F85450D0F884605C
S31502002500D0F8B470C0F8541089EA03038CEA0404C4
S3150200251088EA05058BEA060682EA070725EA346198
S3150200252081EA3351C0F8541026EA755181EA7431B2
S31502002530C0F8841027EA362181EA7571C0F8B41012
S3150200254023EAF73181EAF651C0F8181024EA33710A
S3150200255081EAF721D0F80830D0F83C40D0F868502C
S31502002560D0F89C60D0F8A470C0F848108AEA030339
S3150200257082EA040489EA05058EEA060688EA07075E
S3150200258025EA742181EA3331C0F8A41026EA3561BE
S3150200259081EA7401C0F8081027EA761181EA75719A
S315020025A0C0F83C1023EAF75181EA3671C0F8681088
S315020025B024EAF30181EAB761DDF80080D0F824301D
S315020025C0D0F82840D0F85850D0F88C60D0F8B870BF
S315020025D0C0F89C108EEA030388EA04048AEA050519
S315020025E082EA060689EA070725EAF44181EAF351F7
S315020025F0C0F8281026EAF50181EAB451C0F858104D
S3150200260027EA365181EAF551C0F88C1023EAB74120
S3150200261081EAB611C0F8B81024EA331181EAB7513B
S31502002620D0F81430D0F84040D0F87050D0F8786026
S31502002630D0F8AC70C0F8241082EA030389EA0404D5
S315020026408CEA050588EA06068BEA070725EA34615D
S3150200265081EA3351C0F8781026EA750181EA74617D
S31502002660C0F8AC1027EA763181EAB531C0F8141009
S3150200267023EAB77181EAF621C0F8401024EA3371E1
S3150200268081EAB761DDF80C90D0F80030046B456E34
S31502002690D0F89460D0F8C070C0F8701088EA0303CE
S315020026A08AEA040482EA050589EA06068CEA07072D
S315020026B026EA755181EA7451C0F8301027EA36715C
S315020026C081EA7541C0F8641023EA776181EA76519E
S315020026D0C0F8941024EAB35181EAF731C0F8C01069
S315020026E025EA040505990C6883EAB52384EA030101
S315020026F0DDF81020D0F81C30D0F84C40D0F85050FD
S31502002700D0F88060D0F8B070C0F8001089EA0303F0
S315020027108EEA040488EA05058AEA060682EA0707BB
S3150200272025EAF45181EAF341C0F8501026EA7551C0
S3150200273081EA3431C0F8801027EA362181EA7571C0
S31502002740C0F8B01023EA374181EA3661C0F81C109E
S3150200275024EA337181EA3731D0F80C30D0F83840A8
S31502002760D0F86C50D0F89860D0F8A070C0F84C1031
S315020027708BEA030382EA040489EA05058CEA060663
S3150200278088EA070725EAB42181EA3331C0F8A010A6
S3150200279026EAF55181EA7401C0F80C1027EA76118F
S315020027A081EA3571C0F8381023EA376181EA767119
S315020027B0C0F86C1024EAB30181EAB761DDF804803F
S315020027C0D0F82030D0F82C40D0F85C50D0F8886091
S315020027D0D0F8BC70C0F898108CEA030388EA0404A7
S315020027E08BEA050582EA060689EA070725EAF44125
S315020027F081EA3361C0F82C1026EAB50181EA7451E8
S31502002800C0F85C1027EA765181EAF551C0F88810C3
S3150200281023EA774181EAB611C0F8BC1024EA7311A3
S3150200282081EAB751D0F81030D0F84440D0F874504D
S31502002830D0F87C60D0F8A870C0F8201082EA0303B2
S3150200284089EA04048EEA050588EA06068AEA070783
S3150200285025EA346181EA7351C0F87C1026EA7501D3
S3150200286081EA7461C0F8A81027EA363181EA753127
S31502002870C0F8101023EAB77181EAB621C0F84410F5
S3150200288024EA737181EAF761DDF80890D0F8043022
S31502002890446B056ED0F89060D0F8C470C0F874101E
S315020028A088EA03038BEA040482EA050589EA060636
S315020028B08EEA070726EA755181EA3451C0F83410C8
S315020028C027EA767181EAB541C0F8601023EA77619A
S315020028D081EAB651C0F8901024EAB35181EAF73181
S315020028E0C0F8C41025EAF47505994C6883EAF52305
S315020028F084EA030ED0F8C030D0F84810D0F89850C9
S31502002900D0F824B0D0F874C0C0F804E083EA3133BA
S3150200291083EAF54383EA3B1383EABC63D0F8347057
S31502002920D0F88010D0F80850D0F85CB0D0F8ACC01F
S3150200293087EA315787EAB51787EAFB0787EABC5762
S315020029404FEAB32383EA7756D0F86040D0F8B01046
S31502002950D0F83C50D0F888B0D0F814C0CDF800605A
S3150200296084EA712484EAB57484EAFB2484EABC14FA
S3150200297083EA7466D0F89430D0F81810D0F86C5008
S31502002980D0F8B8B0D0F844C0CDF80C6083EAB143B1
S3150200299083EAF57383EABB4383EA7C0383EAB7528D
S315020029A0D0F80070D0F85410D0F8A050D0F828B063
S315020029B0D0F87CC087EAB17787EAF54787EAFB67F2
S315020029C087EA3C3787EA346AD0F89040D0F81C1080
S315020029D0D0F86850D0F8BCB0D0F840C084EAB14410
S315020029E084EA050484EAFB4484EA7C0484EA070E4A
S315020029F0D0F83070D0F88410D0F80C50D0F858B017
S31502002A00D0F8A8C087EA315787EAF51787EAFB07A5
S31502002A1087EABC574FEA775787EAF476D0F8C4407C
S31502002A20D0F84C10D0F89C50D0F820B0D0F870C036
S31502002A30CDF8106084EA313484EAF54484EA3B1422
S31502002A4084EAFC6487EAB428D0F86470D0F8B4103B
S31502002A50D0F83850D0F88CB0D0F810C0CDF8048039
S31502002A6087EA312787EAB57787EAFB2787EABC1721
S31502002A704FEA776787EA7429D0F80440D0F85010F5
S31502002A80D0F8A450D0F82CB0D0F878C0CDF8089081
S31502002A9084EAF17484EA355484EAFB6484EA7C3479
S31502002AA084EA070B83EAF47CD0F89430D0F84840E5
S31502002AB0D0F8A450D0F85C60D0F81470C0F8A41016
S31502002AC089EA03038CEAB45488EA35558BEA7666BA
S31502002AD082EAF77725EA346181EA3351C0F8A41015
S31502002AE026EA755181EA7431C0F85C1027EA36216C
S31502002AF081EA7571C0F8141023EAF73181EAF651BA
S31502002B00C0F8941024EA337181EAF721D0F8303004
S31502002B10D0F8B040D0F86C50D0F82060D0F8787079
S31502002B20C0F848108AEA735382EAB40489EAF57552
S31502002B308EEAB63688EA773725EA742181EA333196
S31502002B40C0F8781026EA356181EA7401C0F83010BF
S31502002B5027EA761181EA7571C0F8B01023EAF751B7
S31502002B6081EA3671C0F86C1024EAF30181EAB76192
S31502002B70DDF80080D0F8C430D0F85440D0F80C50BC
S31502002B80D0F88860D0F84470C0F820108EEAB323DB
S31502002B9088EAB4748AEA357582EA361689EA7707CC
S31502002BA025EAF44181EAF351C0F8541026EAF50108
S31502002BB081EAB451C0F80C1027EA365181EAF55180
S31502002BC0C0F8881023EAB74181EAB611C0F844106A
S31502002BD024EA331181EAB751D0F86030D0F81840B0
S31502002BE0D0F89850D0F82860D0F8AC70C0F8C4106D
S31502002BF082EA736389EAB4448CEA757588EAF666F2
S31502002C008BEA373725EA346181EA3351C0F8281056
S31502002C1026EA750181EA7461C0F8AC1027EA7631BA
S31502002C2081EAB531C0F8601023EAB77181EAF6216C
S31502002C30C0F8181024EA337181EAB761DDF80C9006
S31502002C40D0F80030D0F88440C56BD0F8BC60476F2E
S31502002C50C0F8981088EA03038AEA742482EAF555D2
S31502002C6089EAF6468CEA371726EA755181EA7451E3
S31502002C70C0F8841027EA367181EA7541C0F83C1023
S31502002C8023EA776181EA7651C0F8BC1024EAB3518F
S31502002C9081EAF731C0F8741025EA040505998C68B3
S31502002CA083EAB52384EA0301DDF81020D0F89030D8
S31502002CB0D0F84C40D0F8A050D0F85860D0F8107038
S31502002CC0C0F8001089EA03038EEAB45488EAF5458F
S31502002CD08AEA366682EAF77725EAF45181EAF3410F
S31502002CE0C0F8A01026EA755181EA3431C0F85810AE
S31502002CF027EA362181EA7571C0F8101023EA3741B6
S31502002D0081EA3661C0F8901024EA337181EA3731DC
S31502002D10D0F83430D0F8B440D0F86850D0F82460F7
S31502002D20D0F87C70C0F84C108BEAB35382EA740474
S31502002D3089EA05058CEAB63688EA373725EAB421E8
S31502002D4081EA3331C0F87C1026EAF55181EA740132
S31502002D50C0F8341027EA761181EA3571C0F8B4104A
S31502002D6023EA376181EA7671C0F8681024EAB30172
S31502002D7081EAB761DDF80480D0F8C030D0F850405F
S31502002D80D0F80850D0F88C60D0F84070C0F8241003
S31502002D908CEAB32388EAF4748BEA357582EA36162E
S31502002DA089EA770725EAF44181EA3361C0F85010CF
S31502002DB026EAB50181EA7451C0F8081027EA76516D
S31502002DC081EAF551C0F88C1023EA774181EAB611FF
S31502002DD0C0F8401024EA731181EAB751D0F8643082
S31502002DE0D0F81C40D0F89C50D0F82C60D0F8A870CF
S31502002DF0C0F8C01082EA736389EAB4448EEA757534
S31502002E0088EAF6668AEAF72725EA346181EA735187
S31502002E10C0F82C1026EA750181EA7461C0F8A81080
S31502002E2027EA363181EA7531C0F8641023EAB771B0
S31502002E3081EAB621C0F81C1024EA737181EAF761AF
S31502002E40DDF80890D0F80430D0F88040856BD0F8D1
S31502002E50B860076FC0F89C1088EA03038BEAB424B3
S31502002E6082EAF55589EAB6468EEA771726EA755159
S31502002E7081EA3451C0F8801027EA767181EAB541B9
S31502002E80C0F8381023EA776181EAB651C0F8B81063
S31502002E9024EAB35181EAF731C0F8701025EAF475D5
S31502002EA00599CC6883EAF52384EA030ED0F87430D8
S31502002EB0D0F84810D0F82450D0F8C4B0D0F89CC04E
S31502002EC0C0F804E083EA313383EAF54383EA3B132D
S31502002ED083EABC63D0F88070D0F85810D0F830502E
S31502002EE0D0F808B0D0F8ACC087EA315787EAB517F0
S31502002EF087EAFB0787EABC574FEAB32383EA77568A
S31502002F00D0F83840D0F81010D0F8B050D0F88CB0C5
S31502002F10D0F860C0CDF8006084EA712484EAB57402
S31502002F2084EAFB2484EABC1483EA7466D0F8BC30D3
S31502002F30D0F89410D0F86850D0F844B0D0F81CC03D
S31502002F40CDF80C6083EAB14383EAF57383EABB43A7
S31502002F5083EA7C0383EAB752D0F80070D0F8A41053
S31502002F60D0F87C50D0F854B0D0F82CC087EAB177AC
S31502002F7087EAF54787EAFB6787EA3C3787EA346AD6
S31502002F80D0F8B840D0F89010D0F86C50D0F840B0D5
S31502002F90D0F818C084EAB14484EA050484EAFB4402
S31502002FA084EA7C0484EA070ED0F88470D0F85C10B8
S31502002FB0D0F83450D0F80CB0D0F8A8C087EA315710
S31502002FC087EAF51787EAFB0787EABC574FEA77577E
S31502002FD087EAF476D0F87040D0F84C10D0F820503A
S31502002FE0D0F8C0B0D0F898C0CDF8106084EA313479
S31502002FF084EAF54484EA3B1484EAFC6487EAB4284A
S31502003000D0F83C70D0F81410D0F8B450D0F888B08C
S31502003010D0F864C0CDF8048087EA312787EAB5770D
S3150200302087EAFB2787EABC174FEA776787EA74299C
S31502003030D0F80440D0F8A010D0F87850D0F850B0AC
S31502003040D0F828C0CDF8089084EAF17484EA3554A1
S3150200305084EAFB6484EA7C3484EA070B83EAF47C20
S31502003060D0F8BC30D0F84840D0F87850D0F8086094
S31502003070D0F86070C0F8781089EA03038CEAB45479
S3150200308088EA35558BEA766682EAF77725EA34616D
S3150200309081EA3351C0F8781026EA755181EA743113
S315020030A0C0F8081027EA362181EA7571C0F8601067
S315020030B023EAF73181EAF651C0F8BC1024EA3371EB
S315020030C081EAF721D0F88430D0F81040D0F8685061
S315020030D0D0F8C060D0F82870C0F848108AEA735356
S315020030E082EAB40489EAF5758EEAB63688EA773753
S315020030F025EA742181EA3331C0F8281026EA3561BF
S3150200310081EA7401C0F8841027EA761181EA7571A2
S31502003110C0F8101023EAF75181EA3671C0F8681038
S3150200312024EAF30181EAB761DDF80080D0F8703055
S31502003130D0F8A440D0F83450D0F88C60D0F81C7087
S31502003140C0F8C0108EEAB32388EAB4748AEA3575E9
S3150200315082EA361689EA770725EAF44181EAF351CB
S31502003160C0F8A41026EAF50181EAB451C0F8341079
S3150200317027EA365181EAF551C0F88C1023EAB741A5
S3150200318081EAB611C0F81C1024EA331181EAB7515C
S31502003190D0F83830D0F89440D0F82450D0F85460A3
S315020031A0D0F8AC70C0F8701082EA736389EAB4444E
S315020031B08CEA757588EAF6668BEA373725EA346152
S315020031C081EA3351C0F8541026EA750181EA746126
S315020031D0C0F8AC1027EA763181EAB531C0F838106A
S315020031E023EAB77181EAF621C0F8941024EA337112
S315020031F081EAB761DDF80C90D0F80030C46DD0F8E2
S31502003200B050066CD0F89C70C0F8241088EA03030C
S315020032108AEA742482EAF55589EAF6468CEA371771
S3150200322026EA755181EA7451C0F85C1027EA3671B4
S3150200323081EA7541C0F8B01023EA776181EA7651D6
S31502003240C0F8401024EAB35181EAF731C0F89C1065
S3150200325025EA040505990C6983EAB52384EA030184
S31502003260DDF81020D0F8B830D0F84C40D0F87C50B9
S31502003270D0F80C60D0F86470C0F8001089EA030335
S315020032808EEAB45488EAF5458AEA366682EAF77720
S3150200329025EAF45181EAF341C0F87C1026EA755119
S315020032A081EA3431C0F80C1027EA362181EA7571B9
S315020032B0C0F8641023EA374181EA3661C0F8B810D3
S315020032C024EA337181EA3731D0F88030D0F81440DD
S315020032D0D0F86C50D0F8C460D0F82C70C0F84C10FE
S315020032E08BEAB35382EA740489EA05058CEAB63698
S315020032F088EA373725EAB42181EA3331C0F82C103F
S3150200330026EAF55181EA7401C0F8801027EA76119F
S3150200331081EA3571C0F8141023EA376181EA7671C1
S31502003320C0F86C1024EAB30181EAB761DDF80480C3
S31502003330D0F87430D0F8A040D0F83050D0F8886079
S31502003340D0F81870C0F8C4108CEAB32388EAF47473
S315020033508BEA357582EA361689EA770725EAF44159
S3150200336081EA3361C0F8A01026EAB50181EA7451F8
S31502003370C0F8301027EA765181EAF551C0F8881074
S3150200338023EA774181EAB611C0F8181024EA7311CC
S3150200339081EAB751D0F83C30D0F89040D0F82050AE
S315020033A0D0F85060D0F8A870C0F8741082EA73633F
S315020033B089EAB4448EEA757588EAF6668AEAF727D8
S315020033C025EA346181EA7351C0F8501026EA750184
S315020033D081EA7461C0F8A81027EA363181EA7531AC
S315020033E0C0F83C1023EAB77181EAB621C0F8901002
S315020033F024EA737181EAF761DDF80890D0F80430A7
S31502003400846DD0F8B450466CD0F89870C0F820108D
S3150200341088EA03038BEAB42482EAF55589EAB646BA
S315020034208EEA771726EA755181EA3451C0F85810A8
S3150200343027EA767181EAB541C0F8B41023EA7761CA
S3150200344081EAB651C0F8441024EAB35181EAF73151
S31502003450C0F8981025EAF47505994C6983EAF523B4
S3150200346084EA030ED0F89C30D0F84810D0F8C45045
S31502003470D0F870B0D0F820C0C0F804E083EA313347
S3150200348083EAF54383EA3B1383EABC63D0F85870B8
S31502003490D0F80C10D0F88450D0F830B0D0F8ACC0C8
S315020034A087EA315787EAB51787EAFB0787EABC57E7
S315020034B04FEAB32383EA7756D0F8B440D0F86410C3
S315020034C0D0F81050D0F888B0D0F838C0CDF80060E7
S315020034D084EA712484EAB57484EAFB2484EABC147F
S315020034E083EA7466D0F84030D0F8BC10D0F86C503D
S315020034F0D0F81CB0D0F890C0CDF80C6083EAB14386
S3150200350083EAF57383EABB4383EA7C0383EAB75211
S31502003510D0F80070D0F87810D0F82C50D0F8A4B0BB
S31502003520D0F850C087EAB17787EAF54787EAFB67A2
S3150200353087EA3C3787EA346AD0F84440D0F8B810B4
S31502003540D0F86850D0F818B0D0F894C084EAB144E4
S3150200355084EA050484EAFB4484EA7C0484EA070ECE
S31502003560D0F85C70D0F80810D0F88050D0F834B09B
S31502003570D0F8A8C087EA315787EAF51787EAFB072A
S3150200358087EABC574FEA775787EAF476D0F898402D
S31502003590D0F84C10D0F8C050D0F874B0D0F824C08F
S315020035A0CDF8106084EA313484EAF54484EA3B14A7
S315020035B084EAFC6487EAB428D0F8B070D0F86010C8
S315020035C0D0F81450D0F88CB0D0F83CC0CDF80480B6
S315020035D087EA312787EAB57787EAFB2787EABC17A6
S315020035E04FEA776787EA7429D0F80440D0F87C104E
S315020035F0D0F82850D0F8A0B0D0F854C0CDF8089032
S3150200360084EAF17484EA355484EAFB6484EA7C34FD
S3150200361084EA070B83EAF47CD0F84030D0F84840BD
S31502003620D0F82850D0F83060D0F83870C0F828109A
S3150200363089EA03038CEAB45488EA35558BEA76663E
S3150200364082EAF77725EA346181EA33514FEAB171AA
S31502003650C0F8281026EA755181EA74314FEA7121C1
S31502003660C0F8301027EA362181EA75714FEA7101F6
S31502003670C0F8381023EAF73181EAF6514FEAB14130
S31502003680C0F8401024EA337181EAF7214FEAB151BA
S31502003690D0F85C30D0F86440D0F86C50D0F8746042
S315020036A0D0F85470C0F848108AEA735382EAB40418
S315020036B089EAF5758EEAB63688EA773725EA7421FD
S315020036C081EA33314FEA3151C0F8541026EA3561A6
S315020036D081EA74014FEA3171C0F85C1027EA76116B
S315020036E081EA75714FEAF151C0F8641023EAF75185
S315020036F081EA3671C0F86C1024EAF30181EAB761F7
S315020037004FEA7171DDF80080D0F89830D0F8784031
S31502003710D0F88050D0F88860D0F89070C0F8741055
S315020037208EEAB32388EAB4748AEA357582EA3616D3
S3150200373089EA770725EAF44181EAF3514FEAF16112
S31502003740C0F8781026EAF50181EAB4514FEA3161F0
S31502003750C0F8801027EA365181EAF5514FEA311155
S31502003760C0F8881023EAB74181EAB6114FEAB1419F
S31502003770C0F8901024EA331181EAB7514FEAB13109
S31502003780D0F8B430D0F8BC40D0F8C450D0F8A46019
S31502003790D0F8AC70C0F8981082EA736389EAB44430
S315020037A08CEA757588EAF6668BEA373725EA34615C
S315020037B081EA33514FEA7131C0F8A41026EA750145
S315020037C081EA74614FEA3131C0F8AC1027EA7631EA
S315020037D081EAB5314FEAF171C0F8B41023EAB77144
S315020037E081EAF6214FEA7101C0F8BC1024EA33716E
S315020037F081EAB7614FEA7111DDF80C90D0F800301A
S31502003800846805698669076AC0F8C41088EA0303F2
S315020038108AEA742482EAF55589EAF6468CEA37176B
S3150200382026EA755181EA74514FEA7151C0F80810BF
S3150200383027EA367181EA75414FEA7161C0F81010C4
S3150200384023EA776181EA7651C0F8181024EAB35167
S3150200385081EAF7314FEAB121C0F8201025EA0405C2
S3150200386005998C6983EAB52384EA0301DDF8102001
S31502003870D0F84430D0F84C40D0F82C50D0F8346010
S31502003880D0F83C70C0F8001089EA03038EEAB454FB
S3150200389088EAF5458AEA366682EAF77725EAF45136
S315020038A081EAF3414FEAF171C0F82C1026EA75510C
S315020038B081EA34314FEAB121C0F8341027EA3621C1
S315020038C081EA75714FEAB101C0F83C1023EA37412B
S315020038D081EA36614FEAB141C0F8441024EA3371F5
S315020038E081EA37314FEAB151D0F85830D0F860400A
S315020038F0D0F86850D0F87060D0F85070C0F84C100C
S315020039008BEAB35382EA740489EA05058CEAB63671
S3150200391088EA373725EAB42181EA33314FEAF141A1
S31502003920C0F8501026EAF55181EA74014FEA317166
S31502003930C0F8581027EA761181EA35714FEAF1513B
S31502003940C0F8601023EA376181EA76714FEAF171B5
S31502003950C0F8681024EAB30181EAB7614FEA7171CF
S31502003960DDF80480D0F89C30D0F87C40D0F8845042
S31502003970D0F88C60D0F89470C0F870108CEAB3233B
S3150200398088EAF4748BEA357582EA361689EA77078D
S3150200399025EAF44181EA33614FEAF161C0F87C100D
S315020039A026EAB50181EA74514FEA7161C0F88410C2
S315020039B027EA765181EAF5514FEA3111C0F88C10A7
S315020039C023EA774181EAB6114FEAF141C0F8941031
S315020039D024EA731181EAB7514FEAB131D0F8B03017
S315020039E0D0F8B840D0F8C050D0F8A060D0F8A8708F
S315020039F0C0F89C1082EA736389EAB4448EEA75754C
S31502003A0088EAF6668AEAF72725EA346181EA73517B
S31502003A104FEA3131C0F8A01026EA750181EA7461D5
S31502003A204FEAF121C0F8A81027EA363181EA75314A
S31502003A304FEAF171C0F8B01023EAB77181EAB621F4
S31502003A404FEA7101C0F8B81024EA737181EAF7618E
S31502003A504FEA3111DDF80890D0F80430C4684569A0
S31502003A60C669476AC0F8C01088EA03038BEAB42421
S31502003A7082EAF55589EAB6468EEA771726EA75513D
S31502003A8081EA34514FEAB151C0F80C1027EA767137
S31502003A9081EAB5414FEA7161C0F8141023EA7761F1
S31502003AA081EAB651C0F81C1024EAB35181EAF73113
S31502003AB04FEAB121C0F8241025EAF4750599CC69BC
S31502003AC051F8207F0591FF2F83EAF52384EA03014B
S31502003AD0C0F804107EF43AAC06B0BDE8F09F00BF11
S31502003AE02DE9F04F82B00090FCF787FBDDF80080ED
S31502003AF088E8FF0002B0BDE8F08F70472DE9F04F6D
S31502003B0090ED001F90ED043F0024002500260027BB
S31502003B105FF000085FF000095FF0000A5FF0000B3B
S31502003B20A1FE224EB1FE226EC1FE228ED1FE22AE31
S31502003B30A1FE224EB1FE226EC1FE228ED1FE22AE21
S31502003B40A1FE224EB1FE226EC1FE228ED1FE22AE11
S31502003B50A1FE224EB1FE226EC1FE228ED1FE22AE01
S31502003B60A1FE224EB1FE226EC1FE228ED1FE22AEF1
S31502003B70A1FE224EB1FE226EC1FE228ED1FE22AEE1
S31502003B80A1FE224EB1FE226EC1FE228ED1FE22AED1
S31502003B90A1FE224EB1FE226EC1FE228ED1FE22AEC1
S31502003BA0A1FE224EB1FE226EC1FE228ED1FE22AEB1
S31502003BB0A1FE224EB1FE226EC1FE228ED1FE22AEA1
S31502003BC0A1FE224EB1FE226EC1FE228ED1FE22AE91
S31502003BD0A1FE224EB1FE226EC1FE228ED1FE22AE81
S31502003BE0A1FE224EB1FE226EC1FE228ED1FE22AE71
S31502003BF0A1FE224EB1FE226EC1FE228ED1FE22AE61
S31502003C00A1FE224EB1FE226EC1FE228ED1FE22AE50
S31502003C10A1FE224EB1FE226EC1FE228ED1FE22AE40
S31502003C203444444454440462BDE8F08F2DE9F04F15
S31502003C3090ED001F90ED043F00240025A1FE224EC8
S31502003C40A1FE224EA1FE224EA1FE224EA1FE224E30
S31502003C50A1FE224EA1FE224EA1FE224EA1FE224E20
S31502003C60A1FE224EA1FE224EA1FE224EA1FE224E10
S31502003C70A1FE224EA1FE224EA1FE224EA1FE224E00
S31502003C80A1FE224EA1FE224EA1FE224EA1FE224EF0
S31502003C90A1FE224EA1FE224EA1FE224EA1FE224EE0
S31502003CA0A1FE224EA1FE224EA1FE224EA1FE224ED0
S31502003CB0A1FE224EA1FE224EA1FE224EA1FE224EC0
S31502003CC0A1FE224EA1FE224EA1FE224EA1FE224EB0
S31502003CD0A1FE224EA1FE224EA1FE224EA1FE224EA0
S31502003CE0A1FE224EA1FE224EA1FE224EA1FE224E90
S31502003CF0A1FE224EA1FE224EA1FE224EA1FE224E80
S31502003D00A1FE224EA1FE224EA1FE224EA1FE224E6F
S31502003D10A1FE224EA1FE224EA1FE224EA1FE224E5F
S31502003D20A1FE224EA1FE224EA1FE224EA1FE224E4F
S31502003D30A1FE224EA1FE224EA1FE224E0462BDE843
S31502003D40F08F2DE9F04F90ED001F90ED043F90EDBE
S31502003D50085F90ED0C7F90ED101F90ED143F90EDF3
S31502003D60185F90ED1C7F90ED201F90ED243F90EDA3
S31502003D70285F90ED2C7F90ED301F90ED343F90ED53
S31502003D80385F90ED3C7F90ED401F90ED443F90ED03
S31502003D90485F90ED4C7F90ED501F90ED543F90EDB3
S31502003DA0585F90ED5C7F90ED601F90ED643F90ED63
S31502003DB0685F90ED6C7F90ED001F90ED043F90EDF3
S31502003DC0085F90ED0C7F90ED101F90ED143F90ED83
S31502003DD0185F90ED1C7F90ED201F90ED243F90ED33
S31502003DE0285F90ED2C7F90ED301F90ED343F90EDE3
S31502003DF0385F90ED3C7F90ED401F90ED443F90ED93
S31502003E00485F90ED4C7F90ED501F90ED543F90ED42
S31502003E10585F90ED5C7F90ED601F90ED643F90EDF2
S31502003E20685F90ED6C7F90ED001F90ED043F90ED82
S31502003E30085F90ED0C7F90ED101F90ED143F90ED12
S31502003E40185F90ED1C7FBDE8F08F2DE9F04F90EDE5
S31502003E50001F90ED043F21FE024E21FE026E21FE5E
S31502003E60024E21FE026E21FE024E21FE026E21FE4E
S31502003E70024E21FE026E21FE024E21FE026E21FE3E
S31502003E80024E21FE026E21FE024E21FE026E21FE2E
S31502003E90024E21FE026E21FE024E21FE026E21FE1E
S31502003EA0024E21FE026E21FE024E21FE026E21FE0E
S31502003EB0024E21FE026E21FE024E21FE026E21FEFE
S31502003EC0024E21FE026E21FE024E21FE026E21FEEE
S31502003ED0024E21FE026E21FE024E21FE026E21FEDE
S31502003EE0024E21FE026E21FE024E21FE026E21FECE
S31502003EF0024E21FE026E21FE024E21FE026E21FEBE
S31502003F00024E21FE026E21FE024E21FE026E21FEAD
S31502003F10024E21FE026E21FE024E21FE026E21FE9D
S31502003F20024E21FE026E21FE024E21FE026E21FE8D
S31502003F30024E21FE026E21FE024E21FE026E21FE7D
S31502003F40024E21FE026E21FE024E21FE026E21FE6D
S31502003F50024E21FE026E80ED105FBDE8F08F2DE964
S31502003F60F04F0268436800240025002600275FF010
S31502003F7000085FF000095FF0000A5FF0000BE2FB49
S31502003F806345E2FB6367E2FB6389E2FB63ABE2FB49
S31502003F906345E2FB6367E2FB6389E2FB63ABE2FB39
S31502003FA06345E2FB6367E2FB6389E2FB63ABE2FB29
S31502003FB06345E2FB6367E2FB6389E2FB63ABE2FB19
S31502003FC06345E2FB6367E2FB6389E2FB63ABE2FB09
S31502003FD06345E2FB6367E2FB6389E2FB63ABE2FBF9
S31502003FE06345E2FB6367E2FB6389E2FB63ABE2FBE9
S31502003FF06345E2FB6367E2FB6389E2FB63ABE2FBD9
S315020040006345E2FB6367E2FB6389E2FB63ABE2FBC8
S315020040106345E2FB6367E2FB6389E2FB63ABE2FBB8
S315020040206345E2FB6367E2FB6389E2FB63ABE2FBA8
S315020040306345E2FB6367E2FB6389E2FB63ABE2FB98
S315020040406345E2FB6367E2FB6389E2FB63ABE2FB88
S315020040506345E2FB6367E2FB6389E2FB63ABE2FB78
S315020040606345E2FB6367E2FB6389E2FB63ABE2FB68
S315020040706345E2FB6367E2FB6389E2FB63AB3444BD
S31502004080444454440462BDE8F08F2DE9F04F90EDAC
S31502004090001F046990ED083F056B90ED101F046D3B
S315020040A090ED183F056F90ED201FD0F8904090EDEF
S315020040B0283FD0F8B05090ED301FD0F8D04090EDA8
S315020040C0383FD0F8F05090ED401FD0F8104190EDF7
S315020040D0483FD0F8305190ED501FD0F8504190ED46
S315020040E0583FD0F8705190ED601FD0F8904190ED96
S315020040F0683FD0F8B05190ED001F046990ED083F7B
S31502004100056B90ED101F046D90ED183F056F90ED55
S31502004110201FD0F8904090ED283FD0F8B05090ED97
S31502004120301FD0F8D04090ED383FD0F8F05090EDE7
S31502004130401FD0F8104190ED483FD0F8305190ED35
S31502004140501FD0F8504190ED583FD0F8705190ED85
S31502004150601FD0F8904190ED683FD0F8B05190EDD5
S31502004160001F046990ED083F056B90ED101F046D6A
S3150200417090ED183F056F2C440464BDE8F08F2DE9DD
S31502004180F04F82B000908C469CE8FF00FCF715F9D0
S31502004190DDF8008088E8FF0002B0BDE8F08F2DE967
S315020041A0F04F90ED001F90ED043F00240025A0FE85
S315020041B0224EA0FE224EA0FE224EA0FE224EA0FEBF
S315020041C0224EA0FE224EA0FE224EA0FE224EA0FEAF
S315020041D0224EA0FE224EA0FE224EA0FE224EA0FE9F
S315020041E0224EA0FE224EA0FE224EA0FE224EA0FE8F
S315020041F0224EA0FE224EA0FE224EA0FE224EA0FE7F
S31502004200224EA0FE224EA0FE224EA0FE224EA0FE6E
S31502004210224EA0FE224EA0FE224EA0FE224EA0FE5E
S31502004220224EA0FE224EA0FE224EA0FE224EA0FE4E
S31502004230224EA0FE224EA0FE224EA0FE224EA0FE3E
S31502004240224EA0FE224EA0FE224EA0FE224EA0FE2E
S31502004250224EA0FE224EA0FE224EA0FE224EA0FE1E
S31502004260224EA0FE224EA0FE224EA0FE224EA0FE0E
S31502004270224EA0FE224EA0FE224EA0FE224EA0FEFE
S31502004280224EA0FE224EA0FE224EA0FE224EA0FEEE
S31502004290224EA0FE224EA0FE224EA0FE224EA0FEDE
S315020042A0224EA0FE224EA0FE224EA0FE224E046206
S315020042B0BDE8F08F2DE9F04F2DED108BBDEC108B84
S315020042C02DED108BBDEC108B2DED108BBDEC108BF4
S315020042D02DED108BBDEC108B2DED108BBDEC108BE4
S315020042E02DED108BBDEC108B2DED108BBDEC108BD4
S315020042F02DED108BBDEC108B2DED108BBDEC108BC4
S315020043002DED108BBDEC108B2DED108BBDEC108BB3
S315020043102DED108BBDEC108B2DED108BBDEC108BA3
S315020043202DED108BBDEC108B2DED108BBDEC108B93
S315020043302DED108BBDEC108B2DED108BBDEC108B83
S315020043402DED108BBDEC108B2DED108BBDEC108B73
S315020043502DED108BBDEC108B2DED108BBDEC108B63
S315020043602DED108BBDEC108B2DED108BBDEC108B53
S315020043702DED108BBDEC108B2DED108BBDEC108B43
S315020043802DED108BBDEC108B2DED108BBDEC108B33
S315020043902DED108BBDEC108B2DED108BBDEC108B23
S315020043A02DED108BBDEC108B2DED108BBDEC108B13
S315020043B02DED108BBDEC108BBDE8F08F2DE9F04F83
S315020043C02DE9F00FBDE8F00F2DE9F00FBDE8F00F73
S315020043D02DE9F00FBDE8F00F2DE9F00FBDE8F00F63
S315020043E02DE9F00FBDE8F00F2DE9F00FBDE8F00F53
S315020043F02DE9F00FBDE8F00F2DE9F00FBDE8F00F43
S315020044002DE9F00FBDE8F00F2DE9F00FBDE8F00F32
S315020044102DE9F00FBDE8F00F2DE9F00FBDE8F00F22
S315020044202DE9F00FBDE8F00F2DE9F00FBDE8F00F12
S315020044302DE9F00FBDE8F00F2DE9F00FBDE8F00F02
S315020044402DE9F00FBDE8F00F2DE9F00FBDE8F00FF2
S315020044502DE9F00FBDE8F00F2DE9F00FBDE8F00FE2
S315020044602DE9F00FBDE8F00F2DE9F00FBDE8F00FD2
S315020044702DE9F00FBDE8F00F2DE9F00FBDE8F00FC2
S315020044802DE9F00FBDE8F00F2DE9F00FBDE8F00FB2
S315020044902DE9F00FBDE8F00F2DE9F00FBDE8F00FA2
S315020044A02DE9F00FBDE8F00F2DE9F00FBDE8F00F92
S315020044B02DE9F00FBDE8F00F2DE9F00FBDE8F00F82
S315020044C0BDE8F08F2DE9F04F0DA393ED001F93ED9C
S315020044D0043FA1FE024EC0E9004593ED085FA5FE2A
S315020044E0044EC0E9024521FE026E80ED047F21FEE4
S315020044F0027E80ED087FBDE8F08F00BFAFF300803B
S315020045000100000002000000030000000400000099
S315020045100A00000064000000E80300001027000003
S31502004520FFFFFFFFFFFFFFFFFFFFFFFFFFFFFFFF93
S3150200453070472DE9F04F82B00090FFF7F9FFDDF8E2
S31502004540008088E8FF0002B0BDE8F08F704700BF28
S31502004550040000222DE9F04F2DED108B4FF2FF2CB7
S315020045605FF814B000F58071FBE802234FF0100EDD
S3150200457091ED001F11FE632EAEF1010E11EE62DE09
S3150200458090ED00BF13EE4CCE91ED041F1AFF4CE8DE
S31502004590A1EC04FF1AEF4CE811FE632EA0EC04FF17
S315020045A00FF015C011EE621E13EE4C0E90ED003F99
S315020045B012FF40E8A1EC04FF12EF40E8A0EC04FF72
S315020045C0A0F580704FF00201FBE806235BE9044583
S315020045D05BE902674FF0040E90ED203F13EE627E18
S315020045E0AEF1010E13FE630E90ED303F13EE62FE46
S315020045F090ED10BF13FE632E90ED00DF13EE4CEE2E
S3150200460090ED243F11EE4C6E1AFF4E0811EE669E97
S315020046101CEF464811FE670E1CFF466811EE4C8ED3
S315020046201AEF4EE81FFE65AE16FF48C81FEE64FE7F
S3150200463016EF48081BEE4CEE80ED30DF14FF4EC835
S3150200464080ED10DF13EE627E80ED201F14EF4EA880
S31502004650A0EC04BF0FF03BC013FE63EE90ED305F9B
S3150200466015EE62DE90ED103F15FE630E90ED005FD3
S3150200467011EE4CCE1FEE4C6E12EF4CE81FFE658E0D
S3150200468014EF46081FEE64BE14FF464819EE4CAE00
S3150200469012FF4CC81DFE676E10FF4AE880ED10FF40
S315020046A01DEE66FE10EF4A2817EE4CEEA0EC043F14
S315020046B014FF4EC880ED2CDF14EF4EE880ED1CFF90
S315020046C000F1C00001397FF47FAFA0F500704FF012
S315020046D0080EFBE8068A90ED0CFF1FFE6A6E5BE988
S315020046E004711FEE683E90ED04FF17EE4C2EAEF1FC
S315020046F0010E00BF1EEF420811EE677E90ED089F85
S3150200470019EE68BE1EFF42C819FE6AEE5BE9026434
S315020047101FEE4CAE90ED00FF11FE618E1EFF4A08A1
S3150200472019EE4C6E1EEF4A281DEE665E12FF468893
S315020047301DFE64CE12EF46681DEE4C4EFBE8068A5D
S3150200474010FF44C85BE9047110EF44A890ED1C3FCA
S3150200475013FE6AEE80FC017F13EE683E80FC217F29
S315020047601FEE4C2E80FC417F90ED14FFA0FC617F72
S315020047700FF041C090ED089F19EE687E5BE9029545
S3150200478019FE6A8E1EFF424819EE4C6E90ED001F0E
S3150200479015FE658E10FF46A815EE695E10EF466897
S315020047A019EE4C4E1EEF42E81FEE671E1AFF44C872
S315020047B01FFE618E1AEF44A819EE4C0E16FF4088B2
S315020047C016EF406880FC017F80FC217F80FC417FE0
S315020047D0A0FC617FA0F500704FF0080E90ED0CFF73
S315020047E0BBECB05E1EEF54691BEDA81E1EFF40EB2C
S315020047F090ED043F1FEE4C6EAEF1010E12FF46C85D
S3150200480090ED08BF1AEF544912EF46681AFF402B83
S315020048101BED909E13EE4C4E90ED003F12EF44A816
S315020048201CEF580912FF44481BED889E1CFF488B5B
S315020048301BEDA0FE19EE4C0E1BED983E16FF428BA9
S3150200484014EF40C816EF5E6914FF40E819EE4C6E8D
S3150200485090ED1C3F1AEF46889BED881E1AFF46A86C
S31502004860BBECB05E12EF546980FC019F12FF402B35
S3150200487080FC219F13EE4C6E80FC419F90ED143F0D
S31502004880A0FC619F0FF047C090ED08DF1CEF548932
S3150200489012FF46A81CFF40EB12EF46681FEE4C8E35
S315020048A090ED003F12EF48C81BEDA0FE12FF48082C
S315020048B016EF5EE91BED983E16FF422B1BED907E2E
S315020048C013EE4CEE1BED883E1AEF56491CEF4E884E
S315020048D01AFF422B1CFF4EA813EE4C4E10EF44C893
S315020048E010FF44E880FC019F80FC219F80FC419FD1
S315020048F0A0FC619FBDEC108BBDE8F04F704700BF76
S3150200490000040022AFF30080AFF30080AFF3008013
S315020049102DE9F04F2DED108B4FF2FF2C5FF820B0F2
S3150200492040F2607844F6980942F25F714FF0080E41
S3150200493090ED08FF1FEE687E1FFE698EAEF1010E36
S3150200494019EE4C6E90ED0CFF1FEE689E90ED043F43
S315020049501FFE69CE90ED001F1DEE4C8E13FE69CE32
S3150200496016FF48A813EE68FE16EF48881DEE4CEEB9
S3150200497011EE687E9BED083F11FE694E9BED101FFE
S3150200498015EE4C6E9BED145F1AEF500916EF4EC8EA
S315020049901AFF44AB9BED0C5F1BEE4C0E16FF4EA8A6
S315020049A01AEF52E91CFF48281AFF444B1CEF4888AD
S315020049B015EE4CEE9BED04DF12FF4CAB1EFF40489A
S315020049C014FF4CCBBBEC187F14EF5649A0EC109F9A
S315020049D01DEE4C4E00ED045F12EF562990ED087F56
S315020049E01BEE4C2E1EEF40A817FE698E00ED083F07
S315020049F017EE687E00ED0CBF0FF05FC019EE4C6E2D
S31502004A0090ED0CFF1FEE68DE1FFE692E13EE4CCEF4
S31502004A1090ED043F13FE69EE90ED001F13EE689EC3
S31502004A2016FF4CA81FEE4C8E16EF4C2811EE687E30
S31502004A309BED085F11FE69CE9BED10FF1DEE4C6EDD
S31502004A409BED14DF1AEF5EE916EF48081AFF4CAB2E
S31502004A509BED0CDF1BEE4CEE16FF486816EF544931
S31502004A6010FF428816FF4C6B10EF420817EE4C4EB1
S31502004A709BED04DF18FF4CAB14FF4E6816FF4C2B60
S31502004A80BBEC18DF16EF5C69A0EC101F13EE4C6E40
S31502004A9000ED047F18EF5CC914EF4E6800ED0C7F41
S31502004AA01BEE4CCE00ED08DFA0F500704FF0080EAD
S31502004AB090FC017F90FC217F90FC417FB0FC617FDE
S31502004AC0AEF1010E16EF484815EE61EE1AEF4C08EC
S31502004AD011EE612EDBE904261AFF4CA81BEE62DEFC
S31502004AE096EF52221BFE66AE96EF5EE213EE4C0E78
S31502004AF016FF48881FEE4C4EDBE902751BEE4CCEC4
S31502004B0014EF406819FE652E00ED107F19EE677EE0
S31502004B1014FF40E813EE4C6EFBE8062716FF4C081E
S31502004B201FFE674E16EF4C281FEE62FE90FC017FB9
S31502004B3015EE4CEE90FC217F13EE614E00ED08FF60
S31502004B4011FE67EE90FC417F11EE621E96EF544213
S31502004B501FEE4C0EB0FC617F00ED141F15EE4C2EBD
S31502004B6000ED1C3F0FF053C016EF482813EE614EBE
S31502004B701AEF4CE81FEE610E96EF5442DBE904276A
S31502004B8015EE4C2E1AFF4C4815EE62DE96EF5002D9
S31502004B9015FE67AEDBE902591BEE4CCE16FF4848FE
S31502004BA015EE65BEFBE8065811EE4CEE15FE696E73
S31502004BB012FF4E8819EE655E19FE680E12EF4E2838
S31502004BC017EE4CAE00ED103F11EE4C4E1AFF4C287C
S31502004BD013FE688E1AEF4CA81BEE61EE00ED085F1D
S31502004BE013EE655E96EF5EE219EE4C4E00ED045F43
S31502004BF01FEE4CAE00ED0CBFA0F500704FF00201A7
S31502004C00FBE806235BE904455BE902674FF0040E05
S31502004C1090ED001FAEF1010E90ED105F10FF44C83B
S31502004C2090ED309F1DFE65AE90ED207F16FF48E8A1
S31502004C301FFE672E10EF44081FEE66FE16EF488829
S31502004C4013EE4CEE10FF482813EE625E10EF488812
S31502004C501DEE647EA0EC049F1BEE4C6E90ED001FD1
S31502004C6013FE63AE16FF4E2813EE629E16EF4E68D3
S31502004C701BEE4C4E80ED0C7F13FE63EE80ED1C5F47
S31502004C801FEE4C8E80ED2C9F0FF03BC090ED10BFB7
S31502004C9010FF4AE81FFE652E90ED209F1FEE645E10
S31502004CA090ED30FF18FF4EC81DEE667E10EF4A08E3
S31502004CB01DFE67AE18EF4EC81BEE4C6E10FF4CA8D9
S31502004CC01BFE638E10EF4C0813EE4C4EA0EC041F35
S31502004CD01BEE62FE14FF462813EE621E14EF4668B0
S31502004CE013FE632E80ED0C7F19EE4CEE80ED1CFF59
S31502004CF013EE4C0E80ED2C1F00F1C00001397FF43B
S31502004D007FAFA0F5007000F58071FBE802234FF03B
S31502004D10100E91ED005FAEF1010E00BF90ED00FFA7
S31502004D201EFF446817FE638E1EEF44E8A0EC04FFE4
S31502004D3017EE627E91ED045F19EE4C6EA1EC047FD4
S31502004D400FF015C090ED00FF1EFF448819EE627E3B
S31502004D501EEF440819FE638EA0EC041F19EE4C6E7A
S31502004D60A1EC047FBDEC108BBDE8F04F704700BF8D
S31502004D7004B58AB03CCAB1E80144A2FB006BA3FBAE
S31502004D80007CE2FB6A7BCDE90067A4FB0086E3FBBD
S31502004D906A8BA5FB0097E2FB6E8CE4FB6A9BE5FB44
S31502004DA06AB7E3FB6E9CE4FB6EBCE5FB6EC7B1E83B
S31502004DB00144E2FB6096E3FB60B6CDE902894FF05F
S31502004DC00009E4FB60C6E2FB6AB951F8048BE5FB15
S31502004DD06067E3FB6AC94FF00000E4FB6A69E5FB22
S31502004DE06A794FF0000AE2FB6ECAE3FB6E6AE4FBE5
S31502004DF06E7AE5FB6E9A4FF0000EE2FB68E6E3FB85
S31502004E006876E4FB6896E5FB68A651F81C89E2FB26
S31502004E106870E3FB68900A9AE4FB68A0E5FB6860A9
S31502004E2010323CCA51F8048B09904FF00000E2FBA5
S31502004E3068B0E3FB68C0E4FB68E0E5FB680751F88D
S31502004E40048BCDF810B04FF0000BE2FB68CBE3FB0E
S31502004E5068EBE4FB680BE5FB68B751F8048BCDF809
S31502004E6014C04FF0000CE2FB68ECE3FB680CE4FBB9
S31502004E7068BCE5FB68AC51F8048BCDF818E04FF03E
S31502004E80000EE2FB680EE3FB68BEE4FB68AEE5FBE0
S31502004E90686E0790B1E80101E2FB60B9E3FB609A34
S31502004EA0CDF820B0DDF824B0E2FB6897E4FB60A6FB
S31502004EB0E5FB60B6E3FB68A7E4FB68B7E5FB68675A
S31502004EC0B1E80101E2FB60ACE3FB60BCE4FB606CB1
S31502004ED0E2FB68BEE3FB686EE5FB607C2623E4FB2F
S31502004EE068E79DE80700E5FB687CDDE907454FF0CA
S31502004EF00008E3FB6C484FEA480824F0004C48EAF5
S31502004F00D478132408FB04F8E3FB6508E3FB69186D
S31502004F10E3FB6A284FF02609DDE90334E9FB6B3827
S31502004F20E9FB6648DDE90556E9FB6E58E9FB676869
S31502004F3008EB0C070BB000BD00B585B0A0FB009ACC
S31502004F40A0FB01BC1BEB0B0B4FF0000EEEFB6EAB96
S31502004F502DE900064FF00008A0FB039AE0FB628CE5
S31502004F60E1FB629C58EB0808E1FB618B59EB0909EE
S31502004F70EEFB6E9BCDE902894FF00009E0FB649AD5
S31502004F80E1FB639C59EB0909E2FB629BCDF81090A9
S31502004F90A0FB0598E1FB649AE2FB639C59EB0909C5
S31502004FA0EEFB6E9BCDF814904FF00009E1FB65987D
S31502004FB0E2FB649CE0FB669A59EB0909E3FB639BFF
S31502004FC0CDF81890A0FB0709E1FB660AE2FB650C27
S31502004FD0E3FB6408E1FB6798E2FB669A4041E3FB68
S31502004FE065C9E2FB67985CEB0C0CE3FB66A9002241
S31502004FF0EEFB6E0BE4FB65A2E3FB6728E4FB66921D
S315020050005AEB0A0AE4FB64BC59EB0909EEFB6ECAC9
S315020050100023E5FB65A9E4FB6738E5FB6632E5FBA1
S315020050206782AEFB0E455B41E6FB674258EB08081A
S31502005030EEFB6E93E6FB66386441EEFB6E48524128
S31502005040E7FB67824FF0260652EB0E02E6FB620E84
S3150200505013254FEA4E0E20F000474EEAD07E0EFB95
S3150200506005FE03BCE6FB6B0EE6FB6C1E9B46A446E6
S315020050703CBCE6FB6A2EE6FB693EE6FB6B4EE6FBB4
S315020050806C5E40BC4FF0260CECFB686E774400BDAC
S31502005090FFF76EBEFFF750BF2DE9F04F82B00090CA
S315020050A088469146FBF74CF8DDF8008088E8FF0059
S315020050B002B0BDE8F08F2DE9F04F82B0009088462D
S315020050C09146FBF769F8DDF8008088E8FF0002B038
S315020050D0BDE8F08F2DE9F04FC3B04090DDF800C176
S315020050E00CF12008E146FBF72BF80DF1000C8CE8D9
S315020050F0FF00DDF800C1DCF8802000A9FFF7C8FF39
S315020051000DF1000C8CE8FF00DDF800C10CF120085F
S31502005110E146FBF741F80DF1200C8CE8FF00DDF8C3
S3150200512000C1DCF8842008A9FFF7B2FF0DF1200CBC
S315020051308CE8FF00DDF800C1DCF888100CF1600293
S31502005140FFF7A6FF0DF1400C8CE8FF00DDF800C169
S315020051500CF140080CF14009FAF7F2FF0DF1600C70
S315020051608CE8FF000DF100080DF12009FBF714F899
S315020051700DF1800C8CE8FF000DF100080DF12009FD
S31502005180FAF7DEFF0DF1A00C8CE8FF000DF16008C6
S315020051900DF14009FAF7D4FF0DF1C00C8CE8FF00BF
S315020051A00DF160080DF14009FAF7F6FF0DF1E00C7A
S315020051B08CE8FF00DDF800C1DCF88CC00DF1C00AF6
S315020051C00DF1E00B8AEA0B0909EA0C098AEA090AD7
S315020051D08BEA090BCDF800A0CDF820B020A9089AD9
S315020051E0FFF756FFDDF800C18CE8FF0028A9009AF8
S315020051F0FFF74EFFDDF800C10CF1200C8CE8FF0032
S3150200520030A938AAFFF744FFDDF800C10CF1400CC3
S315020052108CE8FF0020A928AAFFF73AFFDDF800C1B3
S315020052200CF1600C8CE8FF0043B0BDE8F08F2DE96D
S31502005230F04F82B0009001928C469CE8FF00FFF787
S3150200524029FFDDF804C0BCF1010CCDF804C0F6D18B
S31502005250DDF800C08CE8FF0002B0BDE8F08F00BFA9
S30D020052605FF800F0D9710002AB
S3150200526842424242C0F9FFFF7BC2FFFF13FDFFFF26
S3150200527833E3FFFF51FDFFFF96E5FFFF76020000CD
S3150200528839180000D8FFFFFF76FEFFFF68FAFFFF16
S31502005298F1C8FFFF500300009B200000260400000F
S315020052A8D528000028010000620B00008EFCFFFFD3
S315020052B816DEFFFF7EFAFFFFC9C9FFFF3B050000A6
S315020052C87C330000C4050000C1380000C10000009C
S315020052D86C070000E5FEFFFF1EF5FFFF3800000021
S315020052E8270200001D030000A51E0000BFFBFFFFEA
S315020052F821D6FFFF3505000041330000E1FDFFFF1F
S315020053081FEBFFFF92050000D43600002DFBFFFFBE
S3150200531884D0FFFFBBFFFFFF59FDFFFF1702000006
S315020053289214000041FEFFFFD0EEFFFF3902000093
S31502005338E115000058FCFFFF03DCFFFF3EFEFFFFFE
S31502005348B3EEFFFFD1F9FFFF22C3FFFFB5FAFFFF56
S31502005358E6CBFFFF35030000911F00002101210162
S315020053684B014B01B4FFB4FFDBF9DBF91D0B1D0B37
S31502005378BA0CBA0C14FD14FD85C385C311001100BD
S315020053884702470265066506EFFBEFFBA700A70083
S315020053986B166B16F13EF13EF9D7F9D7C8FDC8FD73
S315020053A858FD58FDD302D3024C044C0429EA29EAD3
S315020053B8DBE5DBE5CD1BCD1B4C2A4C2AAD04AD043F
S315020053C8FFFBFFFBE4FBE4FB06FB06FB062E062EB1
S315020053D897D897D88DD78DD704CF04CF8105810565
S315020053E8D0FFD0FFF402F402C6FEC6FE2D362D36D5
S315020053F828FE28FE111D111DEDF3EDF365FD65FD71
S31502005408E900E9006BFB6BFBE9FEE9FE5BE65BE69E
S31502005418F508F508E6D2E6D246F546F58A028A0284
S31502005428B8FAB8FAD0FCD0FC78027802FE18FE1850
S3150200543804CC04CCA0E0A0E04D184D18A6F9A6F9B4
S31502005448E4FDE4FD36FA36FAB505B5057BC17BC13E
S315020054583DEB3DEB04C704C72D382D38730673069A
S31502005468FCF9FCF9B803B8037EFD7EFD7B3F7B3F62
S31502005478C9C4C9C49B249B2451E751E730FE30FEB8
S3150200548821002100280528057AFA7AFA29EE29EE5A
S3150200549845014501C132C132A2C9A2C9AB03AB0358
S315020054A884FC84FCDD02DD020C010C011B241B2496
S315020054B8B4DDB4DD2F1C2F1C4E0A4E0A03FC03FC76
S315020054C853FC53FC20FC20FC81028102BED8BED8C4
S315020054D8D2DBD2DBDCD9DCD9A518A5180EFC0EFC6A
S315020054E89B059B0527032703C401C4012AD92AD988
S315020054F82D372D37071F071F611161113006300638
S31502005508F4FAF4FA7701770129FB29FBE83CE83C2F
S3150200551853CE53CE6B0E6B0E5CD05CD0F9FBF9FB07
S3150200552893FF93FFF4FCF4FC6D066D065CD85CD819
S31502005538CFFBCFFB02E202E2403F403F9E059E05BB
S3150200554833FE33FEFE05FE0561FC61FC4B374B3725
S3150200555846EE46EEFB3AFB3A5BDC5BDC27042704A5
S31502005568D4FDD4FD32FB32FBA1FCA1FCDF28DF28E7
S315020055789FEA9FEAB5D0B5D0D1DED1DE3F013F0121
S31502005588F502F5023102310221FD21FD440C440CDB
S315020055981B1D1B1D92159215BDE3BDE356FD56FD57
S315020055A838FD38FDC905C90588028802C7E5C7E579
S315020055B8A0E4A0E4F238F238EA18EA18F3FDF3FD9B
S315020055C89301930177047704D6FDD6FDD0EBD0EB91
S315020055D87F0F7F0FF32BF32BB3EAB3EA4404440499
S315020055E80204020465FB65FB76037603FD29FD29A1
S315020055F873277327ABD2ABD211221122A9FCA9FCBD
S3150200560825FF25FFCB04CB048E038E0320DF20DF84
S3150200561894F794F72E2F2E2FFD22FD22B9F9B9F908
S3150200562851FA51FA3DFB3DFB7503750336C236C284
S315020056380EC80EC821D121D107220722BC04BC04F8
S315020056480504050476FE76FE69FB69FB9A2E9A2EF8
S3150200565891279127DAF0DAF0D2D2D2D200000000EE
S3150200566872FC72FC35FB35FBDB00DB005703570384
S3150200567803DD03DDD2D0D2D06C086C08E020E0202E
S31502005688970497048A018A01FBFBFBFB44FB44FB54
S315020056982E2D2E2D260F260F6FD86FD866D166D1DE
S315020056A88BFC8BFCC304C304AF05AF05470647064C
S315020056B8F9DDF9DDDF2EDF2EF237F237CA3DCA3DB4
S315020056C878FD78FD37FA37FAC802C802AA02AA0292
S315020056D816E716E70EC70EC7601B601B391A391A7A
S315020056E88AFC8AFC9B049B04FEFBFEFBBCFBBCFB00
S315020056F8EFDDEFDD552D552D8DD88DD803D603D682
S315020057082A022A0289FB89FB6DFE6DFE0D020D0235
S315020057184D154D150DD40DD481F081F03014301489
S315020057289F039F0302FA02FACD01CD0162FA62FAD9
S31502005738A523A52305C505C5BA11BA11B5C8B5C8A5
S31502005748DF02DF02CFFDCFFD0BFD0BFDC1FEC1FE61
S31502005758431C431C6EEA6EEAE5E2E5E2BCF3BCF3DF
S315020057685F035F03CE04CE042C022C02D9FBD9FBBD
S315020057782F212F214B2F4B2F6115611521D721D7A9
S315020057883CFE3CFED9FCD9FC65FA65FAF203F20343
S315020057989FEE9FEEF9E0F9E0D3C8D3C8D626D626FF
S315020057A893F993F90C030C036D006D0007040704C3
S315020057B8C0C0C0C0FE1DFE1D31043104A427A427A3
S315020057C8D704D70489FE89FE0C050C05D0F9D0F951
S315020057D8A42FA42F95F195F1AD31AD3118C318C395
S315020057E886058605D8FAD8FADFFFDFFFD001D00191
S315020057F85E365E363FCD3FCDBBFEBBFED711D71117
S315020058087FFD7FFDE003E003AD03AD03FD03FD036A
S315020058185BE75BE7242624262E242E2442274227EA
S31502005828F4FEF4FE23FD23FD7C037C0355FC55FCA4
S31502005838B2F5B2F5D1E3D1E34C224C22E5DBE5DB46
S3150200584888FD88FD300330034805480576FD76FD58
S31502005858B3E7B3E7601F601FFC33FC3302E702E7D6
S315020058688202820248FC48FC040604068DF98DF978
S31502005878AF18AF1865DB65DB373B373B85C085C09C
S315020058884BFA4BFACA05CA051C021C025A065A06E4
S31502005898D3C7D3C7FC38FC38C314C314853E853E28
S315020058A8FA04FA041C041C040104010453FB53FB06
S315020058B8FC30FC307328732869276927FAD1FAD194
S315020058C8170117019504950417FF17FF9B029B0200
S315020058D8BA0ABA0A1A2D1A2D0BF70BF7A519A51922
S315020058E83A013A010CFD0CFD300030007FFA7FFACE
S315020058F8130C130CEFE2EFE2D801D801D3C9D3C9CE
S31502005908250625064C004C00B5FEB5FEDFFEDFFE79
S315020059187B3C7B3CEC02EC0246F346F3E3F4E3F40D
S31502005928B4FBB4FB2DFD2DFDA802A80238023802ED
S31502005938B4D5B4D533E433E4251A251AD715D715C1
S31502005948110411049BF99BF9B9FDB9FDEFFFEFFFAD
S31502005958072807280FC10FC195E995E959FF59FF8D
S315020059682F060000DE3C0000CBFCFFFF6FE0FFFFC6
S315020059784B0500001A340000C7FDFFFF1FEAFFFFB0
S31502005988C20100004D110000A8030000FD2300001B
S3150200599845000000A7020000BF0100003011000008
S315020059A8E9FDFFFF6EEBFFFF1F020000E114000096
S315020059B8D30400007C2F00006EFAFFFF2CC9FFFFFC
S315020059C8E3FCFFFF5BE1FFFFCBFAFFFFBFCCFFFF64
S315020059D841040000DF2900003FFFFFFF94F8FFFFA4
S315020059E8C8FFFFFFD9FDFFFF1B010000E20A000006
S315020059F882050000373600003CFAFFFF3FC7FFFF6B
S31502005A08C5FAFFFF84CCFFFFDAFBFFFF2BD7FFFFA8
S31502005A1872030000EA210000D8FEFFFF9EF4FFFF92
S31502005A28280000008A010000B0FCFFFF65DFFFFFC7
S31502005A38980500000F370000ED020000CD1C00009B
S31502005A488AFDFFFFC7E7FFFFAF0200006A1A0000E0
S30D02005A5840060000853D000036
S31502005A600348044B834202D0034B03B118477047E5
S31502005A70F8070022F807002200000000064B07493B
S31502005A80C91A891048BF0131491003D0044B0BB122
S31502005A9001481847704700BFF8070022F80700229E
S31502005AA00000000010B5064C237843B9FFF7D8FF73
S31502005AB0044B13B10448AFF300800123237010BDD9
S31502005AC0300C00220000000084A2000308B5054B3A
S31502005AD01BB105490548AFF30080BDE80840FFF752
S31502005AE0CDBF00BF00000000340C002284A20003D8
S31502005AF000F066BE2DE9F0419646ADF6486D02AC61
S31502005B00A4464FF00308DEF80C3005460F4610682F
S31502005B10516892680026ACE80F00DEF81000DEF845
S31502005B201410DEF81820DEF81C30ACE80F0021460F
S31502005B30204621228DF8288001F0C4FB00230AA901
S31502005B401A4692A800F002FD0AA90DF58960002303
S31502005B50012200F0FBFC0AA9002302220DF5C9600E
S31502005B6000F0F4FC92A801F0BFF833460DF64802A5
S31502005B7092A912A8CDE9004600F036FB12A800F061
S31502005B8001FD424601230AA912A800F0DFFC12A871
S31502005B9000F0F6FC284612A900F0BCFC0DF64802FD
S31502005BA092A9012312A8CDE9004600F0E5FB12A84E
S31502005BB000F0E8FC012304220AA912A800F0C6FCA0
S31502005BC012A800F0DDFC12A905F5C07000F0A2FCD7
S31502005BD00DF6480292A9022312A80196009400F03B
S31502005BE0CBFB12A800F0CEFC012305220AA912A8BB
S31502005BF000F0ACFC12A800F0C3FC12A905F5407037
S31502005C0000F088FC384692A901F046F8A446BCE8A2
S31502005C100F00C5F88004C5F88414C5F88824C5F8B1
S31502005C208C34BCE80F00C5F89004C5F89414C5F886
S31502005C309824C5F89C340DF6486DBDE8F08100BF86
S31502005C402DE9F04F1D460023174601240646ADF501
S31502005C50905D83B01A460DF5C1608946294600F06B
S31502005C6075FC0023012229460DF6080000F06EFCA1
S31502005C700023022229460DF6082000F067FC07F5EC
S31502005C80906A0DF5C16001F02FF800230DF6084267
S31502005C900DF5C16102A8CDE900A400F0A5FA02A89B
S31502005CA000F070FC23460322294602A800F04EFCAF
S31502005CB002A800F069FC0022304602A900F022FC8C
S31502005CC0A3465FFA84F843460DF608420DF5C16114
S31502005CD002A8CDE900AB00F04FFB02A800F052FC8F
S31502005CE00123294608F1030202A800F02FFC02A8AC
S31502005CF000F04AFC2246304602A900F003FC012CC1
S31502005D0001D10224DDE782AC394602A800F004FC88
S31502005D100DF6084302AA20460DF5C16100F02AFCE1
S31502005D2002A807F5C07100F0F7FB02AA0DF6086398
S31502005D3020460DF6080100F01FFC07F5407102A887
S31502005D4000F0EAFB0DF580530DF6082102AA0DF5C7
S31502005D50C1600833009400F011FC0DF5C16000F03B
S31502005D6011FC0123062229460DF5C16000F0EEFB67
S31502005D70494602A800F00EFC0DF5C161084602AACA
S31502005D8000F004FC0DF5C16000F0FEFB0DF5C161EB
S31502005D9006F5707000F0B2FB0DF5905D03B0BDE83C
S31502005DA0F08F00BF2DE9F04F1F46002391460125D3
S31502005DB08046ADF5905D85B01A468A460DF5C260FD
S31502005DC0394600F0C3FB0023012239460DF5016076
S31502005DD000F0BCFB0023022239460DF5216000F0DB
S31502005DE0B5FB09F5906B0DF5C26000F07DFF00234F
S31502005DF00DF541620DF5C26104A8CDE900B500F0CA
S31502005E00F3F904A800F0BEFB2B460322394604A888
S31502005E1000F09CFB04A800F0B7FB0022404604A950
S31502005E2000F076FB0446C617CDF80CA001215FFAF6
S31502005E3085FA53460DF54162CDE900B104A80DF588
S31502005E40C26100F099FA04A800F09CFB01233946CE
S31502005E500AF1030204A800F079FB04A800F094FBFF
S31502005E602A46404604A900F053FB012D44EA0004E9
S31502005E7046EAE07601D10225D8E784AD494604A870
S31502005E80DDF80CA000F048FB0DF5416304AA284694
S31502005E900DF5C26100F06EFB04A809F5C07100F0B1
S31502005EA03BFB04AA0DF5616328460DF5016100F07E
S31502005EB063FB09F5407104A800F02EFB0DF5805333
S31502005EC00DF5216104AA0DF5C2601033009500F0AC
S31502005ED055FB0DF5C26000F055FB0123062239463B
S31502005EE00DF5C26000F032FB514604A800F052FBE9
S31502005EF00DF5C261084604AA00F048FB0DF5C26022
S31502005F0000F042FB0DF5C26108F5707000F0FEFA72
S31502005F100443644246EAE07060EB4000C00F0DF5B0
S31502005F20905D05B0BDE8F08F70B515460C46064685
S31502005F30ADF5006D0022684600F0E6FA684600F00C
S31502005F401FFB2A4669460DF5806000F0E7FA2146F6
S31502005F50012280A800F0D8FA80A800F011FB80A9DF
S31502005F600DF5806005F5C07200F0DEFA21460222C8
S31502005F7080A800F0C9FA80A800F002FB0DF5806344
S31502005F8005F5407280A9684600F0D4FA684600F02A
S31502005F90F9FA80A804F5707100F0B2FA6A4680A98F
S31502005FA0684600F0F5FA684600F0EEFA69463046B1
S31502005FB000F0F2FA0DF5006D70BD00BFF8B50C46A3
S31502005FC006464FF494671546FFF794FD31463A4666
S31502005FD004F5906009F060FC3A46314604F5126019
S31502005FE001F04AF92E6A696AAA6AEB6AC4F840693C
S31502005FF0C4F84419C4F84829C4F84C392E6B696BA5
S31502006000AA6BEB6BC4F85069C4F85419C4F8582942
S31502006010C4F85C390020F8BD70B5A0B0EC469E46C7
S3150200602015460C469A68596806461868DB68ACE855
S315020060300F00DEF81000DEF81410DEF81820DEF885
S315020060401C30ACE80F00294660464FF4946201F01A
S3150200605013F9402269460DEB020001F033F92A4694
S315020060606946304618ABFFF7EBFD0DF1400CBCE874
S315020060700F0020606160A260E360BCE80F0020614F
S3150200608000206161A261E36120B070BD70B5144663
S315020060900E46A0B005466846FFF746FFD4F820092B
S315020060A0D4F82419D4F82829D4F82C390DF1200C67
S315020060B0ACE80F00D4F83009D4F83419D4F83829EA
S315020060C0D4F83C39ACE80F0069466046402201F03C
S315020060D0F9F8694618AB04F590623046FFF762FE9E
S315020060E0034604F514611C463246284600F0D8FEE3
S315020060F0C4F101032846202210A9DBB200F0F0FE0B
S31502006100002020B070BD00BF2DE9F04F0F4619697F
S31502006110ADF56F7D039700244FF0040E0F460290F3
S31502006120D3F800B0D3F804A0D3F80890D3F80C80C3
S315020061305E699D69D8690DF1100CF89BCCF800B028
S31502006140002BE3B216BF194611461346BEF1010EE5
S31502006150CCF804A0CCF80890CCF80C80CCF81070DF
S31502006160CCF81460CCF81850CCF81C008CF821102E
S315020061708CF8203004F101040CF1220CDDD122242A
S3150200618026AD0DF17603284604A900930DF13202DD
S3150200619015AB0194039F08F0B5FC0123002638468F
S315020061A0CDE9003507F5AA7207F5FF7307F1AA01D3
S315020061B008F0BAFC029B3C4607F52A7729461846A0
S315020061C0C82209F069FB034684F8A86084F8A9602E
S315020061D0AA34A74203F1C80305F1C805EED10DF5AD
S315020061E06F7DBDE8F08F00BF2DE9F04F2DED068BD8
S315020061F02DED04DB5E4CADF6E41D256880460E46A9
S3150200620014461F46DDF8349A002D76D1B9F1000FF7
S315020062105AD1B0AD4A462846DDF8301A00F08CFD58
S315020062202A46012106A800F0D7FFDFF848A10DF59E
S31502006230BC6B31465846CDE90154CDF800A006ABF9
S3150200624004AA09F099FBB9F1000F4ED001233A4690
S315020062502846DDF8301A00F06FFD2A46012106A80D
S3150200626000F0BAFF04F5007302935846CDE900A583
S3150200627006AB04AA06F5007109F056FBB9F1000F48
S315020062802BD03A4602232846DDF8301A00F054FD98
S315020062902A46012106A800F09FFF04F580644046C5
S315020062A0CDF80CB00195029406AB04AACDF800A075
S315020062B006F5806109F044FB0DF6E41DBDEC04DB36
S315020062C0BDEC068BBDE8F08F2B46B0AD3A462846AC
S315020062D0DDF8301A00F030FDA2E73B4602222846DE
S315020062E0DDF8301A00F028FDD2E73B4601222846A7
S315020062F0DDF8301A00F020FDAFE7B0AD3A46284689
S31502006300DDF8303ACDF8009006A9FFF7FDFE0195BB
S31502006310184D0DF5BC673146384606AB04AA029401
S31502006320009509F029FB04F500730293E2AB019391
S315020063303846009504AA0DF1C20306F5007109F06C
S31502006340F3FA0DF58A6304F58064CDE9013440461B
S3150200635004AA039700955BAB06F5806109F0F0FA93
S315020063600DF6E41DBDEC04DBBDEC068BBDE8F08F3B
S315020063705C0D002298F900022DE9F04F2DED068BF7
S315020063802DED04DB564CADF6E41D256880460E461F
S3150200639014461F46DDF830AADDF8349A002D69D17D
S315020063A0B9F1000F50D1B0AD4A465146284600F029
S315020063B0C3FC2A46012106A800F00EFF0DF5BC6BB0
S315020063C031465846CDE9005406AB04AA09F0CCFA88
S315020063D0B9F1000F47D001233A465146284600F04C
S315020063E0ABFC2A46012106A800F0F6FE04F500736E
S315020063F001935846009506AB04AA06F5007109F00A
S31502006400C7FAB9F1000F27D03A4651460223284669
S3150200641000F092FC2A46012106A800F0DDFE04F5F2
S3150200642080644046CDE90054CDF808B006AB04AA14
S3150200643006F5806109F068FA0DF6E41DBDEC04DB91
S31502006440BDEC068BBDE8F08F2B46B0AD3A46514601
S31502006450284600F071FCACE73B465146022228462C
S3150200646000F06AFCD6E73B4601225146284600F078
S3150200647063FCB6E7B0AD53463A462846CDF80090DF
S3150200648006A9FFF741FE00950DF5BC653146284683
S3150200649006AB019404AA09F067FA04F500730193A6
S315020064A0E2AB009328460DF1C20304AA06F5007179
S315020064B009F06EFA0DF58A6304F58064009340468E
S315020064C0CDE9014504AA5BAB06F5806109F01CFA29
S315020064D00DF6E41DBDEC04DBBDEC068BBDE8F08FCA
S315020064E05C0D002209F0FCB910B5044609F0FCF96E
S315020064F02046BDE8104009F027BA00BF00F0F2BA04
S3150200650000F0F4BA00F0EABA00F01ABA00F0ECBAF7
S3150200651000F0E6BA00F094B900F0D6B9014B09F0E2
S315020065202FBA00BF98F90002014B09F0C9B900BFA2
S3150200653098F9000210B51C4682B0034B009409F08C
S3150200654023FA02B010BD00BF98F9000230B5944696
S315020065508E4604461D46A1B07246684663468021B1
S3150200656000F07AFC2A4669462046FFF7C1FA21B0B6
S3150200657030BD00BF09F0FCB909F0AEB909F0B8B9EF
S31502006580FFF7B0BFFFF7B0BF09F09EB909F0B8B97F
S3150200659009F0BEB900F044BB00F0E6BA10B540F609
S315020065A0015C40F2816240F2FF334FF0400E124C22
S315020065B02DED088BA0EE10CBA8EE104BA2EE102B01
S315020065C0A4EE103B4EF001E0B9EC04AFA1EF5A6025
S315020065D006EF506126EF4A68AAEF566522EF466833
S315020065E027FE096E06EF5461A8EC046F0FF015C082
S315020065F0BDEC088B10BD00BFB7AF1300F0B5ADF50B
S31502006600017D054668461446FFF7C8FF4FF0400E67
S315020066106B464EF001E004EB840405EB8410002285
S31502006620B3F802C01E889F88D9884FEA8C0545EACE
S3150200663016253C0166F3070244EA9C1465F30F2211
S315020066404FEA811C4CEA171C890864F31742017150
S315020066506CF31F620530083340F8052C0FF021C891
S315020066600DF5017DF0BD00BF2DE9F04FADF5017DC1
S31502006670054668461446FFF791FF4FF0400E00208C
S31502006680EC464EF001E004EB840405EB8411BCF801
S3150200669002A0BCF80040BCF80470BCF806200B79D6
S315020066A091F8009091F801B04FEA8A0691F80280BB
S315020066B083EA920389EA040946EA14263C01CD7864
S315020066C043EA090386EA0B0644EA9A149201334323
S315020066D084EA080442EA171223436A401343034337
S315020066E0D8B205310CF1080C0FF02FC80DF5017D5B
S315020066F0BDE8F08F10B540F6015C46F610020F2396
S315020067004FF0400E114C2DED088BA0EE10CBA8EEEB
S31502006710104BA2EE102BA4EE103B4EF001E0B9ECAA
S3150200672004AFA1EF5A6006EF506126EF4A68A8EF60
S31502006730566522EF466827FE096E06EF5461A8ECFD
S31502006740046F0FF015C0BDEC088B10BDFB3A0100BB
S3150200675010B5ADF5007D04466846FFF7CBFF4FF056
S31502006760800E6A464EF001E0601E518832F8043B04
S3150200677043EA011300F8013F0FF009C80DF5007D49
S3150200678010BD00BF10B5ADF5007D04466846FFF7A3
S31502006790B1FF4FF0800E00206A464EF001E0611E06
S315020067A0B2F802C032F8043B11F8014F43EA0C1367
S315020067B063401843C0B20FF00DC80DF5007D10BD41
S315020067C000B54FF0030C4FF0550E2DED108B102334
S315020067D0A8EE30EBA4EE30CB91FD806E06EF58A109
S315020067E09FFF566006EF586116EF4A689EFF56C035
S315020067F006EF54A10CEF54C11AFF4CA89CFF56C0D9
S315020068009AFF56600CEF54C106EF546108311CFF23
S3150200681046683AB190FC80DE90FCA0DE1AEF4CA8E6
S3150200682016EF4E682AEF5A0126EF5621013B80FCED
S31502006830801EA0FCA01ECFD1BDEC108B5DF804FB20
S3150200684038B50D462DED108B0446084609F03CF886
S31502006850284609F039F840F6FF724FF0200E164925
S31502006860164B91ED00BF93ED009F1549154B91ED27
S31502006870001FA2EE103B28462346A4EE102B4EF034
S3150200688001E0B0EC047FBCFF56C006EF54610CEF8A
S3150200689052C126EF5C61B8FF56E0B0FF56C083ECEA
S315020068A00A6F83EC08EF83EC00CF0C330FF017C8A6
S315020068B0BDEC108B38BD00BF68FB000258FB00021E
S315020068C048FB000200F0FF0010B540F6FF734FF0E0
S315020068D0200E184A184C92ED001F184A2DED0C8B0B
S315020068E092ED003F94ED009FA4EE103B4EF001E0C6
S315020068F00B4691FC00AF93FC02CFA8EF5AA5B0EF6E
S315020069005CC591FC086F2AEF5CA126EF5A61B4FFC1
S3150200691056A00AEF54A106EF5461B0EF5AA526EF2E
S315020069205A610C31A0EC047F0FF01FC0BDEC0C8B3A
S3150200693010BD00BF58FB000268FB000248FB0002C4
S315020069402DE9F0475F4B2DED108B93ED007F5E4BEB
S31502006950ACB093ED005F06238DED005FA4EE103B15
S31502006960002626EF44488DED285FA4EE106B022523
S3150200697026EF44488DED1C5FA4EE105B042426EF3F
S3150200698044488DED205FA4EE104B26EF4468DFF8F5
S3150200699040A18DED247F9AED007FDFF8389102EB5E
S315020069A082028DED047F01EB821199ED007F0F22A9
S315020069B0DFF82481A2EE102B03238DED087F98EDDC
S315020069C0007F424F8DED143F4FF03F0CA2EE103B7D
S315020069D04FF400724FF0100E8DED0C7F97ED007F95
S315020069E08DED183F40F601534EF001E08DED107F1C
S315020069F0AEEE10CBA8EE102B9DED047F9DED0C3F65
S31502006A0091FC064F9DED00BF9DED087F9DED10DFC9
S31502006A100A4691FC060F91FC026F91FC0A2F92FC2A
S31502006A200CAF9DED18DF04EF5CC1A8EF5CC522EF49
S31502006A305C2123EE633E28EF42289DED1CDFB6FF64
S31502006A40522080EC1C2F9DED143F00EF5221BEFF19
S31502006A505440A6EF522524EF524125EE635E28EFFD
S31502006A6044489DED203FB6FF544080EC124F06EF9E
S31502006A705E41BCFF5000A4EF544520EF5441A2EF03
S31502006A805AA5BAFF566025EE635E26EF5A6128EFD5
S31502006A90444827EE637EB6FF54409DED243F28EF1F
S31502006AA0466880EC124FB6FF56609DED285F1431A2
S31502006AB080EC146F20300FF061C82CB0BDEC108B47
S31502006AC0BDE8F087C8FA000238FB0002F8FA0002B5
S31502006AD028FB000218FB000208FB0002FFF78EBD2E
S31502006AE0FFF7C2BDFFF734BEFFF74CBE00B54FF04D
S31502006AF00F0C08224FF0200E184B2DED0C8B93ED48
S31502006B0000BF174BA2EE10CB93ED009F154BA4EEE0
S31502006B10102B93ED001F4EF001E040F601530A469A
S31502006B2092FC006F06EF52C1BCFF56602DEE63DE8B
S31502006B3027EE637E24EF4CC824EF4668BCFF5CC098
S31502006B40BCFF566080EC1ACF043180EC186F10300F
S31502006B500FF01BC8BDEC0C8B5DF804FBE8FA0002D3
S31502006B60D8FA0002B8FA000240F6015310B52DED2C
S31502006B70108BACEE103B274B46F6100CA8EE103BE2
S31502006B80254B01224FF0200E93ED007F234C84B05B
S31502006B9094ED00FFAAEE10CB4EF001E0A0EE102B12
S31502006BA08DED007F01380B46BBEC042FA1EF52603E
S31502006BB006EF5C6126EF4268A5EF56652AEF466846
S31502006BC027FE096E06EF50619BED004F26EF5E69C8
S31502006BD0F9FE062FA1EF546006EF5C6126EF4468CA
S31502006BE0A5EF56652AEF466827FE096E9DED005F02
S31502006BF006EF506126EF5469F9FE06CF02EB0C034D
S31502006C00103100F8013F0FF033C004B0BDEC108B19
S31502006C1010BD00BFFB3A010098FA0002A8FA000272
S31502006C2010B540F2816200234FF0200E184C2DED74
S31502006C30088B94ED00BF174CA2EE102B94ED009F2B
S31502006C40A4EE103B4EF001E0013911F8012F034684
S31502006C50A6EE102B06EF5A0106EF586121FE840FAD
S31502006C60FDEE10CA27FE840FFDEE102AEDEE10CAC5
S31502006C7033FE050FEDEE102AABEC040F33FE056F63
S31502006C8010308BED006F0FF021C0BDEC088B10BDEC
S31502006C90A8FA000298FA000238B504460D46FFF734
S31502006CA039FC05F5007104F5C070FFF733FC05F5F4
S31502006CB0806104F54070BDE83840FFF72BBC00BF89
S31502006CC038B504460D46FFF727FC05F5C07104F5F5
S31502006CD00070FFF721FC05F5407104F58060BDE800
S31502006CE03840FFF719BC00BF10B50446FFF748FC51
S31502006CF004F50070FFF744FC04F58060BDE810401F
S31502006D00FFF73EBC99B100B541F001E0094A0138EE
S31502006D10136883EA433383EA534383EA431300F84F
S31502006D20013F0FF00BC0136000205DF804FB00204A
S31502006D30704700BF000000222DE9F047414C05468E
S31502006D40266891460C4698468AB0002E62D03E4E80
S31502006D50B1EC047F3346B3EC041F91ED005F93ED73
S31502006D60003F06FF506104FF524126EF546116EEC2
S31502006D70103A36EE101B354F0B433A680DF1040AF2
S31502006D80002A08BF43F0010317EE102B134337EE18
S31502006D90102B134319D14FF0190E4EF001E02C4C73
S31502006DA0A5F10801F4E90267E1E902670FF007C0FD
S31502006DB002232022514628468DF804908DF805803C
S31502006DC008F0C6FD0AB0BDE8F087D4464FF0000EC3
S31502006DD020686168A268E368043EACE80F00206997
S31502006DE06169A269E369043CACE80F0022225146BC
S31502006DF01848ADF824E000F0DBF94FF0080E4EF02B
S31502006E0001E054F8043F46F8043F0FF007C001239F
S31502006E103B60C0E70868A268E368496801AE0FC62E
S31502006E2020696169A269E3690FC62222284601A97F
S31502006E308DF824908DF8258000F0BAF90AB0BDE8E5
S31502006E40F08700BF380D0022500C00224C0C0022A5
S31502006E50680C0022700C002270B5964605460E4656
S31502006E601C468AB010685168DEF80C3092680DF143
S31502006E70040CACE80F00DEF81000DEF81410DEF8A1
S31502006E801820DEF81C30ACE80F00212331462846D4
S31502006E9001AA8DF8244000F0CDF90AB070BD00BFFA
S31502006EA070B50E4615460446B4B0684600F03AF987
S31502006EB031466846202200F041F929464FF488629D
S31502006EC0684600F03BF9684600F03EF96A46202122
S31502006ED0204600F067F9684600F068F934B070BDE4
S31502006EE0AAB100B542F001E05B42DBB201390138DA
S31502006EF010F801CF11F8012F8CEA02021A408CEA2F
S31502006F00020C80F800C00FF00DC85DF804FB704754
S31502006F1030B54D1E83B08DF80720D0E93223002B01
S31502006F2008BFAA42044615D001230DF1070108F055
S31502006F300FFD4FF0800C01232A4620460DF1070172
S31502006F408DF807C008F004FD00220023C4E93223AD
S31502006F5003B030BD9DF80750012365F07F050DF1A2
S31502006F6007018DF8075008F0F3FCEDE72DE9F0472D
S31502006F701D4688469146D0E93223A91843F10003FB
S31502006F80414573F10003044624D300260027DFF8A7
S31502006F9060A04946A8EB0203204608F0D9FCD4F8C3
S31502006FA0C830DAF80020A3EB08010132A8EB03038C
S31502006FB00D442046C4E932679944CAF8002008F015
S31502006FC0B7FCD4E93223A91843F10003414573F112
S31502006FD00003DED22B464946204608F0B9FCD4E926
S31502006FE032325B1942F10002C4E93232BDE8F0875F
S31502006FF03C0D00228B422DE9F8430C461E46804684
S31502007000174613D3DFF878903946234600224046C6
S3150200701008F09EFCD9F8005040460135361BC9F8E7
S31502007020005008F085FCB4422744EDD9013C86B9EC
S3150200703080253246404608A9012308F089FC01232F
S315020070402246404608A98DF8205008F081FCBDE88A
S31502007050F883334600223946404608F079FCB442AA
S31502007060E6D19DF82040012364F07F043246404673
S3150200707008A98DF8204008F06BFCBDE8F88300BF34
S315020070803C0D00222DE9F0474FF0000AD2E93249C1
S31502007090A14215469846A3EB04027AEB09030E4673
S315020070A007460DD20B460146284608F025FCD5E9CF
S315020070B032329B1B62F10002C5E93232BDE8F0872B
S315020070C023460146284608F017FCD5F8C83027445F
S315020070D01B1BC5F8C830D5F8CC3063EB0903361B49
S315020070E0C5F8CC30EAD0DFF83890D9F80020284627
S315020070F00132C9F8002008F01BFCB045444628BFFF
S315020071003446394623460022284608F0F5FBA8EB0A
S315020071100403361BC5E9323A2744E6D1BDE8F087B7
S315020071203C0D0022C82210B50021044608F0ACFB33
S3150200713000220023C4E9322310BD00BF8C46134649
S3150200714088216246FFF712BF1F2310B582B0D0E92D
S3150200715032218DF80730A2F187030B43044615D07E
S3150200716001230DF1070108F0F3FB4FF0800C012318
S31502007170872220460DF107018DF807C008F0E8FBCB
S3150200718000220023C4E9322302B010BD4FF09F0C47
S31502007190012387220DF107018DF807C008F0D8FBFD
S315020071A0EEE700BF8823FFF76DBF00BF704700BF41
S315020071B0F0B50D46164604461F2783B0C8220021A5
S315020071C008F062FBA82133462A4620460097FFF7BD
S315020071D011FF03B0F0BD00BF31B32DE9F041054602
S315020071E00C461646114FDFF8488008E0294615225C
S315020071F0304605F0DDFC013C05F1A80512D03B68DE
S31502007200304601333B6008F093FBD8F80020002A91
S31502007210ECD12946A823304608F06EFB013C05F165
S31502007220A805ECD1BDE8F081704700BF3C0D0022F5
S315020072304C0D0022F0B5B5B004460D4616460021A7
S31502007240C82268461F4608F01FFB00220023684634
S31502007250CDE9322388213B463246FFF787FE684650
S315020072601F228821FFF754FE88236A4629462046B4
S31502007270FFF708FF35B0F0BD2DE970430D461646FF
S315020072804FF000084FF000090446B4B0C8220021AE
S31502007290684608F0F9FA33462A4668468821CDE957
S315020072A03289FFF763FE684606228821FFF730FE21
S315020072B0882320216A462046FFF7E4FE34B0BDE863
S315020072C0708300BF2DE970430D4616464FF0000845
S315020072D04FF000090446B4B0C8220021684608F0FF
S315020072E0D3FA33462A4668464821CDE93289FFF762
S315020072F03DFE684606224821FFF70AFE4823402142
S315020073006A462046FFF7BEFE34B0BDE8708300BF72
S315020073102DE9F84FA4B04FF0260C96465368176A2B
S315020073209468D2680CFB02F615900A92DEF81000F9
S315020073308A691E960292DEF8146000EBC00200EB28
S315020073404208CDF86080DEF81C200CFB06F80D968C
S315020073500E691B9704960F6A16464D6A1497DEF855
S31502007360187019953A462546CDF874800CFB06F836
S3150200737007EBC70704EBC40402EB470A0B9505EBC0
S31502007380440410930CFB03F51390CB6948691C92D5
S315020073901296CDF85880CF68DEF8242006978F68BB
S315020073A00CFB02FC0597DEF800701A924A680897F1
S315020073B01B9F01920A680A99CDF844C007EBC70CD5
S315020073C007EB4C0C01EBC10E149F01EB4E0ECDF8F0
S315020073D024C0AEFB07EC1999189EE1FB04ECA4FB52
S315020073E007411893E6FB03EC199B059FE3FB054156
S315020073F0A046189B1E9D029CE5FB0381E6FB0481C9
S315020074001D9C049DE4FB0081EAFB0581169C1896EF
S31502007410069EE4FB0681099E019CE6FB0781119EFE
S31502007420E6FB0481089E029CE6FB02810D9E0F91FB
S3150200743006EBC60106EB4101E1FB04EC129CEAFBFA
S3150200744000ECCDF8388028F07C48CDF8848004EB37
S31502007450C40804EB4808E8FB05EC069E099D1F904C
S31502007460E5FB06ECDDE90E6756EA9F6740461A9D84
S31502007470CDE90E6705EBC508059F05EB4808E8FB55
S3150200748007EC089C019D0C92E5FB04EC109D0E9CFA
S31502007490E5FB02EC6A00149F17920F9A1EEB040496
S315020074A046464CEB0209A046DDE9182524F07E4C3F
S315020074B0A7FB0141E5FB02410246EAFB034120909C
S315020074C00298CDF888C0E2FB00411F98099A1F96E0
S315020074D0E2FB00413246049E58EA5F69E2FB06413E
S315020074E0069E089AE6FB0241109E059AE2FB0641B9
S315020074F00B9E019AE2FB0641A4460C9A0A9C049E44
S31502007500E4FB02C1189CCDF88CC0A4FB07EC1E9CC0
S31502007510169AE5FB04EC1D9C059FE4FB03EC029C1A
S31502007520EAFB04ECE2FB00EC099AE2FB06EC069E9F
S31502007530119AE2FB06EC089AE7FB02EC179A019F06
S31502007540E7FB02ECDDE90B72E7FB02EC1EEB080E31
S315020075504CEB0902CDF838E00F920A9ADDE90E8962
S3150200756058EA9F692EF07C4C5200CDF878C01992E9
S31502007570209A149FCDE90E89A7FB02ECE5FB0AECE3
S31502007580099AE2FB03EC1F9AE2FB04EC089A049CBC
S31502007590E0FB02EC109AE4FB02EC0B9C019AE6FB80
S315020075A004EC0A9C059EE6FB04EC4446239E341931
S315020075B0A0460F9E24F07E4441EB0609139958EA31
S315020075C05F69E2FB01ECDDE90C16E6FB01EC159ABC
S315020075D0CDF838E0AAFB07E1D4601D9C099AE5FBC9
S315020075E004E1169C119EE4FB03E1029CE2FB04E12A
S315020075F0E6FB00E1089A049EE6FB02E1069E179A64
S31502007600E6FB02E1059E0B9AE6FB02E1019A199E50
S31502007610E2FB06E1139E0C9AE6FB02E11EEB080E64
S3150200762041EB0901CDF808E00391DDE9028958EA48
S315020076309F691F9E159A2EF07C41A7FB06AE11612B
S31502007640099A109EE5FB02AE089A0294E3FB02AE8B
S31502007650E4FB06AE0B9C049EE0FB04AE0A9C059A74
S31502007660E6FB04AE069E139C0D99E6FB04AE444669
S315020076700E9E490034190D9E0E94E2FB06AE159A33
S3150200768024F07E4454611C9C019A4CEB090CE2FBEB
S3150200769004AE129C0C9ACDF83CC0E4FB02AEDDE9C6
S315020076A00E89CDF850A0099A58EA5F69A2FB074CE9
S315020076B0169A1893E5FB024C119A049EE2FB034CC0
S315020076C0029B089ACDE90E89E3FB024C179B059AA9
S315020076D0E0FB034C0B9BE6FB034C069E199BE6FB69
S315020076E0034C139BE2FB034C019B0C9AE3FB014CFC
S315020076F01C9BE3FB024C14EB08080F9CCDF8188088
S315020077004CEB04040794DDE9062352EA9F63CDE9B4
S315020077100623159B109A28F07C48C3F81880129B02
S31502007720A7FB02C84FEA4309089B119AE5FB03C867
S31502007730A7FB033AE5FB023ADDE917240B9DE4FBBE
S31502007740023AE4FB05C8029C059AE4FB053A0A9D47
S31502007750E4FB05C8199D139CE0FB053AE0FB04C84F
S3150200776004981A9DE0FB043A0D9CE6FB013AE0FB05
S3150200777004C81C98129CE6FB00C8E2FB003AE2FB36
S3150200778004C81B98019A149EE2FB093AE2FB00C860
S315020077900C9AE0FB023AE2FB05C8069A079DB4186A
S315020077A0224619464EEB050352EA5F63159889187D
S315020077B024F07E44C4610C464AEB030554EA9F65F5
S315020077C01CEB040C624648EB050352EA5F6314465F
S315020077D01D4654EACF0521F07C4101622CF07E4120
S315020077E04162A11845EB030449186441891844EB28
S315020077F00304219BC9180A4644F1000352EA9F6317
S3150200780021F07C41016022998B181E9923F07E4259
S3150200781001EB5363C0E9012324B0BDE8F88F00BF32
S315020078202DE9F84FA4B007B440F6585BC2F2002B1C
S31502007830DBF800B00BF5FE7B01A309E0AFF3008095
S315020078400000000004000000080000000C00000018
S3150200785093ED00FF40F65853C2F200231B6803F271
S31502007860F4532FEE43EF07BC4FF0260C1BED7F1FA0
S31502007870964653681BED6B3F176A9468D26800FF01
S3150200788052010CFB02F615900A921BED573FDEF8E9
S3150200789010008A691E9600FF52010292DEF81460F9
S315020078A000EBC0021BED433F00EB4208CDF86080BF
S315020078B0DEF81C2000FF52010CFB06F80D960E693D
S315020078C01BED2F3F1B97049600FF52010F6A1646C7
S315020078D04D6A8EFD2F1E1497DEF8187019951BED52
S315020078E07B1F3A462546CDF874801BED673F0CFB9D
S315020078F006F807EBC70704EBC40400FF520102EBCC
S31502007900470A0B9505EB44041BED533F10930CFB02
S3150200791003F5139000FF5201CB6948691C921BEDD7
S315020079203F3F1296CDF8588000FF5201CF68DEF82D
S31502007930242006971BED2B3F8F680CFB02FC059754
S3150200794000FF5201DEF800701A924A688EFD331E5D
S3150200795008971B9F01921BED771F0A680A99CDF8BB
S3150200796044C01BED633F07EBC70C07EB4C0C01EB66
S31502007970C10E00FF5201149F01EB4E0E1BED4F3F4D
S31502007980CDF824C0AEFB07EC199900FF5201189EF0
S31502007990E1FB04ECA4FB07411BED3B3F1893E6FB1E
S315020079A003EC199B00FF5201059FE3FB0541A0462C
S315020079B01BED273F189B1E9D029C00FF5201E5FB13
S315020079C00381E6FB04811D9C8EFD371E049DE4FBAC
S315020079D00081EAFB05811BED731F169C18961BEDB1
S315020079E05F3F069EE4FB0681099E00FF5201019C51
S315020079F0E6FB0781119E1BED4B3FE6FB0481089EC9
S31502007A00029C00FF5201E6FB02810D9E0F911BEDC7
S31502007A10373F06EBC60106EB4101E1FB04EC00FF32
S31502007A205201129CEAFB00ECCDF838801BED233F95
S31502007A3028F07C48CDF8848004EBC40800FF52018C
S31502007A4004EB4808E8FB05EC8EFD3B1E069E099DED
S31502007A501F901BED6F1FE5FB06ECDDE90E6756EA8C
S31502007A609F671BED5B3F40461A9DCDE90E6700FFFF
S31502007A70520105EBC508059F05EB48081BED473F7C
S31502007A80E8FB07EC089C019D00FF52010C92E5FB06
S31502007A9004EC109D1BED333F0E9CE5FB02EC00FF50
S31502007AA052016A00149F17921BED1F3F0F9A1EEB9D
S31502007AB00404464600FF52014CEB0209A046DDE9EA
S31502007AC018258EFD3F1E24F07E4CA7FB0141E5FBE7
S31502007AD002419BED011F0246EAFB034120909BED0A
S31502007AE0153F0298CDF888C0E2FB004100FF520123
S31502007AF01F98099A1F969BED293FE2FB00413246E9
S31502007B0000FF5201049E58EA5F69E2FB06419BEDC3
S31502007B103D3F069E089AE6FB024100FF5201109E77
S31502007B20059AE2FB06419BED513F0B9E019AE2FB51
S31502007B30064100FF5201A4460C9A0A9C8EFD431E82
S31502007B40049EE4FB02C1189C9BED051FCDF88CC078
S31502007B50A4FB07EC1E9C9BED193F169AE5FB04EC71
S31502007B6000FF52011D9C059FE4FB03EC9BED2D3F9C
S31502007B70029CEAFB04ECE2FB00EC00FF5201099ACC
S31502007B80E2FB06EC069E9BED413F119AE2FB06ECF8
S31502007B90089A00FF5201E7FB02EC179A019F9BED40
S31502007BA0553FE7FB02ECDDE90B72E7FB02EC00FF57
S31502007BB052011EEB080E4CEB09028EFD471ECDF854
S31502007BC038E00F920A9A9BED091FDDE90E8958EA01
S31502007BD09F692EF07C4C9BED1D3F5200CDF878C07C
S31502007BE0199200FF5201209A149FCDE90E899BED4E
S31502007BF0313FA7FB02ECE5FB0AEC099A00FF5201B2
S31502007C00E2FB03EC1F9AE2FB04EC9BED453F089A6C
S31502007C10049CE0FB02EC00FF5201109AE4FB02EC2A
S31502007C209BED593F0B9C019AE6FB04EC00FF5201C7
S31502007C300A9C059EE6FB04EC8EFD4B1E4446239EE3
S31502007C4034199BED0D1FA0460F9E24F07E449BED3A
S31502007C50213F41EB0609139958EA5F6900FF520179
S31502007C60E2FB01ECDDE90C16E6FB01EC9BED353F90
S31502007C70159ACDF838E0AAFB07E100FF5201D4605D
S31502007C801D9C9BED493F099AE5FB04E1169C00FF0A
S31502007C905201119EE4FB03E1029C9BED5D3FE2FB78
S31502007CA004E1E6FB00E1089A00FF5201049EE6FBAE
S31502007CB002E1069E8EFD4F1E179AE6FB02E1059E25
S31502007CC09BED111F0B9AE6FB02E1019A9BED253F04
S31502007CD0199EE2FB06E100FF5201139E0C9AE6FB97
S31502007CE002E19BED393F1EEB080E41EB0901CDF88F
S31502007CF008E000FF52010391DDE9028958EA9F6913
S31502007D009BED4D3F1F9E159A2EF07C4100FF5201BE
S31502007D10A7FB06AE1161099A9BED613F109EE5FB3A
S31502007D2002AE089A00FF52010294E3FB02AEE4FBA4
S31502007D3006AE8EFD531E0B9C049E9EFD471EE0FB67
S31502007D4004AE0A9C059AA1EF5025E6FB04AE069EF8
S31502007D50139CA1FF50240D99E6FB04AE44469EFDFA
S31502007D603F5E0E9E4900341902FF54210D9E0E9469
S31502007D70E2FB06AE8EFD573E159A24F07E44546110
S31502007D809EFD331E1C9C019A4CEB090C9EFD535E14
S31502007D90E2FB04AE129C00FF54010C9ACDF83CC0E3
S31502007DA0E4FB02AE8EFD6B1EDDE90E89CDF850A016
S31502007DB0099A9EFD4B1E58EA5F69A2FB074C169A6A
S31502007DC0A1EF50251893E5FB024C119AA1FF50240E
S31502007DD0049EE2FB034C029B9EFD2F5E089ACDE9B0
S31502007DE00E89E3FB024C02FF5421179B059A8EFD76
S31502007DF05B3EE0FB034C0B9BE6FB034C9EFD371EF2
S31502007E00069E199BE6FB034C9EFD435E139BE2FB1B
S31502007E10034C019B00FF54010C9AE3FB014C1C9B93
S31502007E208EFD6F1EE3FB024C14EB08080F9C9EFDB1
S31502007E304F1ECDF818804CEB04040794A1EF502591
S31502007E40DDE9062352EA9F63CDE90623A1FF50240A
S31502007E50159B109A9EFD335E28F07C48C3F8188065
S31502007E60129B02FF5421A7FB02C84FEA4309089B53
S31502007E708EFD5F3E119AE5FB03C8A7FB033A9EFD02
S31502007E803B1EE5FB023ADDE917240B9D9EFD475E8C
S31502007E90E4FB023AE4FB05C8029C00FF5401059A82
S31502007EA0E4FB053A0A9D8EFD731EE4FB05C8199D87
S31502007EB0139C9EFD531EE0FB053AE0FB04C8A1EFAE
S31502007EC0502504981A9DE0FB043AA1FF50240D9C0C
S31502007ED0E6FB013AE0FB04C89EFD375E1C98129C45
S31502007EE0E6FB00C802FF5421E2FB003AE2FB04C8AB
S31502007EF01B988EFD633E019A149EE2FB093A9EFD93
S31502007F003F1EE2FB00C80C9AE0FB023A9EFD4B5E66
S31502007F10E2FB05C8069A00FF5401079DB4182246E3
S31502007F208EFD771E19464EEB050352EA5F639EFDF0
S31502007F30431E1598891824F07E44A1EF5025C4618A
S31502007F400C464AEB0305A1FF502454EA9F651CEB3D
S31502007F50040C62469EFD3B5E48EB050352EA5F63F4
S31502007F60144602FF54211D4654EACF0521F07C41F6
S31502007F708EFD673E01622CF07E419EFD2F1E416200
S31502007F80A11845EB03049EFD4F5E4918644189180A
S31502007F9000FF540144EB0304219BC9188EFD7B1E8E
S31502007FA00A4644F1000352EA9F639EFD577E21F082
S31502007FB07C41016022999EFD6B9E8B181E9923F0CF
S31502007FC07E421BED7F1F01EB5363C0E9012324B000
S31502007FD0BDE8F88FAFF30080AFF30080AFF3008007
S31502007FE02DE9F84FA4B007B440F6585BC2F2002B55
S31502007FF0DBF800B00BF5FE7B01A309E0AFF30080CE
S315020080000000000004000000080000000C00000050
S3150200801093ED00FF40F65853C2F200231B6803F2A9
S31502008020F4532FEE43EF07BC4FF0260C9BED013FB6
S315020080309646536800FF5601176A9468D26802FF93
S3150200804058210CFB02F615900A9220EF5041DEF8F9
S3150200805010008A691E968BED655F0292DEF8146047
S3150200806000EBC00222EF52A100EB4208CDF860807D
S31502008070DEF81C200EFD35BE0CFB06F80D961BED38
S315020080806B1F0E691B9704969BED153F0F6A1646EA
S315020080904D6A00FF56011497DEF81870199502FF13
S315020080A058213A462546CDF87480B2EF50450CFB6E
S315020080B006F807EBC70704EBC404B2FF504402EB11
S315020080C0470A0B9505EB44040EFD595E10930CFB13
S315020080D003F5B2EF52A51390CB694869B2FF52A4D9
S315020080E01C921296CDF858808EFD0BBECF68DEF834
S315020080F0242006971BED571F8F680CFB02FC059781
S315020081009BED293FDEF800701A924A6800FF56017D
S3150200811008971B9F019202FF58210A680A99A2EF4B
S315020081205245CDF844C007EBC70C07EB4C0CA2FF37
S31502008130524401EBC10E149F01EB4E0E0EFD7D5E05
S31502008140CDF824C0AEFB07EC1999A1EF50A5189EF5
S31502008150E1FB04ECA4FB0741A1FF50A41893E6FB44
S3150200816003EC199B0EFD19BE059FE3FB05411BEDB2
S31502008170431FA046189B1E9D9BED3D3F029CE5FBBF
S315020081800381E6FB048100FF56011D9C049DE4FB6E
S31502008190008102FF5821EAFB0581169C1896B5EF6D
S315020081A05245069EE4FB0681099EB5FF5244019C98
S315020081B0E6FB0781119E0EFD3D5EE6FB0481089EED
S315020081C0B4EF50A5029CE6FB02810D9EB4FF50A4BB
S315020081D00F9106EBC60106EB41018EFD27BEE1FBC0
S315020081E004EC129CEAFB00EC1BED2F1FCDF8388045
S315020081F028F07C48CDF884809BED513F04EBC408FF
S3150200820004EB4808E8FB05EC00FF5601069E099DB3
S315020082101F9002FF5821E5FB06ECDDE90E67A9EF88
S31502008220504556EA9F6740461A9DA9FF5044CDE93C
S315020082300E6705EBC508059F0EFD615E05EB480856
S31502008240E8FB07EC089CA9EF52A5019D0C92E5FB01
S3150200825004ECA9FF52A4109D0E9CE5FB02EC8EFDD8
S3150200826003BE6A00149F9EFD5B7E17920F9A1EEB59
S3150200827004049EFD6F9E46464CEB0209A0461BED8A
S315020082807B1FDDE9182524F07E4CA7FB01419BEDFF
S31502008290053FE5FB02410246EAFB034100FF5601A8
S315020082A020900298CDF888C002FF5821E2FB0041D7
S315020082B01F98099AA1EF52451F96E2FB0041A1FFC2
S315020082C052443246049E58EA5F690EFD715EE2FB35
S315020082D00641069E089A20EF50A1E6FB0241109E37
S315020082E0059A0EFD0DBEE2FB06410B9E019A1BEDA1
S315020082F0671FE2FB0641A4460C9A9BED193F0A9CB6
S31502008300049EE4FB02C100FF5601189CCDF88CC006
S3150200831002FF5821A4FB07EC1E9C169AB6EF5045A5
S31502008320E5FB04EC1D9C059FB6FF5044E4FB03EC01
S31502008330029CEAFB04EC8BED695FE2FB00EC099A16
S31502008340E2FB06ECB6EF52A5069E119AE2FB06EC9C
S31502008350B6FF52A4089AE7FB02EC0EFD31BE179A4D
S31502008360019FE7FB02EC1BED531FDDE90B72E7FBF6
S3150200837002EC1EEB080E9BED2D3F4CEB0902CDF8ED
S3150200838038E00F9200FF56010A9ADDE90E8958EA93
S315020083909F6902FF58212EF07C4C5200CDF878C01E
S315020083A0A5EF50451992209A149FA5FF5044CDE996
S315020083B00E89A7FB02EC0EFD555EE5FB0AEC099A57
S315020083C0E2FB03ECA5EF52A51F9AE2FB04EC089A26
S315020083D0A5FF52A4049CE0FB02EC109A8EFD0FBE90
S315020083E0E4FB02EC0B9C019A1BED3F1FE6FB04EC3F
S315020083F00A9C059E9BED413FE6FB04EC4446239E08
S3150200840000FF56013419A04602FF58210F9E24F0A0
S315020084107E4441EB0609B7EF5245139958EA5F6964
S31502008420E2FB01ECB7FF5244DDE90C16E6FB01EC78
S31502008430159A0EFD795ECDF838E0AAFB07E1D46005
S31502008440B6EF50A51D9C099AE5FB04E1B6FF50A4C0
S31502008450169C119EE4FB03E10EFD15BE029CE2FB97
S3150200846004E11BED2B1FE6FB00E1089A049E9BED3F
S31502008470553FE6FB02E1069E179A00FF5601E6FB10
S3150200848002E1059E0B9A02FF5821E6FB02E1019AE0
S31502008490199EA1EF5045E2FB06E1139E0C9AA1FF3D
S315020084A05044E6FB02E11EEB080E0EFD395E41EB7F
S315020084B00901CDF808E00391A1EF52A5DDE9028991
S315020084C058EA9F691F9EA1FF52A4159A2EF07C417D
S315020084D0A7FB06AE8EFD2BBE1161099A109E9EFD6C
S315020084E05F7EE5FB02AE089A02949EFD739EE3FB55
S315020084F002AEE4FB06AE0B9C1BED771F049EE0FB6F
S3150200850004AE9BED093F0A9C059AE6FB04AE00FF0A
S315020085105601069E139C0D9902FF5821E6FB04AEF6
S3150200852044460E9EBFEF5045490034190D9EBFFFCB
S3150200853050440E94E2FB06AE159A0EFD495E24F0F7
S315020085407E4454611C9CBFEF52A5019A4CEB090C68
S31502008550BFFF52A4E2FB04AE129C0C9A8EFD1BBE18
S31502008560CDF83CC0E4FB02AEDDE90E891BED631FCC
S31502008570CDF850A0099A58EA5F699BED1D3FA2FB10
S31502008580074C169A189300FF5601E5FB024C119A06
S31502008590049E02FF5821E2FB034C029BA3EF5045C7
S315020085A0089ACDE90E89E3FB024CA3FF5044179BC0
S315020085B0059AE0FB034C0EFD6D5E0B9BE6FB034C3E
S315020085C0069EA3EF52A5199BE6FB034C139BA3FF42
S315020085D052A4E2FB034C019B0C9A0EFD09BEE3FB7F
S315020085E0014C1C9BE3FB024C1BED4F1F14EB0808CE
S315020085F00F9C9BED313FCDF818804CEB0404079499
S3150200860000FF5601DDE9062352EA9F63CDE9062300
S3150200861002FF5821159B109A28F07C48B6EF524566
S31502008620C3F81880129BA7FB02C8B6FF52444FEA52
S315020086304309089B119A8BED6D5FE5FB03C8A7FB07
S31502008640033AE5FB023AB5EF50A5DDE917240B9D87
S31502008650B5FF50A4E4FB023AE4FB05C8029C0EFDFA
S315020086602DBE059AE4FB053A0A9D1BED3B1FE4FB72
S3150200867005C8199D139C9BED453FE0FB053AE0FBBF
S3150200868004C8049800FF56011A9DE0FB043A0D9CAB
S3150200869002FF5821E6FB013AE0FB04C8A8EF524567
S315020086A01C98129CE6FB00C8A8FF5244E2FB003A63
S315020086B0E2FB04C81B980EFD515E019A149EE2FB72
S315020086C0093AA7EF50A5E2FB00C80C9AE0FB023A72
S315020086D0A7FF50A4E2FB05C8069A079D8EFD13BEAE
S315020086E0B418224619461BED271F4EEB050352EA24
S315020086F05F639BED593F1598891824F07E4400FF6D
S315020087005601C4610C464AEB030502FF582154EA9E
S315020087109F651CEB040C6246BFEF524548EB05030E
S3150200872052EA5F631446BFFF52441D4654EACF0520
S3150200873021F07C410EFD755E01622CF07E414162A4
S31502008740BEEF50A5A11845EB0304BEFF50A449187D
S31502008750644189180EFD11BE44EB0304219BC9181E
S315020087609EFD637E0A4644F1000352EA9F639EFD24
S31502008770779E21F07C41016022991BED731F8B18B5
S315020087801E9923F07E429BED0D3F01EB5363C0E938
S31502008790012324B0BDE8F88FAFF30080AFF3008069
S315020087A02DE9F84FA4B007B440F6585BC2F2002B8D
S315020087B0DBF800B00BF5FE7B01A309E0AFF3008006
S315020087C00000000004000000080000000C00000089
S315020087D093ED00FF40F65853C2F200231B6803F2E2
S315020087E0F4532FEE43EF07BC4FF0260C00FF560161
S315020087F09646536802FF5821176A9468D268AEEF0C
S3150200880050450CFB02F615900A92AEFF5044DEF874
S3150200881010008A691E968BED795F0292DEF814606B
S3150200882000EBC002AEEF52A500EB4208CDF8608025
S31502008830DEF81C20AEFF52A40CFB06F80D960EFDC8
S3150200884021BE0E691B9704961BED5F1F0F6A164623
S315020088504D6A9BED213F1497DEF81870199500FFBB
S3150200886056013A462546CDF8748002FF58210CFB84
S3150200887006F807EBC70704EBC404BCEF524502EB4C
S31502008880470A0B9505EB4404BCFF524410930CFBBC
S3150200889003F50EFD455E1390CB694869BBEF50A503
S315020088A01C921296CDF85880BBFF50A4CF68DEF812
S315020088B0242006978EFD1FBE8F680CFB02FC0597CF
S315020088C01BED4B1FDEF800701A924A689BED353F8E
S315020088D008971B9F019200FF56010A680A9902FF38
S315020088E05821CDF844C007EBC70C07EB4C0CADEF93
S315020088F0524501EBC10E149F01EB4E0EADFF5244E1
S31502008900CDF824C0AEFB07EC19990EFD695E189EE0
S31502008910E1FB04ECA4FB0741ACEF50A51893E6FB80
S3150200892003EC199BACFF50A4059FE3FB05410EFD2A
S3150200893005BEA046189B1E9D1BED371F029CE5FB3C
S315020089400381E6FB04819BED493F1D9C049DE4FBEC
S31502008950008100FF5601EAFB0581169C189602FF6C
S315020089605821069EE4FB0681099EABEF5245019C07
S31502008970E6FB0781119EABFF5244E6FB0481089E8B
S315020089808BED715F029CE6FB02810D9EAAEF50A55C
S315020089900F9106EBC60106EB4101AAFF50A4E1FBCB
S315020089A004EC129CEAFB00EC0EFD29BECDF83880E1
S315020089B028F07C48CDF884801BED231F04EBC40805
S315020089C004EB4808E8FB05EC9BED5D3F069E099D1E
S315020089D01F9000FF5601E5FB06ECDDE90E6702FF7C
S315020089E0582156EA9F6740461A9DBCEF5045CDE98D
S315020089F00E6705EBC508059FBCFF504405EB48080A
S31502008A00E8FB07EC089C0EFD4D5E019D0C92E5FB12
S31502008A1004ECBCEF52A5109D0E9CE5FB02ECBCFFDC
S31502008A2052A46A00149F8EFD17BE17920F9A1EEB70
S31502008A3004049EFD677E46464CEB0209A0469EFD57
S31502008A407B9EDDE9182524F07E4CA7FB01411BED38
S31502008A506F1FE5FB02410246EAFB03419BED113F14
S31502008A6020900298CDF888C000FF5601E2FB004133
S31502008A701F98099A02FF58211F96E2FB0041AEEFAA
S31502008A8052453246049E58EA5F69AEFF5244E2FB03
S31502008A900641069E089A0EFD5D5EE6FB0241109EA9
S31502008AA0059AADEF50A5E2FB06410B9E019AADFF7A
S31502008AB050A4E2FB0641A4460C9A8EFD07BE0A9C10
S31502008AC0049EE4FB02C11BED5B1F189CCDF88CC013
S31502008AD09BED253FA4FB07EC1E9C169A00FF560150
S31502008AE0E5FB04EC1D9C059F02FF5821E4FB03EC09
S31502008AF0029CEAFB04ECAAEF5045E2FB00EC099A61
S31502008B00E2FB06ECAAFF5044069E119AE2FB06EC33
S31502008B108BED7D5F089AE7FB02ECAAEF52A5179A46
S31502008B20019FE7FB02ECAAFF52A4DDE90B72E7FB09
S31502008B3002EC1EEB080E0EFD1DBE4CEB0902CDF833
S31502008B4038E00F921BED471F0A9ADDE90E8958EAB3
S31502008B509F699BED393F2EF07C4C5200CDF878C0D0
S31502008B6000FF56011992209A149F02FF5821CDE95F
S31502008B700E89A7FB02ECB4EF5245E5FB0AEC099A13
S31502008B80E2FB03ECB4FF52441F9AE2FB04EC089AA0
S31502008B900EFD415E049CE0FB02EC109AB3EF50A579
S31502008BA0E4FB02EC0B9C019AB3FF50A4E6FB04EC37
S31502008BB00A9C059E8EFD23BEE6FB04EC4446239EDC
S31502008BC01BED331F3419A0469BED4D3F0F9E24F03B
S31502008BD07E4441EB060900FF5601139958EA5F6984
S31502008BE0E2FB01EC02FF5821DDE90C16E6FB01EC83
S31502008BF0159AA4EF5045CDF838E0AAFB07E1D460F8
S31502008C00A4FF50441D9C099AE5FB04E10EFD655E36
S31502008C10169C119EE4FB03E1A4EF52A5029CE2FB23
S31502008C2004E1A4FF52A4E6FB00E1089A049E0EFDAD
S31502008C3001BEE6FB02E1069E179A1BED1F1FE6FB2D
S31502008C4002E1059E0B9A9BED613FE6FB02E1019A6A
S31502008C50199E00FF5601E2FB06E1139E0C9A02FFE3
S31502008C605821E6FB02E11EEB080EA7EF504541EB49
S31502008C700901CDF808E00391A7FF5044DDE9028916
S31502008C8058EA9F691F9E8BED755F159A2EF07C41FF
S31502008C90A7FB06AEA7EF52A51161099A109EA7FF80
S31502008CA052A4E5FB02AE089A02940EFD25BEE3FB32
S31502008CB002AEE4FB06AE0B9C9BED651F049EE0FB39
S31502008CC004AE9BED693F0A9C059AE6FB04AE9BED5A
S31502008CD06D5F069E139C0D999BED71BFE6FB04AE7C
S31502008CE044460E9E9BED75DF490034190D9E14EF26
S31502008CF052610E94E2FB06AE159A06FF506124F00D
S31502008D007E4454611C9C0BED7F7F019A4CEB090C4F
S31502008D101AEF5461E2FB04AE129C0C9A06FF5261F2
S31502008D20CDF83CC0E4FB02AEDDE90E890BED7B7F9C
S31502008D30CDF850A0099A58EA5F691CEF5A61A2FB66
S31502008D40074C169A189306FF5461E5FB024C119ADA
S31502008D50049E0BED777FE2FB034C029B10EF5C61F6
S31502008D60089ACDE90E89E3FB024C06FF5A61179B6E
S31502008D70059AE0FB034C0BED737F0B9BE6FB034C62
S31502008D80069E12EF5061199BE6FB034C139B06FFEE
S31502008D905C61E2FB034C019B0C9A0BED6F7FE3FBDC
S31502008DA0014C1C9BE3FB024C9BED791F14EB08085C
S31502008DB00F9C9BED7D3FCDF818804CEB0404079485
S31502008DC01EFD7D5EDDE9062352EA9F63CDE9062399
S31502008DD01EFD79BE159B109A28F07C481EFD75DE95
S31502008DE0C3F81880129BA7FB02C814EF52614FEA20
S31502008DF04309089B119A06FF5061E5FB03C8A7FBCE
S31502008E00033AE5FB023A0BED6B7FDDE917240B9D76
S31502008E101AEF5461E4FB023AE4FB05C8029C06FF22
S31502008E205261059AE4FB053A0A9D0BED677FE4FB66
S31502008E3005C8199D139C1CEF5A61E0FB053AE0FB3D
S31502008E4004C8049806FF54611A9DE0FB043A0D9C7F
S31502008E500BED637FE6FB013AE0FB04C810EF5C61B1
S31502008E601C98129CE6FB00C806FF5A61E2FB003A18
S31502008E70E2FB04C81B980BED5F7F019A149EE2FB8E
S31502008E80093A12EF5061E2FB00C80C9AE0FB023A83
S31502008E9006FF5C61E2FB05C8069A079D0BED5B7F48
S31502008EA0B418224619461EFD711E4EEB050352EA00
S31502008EB05F631EFD6D3E1598891824F07E441EFDE3
S31502008EC0695EC4610C464AEB03051EFD65BE54EAA3
S31502008ED09F651CEB040C62461EFD61DE48EB050332
S31502008EE052EA5F63144614EF52611D4654EACF05F7
S31502008EF021F07C4106FF506101622CF07E41416205
S31502008F000BED577FA11845EB03041AEF546149187C
S31502008F106441891806FF526144EB0304219BC91878
S31502008F200BED537F0A4644F1000352EA9F631CEF9E
S31502008F305A6121F07C410160229906FF54618B1827
S31502008F401E9923F07E420BED4F7F01EB5363C0E97E
S31502008F50012324B0BDE8F88FAFF30080AFF30080A1
S31502008F602DE9F84FA4B007B440F6585BC2F2002BC5
S31502008F70DBF800B00BF5FE7B01A309E0AFF300803E
S31502008F800000000004000000080000000C000000C1
S31502008F9093ED00FF40F65853C2F200231B6803F21A
S31502008FA0F4532FEE43EF07BC4FF0260C10EF5C6133
S31502008FB09646536806FF5A61176A9468D2680BEDA3
S31502008FC04B7F0CFB02F615900A9212EF5061DEF807
S31502008FD010008A691E9606FF5C610292DEF8146032
S31502008FE000EBC0020BED477F00EB4208CDF8608034
S31502008FF0DEF81C201EFD5D1E0CFB06F80D961EFDFE
S31502009000593E0E691B9704961EFD555E0F6A16465B
S315020090104D6A1EFD51BE1497DEF8187019951EFD95
S315020090204DDE3A462546CDF8748014EF52610CFBAC
S3150200903006F807EBC70704EBC40406FF506102EB10
S31502009040470A0B9505EB44040BED437F10930CFB8B
S3150200905003F51AEF54611390CB69486906FF526112
S315020090601C921296CDF858800BED3F7FCF68DEF842
S31502009070242006971CEF5A618F680CFB02FC0597A9
S3150200908006FF5461DEF800701A924A680BED3B7FC8
S3150200909008971B9F019210EF5C610A680A9906FF06
S315020090A05A61CDF844C007EBC70C07EB4C0C0BED2D
S315020090B0377F01EBC10E149F01EB4E0E12EF50618A
S315020090C0CDF824C0AEFB07EC199906FF5C61189E29
S315020090D0E1FB04ECA4FB07410BED337F1893E6FB9F
S315020090E003EC199B1EFD491E059FE3FB05411EFD70
S315020090F0453EA046189B1E9D1EFD415E029CE5FB59
S315020091000381E6FB04811EFD3DBE1D9C049DE4FB1E
S3150200911000811EFD39DEEAFB0581169C189614EFC6
S315020091205261069EE4FB0681099E06FF5061019C80
S31502009130E6FB0781119E0BED2F7FE6FB0481089E5D
S315020091401AEF5461029CE6FB02810D9E06FF5261F4
S315020091500F9106EBC60106EB41010BED2B7FE1FBFE
S3150200916004EC129CEAFB00EC1CEF5A61CDF8388045
S3150200917028F07C48CDF8848006FF546104EBC408CD
S3150200918004EB4808E8FB05EC0BED277F069E099DDC
S315020091901F9010EF5C61E5FB06ECDDE90E6706FF4A
S315020091A05A6156EA9F6740461A9D0BED237FCDE929
S315020091B00E6705EBC508059F12EF506105EB4808DF
S315020091C0E8FB07EC089C06FF5C61019D0C92E5FB3F
S315020091D004EC0BED1F7F109D0E9CE5FB02EC1EFDC1
S315020091E0351E6A00149F1EFD313E17920F9A1EEB22
S315020091F004041EFD2D5E46464CEB0209A0461EFDEA
S3150200920029BEDDE9182524F07E4CA7FB01411EFD8F
S3150200921025DEE5FB02410246EAFB034114EF5261F9
S3150200922020900298CDF888C006FF5061E2FB00410B
S315020092301F98099A8BED017F1F96E2FB00411AEFF8
S3150200924054613246049E58EA5F6906FF5261E2FBA8
S315020092500641069E089A8BED057FE6FB0241109EAB
S31502009260059A1CEF5A61E2FB06410B9E019A06FF24
S315020092705461E2FB0641A4460C9A8BED097F0A9CD7
S31502009280049EE4FB02C110EF5C61189CCDF88CC011
S3150200929006FF5A61A4FB07EC1E9C169A8BED0D7F06
S315020092A0E5FB04EC1D9C059F12EF5061E4FB03EC09
S315020092B0029CEAFB04EC06FF5C61E2FB00EC099A05
S315020092C0E2FB06EC8BED117F069E119AE2FB06ECA1
S315020092D01EFD211E089AE7FB02EC1EFD1D3E179A93
S315020092E0019FE7FB02EC1EFD195EDDE90B72E7FB4F
S315020092F002EC1EEB080E1EFD15BE4CEB0902CDF864
S3150200930038E00F921EFD11DE0A9ADDE90E8958EA4F
S315020093109F6914EF52612EF07C4C5200CDF878C052
S3150200932006FF50611992209A149F8BED157FCDE9A5
S315020093300E89A7FB02EC1AEF5461E5FB0AEC099AC7
S31502009340E2FB03EC06FF52611F9AE2FB04EC089A69
S315020093508BED197F049CE0FB02EC109A1CEF5A611C
S31502009360E4FB02EC0B9C019A06FF5461E6FB04EC5B
S315020093700A9C059E8BED1D7FE6FB04EC4446239E6C
S3150200938010EF5C613419A04606FF5A610F9E24F065
S315020093907E4441EB06098BED217F139958EA5F69FA
S315020093A0E2FB01EC12EF5061DDE90C16E6FB01EC83
S315020093B0159A06FF5C61CDF838E0AAFB07E1D46096
S315020093C08BED257F1D9C099AE5FB04E11EFD0D1E12
S315020093D0169C119EE4FB03E11EFD093E029CE2FB84
S315020093E004E11EFD055EE6FB00E1089A049E1EFDF1
S315020093F001BEE6FB02E1069E179A9EFD03DEE6FB30
S3150200940002E1059E0B9A14EF5261E6FB02E1019A14
S31502009410199E06FF5061E2FB06E1139E0C9A8BED44
S31502009420297FE6FB02E11EEB080E1AEF546141EBBF
S315020094300901CDF808E0039106FF5261DDE90289D0
S3150200944058EA9F691F9E8BED2D7F159A2EF07C415F
S31502009450A7FB06AE1CEF5A611161099A109E06FF20
S315020094605461E5FB02AE089A02948BED317FE3FB71
S3150200947002AEE4FB06AE0B9C10EF5C61049EE0FBC1
S3150200948004AE06FF5A610A9C059AE6FB04AE8BED12
S31502009490357F069E139C0D9912EF5061E6FB04AED2
S315020094A044460E9E06FF5C61490034190D9E8BED03
S315020094B0397F0E94E2FB06AE159A9EFD071E24F036
S315020094C07E4454611C9C9EFD0B3E019A4CEB090C9A
S315020094D09EFD0F5EE2FB04AE129C0C9A9EFD13BE2D
S315020094E0CDF83CC0E4FB02AEDDE90E899EFD17DE37
S315020094F0CDF850A0099A58EA5F6914EF5261A2FBAF
S31502009500074C169A189306FF5061E5FB024C119A16
S31502009510049E8BED3D7FE2FB034C029B1AEF5461E6
S31502009520089ACDE90E89E3FB024C06FF5261179BAE
S31502009530059AE0FB034C8BED417F0B9BE6FB034C4C
S31502009540069E1CEF5A61199BE6FB034C139B06FF12
S315020095505461E2FB034C019B0C9A8BED457FE3FBC6
S31502009560014C1C9BE3FB024C10EF5C6114EB0808F8
S315020095700F9C06FF5A61CDF818804CEB0404079441
S315020095808BED497FDDE9062352EA9F63CDE9062387
S3150200959012EF5061159B109A28F07C4806FF5C6119
S315020095A0C3F81880129BA7FB02C88BED4D7F4FEACA
S315020095B04309089B119A9EFD1B1EE5FB03C8A7FBE8
S315020095C0033AE5FB023A9EFD1F3EDDE917240B9D99
S315020095D09EFD235EE4FB023AE4FB05C8029C9EFD67
S315020095E027BE059AE4FB053A0A9D9EFD2BDEE4FBA7
S315020095F005C8199D139C14EF5261E0FB053AE0FB86
S3150200960004C8049806FF50611A9DE0FB043A0D9CBB
S315020096108BED517FE6FB013AE0FB04C81AEF546179
S315020096201C98129CE6FB00C806FF5261E2FB003A58
S31502009630E2FB04C81B988BED557F019A149EE2FB50
S31502009640093A1CEF5A61E2FB00C80C9AE0FB023AA7
S3150200965006FF5461E2FB05C8069A079D8BED597F0A
S31502009660B4182246194610EF5C614EEB050352EA26
S315020096705F6306FF5A611598891824F07E448BEDC4
S315020096805D7FC4610C464AEB030512EF506154EA52
S315020096909F651CEB040C624606FF5C6148EB050302
S315020096A052EA5F6314468BED617F1D4654EACF058D
S315020096B021F07C411BED1B1F01622CF07E414162B1
S315020096C01BED7F3FA11845EB030402FF5021491809
S315020096D0644189180BED7F3F44EB0304219BC918B3
S315020096E01BED171F0A4644F1000352EA9F639BEDE6
S315020096F0013F21F07C410160229902FF50218B1823
S315020097001E9923F07E428BED013F01EB5363C0E9C4
S31502009710012324B0BDE8F88FAFF30080AFF30080D9
S315020097202DE9F84FA4B007B440F6585BC2F2002BFD
S31502009730DBF800B00BF5FE7B01A309E0AFF3008076
S315020097400000000004000000080000000C000000F9
S3150200975093ED00FF40F65853C2F200231B6803F252
S31502009760F4532FEE43EF07BC4FF0260C1BED7F1F81
S3150200977096465368176A9468D2681BED6B3F0CFBDA
S3150200978002F615900A92DEF810008A691E9600FF0C
S3150200979052010292DEF8146000EBC00200EB4208AE
S315020097A0CDF86080DEF81C201BED573F0CFB06F857
S315020097B00D960E691B9704960F6A00FF5201164614
S315020097C04D6A1497DEF8187019951BED433F3A4619
S315020097D02546CDF874800CFB06F807EBC70704EBA9
S315020097E0C40400FF520102EB470A0B9505EB440441
S315020097F010930CFB03F513901BED2F3FCB694869C1
S315020098001C921296CDF85880CF6800FF5201DEF8FE
S31502009810242006978F680CFB02FC05978EFD2F1EEF
S31502009820DEF800701A924A6808971B9F01921BED98
S315020098307B1F0A680A99CDF844C007EBC70C07EBF1
S315020098404C0C01EBC10E1BED673F149F01EB4E0E54
S31502009850CDF824C0AEFB07EC1999189E00FF520101
S31502009860E1FB04ECA4FB07411893E6FB03EC199B0E
S31502009870059F1BED533FE3FB0541A046189B1E9D2A
S31502009880029C00FF5201E5FB0381E6FB04811D9C5D
S31502009890049DE4FB0081EAFB05811BED3F3F169C1C
S315020098A01896069EE4FB0681099E019C00FF520162
S315020098B0E6FB0781119EE6FB0481089E029CE6FBFD
S315020098C002811BED2B3F0D9E0F9106EBC60106EBA7
S315020098D04101E1FB04EC00FF5201129CEAFB00ECA1
S315020098E0CDF8388028F07C48CDF8848004EBC40893
S315020098F08EFD331E04EB4808E8FB05EC069E099D27
S315020099001F90E5FB06EC1BED771FDDE90E6756EAB5
S315020099109F6740461A9DCDE90E6705EBC5081BED0C
S31502009920633F059F05EB4808E8FB07EC089C019D91
S315020099300C9200FF5201E5FB04EC109D0E9CE5FB28
S3150200994002EC6A001BED4F3F149F17920F9A1EEB13
S31502009950040446464CEB020900FF5201A046DDE92B
S31502009960182524F07E4CA7FB0141E5FB0241024685
S315020099701BED3B3FEAFB034120900298CDF888C0DD
S31502009980E2FB00411F9800FF5201099A1F96E2FB73
S3150200999000413246049E1BED273F58EA5F69E2FB0F
S315020099A00641069E089AE6FB0241109E00FF5201FE
S315020099B0059AE2FB06410B9E019AE2FB0641A4468A
S315020099C08EFD371E0C9A0A9C049EE4FB02C1189C6B
S315020099D0CDF88CC01BED731FA4FB07EC1E9C169AD8
S315020099E0E5FB04EC1D9C059F1BED5F3FE4FB03ECCE
S315020099F0029CEAFB04ECE2FB00EC099A00FF52012E
S31502009A00E2FB06EC069E119AE2FB06EC089AE7FBDD
S31502009A1002EC1BED4B3F179A019FE7FB02ECDDE9D7
S31502009A200B72E7FB02EC1EEB080E00FF52014CEB39
S31502009A300902CDF838E00F920A9ADDE90E8958EA52
S31502009A409F691BED373F2EF07C4C5200CDF878C053
S31502009A501992209A00FF5201149FCDE90E89A7FBA5
S31502009A6002ECE5FB0AEC099AE2FB03EC1BED233F51
S31502009A701F9AE2FB04EC089A049CE0FB02EC109AA3
S31502009A8000FF5201E4FB02EC0B9C019AE6FB04EC9C
S31502009A900A9C059E8EFD3B1EE6FB04EC4446239E75
S31502009AA03419A0460F9E1BED6F1F24F07E4441EB36
S31502009AB00609139958EA5F69E2FB01EC1BED5B3F6D
S31502009AC0DDE90C16E6FB01EC159ACDF838E0AAFBA7
S31502009AD007E1D46000FF52011D9C099AE5FB04E1EF
S31502009AE0169C119EE4FB03E11BED473F029CE2FB41
S31502009AF004E1E6FB00E1089A049EE6FB02E100FFB0
S31502009B005201069E179AE6FB02E1059E0B9A1BED91
S31502009B10333FE6FB02E1019A199EE2FB06E1139E40
S31502009B200C9A00FF5201E6FB02E11EEB080E41EB26
S31502009B300901CDF808E00391DDE902891BED1F3F1B
S31502009B4058EA9F691F9E159A2EF07C41A7FB06AE26
S31502009B50116100FF5201099A109EE5FB02AE089AB6
S31502009B600294E3FB02AE8EFD3F1EE4FB06AE0B9CA7
S31502009B70049EE0FB04AE0A9C9BED011F059AE6FBE0
S31502009B8004AE069E139C0D99E6FB04AE9BED153FB3
S31502009B9044460E9E490034190D9E0E9400FF520152
S31502009BA0E2FB06AE159A24F07E4454611C9C019A8F
S31502009BB09BED293F4CEB090CE2FB04AE129C0C9A7E
S31502009BC0CDF83CC000FF5201E4FB02AEDDE90E898E
S31502009BD0CDF850A0099A58EA5F69A2FB074C9BEDA3
S31502009BE03D3F169A1893E5FB024C119A049EE2FB3E
S31502009BF0034C00FF5201029B089ACDE90E89E3FB52
S31502009C00024C179B059A9BED513FE0FB034C0B9BC5
S31502009C10E6FB034C069E199BE6FB034C00FF520132
S31502009C20139BE2FB034C019B0C9AE3FB014C8EFD5A
S31502009C30431E1C9BE3FB024C14EB08080F9CCDF859
S31502009C4018804CEB04049BED051F0794DDE90623FF
S31502009C5052EA9F63CDE90623159B109A9BED193FA5
S31502009C6028F07C48C3F81880129BA7FB02C84FEA6B
S31502009C704309089B00FF5201119AE5FB03C8A7FBA3
S31502009C80033AE5FB023ADDE917249BED2D3F0B9DD6
S31502009C90E4FB023AE4FB05C8029C059AE4FB053A9A
S31502009CA000FF52010A9DE4FB05C8199D139CE0FBC7
S31502009CB0053AE0FB04C89BED413F04981A9DE0FB80
S31502009CC0043A0D9CE6FB013AE0FB04C800FF520190
S31502009CD01C98129CE6FB00C8E2FB003AE2FB04C8B1
S31502009CE01B989BED553F019A149EE2FB093AE2FB53
S31502009CF000C80C9A00FF5201E0FB023AE2FB05C8DB
S31502009D00069A079DB41822468EFD471E19464EEB4B
S31502009D10050352EA5F631598891824F07E449BED89
S31502009D20091FC4610C464AEB030554EA9F651CEB06
S31502009D30040C62469BED1D3F48EB050352EA5F6346
S31502009D4014461D4654EACF0500FF520121F07C411C
S31502009D5001622CF07E414162A11845EB03049BEDA2
S31502009D60313F49186441891844EB0304219BC91801
S31502009D7000FF52010A4644F1000352EA9F6321F0B2
S31502009D807C41016022999BED453F8B181E9923F079
S31502009D907E4201EB5363C0E9012324B0BDE8F88F8C
S31502009DA02DE9F84FA4B007B440F6585BC2F2002B77
S31502009DB0DBF800B00BF5FE7B01A309E0AFF30080F0
S31502009DC00000000004000000080000000C00000073
S31502009DD093ED00FF40F65853C2F200231B6803F2CC
S31502009DE0F4532FEE43EF07BC4FF0260C00FF52014F
S31502009DF096465368176A9468D2689BED593F0CFBE6
S31502009E0002F615900A92DEF810008A691E9600FF85
S31502009E1052010292DEF8146000EBC00200EB420827
S31502009E20CDF86080DEF81C208EFD4B1E0CFB06F87A
S31502009E300D960E691B9704969BED0D1F0F6A16462B
S31502009E404D6A1497DEF8187019959BED213F3A4634
S31502009E502546CDF874800CFB06F807EBC70704EB22
S31502009E60C40400FF520102EB470A0B9505EB4404BA
S31502009E7010930CFB03F59BED353F1390CB694869B4
S31502009E801C921296CDF8588000FF5201CF68DEF878
S31502009E90242006978F680CFB02FC05979BED493F31
S31502009EA0DEF800701A924A6808971B9F019200FF1B
S31502009EB052010A680A99CDF844C007EBC70C07EBB2
S31502009EC04C0C9BED5D3F01EBC10E149F01EB4E0E58
S31502009ED0CDF824C0AEFB07EC199900FF5201189E7B
S31502009EE0E1FB04ECA4FB07411893E6FB03EC199B88
S31502009EF08EFD4F1E059FE3FB0541A046189B1E9D46
S31502009F009BED111F029CE5FB0381E6FB04811D9C70
S31502009F10049DE4FB00819BED253FEAFB0581169C2F
S31502009F201896069EE4FB0681099E00FF5201019CDB
S31502009F30E6FB0781119EE6FB0481089E9BED393FF5
S31502009F40029CE6FB02810D9E0F9106EBC60106EB13
S31502009F50410100FF5201E1FB04EC129CEAFB00EC1A
S31502009F60CDF8388028F07C48CDF884809BED4D3FB3
S31502009F7004EBC40804EB4808E8FB05EC069E099DC1
S31502009F801F9000FF5201E5FB06ECDDE90E6756EA7B
S31502009F909F6740461A9D9BED613FCDE90E6705EB33
S31502009FA0C508059F05EB4808E8FB07EC089C00FF7F
S31502009FB05201019D0C92E5FB04EC109D0E9CE5FB03
S31502009FC002EC8EFD531E6A00149F17920F9A1EEB27
S31502009FD004049EFD471E46464CEB0209A046DDE9F7
S31502009FE0182524F07E4CA7FB0141A1EF5025E5FB85
S31502009FF002410246EAFB034120900298CDF888C04E
S3150200A000A1FF5024E2FB00411F98099A1F96E2FB2A
S3150200A01000419EFD3F5E3246049E58EA5F69E2FBBE
S3150200A0200641069E089A02FF5421E6FB0241109E53
S3150200A030059AE2FB06410B9E019A8EFD573EE2FB14
S3150200A0400641A4460C9A0A9C049EE4FB02C19EFDAC
S3150200A050331E189CCDF88CC0A4FB07EC1E9C169AE6
S3150200A0609EFD535EE5FB04EC1D9C059FE4FB03ECA1
S3150200A070029CEAFB04EC00FF5401E2FB00EC099AA5
S3150200A080E2FB06EC069E119AE2FB06EC8EFD6B1EC7
S3150200A090089AE7FB02EC179A019FE7FB02EC9EFD8A
S3150200A0A04B1EDDE90B72E7FB02EC1EEB080E4CEBD6
S3150200A0B00902CDF838E00F92A1EF50250A9ADDE9A0
S3150200A0C00E8958EA9F692EF07C4C5200CDF878C072
S3150200A0D0A1FF50241992209A149FCDE90E89A7FB5D
S3150200A0E002EC9EFD2F5EE5FB0AEC099AE2FB03EC0D
S3150200A0F01F9AE2FB04EC089A02FF5421049CE0FB3F
S3150200A10002EC109AE4FB02EC0B9C019A8EFD5B3E7C
S3150200A110E6FB04EC0A9C059EE6FB04EC4446239E01
S3150200A1209EFD371E3419A0460F9E24F07E4441EB55
S3150200A13006099EFD435E139958EA5F69E2FB01EC4C
S3150200A140DDE90C16E6FB01EC159A00FF5401CDF889
S3150200A15038E0AAFB07E1D4601D9C099AE5FB04E1FD
S3150200A1608EFD6F1E169C119EE4FB03E1029CE2FB30
S3150200A17004E19EFD4F1EE6FB00E1089A049EE6FB03
S3150200A18002E1069E179AA1EF5025E6FB02E1059E23
S3150200A1900B9AE6FB02E1019A199EA1FF5024E2FB0B
S3150200A1A006E1139E0C9AE6FB02E11EEB080E9EFDEB
S3150200A1B0335E41EB0901CDF808E00391DDE902893E
S3150200A1C058EA9F691F9E02FF5421159A2EF07C4180
S3150200A1D0A7FB06AE1161099A109E8EFD5F3EE5FB56
S3150200A1E002AE089A0294E3FB02AEE4FB06AE0B9CB7
S3150200A1F09EFD3B1E049EE0FB04AE0A9C059AE6FB0E
S3150200A20004AE9EFD475E069E139C0D99E6FB04AEC8
S3150200A21044460E9E00FF5401490034190D9E0E94C9
S3150200A220E2FB06AE159A8EFD731E24F07E4454613F
S3150200A2301C9C019A4CEB090C9EFD531EE2FB04AEDC
S3150200A240129C0C9ACDF83CC0E4FB02AEDDE90E8905
S3150200A250A1EF5025CDF850A0099A58EA5F69A2FBF2
S3150200A260074C169A1893A1FF5024E5FB024C119A4B
S3150200A270049EE2FB034C029B9EFD375E089ACDE9E3
S3150200A2800E89E3FB024C179B059AE0FB034C02FF87
S3150200A29054210B9BE6FB034C069E199BE6FB034CE3
S3150200A2A0139B8EFD633EE2FB034C019B0C9AE3FB80
S3150200A2B0014C1C9BE3FB024C9EFD3F1E14EB08085F
S3150200A2C00F9CCDF818804CEB040407949EFD4B5E60
S3150200A2D0DDE9062352EA9F63CDE90623159B109A10
S3150200A2E028F07C4800FF5401C3F81880129BA7FB94
S3150200A2F002C84FEA4309089B119A8EFD771EE5FBB9
S3150200A30003C8A7FB033AE5FB023ADDE917240B9DD6
S3150200A3109EFD431EE4FB023AE4FB05C8029C059A35
S3150200A320E4FB053A0A9DA1EF5025E4FB05C8199DF9
S3150200A330139CE0FB053AE0FB04C80498A1FF5024F5
S3150200A3401A9DE0FB043A0D9CE6FB013AE0FB04C8C9
S3150200A3509EFD3B5E1C98129CE6FB00C8E2FB003A9F
S3150200A360E2FB04C81B9802FF5421019A149EE2FBE9
S3150200A370093AE2FB00C80C9AE0FB023A8EFD673E00
S3150200A380E2FB05C8069A079DB418224619469EFDA9
S3150200A3902F1E4EEB050352EA5F631598891824F0C7
S3150200A3A07E449EFD4F5EC4610C464AEB030554EAA9
S3150200A3B09F651CEB040C624600FF540148EB050343
S3150200A3C052EA5F6314461D4654EACF0521F07C41EA
S3150200A3D08EFD7B1E01622CF07E414162A11845EB87
S3150200A3E003049EFD577E49186441891844EB030411
S3150200A3F0219BC9189EFD6B9E0A4644F1000352EA50
S3150200A4009F6321F07C41016022991BED7F1F8B180F
S3150200A4101E9923F07E4201EB5363C0E9012324B067
S3150200A420BDE8F88FAFF30080AFF30080AFF3008092
S3150200A4302DE9F84FA4B007B440F6585BC2F2002BE0
S3150200A440DBF800B00BF5FE7B01A309E0AFF3008059
S3150200A4500000000004000000080000000C000000DC
S3150200A46093ED00FF40F65853C2F200231B6803F235
S3150200A470F4532FEE43EF07BC4FF0260C9BED013F42
S3150200A48096465368176A9468D26800FF56010CFB19
S3150200A49002F615900A92DEF810008A691E9602FFED
S3150200A4A058210292DEF8146000EBC00200EB42086B
S3150200A4B0CDF86080DEF81C2020EF50410CFB06F838
S3150200A4C00D960E691B9704968BED655F0F6A16460D
S3150200A4D04D6A1497DEF81870199522EF52A13A4682
S3150200A4E02546CDF874800CFB06F807EBC70704EB8C
S3150200A4F0C4040EFD35BE02EB470A0B9505EB440478
S3150200A50010930CFB03F51BED6B1F1390CB69486987
S3150200A5101C921296CDF858809BED153FCF68DEF857
S3150200A520242006978F680CFB02FC059700FF560154
S3150200A530DEF800701A924A6808971B9F019202FF82
S3150200A54058210A680A99CDF844C007EBC70C07EBF5
S3150200A5504C0CB2EF504501EBC10E149F01EB4E0EAF
S3150200A560CDF824C0AEFB07EC1999B2FF5044189EF1
S3150200A570E1FB04ECA4FB07411893E6FB03EC199BF1
S3150200A5800EFD595E059FE3FB0541A046189B1E9DE5
S3150200A590B2EF52A5029CE5FB0381E6FB04811D9CFA
S3150200A5A0049DE4FB0081B2FF52A4EAFB0581169CDE
S3150200A5B01896069EE4FB0681099E8EFD0BBE019C43
S3150200A5C0E6FB0781119EE6FB0481089E1BED571FE1
S3150200A5D0029CE6FB02810D9E0F9106EBC60106EB7D
S3150200A5E041019BED293FE1FB04EC129CEAFB00ECE6
S3150200A5F0CDF8388028F07C48CDF8848000FF5601DB
S3150200A60004EBC40804EB4808E8FB05EC069E099D2A
S3150200A6101F9002FF5821E5FB06ECDDE90E6756EABC
S3150200A6209F6740461A9DA2EF5245CDE90E6705EB9C
S3150200A630C508059F05EB4808E8FB07EC089CA2FF46
S3150200A6405244019D0C92E5FB04EC109D0E9CE5FB29
S3150200A65002EC0EFD7D5E6A00149F17920F9A1EEBA6
S3150200A6600404A1EF50A546464CEB0209A046DDE9DB
S3150200A670182524F07E4CA7FB0141A1FF50A4E5FB5F
S3150200A68002410246EAFB034120900298CDF888C0B7
S3150200A6900EFD19BEE2FB00411F98099A1F96E2FBC6
S3150200A6A000411BED431F3246049E58EA5F69E2FBF6
S3150200A6B00641069E089A9BED3D3FE6FB0241109E2F
S3150200A6C0059AE2FB06410B9E019A00FF5601E2FB48
S3150200A6D00641A4460C9A0A9C049EE4FB02C102FFB0
S3150200A6E05821189CCDF88CC0A4FB07EC1E9C169A28
S3150200A6F0B5EF5245E5FB04EC1D9C059FE4FB03EC1C
S3150200A700029CEAFB04ECB5FF5244E2FB00EC099A18
S3150200A710E2FB06EC069E119AE2FB06EC0EFD3D5E9E
S3150200A720089AE7FB02EC179A019FE7FB02ECB4EFEB
S3150200A73050A5DDE90B72E7FB02EC1EEB080E4CEBB3
S3150200A7400902CDF838E00F92B4FF50A40A9ADDE967
S3150200A7500E8958EA9F692EF07C4C5200CDF878C0DB
S3150200A7608EFD27BE1992209A149FCDE90E89A7FB6A
S3150200A77002EC1BED2F1FE5FB0AEC099AE2FB03EC48
S3150200A7801F9AE2FB04EC089A9BED513F049CE0FB06
S3150200A79002EC109AE4FB02EC0B9C019A00FF5601B4
S3150200A7A0E6FB04EC0A9C059EE6FB04EC4446239E6B
S3150200A7B002FF58213419A0460F9E24F07E4441EB35
S3150200A7C00609A9EF5045139958EA5F69E2FB01ECC5
S3150200A7D0DDE90C16E6FB01EC159AA9FF5044CDF80B
S3150200A7E038E0AAFB07E1D4601D9C099AE5FB04E167
S3150200A7F00EFD615E169C119EE4FB03E1029CE2FBE8
S3150200A80004E1A9EF52A5E6FB00E1089A049EE6FBE5
S3150200A81002E1069E179AA9FF52A4E6FB02E1059EF3
S3150200A8200B9AE6FB02E1019A199E8EFD03BEE2FB3C
S3150200A83006E1139E0C9AE6FB02E11EEB080E9EFD54
S3150200A8405B7E41EB0901CDF808E00391DDE902895F
S3150200A85058EA9F691F9E9EFD6F9E159A2EF07C41B7
S3150200A860A7FB06AE1161099A109E1BED7B1FE5FB45
S3150200A87002AE089A0294E3FB02AEE4FB06AE0B9C20
S3150200A8809BED053F049EE0FB04AE0A9C059AE6FB9F
S3150200A89004AE00FF5601069E139C0D99E6FB04AE1C
S3150200A8A044460E9E02FF5821490034190D9E0E940D
S3150200A8B0E2FB06AE159AA1EF524524F07E4454619E
S3150200A8C01C9C019A4CEB090CA1FF5244E2FB04AE1C
S3150200A8D0129C0C9ACDF83CC0E4FB02AEDDE90E896F
S3150200A8E00EFD715ECDF850A0099A58EA5F69A2FB87
S3150200A8F0074C169A189320EF50A1E5FB024C119AC9
S3150200A900049EE2FB034C029B0EFD0DBE089ACDE9A6
S3150200A9100E89E3FB024C179B059AE0FB034C1BEDE9
S3150200A920671F0B9BE6FB034C069E199BE6FB034C3B
S3150200A930139B9BED193FE2FB034C019B0C9AE3FB35
S3150200A940014C1C9BE3FB024C00FF560114EB08086A
S3150200A9500F9CCDF818804CEB0404079402FF582193
S3150200A960DDE9062352EA9F63CDE90623159B109A79
S3150200A97028F07C48B6EF5045C3F81880129BA7FB17
S3150200A98002C84FEA4309089B119AB6FF5044E5FBF9
S3150200A99003C8A7FB033AE5FB023ADDE917240B9D40
S3150200A9A08BED695FE4FB023AE4FB05C8029C059A5B
S3150200A9B0E4FB053A0A9DB6EF52A5E4FB05C8199DCC
S3150200A9C0139CE0FB053AE0FB04C80498B6FF52A4C8
S3150200A9D01A9DE0FB043A0D9CE6FB013AE0FB04C833
S3150200A9E00EFD31BE1C98129CE6FB00C8E2FB003A43
S3150200A9F0E2FB04C81B981BED531F019A149EE2FB4F
S3150200AA00093AE2FB00C80C9AE0FB023A9BED2D3FA5
S3150200AA10E2FB05C8069A079DB4182246194600FFAE
S3150200AA2056014EEB050352EA5F631598891824F026
S3150200AA307E4402FF5821C4610C464AEB030554EAE0
S3150200AA409F651CEB040C6246A5EF504548EB0503D7
S3150200AA5052EA5F6314461D4654EACF0521F07C4153
S3150200AA60A5FF504401622CF07E414162A11845EBDC
S3150200AA7003040EFD555E49186441891844EB03042C
S3150200AA80219BC918A5EF52A50A4644F1000352EAD2
S3150200AA909F6321F07C4101602299A5FF52A48B1885
S3150200AAA01E9923F07E4201EB5363C0E9012324B0D1
S3150200AAB0BDE8F88FAFF30080AFF30080AFF30080FC
S3150200AAC02DE9F84FA4B007B440F6585BC2F2002B4A
S3150200AAD0DBF800B00BF5FE7B01A309E0AFF30080C3
S3150200AAE00000000004000000080000000C00000046
S3150200AAF093ED00FF40F65853C2F200231B6803F29F
S3150200AB00F4532FEE43EF07BC4FF0260C8EFD0FBE1B
S3150200AB1096465368176A9468D2681BED3F1F0CFB72
S3150200AB2002F615900A92DEF810008A691E969BEDCF
S3150200AB30413F0292DEF8146000EBC00200EB4208CD
S3150200AB40CDF86080DEF81C2000FF56010CFB06F8EB
S3150200AB500D960E691B97049602FF58210F6A164638
S3150200AB604D6A1497DEF818701995B7EF52453A46B2
S3150200AB702546CDF874800CFB06F807EBC70704EBF5
S3150200AB80C404B7FF524402EB470A0B9505EB440493
S3150200AB9010930CFB03F50EFD795E1390CB694869A1
S3150200ABA01C921296CDF85880B6EF50A5CF68DEF803
S3150200ABB0242006978F680CFB02FC0597B6FF50A46B
S3150200ABC0DEF800701A924A6808971B9F01920EFDE2
S3150200ABD015BE0A680A99CDF844C007EBC70C07EB05
S3150200ABE04C0C1BED2B1F01EBC10E149F01EB4E0EFD
S3150200ABF0CDF824C0AEFB07EC19999BED553F189E84
S3150200AC00E1FB04ECA4FB07411893E6FB03EC199B5A
S3150200AC1000FF5601059FE3FB0541A046189B1E9DBA
S3150200AC2002FF5821029CE5FB0381E6FB04811D9C81
S3150200AC30049DE4FB0081A1EF5045EAFB0581169CC9
S3150200AC401896069EE4FB0681099EA1FF5044019CCC
S3150200AC50E6FB0781119EE6FB0481089E0EFD395E26
S3150200AC60029CE6FB02810D9E0F9106EBC60106EBE6
S3150200AC704101A1EF52A5E1FB04EC129CEAFB00ECB8
S3150200AC80CDF8388028F07C48CDF88480A1FF52A404
S3150200AC9004EBC40804EB4808E8FB05EC069E099D94
S3150200ACA01F908EFD2BBEE5FB06ECDDE90E6756EA2C
S3150200ACB09F6740461A9D9EFD5F7ECDE90E6705EBB6
S3150200ACC0C508059F05EB4808E8FB07EC089C9EFDB6
S3150200ACD0739E019D0C92E5FB04EC109D0E9CE5FB18
S3150200ACE002EC1BED771F6A00149F17920F9A1EEB58
S3150200ACF004049BED093F46464CEB0209A046DDE9FA
S3150200AD00182524F07E4CA7FB014100FF5601E5FB06
S3150200AD1002410246EAFB034120900298CDF888C020
S3150200AD2002FF5821E2FB00411F98099A1F96E2FB97
S3150200AD300041BFEF50453246049E58EA5F69E2FB86
S3150200AD400641069E089ABFFF5044E6FB0241109E4A
S3150200AD50059AE2FB06410B9E019A0EFD495EE2FB55
S3150200AD600641A4460C9A0A9C049EE4FB02C1BFEF6C
S3150200AD7052A5189CCDF88CC0A4FB07EC1E9C169A13
S3150200AD80BFFF52A4E5FB04EC1D9C059FE4FB03EC0C
S3150200AD90029CEAFB04EC8EFD1BBEE2FB00EC099A68
S3150200ADA0E2FB06EC069E119AE2FB06EC1BED631F24
S3150200ADB0089AE7FB02EC179A019FE7FB02EC9BED70
S3150200ADC01D3FDDE90B72E7FB02EC1EEB080E4CEBB6
S3150200ADD00902CDF838E00F9200FF56010A9ADDE922
S3150200ADE00E8958EA9F692EF07C4C5200CDF878C045
S3150200ADF002FF58211992209A149FCDE90E89A7FBCA
S3150200AE0002ECA3EF5045E5FB0AEC099AE2FB03ECE0
S3150200AE101F9AE2FB04EC089AA3FF5044049CE0FB51
S3150200AE2002EC109AE4FB02EC0B9C019A0EFD6D5E9D
S3150200AE30E6FB04EC0A9C059EE6FB04EC4446239ED4
S3150200AE40A3EF52A53419A0460F9E24F07E4441EB8F
S3150200AE500609A3FF52A4139958EA5F69E2FB01ECC3
S3150200AE60DDE90C16E6FB01EC159A0EFD09BECDF8DE
S3150200AE7038E0AAFB07E1D4601D9C099AE5FB04E1D0
S3150200AE801BED4F1F169C119EE4FB03E1029CE2FBA5
S3150200AE9004E19BED313FE6FB00E1089A049EE6FBE6
S3150200AEA002E1069E179A00FF5601E6FB02E1059EA5
S3150200AEB00B9AE6FB02E1019A199E02FF5821E2FB78
S3150200AEC006E1139E0C9AE6FB02E11EEB080EB6EFB4
S3150200AED0524541EB0901CDF808E00391DDE902890B
S3150200AEE058EA9F691F9EB6FF5244159A2EF07C417E
S3150200AEF0A7FB06AE1161099A109E8BED6D5FE5FB0D
S3150200AF0002AE089A0294E3FB02AEE4FB06AE0B9C89
S3150200AF10B5EF50A5049EE0FB04AE0A9C059AE6FB3B
S3150200AF2004AEB5FF50A4069E139C0D99E6FB04AE33
S3150200AF3044460E9E0EFD2DBE490034190D9E0E94FA
S3150200AF40E2FB06AE159A1BED3B1F24F07E445461CC
S3150200AF501C9C019A4CEB090C9BED453FE2FB04AEAF
S3150200AF60129C0C9ACDF83CC0E4FB02AEDDE90E89D8
S3150200AF7000FF5601CDF850A0099A58EA5F69A2FB74
S3150200AF80074C169A189302FF5821E5FB024C119AB8
S3150200AF90049EE2FB034C029BA8EF5245089ACDE9B8
S3150200AFA00E89E3FB024C179B059AE0FB034CA8FFB4
S3150200AFB052440B9BE6FB034C069E199BE6FB034C95
S3150200AFC0139B0EFD515EE2FB034C019B0C9AE3FBC5
S3150200AFD0014C1C9BE3FB024CA7EF50A514EB08089F
S3150200AFE00F9CCDF818804CEB04040794A7FF50A4DD
S3150200AFF0DDE9062352EA9F63CDE90623159B109AE3
S3150200B00028F07C488EFD13BEC3F81880129BA7FB5E
S3150200B01002C84FEA4309089B119A1BED271FE5FB5D
S3150200B02003C8A7FB033AE5FB023ADDE917240B9DA9
S3150200B0309BED593FE4FB023AE4FB05C8029C059AE4
S3150200B040E4FB053A0A9D00FF5601E4FB05C8199D7B
S3150200B050139CE0FB053AE0FB04C8049802FF582162
S3150200B0601A9DE0FB043A0D9CE6FB013AE0FB04C89C
S3150200B070BFEF52451C98129CE6FB00C8E2FB003A61
S3150200B080E2FB04C81B98BFFF5244019A149EE2FBDE
S3150200B090093AE2FB00C80C9AE0FB023A0EFD755E25
S3150200B0A0E2FB05C8069A079DB41822461946BEEF6A
S3150200B0B050A54EEB050352EA5F631598891824F0F2
S3150200B0C07E44BEFF50A4C4610C464AEB030554EA13
S3150200B0D09F651CEB040C62460EFD11BE48EB050390
S3150200B0E052EA5F6314461D4654EACF0521F07C41BD
S3150200B0F09EFD637E01622CF07E414162A11845EB02
S3150200B10003049EFD779E49186441891844EB0304A3
S3150200B110219BC9181BED731F0A4644F1000352EA2C
S3150200B1209F6321F07C41016022999BED0D3F8B18B4
S3150200B1301E9923F07E4201EB5363C0E9012324B03A
S3150200B140BDE8F88FAFF30080AFF30080AFF3008065
S3150200B1502DE9F84FA4B007B440F6585BC2F2002BB3
S3150200B160DBF800B00BF5FE7B01A309E0AFF300802C
S3150200B1700000000004000000080000000C000000AF
S3150200B18093ED00FF40F65853C2F200231B6803F208
S3150200B190F4532FEE43EF07BC4FF0260C00FF560187
S3150200B1A096465368176A9468D26802FF58210CFBC8
S3150200B1B002F615900A92DEF810008A691E96AEEF24
S3150200B1C050450292DEF8146000EBC00200EB420822
S3150200B1D0CDF86080DEF81C20AEFF50440CFB06F86A
S3150200B1E00D960E691B9704968BED795F0F6A1646CC
S3150200B1F04D6A1497DEF818701995AEEF52A53A46C5
S3150200B2002546CDF874800CFB06F807EBC70704EB5E
S3150200B210C404AEFF52A402EB470A0B9505EB4404A5
S3150200B22010930CFB03F50EFD21BE1390CB69486902
S3150200B2301C921296CDF858801BED5F1FCF68DEF880
S3150200B240242006978F680CFB02FC05979BED213F95
S3150200B250DEF800701A924A6808971B9F019200FF57
S3150200B26056010A680A99CDF844C007EBC70C07EBEA
S3150200B2704C0C02FF582101EBC10E149F01EB4E0E3E
S3150200B280CDF824C0AEFB07EC1999BCEF5245189EC7
S3150200B290E1FB04ECA4FB07411893E6FB03EC199BC4
S3150200B2A0BCFF5244059FE3FB0541A046189B1E9D29
S3150200B2B00EFD455E029CE5FB0381E6FB04811D9CB7
S3150200B2C0049DE4FB0081BBEF50A5EAFB0581169CB9
S3150200B2D01896069EE4FB0681099EBBFF50A4019CBC
S3150200B2E0E6FB0781119EE6FB0481089E8EFD1FBECA
S3150200B2F0029CE6FB02810D9E0F9106EBC60106EB50
S3150200B30041011BED4B1FE1FB04EC129CEAFB00EC36
S3150200B310CDF8388028F07C48CDF884809BED353F07
S3150200B32004EBC40804EB4808E8FB05EC069E099DFD
S3150200B3301F9000FF5601E5FB06ECDDE90E6756EAB3
S3150200B3409F6740461A9D02FF5821CDE90E6705EB1D
S3150200B350C508059F05EB4808E8FB07EC089CADEF1E
S3150200B3605245019D0C92E5FB04EC109D0E9CE5FBFB
S3150200B37002ECADFF52446A00149F17920F9A1EEB1D
S3150200B38004040EFD695E46464CEB0209A046DDE961
S3150200B390182524F07E4CA7FB0141ACEF50A5E5FB36
S3150200B3A002410246EAFB034120900298CDF888C08A
S3150200B3B0ACFF50A4E2FB00411F98099A1F96E2FBDC
S3150200B3C000410EFD05BE3246049E58EA5F69E2FB65
S3150200B3D00641069E089A1BED371FE6FB0241109EA8
S3150200B3E0059AE2FB06410B9E019A9BED493FE2FB61
S3150200B3F00641A4460C9A0A9C049EE4FB02C100FF85
S3150200B4005601189CCDF88CC0A4FB07EC1E9C169A1C
S3150200B41002FF5821E5FB04EC1D9C059FE4FB03ECAF
S3150200B420029CEAFB04ECABEF5245E2FB00EC099A04
S3150200B430E2FB06EC069E119AE2FB06ECABFF5244D7
S3150200B440089AE7FB02EC179A019FE7FB02EC8BEDE9
S3150200B450715FDDE90B72E7FB02EC1EEB080E4CEBAB
S3150200B4600902CDF838E00F92AAEF50A50A9ADDE953
S3150200B4700E8958EA9F692EF07C4C5200CDF878C0AE
S3150200B480AAFF50A41992209A149FCDE90E89A7FB10
S3150200B49002EC0EFD29BEE5FB0AEC099AE2FB03EC7F
S3150200B4A01F9AE2FB04EC089A1BED231F049CE0FBA7
S3150200B4B002EC109AE4FB02EC0B9C019A9BED5D3FB9
S3150200B4C0E6FB04EC0A9C059EE6FB04EC4446239E3E
S3150200B4D000FF56013419A0460F9E24F07E4441EB2C
S3150200B4E0060902FF5821139958EA5F69E2FB01EC4B
S3150200B4F0DDE90C16E6FB01EC159ABCEF5045CDF8DA
S3150200B50038E0AAFB07E1D4601D9C099AE5FB04E139
S3150200B510BCFF5044169C119EE4FB03E1029CE2FB35
S3150200B52004E10EFD4D5EE6FB00E1089A049EE6FB91
S3150200B53002E1069E179ABCEF52A5E6FB02E1059EC2
S3150200B5400B9AE6FB02E1019A199EBCFF52A4E2FBAA
S3150200B55006E1139E0C9AE6FB02E11EEB080E8EFD37
S3150200B56017BE41EB0901CDF808E00391DDE9028936
S3150200B57058EA9F691F9E9EFD677E159A2EF07C41B2
S3150200B580A7FB06AE1161099A109E9EFD7B9EE5FB06
S3150200B59002AE089A0294E3FB02AEE4FB06AE0B9CF3
S3150200B5A01BED6F1F049EE0FB04AE0A9C059AE6FBA8
S3150200B5B004AE9BED113F069E139C0D99E6FB04AE6D
S3150200B5C044460E9E00FF5601490034190D9E0E9404
S3150200B5D0E2FB06AE159A02FF582124F07E4454611E
S3150200B5E01C9C019A4CEB090CAEEF5245E2FB04AEF1
S3150200B5F0129C0C9ACDF83CC0E4FB02AEDDE90E8942
S3150200B600AEFF5244CDF850A0099A58EA5F69A2FBF0
S3150200B610074C169A18930EFD5D5EE5FB024C119AD5
S3150200B620049EE2FB034C029BADEF50A5089ACDE9BE
S3150200B6300E89E3FB024C179B059AE0FB034CADFF18
S3150200B64050A40B9BE6FB034C069E199BE6FB034CA0
S3150200B650139B8EFD07BEE2FB034C019B0C9AE3FB98
S3150200B660014C1C9BE3FB024C1BED5B1F14EB080811
S3150200B6700F9CCDF818804CEB040407949BED253FF4
S3150200B680DDE9062352EA9F63CDE90623159B109A4C
S3150200B69028F07C4800FF5601C3F81880129BA7FBCE
S3150200B6A002C84FEA4309089B119A02FF5821E5FB9B
S3150200B6B003C8A7FB033AE5FB023ADDE917240B9D13
S3150200B6C0AAEF5045E4FB023AE4FB05C8029C059A40
S3150200B6D0E4FB053A0A9DAAFF5044E4FB05C8199DFE
S3150200B6E0139CE0FB053AE0FB04C804988BED7D5FF2
S3150200B6F01A9DE0FB043A0D9CE6FB013AE0FB04C806
S3150200B700AAEF52A51C98129CE6FB00C8E2FB003A7F
S3150200B710E2FB04C81B98AAFF52A4019A149EE2FBFC
S3150200B720093AE2FB00C80C9AE0FB023A0EFD1DBE86
S3150200B730E2FB05C8069A079DB418224619461BED78
S3150200B740471F4EEB050352EA5F631598891824F0EA
S3150200B7507E449BED393FC4610C464AEB030554EA2D
S3150200B7609F651CEB040C624600FF560148EB05037D
S3150200B77052EA5F6314461D4654EACF0521F07C4126
S3150200B78002FF582101622CF07E414162A11845EB6D
S3150200B7900304B4EF524549186441891844EB030483
S3150200B7A0219BC918B4FF52440A4644F1000352EAE7
S3150200B7B09F6321F07C41016022990EFD415E8B1848
S3150200B7C01E9923F07E4201EB5363C0E9012324B0A4
S3150200B7D0BDE8F88FAFF30080AFF30080AFF30080CF
S3150200B7E02DE9F84FA4B007B440F6585BC2F2002B1D
S3150200B7F0DBF800B00BF5FE7B01A309E0AFF3008096
S3150200B8000000000004000000080000000C00000018
S3150200B81093ED00FF40F65853C2F200231B6803F271
S3150200B820F4532FEE43EF07BC4FF0260CB3EF50A5AF
S3150200B83096465368176A9468D268B3FF50A40CFB05
S3150200B84002F615900A92DEF810008A691E968EFD9F
S3150200B85023BE0292DEF8146000EBC00200EB42083F
S3150200B860CDF86080DEF81C201BED331F0CFB06F8BA
S3150200B8700D960E691B9704969BED4D3F0F6A164671
S3150200B8804D6A1497DEF81870199500FF56013A466C
S3150200B8902546CDF874800CFB06F807EBC70704EBC8
S3150200B8A0C40402FF582102EB470A0B9505EB440438
S3150200B8B010930CFB03F5A4EF50451390CB6948692E
S3150200B8C01C921296CDF85880A4FF5044CF68DEF839
S3150200B8D0242006978F680CFB02FC05970EFD655E19
S3150200B8E0DEF800701A924A6808971B9F0192A4EF2D
S3150200B8F052A50A680A99CDF844C007EBC70C07EBB4
S3150200B9004C0CA4FF52A401EBC10E149F01EB4E0E88
S3150200B910CDF824C0AEFB07EC19990EFD01BE189EA8
S3150200B920E1FB04ECA4FB07411893E6FB03EC199B2D
S3150200B9301BED1F1F059FE3FB0541A046189B1E9D9D
S3150200B9409BED613F029CE5FB0381E6FB04811D9CA6
S3150200B950049DE4FB008100FF5601EAFB0581169C6B
S3150200B9601896069EE4FB0681099E02FF5821019C59
S3150200B970E6FB0781119EE6FB0481089EA7EF504570
S3150200B980029CE6FB02810D9E0F9106EBC60106EBB9
S3150200B9904101A7FF5044E1FB04EC129CEAFB00ECD8
S3150200B9A0CDF8388028F07C48CDF884808BED755F21
S3150200B9B004EBC40804EB4808E8FB05EC069E099D67
S3150200B9C01F90A7EF52A5E5FB06ECDDE90E6756EAE6
S3150200B9D09F6740461A9DA7FF52A4CDE90E6705EB65
S3150200B9E0C508059F05EB4808E8FB07EC089C0EFD19
S3150200B9F025BE019D0C92E5FB04EC109D0E9CE5FB19
S3150200BA0002EC9BED651F6A00149F17920F9A1EEBBC
S3150200BA1004049BED693F46464CEB0209A046DDE96C
S3150200BA20182524F07E4CA7FB01419BED6D5FE5FBDB
S3150200BA3002410246EAFB034120900298CDF888C0F3
S3150200BA409BED71BFE2FB00411F98099A1F96E2FB2C
S3150200BA5000419BED75DF3246049E58EA5F69E2FBC0
S3150200BA600641069E089A14EF5261E6FB0241109EB9
S3150200BA70059AE2FB06410B9E019A06FF5061E2FB24
S3150200BA800641A4460C9A0A9C049EE4FB02C10BEDF5
S3150200BA907F7F189CCDF88CC0A4FB07EC1E9C169ADF
S3150200BAA01AEF5461E5FB04EC1D9C059FE4FB03ECD5
S3150200BAB0029CEAFB04EC06FF5261E2FB00EC099AE7
S3150200BAC0E2FB06EC069E119AE2FB06EC0BED7B7F8F
S3150200BAD0089AE7FB02EC179A019FE7FB02EC1CEFC0
S3150200BAE05A61DDE90B72E7FB02EC1EEB080E4CEB2A
S3150200BAF00902CDF838E00F9206FF54610A9ADDE991
S3150200BB000E8958EA9F692EF07C4C5200CDF878C017
S3150200BB100BED777F1992209A149FCDE90E89A7FB28
S3150200BB2002EC10EF5C61E5FB0AEC099AE2FB03EC1E
S3150200BB301F9AE2FB04EC089A06FF5A61049CE0FB9A
S3150200BB4002EC109AE4FB02EC0B9C019A0BED737F5C
S3150200BB50E6FB04EC0A9C059EE6FB04EC4446239EA7
S3150200BB6012EF50613419A0460F9E24F07E4441EB39
S3150200BB70060906FF5C61139958EA5F69E2FB01EC6C
S3150200BB80DDE90C16E6FB01EC159A0BED6F7FCDF89D
S3150200BB9038E0AAFB07E1D4601D9C099AE5FB04E1A3
S3150200BBA09BED791F169C119EE4FB03E1029CE2FBCE
S3150200BBB004E19BED7D3FE6FB00E1089A049EE6FB6D
S3150200BBC002E1069E179A1EFD7D5EE6FB02E1059ED8
S3150200BBD00B9AE6FB02E1019A199E1EFD79BEE2FB73
S3150200BBE006E1139E0C9AE6FB02E11EEB080E1EFD11
S3150200BBF075DE41EB0901CDF808E00391DDE9028922
S3150200BC0058EA9F691F9E14EF5261159A2EF07C41E5
S3150200BC10A7FB06AE1161099A109E06FF5061E5FB6D
S3150200BC2002AE089A0294E3FB02AEE4FB06AE0B9C5C
S3150200BC300BED6B7F049EE0FB04AE0A9C059AE6FBC5
S3150200BC4004AE1AEF5461069E139C0D99E6FB04AEF0
S3150200BC5044460E9E06FF5261490034190D9E0E940B
S3150200BC60E2FB06AE159A0BED677F24F07E44546123
S3150200BC701C9C019A4CEB090C1CEF5A61E2FB04AEC8
S3150200BC80129C0C9ACDF83CC0E4FB02AEDDE90E89AB
S3150200BC9006FF5461CDF850A0099A58EA5F69A2FBE3
S3150200BCA0074C169A18930BED637FE5FB024C119A2B
S3150200BCB0049EE2FB034C029B10EF5C61089ACDE9FD
S3150200BCC00E89E3FB024C179B059AE0FB034C06FF29
S3150200BCD05A610B9BE6FB034C069E199BE6FB034C43
S3150200BCE0139B0BED5F7FE2FB034C019B0C9AE3FB7C
S3150200BCF0014C1C9BE3FB024C12EF506114EB08084B
S3150200BD000F9CCDF818804CEB0404079406FF5C6187
S3150200BD10DDE9062352EA9F63CDE90623159B109AB5
S3150200BD2028F07C480BED5B7FC3F81880129BA7FBBB
S3150200BD3002C84FEA4309089B119A1EFD711EE5FBD4
S3150200BD4003C8A7FB033AE5FB023ADDE917240B9D7C
S3150200BD501EFD6D3EE4FB023AE4FB05C8029C059A11
S3150200BD60E4FB053A0A9D1EFD695EE4FB05C8199DC2
S3150200BD70139CE0FB053AE0FB04C804981EFD65BE71
S3150200BD801A9DE0FB043A0D9CE6FB013AE0FB04C86F
S3150200BD901EFD61DE1C98129CE6FB00C8E2FB003A1F
S3150200BDA0E2FB04C81B9814EF5261019A149EE2FB4F
S3150200BDB0093AE2FB00C80C9AE0FB023A06FF506120
S3150200BDC0E2FB05C8069A079DB418224619460BEDF2
S3150200BDD0577F4EEB050352EA5F631598891824F0E4
S3150200BDE07E441AEF5461C4610C464AEB030554EAD9
S3150200BDF09F651CEB040C624606FF526148EB050385
S3150200BE0052EA5F6314461D4654EACF0521F07C418F
S3150200BE100BED537F01622CF07E414162A11845EB86
S3150200BE2003041CEF5A6149186441891844EB030460
S3150200BE30219BC91806FF54610A4644F1000352EADF
S3150200BE409F6321F07C41016022990BED4F7F8B1895
S3150200BE501E9923F07E4201EB5363C0E9012324B00D
S3150200BE60BDE8F88FAFF30080AFF30080AFF3008038
S3150200BE702DE9F84FA4B007B440F6585BC2F2002B86
S3150200BE80DBF800B00BF5FE7B01A309E0AFF30080FF
S3150200BE900000000004000000080000000C00000082
S3150200BEA093ED00FF40F65853C2F200231B6803F2DB
S3150200BEB0F4532FEE43EF07BC4FF0260C10EF5C61F4
S3150200BEC096465368176A9468D26806FF5A610CFB55
S3150200BED002F615900A92DEF810008A691E960BED9C
S3150200BEE04B7F0292DEF8146000EBC00200EB4208C0
S3150200BEF0CDF86080DEF81C2012EF50610CFB06F8CC
S3150200BF000D960E691B97049606FF5C610F6A16462C
S3150200BF104D6A1497DEF8187019950BED477F3A466D
S3150200BF202546CDF874800CFB06F807EBC70704EB31
S3150200BF30C4041EFD5D1E02EB470A0B9505EB440485
S3150200BF4010930CFB03F51EFD593E1390CB6948690D
S3150200BF501C921296CDF858801EFD555ECF68DEF80B
S3150200BF60242006978F680CFB02FC05971EFD51BE26
S3150200BF70DEF800701A924A6808971B9F01921EFD0E
S3150200BF804DDE0A680A99CDF844C007EBC70C07EBE9
S3150200BF904C0C14EF526101EBC10E149F01EB4E0ED5
S3150200BFA0CDF824C0AEFB07EC199906FF5061189E26
S3150200BFB0E1FB04ECA4FB07411893E6FB03EC199B97
S3150200BFC00BED437F059FE3FB0541A046189B1E9D93
S3150200BFD01AEF5461029CE5FB0381E6FB04811D9C7A
S3150200BFE0049DE4FB008106FF5261EAFB0581169C73
S3150200BFF01896069EE4FB0681099E0BED3F7F019C87
S3150200C000E6FB0781119EE6FB0481089E1CEF5A613E
S3150200C010029CE6FB02810D9E0F9106EBC60106EB22
S3150200C020410106FF5461E1FB04EC129CEAFB00ECC1
S3150200C030CDF8388028F07C48CDF884800BED3B7F24
S3150200C04004EBC40804EB4808E8FB05EC069E099DD0
S3150200C0501F9010EF5C61E5FB06ECDDE90E6756EA20
S3150200C0609F6740461A9D06FF5A61CDE90E6705EBAA
S3150200C070C508059F05EB4808E8FB07EC089C0BED95
S3150200C080377F019D0C92E5FB04EC109D0E9CE5FBAF
S3150200C09002EC12EF50616A00149F17920F9A1EEB80
S3150200C0A0040406FF5C6146464CEB0209A046DDE944
S3150200C0B0182524F07E4CA7FB01410BED337FE5FBEF
S3150200C0C002410246EAFB034120900298CDF888C05D
S3150200C0D01EFD491EE2FB00411F98099A1F96E2FBCC
S3150200C0E000411EFD453E3246049E58EA5F69E2FB68
S3150200C0F00641069E089A1EFD415EE6FB0241109E1F
S3150200C100059AE2FB06410B9E019A1EFD3DBEE2FB2D
S3150200C1100641A4460C9A0A9C049EE4FB02C11EFD3B
S3150200C12039DE189CCDF88CC0A4FB07EC1E9C169A2F
S3150200C13014EF5261E5FB04EC1D9C059FE4FB03EC46
S3150200C140029CEAFB04EC06FF5061E2FB00EC099A52
S3150200C150E2FB06EC069E119AE2FB06EC0BED2F7F44
S3150200C160089AE7FB02EC179A019FE7FB02EC1AEF2B
S3150200C1705461DDE90B72E7FB02EC1EEB080E4CEB99
S3150200C1800902CDF838E00F9206FF52610A9ADDE9FC
S3150200C1900E8958EA9F692EF07C4C5200CDF878C081
S3150200C1A00BED2B7F1992209A149FCDE90E89A7FBDE
S3150200C1B002EC1CEF5A61E5FB0AEC099AE2FB03EC7E
S3150200C1C01F9AE2FB04EC089A06FF5461049CE0FB0A
S3150200C1D002EC109AE4FB02EC0B9C019A0BED277F12
S3150200C1E0E6FB04EC0A9C059EE6FB04EC4446239E11
S3150200C1F010EF5C613419A0460F9E24F07E4441EB99
S3150200C200060906FF5A61139958EA5F69E2FB01ECD7
S3150200C210DDE90C16E6FB01EC159A0BED237FCDF852
S3150200C22038E0AAFB07E1D4601D9C099AE5FB04E10C
S3150200C23012EF5061169C119EE4FB03E1029CE2FBA5
S3150200C24004E106FF5C61E6FB00E1089A049EE6FB58
S3150200C25002E1069E179A0BED1F7FE6FB02E1059EA1
S3150200C2600B9AE6FB02E1019A199E1EFD351EE2FBC0
S3150200C27006E1139E0C9AE6FB02E11EEB080E1EFD7A
S3150200C280313E41EB0901CDF808E00391DDE902896F
S3150200C29058EA9F691F9E1EFD2D5E159A2EF07C415F
S3150200C2A0A7FB06AE1161099A109E1EFD29BEE5FB8B
S3150200C2B002AE089A0294E3FB02AEE4FB06AE0B9CC6
S3150200C2C01EFD25DE049EE0FB04AE0A9C059AE6FBF3
S3150200C2D004AE14EF5261069E139C0D99E6FB04AE62
S3150200C2E044460E9E06FF5061490034190D9E0E9477
S3150200C2F0E2FB06AE159A8BED017F24F07E44546173
S3150200C3001C9C019A4CEB090C1AEF5461E2FB04AE39
S3150200C310129C0C9ACDF83CC0E4FB02AEDDE90E8914
S3150200C32006FF5261CDF850A0099A58EA5F69A2FB4E
S3150200C330074C169A18938BED057FE5FB024C119A72
S3150200C340049EE2FB034C029B1CEF5A61089ACDE95C
S3150200C3500E89E3FB024C179B059AE0FB034C06FF92
S3150200C36054610B9BE6FB034C069E199BE6FB034CB2
S3150200C370139B8BED097FE2FB034C019B0C9AE3FBBB
S3150200C380014C1C9BE3FB024C10EF5C6114EB0808AA
S3150200C3900F9CCDF818804CEB0404079406FF5A61F3
S3150200C3A0DDE9062352EA9F63CDE90623159B109A1F
S3150200C3B028F07C488BED0D7FC3F81880129BA7FBF3
S3150200C3C002C84FEA4309089B119A12EF5061E5FB36
S3150200C3D003C8A7FB033AE5FB023ADDE917240B9DE6
S3150200C3E006FF5C61E4FB023AE4FB05C8029C059A7F
S3150200C3F0E4FB053A0A9D8BED117FE4FB05C8199D06
S3150200C400139CE0FB053AE0FB04C804981EFD211EBE
S3150200C4101A9DE0FB043A0D9CE6FB013AE0FB04C8D8
S3150200C4201EFD1D3E1C98129CE6FB00C8E2FB003A6C
S3150200C430E2FB04C81B981EFD195E019A149EE2FBDC
S3150200C440093AE2FB00C80C9AE0FB023A1EFD15BE51
S3150200C450E2FB05C8069A079DB418224619461EFD38
S3150200C46011DE4EEB050352EA5F631598891824F034
S3150200C4707E4414EF5261C4610C464AEB030554EA4A
S3150200C4809F651CEB040C624606FF506148EB0503F0
S3150200C49052EA5F6314461D4654EACF0521F07C41F9
S3150200C4A08BED157F01622CF07E414162A11845EBAE
S3150200C4B003041AEF546149186441891844EB0304D2
S3150200C4C0219BC91806FF52610A4644F1000352EA4B
S3150200C4D09F6321F07C41016022998BED197F8B18B5
S3150200C4E01E9923F07E4201EB5363C0E9012324B077
S3150200C4F0BDE8F88FAFF30080AFF30080AFF30080A2
S3150200C5002DE9F84FA4B007B440F6585BC2F2002BEF
S3150200C510DBF800B00BF5FE7B01A309E0AFF3008068
S3150200C5200000000004000000080000000C000000EB
S3150200C53093ED00FF40F65853C2F200231B6803F244
S3150200C540F4532FEE43EF07BC4FF0260C1CEF5A6153
S3150200C55096465368176A9468D26806FF54610CFBC4
S3150200C56002F615900A92DEF810008A691E968BED85
S3150200C5701D7F0292DEF8146000EBC00200EB420857
S3150200C580CDF86080DEF81C2010EF5C610CFB06F82B
S3150200C5900D960E691B97049606FF5A610F6A164698
S3150200C5A04D6A1497DEF8187019958BED217F3A467D
S3150200C5B02546CDF874800CFB06F807EBC70704EB9B
S3150200C5C0C40412EF506102EB470A0B9505EB4404D3
S3150200C5D010930CFB03F506FF5C611390CB69486967
S3150200C5E01C921296CDF858808BED257FCF68DEF827
S3150200C5F0242006978F680CFB02FC05971EFD0D1E74
S3150200C600DEF800701A924A6808971B9F01921EFD77
S3150200C610093E0A680A99CDF844C007EBC70C07EB36
S3150200C6204C0C1EFD055E01EBC10E149F01EB4E0E76
S3150200C630CDF824C0AEFB07EC19991EFD01BE189E6B
S3150200C640E1FB04ECA4FB07411893E6FB03EC199B00
S3150200C6509EFD03DE059FE3FB0541A046189B1E9D3A
S3150200C66014EF5261029CE5FB0381E6FB04811D9CEB
S3150200C670049DE4FB008106FF5061EAFB0581169CDE
S3150200C6801896069EE4FB0681099E8BED297F019C86
S3150200C690E6FB0781119EE6FB0481089E1AEF5461B0
S3150200C6A0029CE6FB02810D9E0F9106EBC60106EB8C
S3150200C6B0410106FF5261E1FB04EC129CEAFB00EC2D
S3150200C6C0CDF8388028F07C48CDF884808BED2D7F1C
S3150200C6D004EBC40804EB4808E8FB05EC069E099D3A
S3150200C6E01F901CEF5A61E5FB06ECDDE90E6756EA80
S3150200C6F09F6740461A9D06FF5461CDE90E6705EB1A
S3150200C700C508059F05EB4808E8FB07EC089C8BED7E
S3150200C710317F019D0C92E5FB04EC109D0E9CE5FB1E
S3150200C72002EC10EF5C616A00149F17920F9A1EEBDF
S3150200C730040406FF5A6146464CEB0209A046DDE9AF
S3150200C740182524F07E4CA7FB01418BED357FE5FBD6
S3150200C75002410246EAFB034120900298CDF888C0C6
S3150200C76012EF5061E2FB00411F98099A1F96E2FB05
S3150200C770004106FF5C613246049E58EA5F69E2FBAD
S3150200C7800641069E089A8BED397FE6FB0241109E12
S3150200C790059AE2FB06410B9E019A9EFD071EE2FBED
S3150200C7A00641A4460C9A0A9C049EE4FB02C19EFD25
S3150200C7B00B3E189CCDF88CC0A4FB07EC1E9C169A67
S3150200C7C09EFD0F5EE5FB04EC1D9C059FE4FB03EC5E
S3150200C7D0029CEAFB04EC9EFD13BEE2FB00EC099A06
S3150200C7E0E2FB06EC069E119AE2FB06EC9EFD17DEC4
S3150200C7F0089AE7FB02EC179A019FE7FB02EC14EF9B
S3150200C8005261DDE90B72E7FB02EC1EEB080E4CEB04
S3150200C8100902CDF838E00F9206FF50610A9ADDE967
S3150200C8200E8958EA9F692EF07C4C5200CDF878C0EA
S3150200C8308BED3D7F1992209A149FCDE90E89A7FBB5
S3150200C84002EC1AEF5461E5FB0AEC099AE2FB03ECEF
S3150200C8501F9AE2FB04EC089A06FF5261049CE0FB75
S3150200C86002EC109AE4FB02EC0B9C019A8BED417FE1
S3150200C870E6FB04EC0A9C059EE6FB04EC4446239E7A
S3150200C8801CEF5A613419A0460F9E24F07E4441EBF8
S3150200C890060906FF5461139958EA5F69E2FB01EC47
S3150200C8A0DDE90C16E6FB01EC159A8BED457FCDF81A
S3150200C8B038E0AAFB07E1D4601D9C099AE5FB04E176
S3150200C8C010EF5C61169C119EE4FB03E1029CE2FB05
S3150200C8D004E106FF5A61E6FB00E1089A049EE6FBC4
S3150200C8E002E1069E179A8BED497FE6FB02E1059E61
S3150200C8F00B9AE6FB02E1019A199E12EF5061E2FBE6
S3150200C90006E1139E0C9AE6FB02E11EEB080E06FFF9
S3150200C9105C6141EB0901CDF808E00391DDE902898A
S3150200C92058EA9F691F9E8BED4D7F159A2EF07C412A
S3150200C930A7FB06AE1161099A109E9EFD1B1EE5FB22
S3150200C94002AE089A0294E3FB02AEE4FB06AE0B9C2F
S3150200C9509EFD1F3E049EE0FB04AE0A9C059AE6FB82
S3150200C96004AE9EFD235E069E139C0D99E6FB04AE65
S3150200C97044460E9E9EFD27BE490034190D9E0E9416
S3150200C980E2FB06AE159A9EFD2BDE24F07E44546130
S3150200C9901C9C019A4CEB090C14EF5261E2FB04AEAB
S3150200C9A0129C0C9ACDF83CC0E4FB02AEDDE90E897E
S3150200C9B006FF5061CDF850A0099A58EA5F69A2FBBA
S3150200C9C0074C169A18938BED517FE5FB024C119A90
S3150200C9D0049EE2FB034C029B1AEF5461089ACDE9CE
S3150200C9E00E89E3FB024C179B059AE0FB034C06FFFC
S3150200C9F052610B9BE6FB034C069E199BE6FB034C1E
S3150200CA00139B8BED557FE2FB034C019B0C9AE3FBD8
S3150200CA10014C1C9BE3FB024C1CEF5A6114EB080809
S3150200CA200F9CCDF818804CEB0404079406FF546162
S3150200CA30DDE9062352EA9F63CDE90623159B109A88
S3150200CA4028F07C488BED597FC3F81880129BA7FB10
S3150200CA5002C84FEA4309089B119A10EF5C61E5FB95
S3150200CA6003C8A7FB033AE5FB023ADDE917240B9D4F
S3150200CA7006FF5A61E4FB023AE4FB05C8029C059AEA
S3150200CA80E4FB053A0A9D8BED5D7FE4FB05C8199D23
S3150200CA90139CE0FB053AE0FB04C8049812EF5061D0
S3150200CAA01A9DE0FB043A0D9CE6FB013AE0FB04C842
S3150200CAB006FF5C611C98129CE6FB00C8E2FB003A8A
S3150200CAC0E2FB04C81B988BED617F019A149EE2FB80
S3150200CAD0093AE2FB00C80C9AE0FB023A1BED1B1F67
S3150200CAE0E2FB05C8069A079DB418224619461BEDB5
S3150200CAF07F3F4EEB050352EA5F631598891824F0CF
S3150200CB007E4402FF5021C4610C464AEB030554EAF7
S3150200CB109F651CEB040C62460BED7F3F48EB050359
S3150200CB2052EA5F6314461D4654EACF0521F07C4162
S3150200CB301BED171F01622CF07E414162A11845EBE5
S3150200CB4003049BED013F49186441891844EB030431
S3150200CB50219BC91802FF50210A4644F1000352EAFA
S3150200CB609F6321F07C41016022998BED013F8B1876
S3150200CB701E9923F07E4201EB5363C0E9012324B0E0
S3150200CB80BDE8F88F80ED009F80ED04BF80ED08DFE1
S3150200CB9080ED0CFF704790ED009F90ED04BF90ED85
S3150200CBA008DF90ED0CFF7047000000000000000057
S3150200CBB070B5F0E80245230065F31F446FF30F05D5
S3150200CBC045EA134584EA142385EA152603F47F43CE
S3150200CBD006F47F465C40754084EA032485EA06250E
S3150200CBE084EA141385EA151603F0F01306F0F0161C
S3150200CBF05C40754084EA031485EA061584EA9403C8
S3150200CC0085EA950603F00C3306F00C365C40754057
S3150200CC1084EA830485EA860584EA540385EA55068E
S3150200CC2003F0223306F022365C40754084EA430460
S3150200CC3085EA460541F8044B013A41F8045BB8D14E
S3150200CC4070BD00BF000000000000000000000000F0
S3150200CC502DE9F04F2DED108B00F5FE7A00F2F45B14
S3150200CC601AED7F1F1AED6B3F00FF52011AED573F77
S3150200CC7000FF52011AED433F00FF52011AED2F3F0A
S3150200CC8000FF52018BED2F1F1AED7B1F1AED673F36
S3150200CC9000FF52011AED533F00FF52011AED3F3FCA
S3150200CCA000FF52011AED2B3F00FF52018BED331F9D
S3150200CCB01AED771F1AED633F00FF52011AED4F3F3F
S3150200CCC000FF52011AED3B3F00FF52011AED273FCA
S3150200CCD000FF52018BED371F1AED731F1AED5F3FEE
S3150200CCE000FF52011AED4B3F00FF52011AED373F8A
S3150200CCF000FF52011AED233F00FF52018BED3B1F4D
S3150200CD001AED6F1F1AED5B3F00FF52011AED473F06
S3150200CD1000FF52011AED333F00FF52011AED1F3F89
S3150200CD2000FF52018BED3F1F9AED011F9AED153F51
S3150200CD3000FF52019AED293F00FF52019AED3D3F55
S3150200CD4000FF52019AED513F00FF52018BED431F46
S3150200CD509AED051F9AED193F00FF52019AED2D3FFC
S3150200CD6000FF52019AED413F00FF52019AED553FF5
S3150200CD7000FF52018BED471F9AED091F9AED1D3FE9
S3150200CD8000FF52019AED313F00FF52019AED453FF5
S3150200CD9000FF52019AED593F00FF52018BED4B1FE6
S3150200CDA09AED0D1F9AED213F00FF52019AED353F94
S3150200CDB000FF52019AED493F00FF52019AED5D3F95
S3150200CDC000FF52018BED4F1F9AED111F9AED253F81
S3150200CDD000FF52019AED393F00FF52019AED4D3F95
S3150200CDE000FF52019AED613F00FF52018BED531F86
S3150200CDF09BED471FA1EF5025A1FF50249BED3F5FFE
S3150200CE0002FF54218BED573F9BED331F9BED535F82
S3150200CE1000FF54018BED6B1F9BED4B1FA1EF5025BD
S3150200CE20A1FF50249BED2F5F02FF54218BED5B3F48
S3150200CE309BED371F9BED435F00FF54018BED6F1F88
S3150200CE409BED4F1FA1EF5025A1FF50249BED335FB1
S3150200CE5002FF54218BED5F3F9BED3B1F9BED475F2E
S3150200CE6000FF54018BED731F9BED531FA1EF50255D
S3150200CE70A1FF50249BED375F02FF54218BED633FE8
S3150200CE809BED3F1F9BED4B5F00FF54018BED771F20
S3150200CE909BED431FA1EF5025A1FF50249BED3B5F65
S3150200CEA002FF54218BED673F9BED2F1F9BED4F5FDA
S3150200CEB000FF54018BED7B1F9BED57DF9BED6BFF54
S3150200CEC01AED7F1F9AED013F00FF5C0102FF5E2112
S3150200CED020EF50418AED655F22EF52610BED357FFF
S3150200CEE01AED6B1F9AED153F00FF5C0102FF5E21F2
S3150200CEF0B2EF5045B2FF50440BED595FB2EF5265A7
S3150200CF00B2FF52648BED0B7F1AED571F9AED293F44
S3150200CF1000FF5C0102FF5E21A2EF5245A2FF5244CE
S3150200CF200BED7D5FA1EF5065A1FF50640BED197FFC
S3150200CF301AED431F9AED3D3F00FF5C0102FF5E21A1
S3150200CF40B5EF5245B5FF52440BED3D5FB4EF506568
S3150200CF50B4FF50648BED277F1AED2F1F9AED513FD8
S3150200CF6000FF5C0102FF5E21A9EF5045A9FF504474
S3150200CF700BED615FA9EF5265A9FF52648BED037F4A
S3150200CF809BED5BDF9BED6FFF1AED7B1F9AED053F75
S3150200CF9000FF5C0102FF5E21A1EF5245A1FF524450
S3150200CFA00BED715F20EF50610BED0D7F1AED671FE0
S3150200CFB09AED193F00FF5C0102FF5E21B6EF504574
S3150200CFC0B6FF50448AED695FB6EF5265B6FF52640A
S3150200CFD00BED317F1AED531F9AED2D3F00FF5C01D9
S3150200CFE002FF5E21A5EF5045A5FF50440BED555FAC
S3150200CFF0A5EF5265A5FF52648BED0F7F1AED3F1F19
S3150200D0009AED413F00FF5C0102FF5E21B7EF5245F8
S3150200D010B7FF52440BED795FB6EF5065B6FF506429
S3150200D0200BED157F1AED2B1F9AED553F00FF5C01A4
S3150200D03002FF5E21A1EF5045A1FF50440BED395F7F
S3150200D040A1EF5265A1FF52648BED2B7F9BED5FDF53
S3150200D0509BED73FF1AED771F9AED093F00FF5C0106
S3150200D06002FF5E21BFEF5045BFFF50440BED495F03
S3150200D070BFEF5265BFFF52648BED1B7F1AED631F34
S3150200D0809AED1D3F00FF5C0102FF5E21A3EF5045B2
S3150200D090A3FF50440BED6D5FA3EF5265A3FF5264ED
S3150200D0A00BED097F1AED4F1F9AED313F00FF5C0130
S3150200D0B002FF5E21B6EF5245B6FF52448AED6D5F1E
S3150200D0C0B5EF5065B5FF50640BED2D7F1AED3B1F92
S3150200D0D09AED453F00FF5C0102FF5E21A8EF524533
S3150200D0E0A8FF52440BED515FA7EF5065A7FF5064AE
S3150200D0F08BED137F1AED271F9AED593F00FF5C0156
S3150200D10002FF5E21BFEF5245BFFF52440BED755F32
S3150200D110BEEF5065BEFF50640BED117F9BED63DFE2
S3150200D1209BED77FF1AED731F9AED0D3F00FF5C0131
S3150200D13002FF5E21AEEF5045AEFF50448AED795FA5
S3150200D140AEEF5265AEFF52640BED217F1AED5F1F03
S3150200D1509AED213F00FF5C0102FF5E21BCEF5245C2
S3150200D160BCFF52440BED455FBBEF5065BBFF5064FD
S3150200D1708BED1F7F1AED4B1F9AED353F00FF5C01C9
S3150200D18002FF5E21ADEF5245ADFF52440BED695FE2
S3150200D190ACEF5065ACFF50640BED057F1AED371FFF
S3150200D1A09AED493F00FF5C0102FF5E21ABEF52455B
S3150200D1B0ABFF52448AED715FAAEF5065AAFF506435
S3150200D1C00BED297F1AED231F9AED5D3F00FF5C01EF
S3150200D1D002FF5E21BCEF5045BCFF50440BED4D5F94
S3150200D1E0BCEF5265BCFF52648BED177F9BED67DF88
S3150200D1F09BED7BFF1AED6F1F9AED113F00FF5C015D
S3150200D20002FF5E21AEEF5245AEFF52440BED5D5F6B
S3150200D210ADEF5065ADFF50648BED077F1AED5B1FD6
S3150200D2209AED253F00FF5C0102FF5E21AAEF504501
S3150200D230AAFF50448AED7D5FAAEF5265AAFF5264A7
S3150200D2400BED1D7F1AED471F9AED393F00FF5C017A
S3150200D25002FF5E21B4EF5245B4FF52440BED415F2B
S3150200D260B3EF5065B3FF50648BED237F1AED331F86
S3150200D2709AED4D3F00FF5C0102FF5E21A4EF50458F
S3150200D280A4FF50440BED655FA4EF5265A4FF526400
S3150200D2900BED017F1AED1F1F9AED613F00FF5C0146
S3150200D2A002FF5E21A7EF5045A7FF50448AED755F46
S3150200D2B0A7EF5265A7FF52640BED257F9AED651F16
S3150200D2C09AED693F9AED6D5F9AED717F9AED759FC2
S3150200D2D014EF52A10AFF50A10AED7FBF16EF54A127
S3150200D2E00AFF52A10AED7BBF18EF56A10AFF54A10D
S3150200D2F00AED77BF10EF58A10AFF56A10AED73BFD8
S3150200D30012EF50A10AFF58A10AED6FBF9AED791FDD
S3150200D3109AED7D3F1BED7D5F1BED797F1BED759FC2
S3150200D32014EF52A10AFF50A10AED6BBF16EF54A1EA
S3150200D3300AFF52A10AED67BF18EF56A10AFF54A1D0
S3150200D3400AED63BF10EF58A10AFF56A10AED5FBFAF
S3150200D35012EF50A10AFF58A10AED5BBF1BED711F28
S3150200D3601BED6D3F1BED695F1BED657F1BED619F3D
S3150200D37014EF52A10AFF50A10AED57BF16EF54A1AE
S3150200D3800AFF52A10AED53BF18EF56A10AFF54A194
S3150200D3900AED4FBF10EF58A10AFF56A10AED4BBF87
S3150200D3A012EF50A10AFF58A10AED47BF1BED5D1F00
S3150200D3B01BED593F1BED555F1BED517F1BED4D9F3D
S3150200D3C014EF52A10AFF50A10AED43BF16EF54A172
S3150200D3D00AFF52A10AED3FBF18EF56A10AFF54A158
S3150200D3E00AED3BBF10EF58A10AFF56A10AED37BF5F
S3150200D3F012EF50A10AFF58A10AED33BF1BED491FD8
S3150200D4001BED453F1BED415F1BED3D7F1BED399F3C
S3150200D41014EF52A10AFF50A10AED2FBF16EF54A135
S3150200D4200AFF52A10AED2BBF18EF56A10AFF54A11B
S3150200D4300AED27BF10EF58A10AFF56A10AED23BF36
S3150200D44012EF50A10AFF58A10AED1FBF1BED351FAF
S3150200D4501BED313F1BED2D5F1BED297F1BED259F3C
S3150200D46014EF52A10AFF50A18AED01BF16EF54A193
S3150200D4700AFF52A18AED05BF18EF56A10AFF54A171
S3150200D4808AED09BF10EF58A10AFF56A18AED0DBF1A
S3150200D49012EF50A10AFF58A18AED11BF1BED211F01
S3150200D4A01BED1D3F1BED195F1BED157F1BED119F3C
S3150200D4B014EF52A10AFF50A18AED15BF16EF54A12F
S3150200D4C00AFF52A18AED19BF18EF56A10AFF54A10D
S3150200D4D08AED1DBF10EF58A10AFF56A18AED21BFA2
S3150200D4E012EF50A10AFF58A18AED25BF1BED0D1FB1
S3150200D4F01BED093F1BED055F1BED017F9BED039FB6
S3150200D50014EF52A10AFF50A18AED29BF16EF54A1CA
S3150200D5100AFF52A18AED2DBF18EF56A10AFF54A1A8
S3150200D5208AED31BF10EF58A10AFF56A18AED35BF29
S3150200D53012EF50A10AFF58A18AED39BF9BED071FD2
S3150200D5409BED0B3F9BED0F5F9BED137F9BED179FB3
S3150200D55014EF52A10AFF50A18AED3DBF16EF54A166
S3150200D5600AFF52A18AED41BF18EF56A10AFF54A144
S3150200D5708AED45BF10EF58A10AFF56A18AED49BFB1
S3150200D58012EF50A10AFF58A18AED4DBF9BED1B1F5A
S3150200D5909BED1F3F9BED235F9BED277F9BED2B9F13
S3150200D5A014EF52A10AFF50A18AED51BF16EF54A102
S3150200D5B00AFF52A18AED55BF18EF56A10AFF54A1E0
S3150200D5C08AED59BF10EF58A10AFF56A18AED5DBF39
S3150200D5D012EF50A10AFF58A18AED61BF1AED1B1F77
S3150200D5E01AED7F3F02FF50210AED7F3F1AED171F0A
S3150200D5F09AED013F02FF50218AED013FBDEC108BEF
S3150200D600BDE8F08F2DE9F04F4FF02608D1E9084327
S3150200D610A1B00B9308FB03F304EBC40500934B691B
S3150200D62004EB450901938F694B464FF0000A3A46CF
S3150200D630D1F81CC00894CDF84890DC18D1F80490B3
S3150200D6404AEB0A0B07EBC7070D6802EB4707119077
S3150200D650059288680A690694CDF81CB0CC68CB4658
S3150200D66008FB0CF18E46049515466246019BCDF8E1
S3150200D6700CB008FB03F8A300A3FB0B3BECFB0E3B31
S3150200D680F9194AEB0A069218E0FB003B1792019A37
S3150200D690CDF830C04AEB0A0C92184AEB0A0ACDF8CA
S3150200D6A064A09A46CDF860C0F4460E9202956A00CE
S3150200D6B0049D1092E2FB05ABCDE91CAB019B059ADA
S3150200D6C09B000F9353000A930C9BA5FB05BA9B0084
S3150200D6D01393089BCDF824E05B000D930B9BDDF8BA
S3150200D6E008E05B001493019B4FEA4909E3FB08BA81
S3150200D6F0009BA3FB0038ECFB0E389C46DDF80CE0E1
S3150200D700E9FB05C8AEFB0939E7FB02391F46CDF82E
S3150200D71054C04FEA400CECFB0579029D1A97A5FB13
S3150200D7200173019A05FB06331BEB070BA2FB017182
S3150200D73043EB0A03DDF818A002FB0611A0FB0A6AF6
S3150200D7401BEB060B079E159A00FB06AA4AEB030A79
S3150200D750009BDDF814C0A3FB0E36DDF824E0EEFBD9
S3150200D7600436DB1876411BEB03034AEB0606D71990
S3150200D77041EB08014FEA936A23F07C48009BCDF8FF
S3150200D7805480A3FB0538EEFB0C38DDF80CB04FEAEB
S3150200D790400CEBFB0C389B46049D4FEA440CECFB19
S3150200D7A005B8069ACDF86CB0A4FB023BDDF81CE086
S3150200D7B04AEA861A04FB0EBBFB18DDF808C04BEBDF
S3150200D7C0010B13EB0A0323F07E411691ACFB021701
S3150200D7D00CFB0E771A9A4BEB966B5E0E009B51185A
S3150200D7E047EB0907A3FB0439DDF824C0019A46EA90
S3150200D7F0CB16ECFB0239DB1849EB0909CB184FEAC9
S3150200D800440C47EB09079B1923F07C4E4FEA936AB7
S3150200D810A4FB0C31DDF84890089E47EB5B67E9FBF9
S3150200D8200631DDF840B0DDF80C90EBFB0031CDF8A7
S3150200D83024E0DDF83CE00A9AEEFB0931E2FB053111
S3150200D8401093ACFB0036009DDDF814C01291E5FB87
S3150200D8500C361946EBFB09160591A4FB0E310F9601
S3150200D8600B9EDDF84CE0E6FB0531029D1646E5FB14
S3150200D8700531E2FB0031E9FB0E319946049A0D9B14
S3150200D880DDF800E0E3FB02911391A4FB0B318B461A
S3150200D8900899CDF82C90EEFB013B0E990293A1FB61
S3150200D8A0052ECDF820B0CDF878E0069B1A92019AA3
S3150200D8B0DDF81CE0A2FB0312A4FB0696019C4AEAD1
S3150200D8C0871A04FB0E251B9C1F966118119E45EBB9
S3150200D8D0080511EB0A014FEA516821F07E4145EB3A
S3150200D8E09765F160ACFB03170CFB0E77DDF830C0D1
S3150200D8F01C9CACFB03A26118009B1D9C0CFB0E2218
S3150200D900DDF838C047EB0407A3FB0CB411EB0B019F
S3150200D910B346DDF864E048EAC51803FB0E44049BEF
S3150200D92044EB070411EB080144EB55648D0E21F01C
S3150200D9307C413161ACFB0317059EDDF85CE0711892
S3150200D9400F9E45EA841546EB070611EB0A0142EBE8
S3150200D9500602ACFB00A8A0FB0E67491900984FEA25
S3150200D960516521F07E4142EB9462CBF81410A0FB84
S3150200D9700E14DDF860C045EAC21500FB0C4410988F
S3150200D980DDF820C04118129844EB0004491944EB13
S3150200D9905264029A0B9812EB0A054CEB080CDDF85E
S3150200D9A028A0DDF80C80EAFB085CF2469E46A3FB43
S3150200D9B00A23AA184FEA916545EA84154CEB030C33
S3150200D9C021F07C4152194CEB946CCBF81810510E95
S3150200D9D0139C41EACC11411844EB5C64DDF868C043
S3150200D9E0DDE91E051CEB090340EB05059B190D98A5
S3150200D9F045EB0705E8FB0035149822F07E42EEFB64
S3150200DA000035CBF81C208A0E42EA84129B1845EB9D
S3150200DA1094625C0E44EAC21421F07C41520E23F059
S3150200DA207E43CBF82010CBF82430D100E3001B193B
S3150200DA3041EA547142EB0101DB1849411B1942EBE1
S3150200DA4001021599DDF824E05B1842F10002990EF5
S3150200DA5041EA8211169A23F07C430A4422F07E415F
S3150200DA600EEB5262CBE90031CBF8082021B0BDE8BB
S3150200DA70F08F00BF2DE9F04F8046131E18BF012319
S3150200DA80D8E90176D8E90354D8F814908FB0D8F8BB
S3150200DA9018A00068CDF80090C446D8E907B9D8F8AE
S3150200DAA02480CDF80890D1F800905B42CDF804A00E
S3150200DAB0CDF80C80DA4309EA030A00EA020802EA10
S3150200DAC009094AEA080A1840D1F8048040EA09001E
S3150200DAD0086007EA020908EA03001F4002EA08088A
S3150200DAE047EA08074F60D1F808808F6840EA0900C4
S3150200DAF005901F4002EA080006EA020847EA0807FC
S3150200DB000697D1F80C80CF681E4006431F4002EAF2
S3150200DB10080005EA020847EA08070797D1F81080C5
S3150200DB200F691D4005431F4002EA080004EA020885
S3150200DB3047EA08071C4044EA0008CDF810A04C69E1
S3150200DB4008974F69DDF8009002EA07001C4009EACF
S3150200DB5002073C43DDF804A08F69099403EA09042D
S3150200DB60D1F8189004431F4002EA09000AEA0209A2
S3150200DB7047EA09070A9703EA0A07D1F81CA00743EE
S3150200DB8002EA0A090AEA03000BEA020A40EA0A0062
S3150200DB900B9003EA0B0040EA0900D1F820B0D1F855
S3150200DBA020A00090029802EA0B090AEA030A00EA98
S3150200DBB0020B4AEA0B0ACDF830A003EA000A4AEA47
S3150200DBC009090398D1F824A000EA020B0AEA030A1B
S3150200DBD00340486A4AEA0B0A02401343009ACDF808
S3150200DBE034A00DF1100EC1E90265C1E90484C1E950
S3150200DBF007298F614B62BEE80F00ACE80F00BEE852
S3150200DC000F00ACE80F009EE803008CE803000FB09B
S3150200DC10BDE8F08F2DE9F04F90F8F73291B0044647
S3150200DC200191032B00F2B782DFE813F0EE00E00069
S3150200DC3011000400019B00F5157200F50B714C30C2
S3150200DC409847042384F8F73211B0BDE8F08FD4F870
S3150200DC50B852D4F89462D0F87C22D0F8A412D0F844
S3150200DC6080320395D0F8A802D4F8C0520D96D4F8A3
S3150200DC70C86202900595D4F89C52CDE908610F92CC
S3150200DC805118029AD4F8ACC2D4F884B2D4F8BC7251
S3150200DC900695D4F8C452D4F8B0E2D4F888A2C4F8EF
S3150200DCA0B4119918D4F8B402D4F88C92D4F89082AC
S3150200DCB004970795D4F89872D4F8A0520E93C4F834
S3150200DCC0B8110BEB0C01039BC4F8BC110AEB0E0155
S3150200DCD0C4F8C01109EB0001C4F8C41108EB030132
S3150200DCE00D9EC4F8C81104990C9005987118C4F8D1
S3150200DCF0CC113918DDE90623C4F8D011D118089AD7
S3150200DD00C4F8D411A918C4F8D81104F19C0004F57A
S3150200DD10DA71CDF828C0CDF82CE0FFF773FC06982F
S3150200DD200F9A06F1006102F1006200F1006609989D
S3150200DD300E9B263A121AC4F8DC2103F18063029A7A
S3150200DD40DDF828C00BF1006B023BDDF82CE09B1AD4
S3150200DD50ABF1020B0AF1806AC4F8E031AAF1020AB9
S3150200DD60ABEB0C0309F10069DDF830C0C4F8E4310D
S3150200DD70A9F10209AAEB0E03C4F8E83108F180689A
S3150200DD80A9EB0C03DDF80CC0A8F10208C4F8EC31CB
S3150200DD90A8EB0C03C4F8F031049B059807F18067E1
S3150200DDA00239089AC91A05F18065079B023F3F1A94
S3150200DDB0023E023DF61AAD1AC4F8F87104F533773D
S3150200DDC03846C4F8F411C4E97F6504F5EE71FFF72D
S3150200DDD019FC019B3A4604F1240104F1C400984758
S3150200DDE0032384F8F73211B0BDE8F08F019B00F5EA
S3150200DDF08A7200F59E7100F529709847022384F80D
S3150200DE00F73211B0BDE8F08FB0F9F43290F8F6624D
S3150200DE10C3F3CC020244157903F007031D4105F052
S3150200DE2001056E40324600F19C014C30FFF722FE9E
S3150200DE30324604F1C40104F17400FFF71BFEA06F21
S3150200DE4084F8F652D4F88450E26C616FD4F8886094
S3150200DE5002900395D4F88C50236D09910E925118B5
S3150200DE60029AD4F87CE0D4F854B0676E049606950C
S3150200DE70D4F89060D4F89450D4F88000D4F858A01E
S3150200DE80C4F8EC109918D4F898C0D4F85C90D4F879
S3150200DE90608005970796A76EE66E0895256F0D9327
S3150200DEA0039AC4F8F0100BEB0E01C4F8F4100AEB57
S3150200DEB00001C4F8F81009EB0201C4F8FC10049939
S3150200DEC0DDE905324144C4F800119918C4F8041179
S3150200DED00799089A7918C4F80811B118C4F80C11F0
S3150200DEE0614669180B90C4F8101104F50B7004F121
S3150200DEF0EC01CDF828E0CDF830C0FFF783FB0E9A8F
S3150200DF0009980D9B02F10062263A121A03F1806308
S3150200DF100298DDF828E00BF1006B023B1B1AABF10D
S3150200DF20020B0B980AF1806AC4F81831AAF1020AA8
S3150200DF30ABEB0E03C4F81C3109F10069AAEB00032E
S3150200DF400398A9F10209C4F8203108F18068A9EB07
S3150200DF5000030498DDF814C0A8F10208C4F82431BD
S3150200DF60A8EB00030CF10061C4F82831069B0239C4
S3150200DF70C91A07F18067079B023FFF1A06F100667E
S3150200DF80089B023EF61A05F180650C9B023DED1ACE
S3150200DF90C4F81421C4F82C11C4F83071C4F83461E1
S3150200DFA0C4F8385104F58A7104F51570FFF72AFB97
S3150200DFB0D4F83032D4F8582203F18063023B9B1A1C
S3150200DFC0C4F89031D4F83432D4F85C2203F10063F9
S3150200DFD0023B9B1AC4F89431D4F83832D4F8602242
S3150200DFE003F18063023B9B1AC4F89831D4F83C32A1
S3150200DFF0D4F8642203F10063023B9B1AC4F89C31F5
S3150200E000D4F84032D4F8682203F18063023B9B1AAB
S3150200E010C4F8A031D4F84432D4F86C2203F1006378
S3150200E020023B9B1AC4F8A431D4F84832D4F87022C1
S3150200E03003F18063023B9B1AC4F8A831D4F84C3230
S3150200E040D4F8742203F10063023B9B1AC4F8AC3184
S3150200E050D4F85032D4F8782203F18063023B9B1A3B
S3150200E060C4F8B031D4F82C32D4F8542203F1006348
S3150200E070D4F89C60263B9B1AD4F8C4A0C4F88C3111
S3150200E08006F10063263BA3EB0A03D4E92850C4F841
S3150200E090643105F18063023BD4E93298A3EB0903AC
S3150200E0A0C4F8683100F10063D4F8A810023B40447A
S3150200E0B0A3EB0803C4F84401C4F86C31D4F8D000C9
S3150200E0C001F18063023B1B1AC4F87031D4F8AC30FC
S3150200E0D00144D4F8D4C0C4F8481103F10063D4F85B
S3150200E0E0AC10023B6144A3EB0C0CD4F8B0304D44A7
S3150200E0F01846D4E939B7C4F84051C4F84C11D4F8DB
S3150200E100D85003F18061D4F8B43002392844491B4F
S3150200E1101D465644C4F83C61C4F85001D4F8DC608C
S3150200E12003F10060D4F8B83002383544861B18462D
S3150200E130C4F8545103F18065D4F8E030D4F8BCE059
S3150200E1401844023DED1AC4F85801D4F8C0300EF155
S3150200E15000600238DE44A0EB0B0B03F1806002384C
S3150200E160C4F85CE1C01B03EB070EC4F860E104F1DE
S3150200E170EC02C4E95DC1C4E961B0019BC4E95F6513
S3150200E18004F5B27104F51F709847012384F8F7323B
S3150200E19011B0BDE8F08FD0F88C316A4AD0E9640636
S3150200E1A0A3FB02834FEA986141EA83119B0EE0FBCF
S3150200E1B002131F46D4E967034FEA516C4CEAC71CA7
S3150200E1C07F0EE6FB02C7BE46D4F898514FEA9C671B
S3150200E1D047EA8E174FEA9E6EE5FB027E7D0E45EA02
S3150200E1E0CE154FEA5E6EE0FB025E4FEA956949EA9A
S3150200E1F08E194FEA9E6EE3FB029ED4F8A4614FEAA3
S3150200E200596040EACE104FEA5E6EE6FB020EF24617
S3150200E210D4F8603227F07E47C4F8D8724FEA906E7F
S3150200E2201F44D4F8A8314EEA8A1E4FEA9A66E3FBE7
S3150200E23002E6D4F8643225F07C454FEA5E6AC4F8F9
S3150200E240DC524AEAC61A1D44730ED4F8AC6129F0B0
S3150200E2507E49E6FB02A3D4F86862C4F8E09209EBB1
S3150200E260060BD4F8B0614FEA9A6949EA83199B0E04
S3150200E270E6FB02931E46D4F86C3220F07C40C4F8CA
S3150200E280E40218444FEA596343EAC61329F07E466C
S3150200E29003EBC30903EB490328F07C48984421F0B9
S3150200E2A07E4101EB98612CF07C4C0CEB5163D4F867
S3150200E2B058C221F07E418C44C4F8D012D4F85C12C4
S3150200E2C02AF07C4203EB010AD4F87412C4F8EC2259
S3150200E2D01144D4F87822C4F8F062C4F8D432164451
S3150200E2E0D4F87032D4F854222EF07E4E28F07C48B0
S3150200E2F073444244C4F8E8E2C4F808C2C4F80422EB
S3150200E300C4F8CC8204F50172C4E983A7C4E9870381
S3150200E310C4E98916019BC4E9855B04F5C67104F15B
S3150200E320740098470022B4F8F43284F8F722013BCD
S3150200E3301BB29342A4F8F432BCBF012384F8F8322C
S3150200E34082E400BF42DB010070B51B4B86461B68A8
S3150200E350012B26D0022B06D0184A7346BDE8704020
S3150200E3601146174818474FF43F73164C1648226851
S3150200E37003FB020191F8F81282F0010541B103FB99
S3150200E380050393F8F832002BE6D12A4685F00105FB
S3150200E3904FF43F73714603FB0200FFF73BFC256017
S3150200E3A070BD094890F8F832002BD5D17146BDE808
S3150200E3B07040FFF72FBC00BF440D002278FB00021D
S3150200E3C000000020400D002228000020094B18689A
S3150200E3D078B1094A012892F8F932B3FA83F34FEA7F
S3150200E3E0531305D092F8F525002A53EA1390704785
S3150200E3F018467047440D0022280000202DE9F047F8
S3150200E40000F0FAF92A4A1388002B4FD000254FF064
S3150200E410010A5768274EDFF8A890274C07EB4308F6
S3150200E420EFF310828AF31088336823B9402189F802
S3150200E430143089F8141033680133336082F310887C
S3150200E440A8EB070EAEF1020E4FEA5E0E0EF1010EBA
S3150200E45039464EF001E0194831F8022B130A1B0126
S3150200E46053FA82F254F8223003402B4343F004035A
S3150200E47044F822300FF011C0EFF310828AF31088AD
S3150200E480336813B13368013B3360336823B98021A3
S3150200E49089F8143089F8141082F310884FF47A71CF
S3150200E4A0642085F0010500F0F9FFB9E7FEE700BF39
S3150200E4B064810102C00D002200084040FE3FFEFFBB
S3150200E4C0000D4040022800D070470249024800F081
S3150200E4D08DBE00BFC07D0102740D0022202310B53F
S3150200E4E00446A0B00DEB03000A466021F8F7A2FE2F
S3150200E4F0214608AA04F51A60F7F760FD0DF1600CD3
S3150200E500BCE80F00C4F86009C4F86419C4F86829A5
S3150200E510C4F86C39BCE80F00EC46C4F87009C4F8BC
S3150200E5207419D4F86009D4F86419C4F87829C4F8BF
S3150200E5307C39D4F86829D4F86C39ACE80F00D4F8E1
S3150200E5407009D4F87419D4F87C39D4F87829ACE86F
S3150200E5500F009DF800209DF81F3022F0070203F0FD
S3150200E5607F0343F04003694604F518608DF80020E6
S3150200E5708DF81F3000F000FB20B010BD30B50D46FF
S3150200E5800446ADF6446D20212846F8F7BBFB294622
S3150200E5906846FFF7A3FF0DF51A614FF49462204611
S3150200E5A001F07AF90DF5186CBCE80F00C4F8A00466
S3150200E5B0C4F8A414C4F8A824C4F8AC34BCE80F0008
S3150200E5C0C4F8B004C4F8B414C4F8B824C4F8BC340B
S3150200E5D00DF6446D30BD00BF10B50446ADF5286D8D
S3150200E5E021460DF59060F8F76BFB68460DF59061D4
S3150200E5F0F8F752FB4FF490622146684601F034F96F
S3150200E600003818BF012040420DF5286D10BD00BF2D
S3150200E6102DE9F04F8846A3B06D4617461E4683463F
S3150200E620D8F808200868D8F80C30496808AC0FC535
S3150200E630D8F81000D8F81410D8F81820D8F81C30DA
S3150200E640DDF8B0900FC538687968BA68FB680DF1D5
S3150200E650400E0FC438697969BA69FB690DF1600C1D
S3150200E6600FC430687168B268F368DFF854A0AEE888
S3150200E6700F0030697169B269F369AEE80F00D9F823
S3150200E6800000D9F80410D9F80820D9F80C30ACE803
S3150200E6900F00D9F81000D9F81820D9F81410D9F8B3
S3150200E6A01C30ACE80F009AE8030086222090ADF8F1
S3150200E6B0841058466946F8F7DFFD23B0BDE8F08FAF
S3150200E6C0A0FB0002F0B50546ABB0104614460F4655
S3150200E6D0FFF782FF00283BD1402106461AA8F8F729
S3150200E6E011FB224628461AAB02A9F7F795FC0DF153
S3150200E6F0480C0DF1880EBEE80F00ACE80F009DF83D
S3150200E700483005F5886523F007038DF848309EE802
S3150200E7100F008CE80F009DF86730284603F07F0350
S3150200E72043F0400312A904F594648DF8673000F0B3
S3150200E73023FA224612A90AA801F0F2F82B46384615
S3150200E7400AAA02A90094FFF763FF30462BB0F0BD78
S3150200E7504FF0FF36F9E700BF70B514460D46064680
S3150200E7609AB002A8F7F792FCD4F86009D4F86419B3
S3150200E770D4F86829D4F86C390DF1480CACE80F00CE
S3150200E780D4F87009D4F87419D4F87829D4F87C39F5
S3150200E79005F58865ACE80F009DF848302A4623F057
S3150200E7A007038DF848309DF867300AA803F07F0307
S3150200E7B043F0400312A904F518648DF8673001F09E
S3150200E7C0AFF82B4630460AAA02A90094FFF720FFAB
S3150200E7D01AB070BD30B504460D46ADF6446D6846B6
S3150200E7E01146FFF77BFE6A4629462046FFF7B4FF2D
S3150200E7F00DF6446D30BD00BF0E480F4A38B5904243
S3150200E80007D2013A121A22F007020C49083201F025
S3150200E81043F8BFF34F8FBFF36F8F00200122084BDF
S3150200E820084D094C2D7809491C60094B08601A608D
S3150200E83038BD00BF00000000285200004000000260
S3150200E840480D002200000000A8FB0002500D002225
S3150200E850540D002230B500250F4A011D02F5007441
S3150200E8604FF0190E00234EF001E0081F50F823C0A6
S3150200E87042F833C051F823C044F833C002330FF0D4
S3150200E8800BC80135042D02F1040201F1C80104F19D
S3150200E8900404E5D130BD00BF6006002030B5002576
S3150200E8A00F4A011D02F500744FF0190E00234EF0B7
S3150200E8B001E0081F52F823C040F813C054F823C0E1
S3150200E8C041F813C004330FF00BC80135042D02F1D1
S3150200E8D0040204F1040401F1C801E5D130BD00BF10
S3150200E8E06006002008B50D48FFF72EFD0C48FFF71D
S3150200E8F02BFD0C48FFF728FD0B48FFF725FD0B48BB
S3150200E900FFF722FD0A48FFF71FFD0A48FFF71CFD25
S3150200E910BDE808400848FFF717BD00BF219700026F
S3150200E920A19D000231A40002C1AA000251B1000257
S3150200E930E1B7000271BE000201C500022DE9F04FE7
S3150200E94083B00190FFF786FF2F4A136804331360E2
S3150200E950FFF73CFDE0B92D4C2D4DA0462D4E05F19D
S3150200E960600955F8042F56F8043F4046C4E964226C
S3150200E970C4E96622C4E96833C4E96A33FEF768F972
S3150200E980A945EED1019803B0BDE8F04FFFF786BF67
S3150200E990214B1E4CDFF878B0054620481C601D4FFF
S3150200E9A0FEF7F0F8DFF878A0DFF87890DFF87880E5
S3150200E9B00BF1600603E0FFF795FFB3451BD05BF84A
S3150200E9C0042F57F8043F012DC4E96422C4E96622E4
S3150200E9D0C4E96833C4E96A33EDD15046FFF7B4FCA3
S3150200E9E04846FFF7B1FC4046FFF7AEFC0F48FFF77B
S3150200E9F0ABFCB345E3D10948FEF7CDF8019803B065
S3150200EA00BDE8F04FFFF74ABF3C0D0022600600202A
S3150200EA1018FC0002B8FB0002580D00222006002056
S3150200EA2021780002E17F0002A1870002618F0002C5
S3150200EA302DE9F04F14468A461F460646636887B09C
S3150200EA400393A3684FF448720493E3680021059385
S3150200EA50236802AD029300F017FF574528BF06F55B
S3150200EA60487825D3A9463446AB462046534600226B
S3150200EA705BF8041BC83400F06BFF4445F5D1304601
S3150200EA80FFF75CFF06ABA3EB050EAEF1040E4FEAF1
S3150200EA909E0E0EF1010E4EF001E0D9F800305344FD
S3150200EAA049F8043B0FF007C8A7EB0A07BA45D9D9BC
S3150200EAB04FF01F0880240DF118090AF1FF3A8DF86C
S3150200EAC006808DF80740AFB9304601233A460DF16C
S3150200EAD0060100F03DFF04353046012352460DF192
S3150200EAE0070100F035FF4D4506F1C806E7D107B02C
S3150200EAF0BDE8F08F3B4600223046296800F028FF29
S3150200EB00E2E700BF70B50E4615461C4684B0089B68
S3150200EB10A82103936A46099BCDE900650294FFF793
S3150200EB2087FF04B070BD00BF2DE9F04385B00C9C91
S3150200EB30CDE90001CDE90223DDF83490C4B104F138
S3150200EB40FF3809F548774846FFF7F8FE6E464D4608
S3150200EB50346828462146A8230022C83500F0CCFE98
S3150200EB60A834BD4246F8044BF2D1B8F10108EAD204
S3150200EB7005B0BDE8F08300BF2DE9F04F8C46ADF538
S3150200EB801D7D22AC2646984BDCF8082007461D68F8
S3150200EB900868DCF80C3049680FC6DCF81820DCF887
S3150200EBA01C30DCF81000DCF814100FC6E27F237864
S3150200EBB002F07F0203F0F80342F040022370E2778C
S3150200EBC00DB18A4A556800220DF22716B446562020
S3150200EBD09646114600E0635C1F2901F1010918BF40
S3150200EBE014F8099002F0070818BF43EA092323FA2A
S3150200EBF008F303F00703734403F1030E2EF007082C
S3150200EC000332A3EB080301384FEAD2010CF8013FA5
S3150200EC104FEADE0EDFD1744B1B6833B1744A734B75
S3150200EC205B6811680B445B1B136072480021044643
S3150200EC30082377AA01E054F8041F013B42F8041F97
S3150200EC40F9D16D4C0121254608237FAA01E055F82A
S3150200EC50041F013B42F8041FF9D10121082387AAA8
S3150200EC6001E054F8041F013B42F8041FF9D10021C8
S3150200EC7008238FAA01E050F8041F013B42F8041F43
S3150200EC80F9D15E4DDFF88491DFF884B1DFF884E1D3
S3150200EC9068AB60AA83EA02084C465B46B1462E463A
S3150200ECA075465748CDF8208009974F4919F9012F23
S3150200ECB0D1F80080D117B8F1000F02D04B4FD7F828
S3150200ECC00480B3464FF0000E4A40CDE90481CDE9F7
S3150200ECD00669521A039260AA00264FF0040CB24645
S3150200ECE0B146B0463746CDE900E25946CDF808B0FE
S3150200ECF0DDF80CB001378BEA070ECEF1000242EACC
S3150200ED000E02D20F013A104014401540BCF1010C1C
S3150200ED1002EA030248EA000849EA04094AEA050A3D
S3150200ED2046EA020605D0D1E91804D1E91A53603140
S3150200ED30E0E7DDE900E20EF1040EBEF1180FC2E9CA
S3150200ED400089C2E902A6DDF808B002F1100206D077
S3150200ED50DBE90404DBE906530BF1100BBCE7089B65
S3150200ED60DDE904819B91194070AB9A93039B1E4C7B
S3150200ED7058421843C043DDE9066968AD4D40609AC2
S3150200ED80689BC00F9895246860AD694002430343AF
S3150200ED909991609268933CB11A49144B5B680A6870
S3150200EDA01344A3EB08030B600F4B1B6813B10F4B05
S3150200EDB0D3F8048078A800F0CFFD0B4B1B683BB15B
S3150200EDC011490A4B5B680A681344A3EB08030B60FC
S3150200EDD00DF27D134B451FD0D6E96004D6E9625386
S3150200EDE006F5C07661E700BF700D0022001000E054
S3150200EDF0640D0022A0FC000280FC0002C0FC00029E
S3150200EE003E9140D76C0D0022680D00220539109DF7
S3150200EE10059F39FDB3BE40D1884B099F1C680CB1D2
S3150200EE20874B5C6880AA88A90AA800F045FD80AADB
S3150200EE3088A912A800F080FD12A92AA800F048FDB0
S3150200EE402AA932A800F044FD32A9084600F040FD86
S3150200EE5032AA104612A900F083FD2AA9084632AA50
S3150200EE6000F07EFD2AA93AA800F032FD32A9084632
S3150200EE703AAA00F075FD052232A93AA800F04CFD27
S3150200EE8032AA10463AA900F06BFD0A2232A93AA824
S3150200EE9000F042FD3AA9084632AA00F061FD1422AA
S3150200EEA03AA942A800F038FD3AAA104642A900F053
S3150200EEB057FD3AA908460A2200F02EFD32AA10464C
S3150200EEC03AA900F04DFD322232A93AA800F024FDFB
S3150200EED03AA9084632AA00F043FD64223AA942A89A
S3150200EEE000F01AFD3AAA104642A900F039FD3AA9E5
S3150200EEF00846322200F010FD32AA10463AA900F066
S3150200EF002FFD32A90846052200F006FD2AAA32A9DB
S3150200EF101AA800F025FD0AA908461AAA00F020FD43
S3150200EF2000264FF0020C0DF1280E0DF1E808BEE89E
S3150200EF300F00A8E80F009EE80F0088E80F0041AD19
S3150200EF404FF0070E4EF001E0419B3AA923F0004232
S3150200EF504192DB173A9A03F01303D31846EB0602E3
S3150200EF603A9351F8043F9B1846F100020B600FF0EA
S3150200EF7009C0BCF1010F02D04FF0010CE0E74FF0DF
S3150200EF8002080DF1E40C4FF0080E66462A46A94621
S3150200EF90604613234FF0000A4EF001E050F8041FBA
S3150200EFA0C9184AF1000349F8041F4FEAE37A0FF041
S3150200EFB00BC84FF0080E61464EF001E0499820F06A
S3150200EFC000434993C01751F8049F52F8043F89EA57
S3150200EFD00303034083EA09030B600FF00DC0B8F187
S3150200EFE0010F02D04FF00108CDE7A5EB0C0EAEF1F2
S3150200EFF0040E4FEA9E0E0EF1010E4EF001E056F897
S3150200F000043F0437180A190C1A0E07F8030C07F8FE
S3150200F010021C07F8012C07F8043C0FF011C0074B3D
S3150200F0201B6833B1074A064B5B6811680B441B1B0E
S3150200F03013600DF51D7DBDE8F08F00BF700D002237
S3150200F040001000E0600D002208B5FFF7D7F9002096
S3150200F05008BD00BF2DE9F84F0388DBB14FF0000A67
S3150200F06080464FF00109DFF8D4B00024314D4FEA53
S3150200F070CA07D8F8043035F8022BD9198988914283
S3150200F0800AD00134032CF4D1B8F800300AF1010A8F
S3150200F0905345EAD8BDE8F88FDB5909FA04F603F0BE
S3150200F0A0B853B3F1807F244BF6B293F84C2C12D0AE
S3150200F0B0324230D104F120021BF81230DB09E0D0D3
S3150200F0C01BF81230012123F08003C8200BF81230FE
S3150200F0D000F0E4F9D5E7324210D004F120021BF821
S3150200F0E01230DB09CDD11BF81230012143F0800327
S3150200F0F0C8200BF8123000F0D1F9C2E7012000F067
S3150200F1006FFA0D4B012093F84C2C324383F84C2CAA
S3150200F11000F036FAE1E7012000F062FA064B012020
S3150200F12093F84C2C22EA060283F84C2C00F028FABB
S3150200F130C0E700BFCC7F010200E001400020204072
S3150200F140F8B50646FFF786FFEFF31082012383F335
S3150200F1501088234F3B681BB9402022490B7508755E
S3150200F1603B6801333B6082F31088338800211BB36E
S3150200F1701D4D08E01B01134445F823403288013136
S3150200F1808BB29A4218D9736853F8314003EBC10225
S3150200F1909288E0034FEA1223D2B2EBD502EB0310B8
S3150200F1A055F820E024F4803C2EF4803E45F820E019
S3150200F1B01B0145F820C0DEE7EFF31082012383F33B
S3150200F1C010883B6813B13B68013B3B603B681BB947
S3150200F1D0802004490B75087582F31088F8BD00BFBC
S3150200F1E0C00D0022000D40400008404008B5034B08
S3150200F1F003600846FFF7A4FF002008BD54524F5093
S3150200F2001E4A92F8263092F82420DBB202F00F0250
S3150200F210A2F1080103292BD8DFE801F020160C021F
S3150200F2201749184A51F82330A2FB03231B09164A31
S3150200F230136070471249134A51F82330A2FB032385
S3150200F240114ADB08136070470D490E4A51F8233004
S3150200F250A2FB03230C4A9B08136070470849094A1C
S3150200F26051F82330A2FB0323074A5B081360704759
S3150200F270034951F82330D340D9E700BF00E00140EB
S3150200F280000C0022ABAAAAAAD00D0022704700BF2A
S3150200F290F8B54AF2035001234B494C4AA1F8FA0346
S3150200F2A0938093889BB2002BFBD101244FF400403C
S3150200F2B09FED416B9FED427B454B4649C3E90711E2
S3150200F2C05961148083ED007F1861FFF799FF0922C7
S3150200F2D006213D4B83F8501A83F8A22093F8002C9E
S3150200F2E01AB993F8013C980760D0374C94F8003C61
S3150200F2F0002B50D00022344B83F8012C83F8002CCB
S3150200F3000023314A82F8323092F83C301907FBD595
S3150200F31045F6017040F2111100232B4C1085A2F81C
S3150200F3204C1082F82A3094F83C309B06FBD5042216
S3150200F33001250526254B284F1A77276284F8245083
S3150200F34084F82660FFF75CFF2946962000F0A6F8AF
S3150200F350002384F824302762FFF752FF29469620BD
S3150200F36000F09CF884F82660FFF74AFF4AF2015241
S3150200F3701A4B1A80BFF35F8F1D72BFF35F8F4FF474
S3150200F38025421A8084F8305084F8525084F853503B
S3150200F390A4F8FA23F8BD0121C82084F8001C00F065
S3150200F3A07DF894F8003C012BFBD1A3E74FF47A7069
S3150200F3B0FFF76CFFA4E700BF006CDC0200127A00C4
S3150200F3C000800000002D310100E0014000C1014033
S3150200F3D0000C002200389C1C32231231002000400F
S3150200F3E038B50025284C0121C82084F8285000F0A1
S3150200F3F055F884F8245094F82430002BFBD194F865
S3150200F4002430214943F0020384F8243091F8243051
S3150200F410C3F340009B07F9D41B4A81F8220092F8F5
S3150200F420223003F0FF00002BF9D192F84030164942
S3150200F43060F3C71382F8403091F84030DB09FBD104
S3150200F44091F84200104A63F3C71081F8420092F81D
S3150200F4504230DB09FBD192F844000B4963F3C71033
S3150200F46082F8440091F84430C3F3C014DB09F9D1A1
S3150200F470012000F0B5F8054B012083F84C4CBDE89D
S3150200F480384000F07DB800BF0020204000E0014077
S3150200F490A0F101000028FBD1704700BF1E4B1F4A96
S3150200F4A01B6800FB01F1934213D302F1854202F578
S3150200F4B0071203F5742302F6834203F23F23A2FBEB
S3150200F4C003239B0CA3FB01314FF0FF30E1B1FFF7A1
S3150200F4D0DFBF4FF47A7210B4114C4FF0FF30B4FB19
S3150200F4E0F3F3A1FB02C434B9BCFBF3F080B15DF8BF
S3150200F4F0044BFFF7CDBFB1FBF3F1A1FB0212002AC9
S3150200F500F5D1084620B1F2E71846002BDFD1704745
S3150200F5105DF8044B704700BFD00D002200127A003E
S3150200F52000CA9A3B70B500240D4B0E4EB3F800216B
S3150200F530B3F82051ADB2154025FA04F3DB0704D522
S3150200F54056F82430E0B203B198470134102CF3D1B7
S3150200F550034AA2F81051B2F820311D42FBD170BD08
S3150200F56000C00040800D0022034B1A8812B1034BE3
S3150200F570C3F80023704700BF5481010200C0004057
S3150200F580EFF31081012383F31088124B33F8102016
S3150200F59092B22AB133F81020013A92B223F810201F
S3150200F5A033F810309BB293B910B40B4A0B4CB2F835
S3150200F5B0FA3334F810009BB243F4254323EA0003DE
S3150200F5C0A2F8FA3381F310885DF8044B704781F391
S3150200F5D010887047C40D002200E0014058810102E4
S3150200F5E030B4EFF31081012383F310880E4A32F808
S3150200F5F010309BB26BB90D4C0D4DB4F8FA3335F899
S3150200F60010C09BB243EA0C0343F425439BB2A4F811
S3150200F610FA3332F8103001339BB222F8103081F3FC
S3150200F620108830BC704700BFC40D002200E00140C4
S3150200F6305881010200BE704708B500F035F8FFF7A1
S3150200F64003FDFEE7F8B5174F05463E68A6B17C688E
S3150200F65006EB460604EB860602E00C34B4420BD0F7
S3150200F660637AAB42F9D1D4E900020021121A0C34B2
S3150200F67000F00AF9B442F3D1BE6896B1FC6804EB15
S3150200F680061602E01034A6420BD0637BAB42F9D1D8
S3150200F690D4E90002A168121A103400F0FDF8A6425D
S3150200F6A0F3D1F8BDD47F0102F8B5644A644B5A61BE
S3150200F6B0BFF34F8FBFF36F8F1B6803F47002B2F56F
S3150200F6C0801F00F0928013F4600F7AD05D4A1368AF
S3150200F6D043F004031360BFF34F8FBFF36F8F4FF4F2
S3150200F6E07002594B564C0020C4F88820A360FEF7DE
S3150200F6F0E9FE0025FFF7CCFD4AF202514FF42542FE
S3150200F700524B0120A3F8FA1383F8B05AA3F8FA234E
S3150200F710FEF7D8FE4E4B83F30A884A4B1A689207C5
S3150200F72003D5A268B2F1007F63D00020FFF78AFFFB
S3150200F730FFF766FDFFF754FE0320FFF751FF002394
S3150200F7404FF00C0E1C464EF001E0424903F10C024A
S3150200F75021F8224001330FF007C80320FFF710FFFC
S3150200F7600320FFF73DFF3C4B03205C609C60DC609E
S3150200F7701C61FFF705FF0120FFF764FFBFF34F8F00
S3150200F780BFF36F8F2E4BC3F85042BFF34F8FBFF3B9
S3150200F7906F8F324B324D5B1B002B4FEAA30606DD01
S3150200F7A0002455F8043B01349847A642F9DC0220AE
S3150200F7B0FEF788FEFFF7D8FEBDE8F840002000F00D
S3150200F7C051B8204A136843F004031360BFF34F8F06
S3150200F7D0BFF36F8F4FF0E022936843F48033936058
S3150200F7E0BFF34F8FBFF36F8F79E719077FF46EAFC1
S3150200F7F069E701211A695869C2F3C302093201FA9B
S3150200F80002F300260027DB0843F007C0AFF30080AF
S3150200F810E5E802670FF005C0C0F3C303093301FA36
S3150200F82003F34FF00052DB0843F007C0AFF300804A
S3150200F830E2E802670FF005C077E700BF01020E009B
S3150200F84000ED00E000E001E00000000200E00140FF
S3150200F85000080022000D404000402040D0810102F5
S3150200F860CC810102704700BF0139024410B59042B3
S3150200F87001D1002005E0037811F8014FA34201D01F
S3150200F880181B10BD0130F2E702440346934200D131
S3150200F890704703F8011BF9E70A44431E914200D15F
S3150200F8A0704710B511F8014B914203F8014FF9D197
S3150200F8B010BD0000000000005FF800F05950000083
S3150200F8C05FF800F0511700005FF800F0D918000049
S3150200F8D05FF800F03F4100005FF800F039090000D0
S3150200F8E05FF800F0154500005FF800F045160000CD
S3150200F8F05FF800F0950900005FF800F0011F0000B4
S3150200F9005FF800F0A90800005FF800F01D1400007F
S3150200F9105FF800F0650800005FF800F0EF510000A4
S3150200F9205FF800F0070500005FF800F0210C000008
S3150200F9305FF800F0012300005FF800F07750000046
S3150200F9405FF800F0350E00005FF800F0D1480000C5
S3150200F9505FF800F0011C00005FF800F0955000000F
S3150200F9605FF800F0A13A00005FF800F0B110000065
S3150200F9705FF800F0ED0800005FF800F0250A0000CD
S3150200F9805FF800F0B51600005FF800F0F51700000A
S3150200F9905FF800F0591200002EAB4E01122152D42C
S3150200F9A0AE2AD52CD440B5CBCD9FE27DFB4299370A
S3150200F9B03277F2AF1408975474205A6C242DB5CCC2
S3150200F9C09D0D4FFCEEEDEA11A0E9223AA1DCCBA592
S3150200F9D00B79DAE71E7F8BEA16EDF582D53BF67ECA
S3150200F9E0215979D6B3F4928940C4088E0B723549EF
S3150200F9F0B5D159700E56A1CEBB85354887317CB13B
S3150200FA00F2BC67BBD71AA3B725205E384D19B7B328
S3150200FA1001F49B143CFA4A31D43ECF795C54B7B018
S3150200FA205F2EA59CE92E9EF7AA65D61C2F9D04C4BF
S3150200FA30588FB8A0881D807E92A2BE518BF587187A
S3150200FA40AB5D3ED55799363ACBBC69A1EC10242B57
S3150200FA50B9A4A2BD6D807AC7E0A4A0D7588AF9538B
S3150200FA60B99DFD1E0F3DE64EE28BE55754BE55A5E8
S3150200FA7019BD65D5C3242244B2F76B8451E8335DC0
S3150200FA80984C1C90364C214FAC4942A2BA8FB3E136
S3150200FA900B750E44327DA4A5100000002000000064
S3150200FAA0400000008000000001000000020000008B
S3150200FAB00400000008000000000000000100000031
S3150200FAC00200000003000000000000000800000021
S3150200FAD010000000180000000200000006000000EE
S3150200FAE00A0000000E0000000000000004000000F2
S3150200FAF0080000000C0000000400000009000000DD
S3150200FB000E000000130000000300000008000000C1
S3150200FB100D000000120000000200000007000000B5
S3150200FB200C000000110000000100000006000000A9
S3150200FB300B0000001000000000000000050000009D
S3150200FB400A0000000F00000002000000050000008D
S3150200FB50080000000B000000010000000400000085
S3150200FB60070000000A000000000000000300000079
S3150200FB70060000000900000001000000000000006D
S3150200FB80000000000000000000000000000000006D
S3150200FB90000000000000000000000000000000005D
S3150200FBA05C2E2F2F5E5C0000DDE400027DE5000284
S3150200FBB0C5E6000259E70002D5E700020000000090
S3150200FBC0890000008B000080808000808B0000008E
S3150200FBD00080000088800080820000800B00000008
S3150200FBE00A00000082800000038000008B80000073
S3150200FBF00B0000808A000080810000808100008066
S3150200FC000800008083000000038000808880008056
S3150200FC1088000080008000008280008001000000D1
S3150200FC2000000000000000000000000001000000CB
S3150200FC3001000000010000000100000000000000B9
S3150200FC4000000000010000000000000001000000AA
S3150200FC500100000001000000010000000000000099
S3150200FC60000000000000000000000000010000008B
S3150200FC70000000000100000000000000000000007B
S3150200FC80010000000000000000000000000000006B
S3150200FC90000000000000000000000000000000005C
S3150200FCA0000000000000000000000000000000004C
S3150200FCB0000000000000000000000000000000003C
S3150200FCC03E9140D70539109DB3BE40D1059F39FDFF
S3150200FCD0098A8F683484C1A56712F898922FFD4469
S3150200FCE0853B8CF5C693BC2F190E8CFBC62D93CF84
S3150200FCF0C2423D6498480B2765BAD4333A9DCF0772
S3150200FD0068AA7A870512C9AB9EC4AACC23E8D9266B
S3150200FD108C5943DDCB7D1B5AA8650C9F687B116FFE
S3150200FD20A8D5B44260A5998AF6AC604E0C812B8F99
S3150200FD30AA376EB16B239EE05525C969A695B56BA8
S3150200FD40D7713C93FCE72492B5F50F7A969D469FB0
S3150200FD500207D6E1659AA65A2E2E7DA83F060C59B1
S3150200FD605F7A9BA5B3A8FA4378CF9A5DDD6BC1365D
S3150200FD70316A3D0B84A00F50730BA53EB1F51A7084
S3150200FD8065D2FCA4E81F61567DBAC1E5FD53D33B9B
S3150200FD90BDD64B211AF3318162DA5B558715B92A32
S3150200FDA03097EE4CA8B025AF8A4B86E830845A02CB
S3150200FDB03267019F02501BC1F4F8809A1B4E167AD5
S3150200FDC089D8D00D3F93AE1462DA351C222394589B
S3150200FDD04CDBF28C45E570D1C6B4B912AF26285A6F
S3150200FDE0BF1868050A05FE95A9FA605671897E3222
S3150200FDF07350A006CDE3E8C39AA445744C3F9327FB
S3150200FE009F09FC8EB95173283825FD7DF4C66567B6
S3150200FE1065920AFB3D8D34CA2787E52103910E6858
S3150200FE2009FF76C4E9FB135A72C15C7B45399E6EA3
S3150200FE3094442B10F9DCDB5D2B3E5563BF0C9D7F92
S3150200FE40D93492F3ED5DA7E2F958B5E180763D9695
S3150200FE50FB233C6EAC41272CC3010E32A124903AFF
S3150200FE608F3EDD046659B7592C7088E27703B36C6E
S3150200FE7023C3D95E669C33B12FE5BC6160E71509E1
S3150200FE801A91A2C9D9F5C1E7D7A7CC8B7871A3B8C5
S3150200FE90322AB60E19126463954ECC2E5C7C9026DD
S3150200FEA0F32D3E55CA51C87EB37848A6CB8412A715
S3150200FEB0E7D1883219E4B5E683889A5AEC10F24CF7
S3150200FEC0F621902DA5042D329CBFC675339FC1B96C
S3150200FED0090BD242433A7A5861FE64AAF81C3B14D3
S3150200FEE0ABCA8A967D7C869F292709278E25545F71
S3150200FEF0750918EA4BD3A7D0E1264137A346B521A7
S3150200FF005D0EF304317D3A51FA6B18B631F9907EE3
S3150200FF102F1AF3F432A6338D82791A416BBCB56F70
S3150200FF2085E503D66E0B2A7E17AE6B5BF2AAAE4050
S3150200FF306C0D4E1F6CC1604E90F9D44FBC7AE650E0
S3150200FF40AC3DC637B96EAB91B1075B767035ED6DD8
S3150200FF50C7FB0A49271FE688BE229775A798044F52
S3150200FF60438388A258F84FA93CED135356D40ECEBC
S3150200FF70FA34BFB5CF3D5CF571B3EAC9A53C650A53
S3150200FF808F2185D1457A0A49359304467837159AE1
S3150200FF90F6E131CC09EA600065E96EF87715047E70
S3150200FFA0F3675BCE96A4B266969756BDD89254FF77
S3150200FFB0D02C594A29EC3C50B2AC13086543695619
S3150200FFC01B659D679F1B850AF242330361CB08E1DD
S3150200FFD0A3308BE87FF501D614D72DEDCA3A1F3729
S3150200FFE031AD16C8BE0F28EDE3EFE6D85B59D952FC
S3150200FFF0F523C6F67217E70F3C291E050B031443B9
S31502010000ADBCF0FB5E0060D55E0C87D12E0FB78EBC
S31502010010A0E684D033901F2070667BCEE15A3A4C1B
S3150201002062A97B17929EFE9FE1CAE50D1DE7AE9876
S315020100304410832D94AEF43FC83A53582EE14D71C4
S3150201004083641BF94931435B62BF2C5A65DCB5AD4A
S31502010050B32728631284FA87D8F849AB915E89607F
S31502010060186CF80CEDF2ECE9D4DF350712066DB423
S31502010070E76BB90498A09DBC6BC26DD92FE6E273FA
S31502010080D55C700A46441EB392E3155055669C80B0
S3150201009014759D5DD66CA5ED96AF4A01AE4E2E093D
S315020100A07655C8BF74242A6007442291A5FCB80973
S315020100B0FDE97962B8D2C32C16C0B4D3437CEC6590
S315020100C045530B093DF8CC7E54B68F77D6DB7B9A26
S315020100D00B99076E10EAEE5DA2EBAF3895EA617DE8
S315020100E05E51AA4954635BED3A82C60B9FC465A869
S315020100F0C4D1425BE91F0C85B915D3036F6DD730A5
S315020101001D9C2F630EDDCC2E1531897696B6D05104
S31502010110587A63A86BB7DF5239EF0EA0497DD36DCA
S31502010120C7E406211744446C697F8D9280D653FB3E
S31502010130263F4D69A49E73B4B04B862E1197C61005
S31502010140DE5FBE7D27C49364A27EAD19AD4F5D26E7
S3150201015090453046C8DF000E09FE66EDAB1CE6256A
S3150201016005C85883A02AA60C4742207AE34A3D6A6B
S31502010170DCED113BA6D36474EF060855AF9BBF03B2
S31502010180046658CC28E1133F7E7459B4EC73586F58
S31502010190F56812CCED3DB6A02CE2864563786D5624
S315020101A0C295DD97847B43FFA7B54EAA304E746C88
S315020101B08BE8853C615D0C9E7381755F1EC7D92FE5
S315020101C0B8EC714E2F0BE721E377A440B9DD56E671
S315020101D0804F1DCECE5665BF7E7B5D53C43BFC056B
S315020101E0DDDEAF52AEB3B824CF303BED8C6395342E
S315020101F09581BEA983BCA433041F655C4767373763
S3150201020094529D0A0BEE3F51665ADF0F5CE7988FB7
S31502010210CE07E1BF888661D4ED2C38717E0AA03FF4
S31502010220E45E2F77206714B1CE9A0796B194F8E867
S315020102304A82AC004D22F84AC46CCDF7D953170055
S3150201024034DB3D962D23693C583897B4DA87DE1D97
S3150201025085F291A0F9D1D7AAB6ED48A02FFEB51223
S31502010260441EFE49A6584D647E77AD31A2AEFC21ED
S31502010270D2D07F885A1C4402F311C58371AA01495F
S31502010280454E24C49DD2F23D0ADED893740E022B4A
S315020102904D210C827E06C86C0AB9EA6F167937417E
S315020102A0F0F81A8C54B7B108B49962247C7A0FCE4D
S315020102B039D9061EF9B060F713126D727B88BB41FC
S315020102C0D8497C566C8067926A1E79CACC046D063F
S315020102D04B39CCE345569FA6D28C78A086B6955C5F
S315020102E0D2F739AAE080D9971CB5C6524238D03521
S315020102F0AA55CD0793F4437D62C38AB7CF36BD565D
S3150201030054A9140DC119C52A90FAB594B474F4EA24
S315020103105A7AF8A98283AFE694E09B87B16DEA0D1A
S31502010320ABE5447354BF66AA09431B8F885812DA98
S315020103302F4B56FDB3D2875EDDB1835488782C5B91
S315020103407A79A8D674EBBA153217C4FAF15CF57E3E
S31502010350C5058B3C5A1F0029FBCCEA5287CCD70A2A
S31502010360CF08347962131552943D961903170FEB90
S3150201037066943D88FAB233A8783C0075A77F3A099C
S31502010380BED7163AE67D10E5CF32F39ADCFF77A3A4
S315020103907F670B4418BFD5700314A3A4192B256AD2
S315020103A08612A9604460E9B8DED3787704D83F7F24
S315020103B02D5E8ABF311ED0673E657BC2068A037BEC
S315020103C0F39069D3D519D99EF2B94EDBBBAE13525E
S315020103D03591B94C05EA08C7560E26727FD5DE5805
S315020103E0773D41E9AD9DE7787DE62997D5F957F243
S315020103F0E6A77AE30E91DB599C039EBB5B1BA16ABE
S315020104008BD40F5B26536DDA88A9BF93318260893B
S31502010410287ED56132C98AD743815C3A2D94F27915
S31502010420E98DC8B6252FDA976901F2ACEAA71B2531
S31502010430E4B44EEF874FB409A57D6ABC1BAB907D30
S31502010440318E7D08F8920636F76371D237C6DCF42F
S315020104506359EA6520E6A425D960C15A2EF79B6540
S315020104605B8CE35EB0B9AF9AC7131A074E2D9DBFD7
S315020104700A2933E96D6EEE8E179710AE17AB3B1C48
S31502010480B0B7CAC716B29A1CCCC3BB0774D3657D73
S31502010490D5584A505047745290291A136B60F20983
S315020104A0BE464374447DE840252BB515D4DA481D72
S315020104B03E603BA1188A3A7CF7BDCD2FC128B74EC3
S315020104C0AE91667C594C237EC8B4850A3D9D8864EB
S315020104D0E7FA4A350CC9E2DA1D9E6A0C071E870A3B
S315020104E08989BC4B99B501336042DD5B3AAE6B73C8
S315020104F03C9ED519E2AD610D64D485260F30E73EE7
S31502010500B9FFAEA3190057E7E358FF6A6746356795
S3150201051025A08AB6BA4BA7B4FD15D389E1E61B34E9
S315020105201AAD0C4EB3A9EE9C5AA7F2F86D808FBE96
S315020105308D02ABB7465CABDD85D70C6BA992A216D1
S31502010540A22D29D64CAE462328AE2D0E67F4E48C95
S315020105509E6FDFCC942D3D4A28BC759F7C14514376
S31502010560B7D67D9EE455D2F5AC1E0B615C111680A1
S31502010570CA87E1925D97993CC22591976257811389
S3150201058018751E844779FA43D7469C6359FAC6E51C
S31502010590742B05E31D5E06A13090B8CFA2C6477D36
S315020105A0E0D6F08E14D0DA3F3C6F54919A743E9D98
S315020105B05781BB261062EC7180ECC9348DF58C141F
S315020105C02A4224115EBFB272B53AA398330CFAA13C
S315020105D066B652FA0161CB94D553AFAF003B862C76
S315020105E0B86A09DB064E2181354FE40CC9B6A8214A
S315020105F0F52A9E402AC1246581A4FC8EA4B5650113
S31502010600766A84A074A490F1C07C2FCD84F9EF128E
S315020106108F2BAA5806295E69B8C8FEBFD9671B592E
S31502010620C24CB22895D19A7F81C1356365546B7FDD
S315020106303672C04F6EB6B86683AD807300783A13D0
S315020106402A79E7152193C485C9DDCDBDA2894CC698
S3150201065062D7A3ADA83D1E9D2CF8673012DBB75BAE
S31502010660BE62CAC667F46109EE521921D621EC04AB
S315020106707047D59B77602318D2E0F0586DCA0D7486
S315020106807BED0F81E461A0FCEB4C9ACF74540D5FB4
S3150201069085FD704F24081F0A96EE95B751B7626C15
S315020106A076AA3567B6D06D83C91E53D3DFFF3FB62F
S315020106B0384F372A3B89F1F46E894F0C4E1C593F4C
S315020106C0EB6FF235FAD97F145B50B61872025F08E6
S315020106D08FA57F7B3816DF43116091D6E4E87B3123
S315020106E00BAFF0D3F50BB750F7712EE38AF4EA4F4D
S315020106F034BD5BA5D34EE860EDD1503F9B48ED007A
S31502010700E51A26ED2AC70639F700E188D98FB69A86
S31502010710970136F39A05E9F5476D2BBF78DC530E3F
S315020107207A877179BF2908B931E6176D6344445E48
S31502010730936827182EC5054DF54A4A5A9A2D6327FD
S31502010740CE60B25451F01FD17052F9728EC36DD878
S3150201075038C17C260DCD1F60CD0CE9296491672B2A
S31502010760DBFFEA87D18582A964A8D0D8BBFBB4A5F1
S31502010770F76326027FF258B682E29CD9222BBC3B52
S31502010780580A3C5852C917B9F3C6E40FB8F93F657E
S315020107900C3CDFBCD7A70D9B0ED654ABB6EEA043DD
S315020107A02AC2E1CDB15410ADDF32EB4802E9A8C449
S315020107B0EAC0CDAC337B3E5F3E9679FC1347367277
S315020107C0B5E0203506939613FE03EA887CCF7F4374
S315020107D0BC59C9D30BC4D4F7D9DE93F8D154916964
S315020107E02675B2B4755C5D31A5DA36022D84CBCCA1
S315020107F08EEE5F34A3C8F022EDDB397D615A977321
S3150201080028706EA3EB7F487834CED81D00133F5F64
S3150201081089C4304B2DB14F932B0A7F394D246C0578
S315020108203462C257A2FB501D8B67B0DE3A82D47B7B
S31502010830F58A53A66EDCB0C23EA71D35C6EE6556D5
S3150201084010B2BF4309E03EDBC20A8020870172492A
S315020108506786BD73615DAB26384920ABC209B220FA
S31502010860ECBC018C43EE2B823BC7FBC025B50C5376
S31502010870E93F95C1349051485B0F9AE061C25C260B
S31502010880A739ED224F4ED5F00A1508561EE9AAA23E
S3150201089075E8DAEDE9B221F492E97D6B1D53BC31BB
S315020108A071F980A94D133DDFA7221A22D1B84F7AD9
S315020108B0D8D6AA3520D4F73D5E121A6ACCED142A8F
S315020108C04ECECF5207EE48DFB708EC06F3FAFFC366
S315020108D0C45954B92A0B71058DA33E96FA251D16E4
S315020108E03C437804578C1A239D4381C20E27B5B720
S315020108F09F07D9E3EA99AADBD9032B6C25F5032CC9
S315020109007DA4537B75180F7979580CCF30017B3052
S31502010910F9F77E25773D9031AFBB96BDBD689469E7
S31502010920CFFEDAF4462F1FBDF7D67FA41401EF7C62
S315020109307FB3474ADAFD1FD385579073A4195252E2
S315020109404819A96AE63DDDD8CCD2C02FC264504807
S315020109502FEAFD346624489B3A2E4A6C4E1C3E29E8
S31502010960E11251924B136E37A05DA1DCB578377057
S3150201097011311C46AF8945B02328037F445C605B75
S31502010980897CC420598065B9CC8F3B920C10F0E763
S3150201099077EFE20265250100EEB3AEA8CE6DA7247C
S315020109A04CF0E7F0C6FEE93B6249E3759E576A865B
S315020109B01AE61D1E16EF4255D5BD5ACCF4FE122F6C
S315020109C040C7C0DFB222450A07A4C9407F6ED010D4
S315020109D068F6CF784114CFC69037A418257B605E9E
S315020109E01818DF6C8F1DB358A25862C34FA7CF35B3
S315020109F06E1DE6664FFFB3E1F7D5CD6CABAC675022
S31502010A0014CF96A51C432CA000E4D3AE402DC4E31B
S31502010A10DB260F2E802645D26870459E13331F2092
S31502010A20519D03086B7F52FD06007C016449B11892
S31502010A30A8A4252EB00E22D57503466288BA7C3942
S31502010A408C0B0C96A67548DA202F0EEF76D0685BD2
S31502010A50D48F0B3DCF51FB07D492E3A023168D42CF
S31502010A60911495C82049F262A20C633FC807F005AA
S31502010A70B8D4C9F5D245BB6F45227AB56D9F6116C9
S31502010A80FD08A301444A4F08ACCAA576C31922A898
S31502010A907DBCD14346DEB8DEC638BD602D59811D07
S31502010AA0384C2AECBED733D8ED20CC0A8362912C7E
S31502010AB08175DF92AA473AE9814A3C33A3672D70D1
S31502010AC0A1C8892F9A364A3A0DE88D7C1D7A13639D
S31502010AD015A0ED788A00ACBC3FB083B4A5B3B82C9F
S31502010AE0A1901BCBCB17E4364E79117FAADDB33326
S31502010AF007C65B880808513F0D02A8E6C01D1424EB
S31502010B004D9C47CF8C13DAF649F8A50E3C45633E58
S31502010B10AAF92C6548E93E126DC7EF5D925D742E06
S31502010B205A6C1EB2C3168169BCE017BAC3A699B53F
S31502010B30A2400E07522CEB91DC60FE841CB8C2590E
S31502010B4024F26C03DEAD528890B3FFA3B292CF0DAD
S31502010B50BF4BA6BF7159785AFD244A6C36FE055F12
S31502010B609DEEEF3F773CF7599D98CFC189EFF1B3DF
S31502010B705F542EE042FB5DE37CB4A1470B1266573C
S31502010B807D1583BDCC5D92919480CC225320A13CEC
S31502010B90E4D6903F187FE5287B762EDECE14471ADF
S31502010BA0FFB7B6B80FBA20DBA11F5177B6C332B76A
S31502010BB0892DF099C0512BA9F1A59C48AD75384FE5
S31502010BC0BCDDD0A918B1BC982B80B408349E44EE82
S31502010BD004B1A6B8269208875D91C7459A345F6823
S31502010BE0F1CC745CF8AC419B51522608813173B643
S31502010BF047B1AD11ED2AC9990FB4EC340DD7477A35
S31502010C00F5A443CCCBC4A060A9BE7736CA665C778D
S31502010C10EDF5F82F75A17AA1C0FD010E02D9DE11FB
S31502010C2097181AC11639688508D006E5EFA4692D09
S31502010C3001BD64F67813AF39C617153631219465AD
S31502010C406DB6D3B490CFACC0602E7361E59D05A796
S31502010C50BAB0C670781F3D03E446D926CD61415824
S31502010C60A27CD272A0B1F2BB04C7DEFB593C39BFEA
S31502010C701EB862E2CEBB8DE989B529300BBDEE0203
S31502010C803757934D7A1045202183E49BD8608367B9
S31502010C90E40731E0DED6A0B9FEFEDD17E98F024593
S31502010CA0501A71A08976C126201B1EDA3BA8ECFADE
S31502010CB0A7175FDFD01EBF5680F93BD49FBD881FA1
S31502010CC086657273033C8F3A0BD5AEF2B4E75504CF
S31502010CD036A1E2DFA2E234360AC3956D127590108F
S31502010CE05FAC0DA65687366157DCABEB6A2FE01770
S31502010CF07D0FCE4C2D3F197FF0DCEC89774A2320FC
S31502010D00E8C5857B9FB66587B2BA68D18B67F06FF6
S31502010D109B0F331D7CE7703A7C8EAFB0516D5F3A03
S31502010D2052B27871B60DD27660D11ED5F9341C074E
S31502010D307011E4B3204A2AF666E3FF3C3582D67C7B
S31502010D40B6FA87D85BA4E10B6E3B40BA326A842AB3
S31502010D5000606EE9121092D94309DC3B86C8382835
S31502010D60F3F4AC6860CD65A6D3E3D73C182DD9421E
S31502010D70D92560339D385957FFD82C2B3B25F03E98
S31502010D803050464ACFB06BD1AB77C515416B49FAA4
S31502010D909D41ABF48AAECF821228A806A6B8DC2101
S31502010DA0FA84708A2C43424B45E5B9DFE3198A89F5
S31502010DB05DE4589C21009FBED1EB6DA1CE77F11F58
S31502010DC0CB7E44DB72C1F83BBD2D28C61FC4CF5F63
S31502010DD0FE15AA75C0FFAC80F9A9E124E8C970071E
S31502010DE0FDB5B5459AD961CF24793A1BE9840986BD
S31502010DF0893E3E30190930E71E0B5041FD64F23936
S31502010E00CBF89E3E8A365A60154750A522C0E9E3C1
S31502010E108F24245FB0483D55E5267664CD16F4133A
S31502010E20ACFD6E9ADD9F02424149A534BECE12B98E
S31502010E307BF3BD87B9640F64B4CA9885D3A47141A3
S31502010E408C4CC999AA5827FA07B800B06F6F0023CC
S31502010E509253DAADDD91D2FBABD14B57FA148250E4
S31502010E607F72636DD308140333B5C7D7EF9A376A16
S31502010E704BE2AECCC58FE1A9D3BE8F4F91352F334D
S31502010E801E52D7EE2A4D243F15962E4328903A8EAE
S31502010E90D4169C2E77BA64E1D898EB47FA87C13B00
S31502010EA00CC286EA1501476D25D1466CCBB78A99E4
S31502010EB08801663AB53278D703BA6F90CE810D456D
S31502010EC0023945D82A4DAEF81D2DDBE88E0518707C
S31502010ED01EC1D2C75F99B3AA79CACC24236DB15375
S31502010EE0B5E0CAB2664D26237665CAEB33EDBA7D05
S31502010EF0C84AD2F0D6BE0E03105563F7787F882A08
S31502010F004F2D015CE7B9232AEAF2E1CA5146970C51
S31502010F10CA705D677332B62FF50344860B25A70B9C
S31502010F2021649C02FD180DBB028F298921142DBC57
S31502010F30960E258BE6F84783C9712D03E82F9F7B11
S31502010F409C6DF886935863DDA4853AE176916961D1
S31502010F50577DAA4E9511512EFBBD60FB571BC2321E
S31502010F6080079E31CD2378D8C5757789C1CFC4EF65
S31502010F70F7B30A9A12FB544871C33872419DC412DF
S31502010F806937E8FF33B55009D16B1D8E1D1C8621C9
S31502010F9010E5021338D822F0B4CA91630C20092550
S31502010FA04295798317A0B3093FEED5AA8FD06D6218
S31502010FB09F1470EBEEBC00BAC944A4A046B2211438
S31502010FC0C7A7248C8E3AA44AF55EF0D840F5C1042F
S31502010FD0DCB93E0B0C5EBAADE39CA4484450B52A7B
S31502010FE0EC5D0F6F2627D22E2408D55E41EE24989A
S31502010FF015D468947CEC7B803FE221B5E1BA93700B
S31502011000FA3A5D1C63AC07DC6C8CDFF971516158ED
S31502011010B0E2739DD879A0725DE1EAB4CEF40173B0
S31502011020412C72D659E709649B72BF72CFE174A64D
S3150201103069E5213CEB240ABC23CBBA4ED2670139BE
S31502011040F69A7B2BBDB831D5515BFC373509055074
S315020110506D5493C525CF2F23490FB42B1465A320B5
S31502011060ED41D97852D8CC6E43782FD283AE542231
S31502011070B7CDBF7B2ED022C5E2E4F0BF51331E6845
S31502011080454F03839DB5648BFB0EA21FF2718B2F15
S31502011090E45065BA959424692B47D5458EF99E533A
S315020110A0755220A6A1B67B6E838E3C41D7214FAAEB
S315020110B0B25C8FE855D1566FE15B34A64B5DE22DEA
S315020110C03F74AE1C96D874D0ED631CEEF5186DF81C
S315020110D029EDF4E75BC5BD9708B13A6679D2BA4CF8
S315020110E0CD1FD7A02490D180F88A28FB0AC225C534
S315020110F019643A5F4B97A3B1337200E2EFBC7F7D6D
S3150201110069CBCF0717B927ED88F7D422D3EDF92991
S31502011110658A1F74F08FBFB85250D30ABBCD467C85
S315020111200DB6EC70166BE39AF8A50FFE4968A5EBAE
S31502011130755554E78560C8FD210B0355E9D65C391F
S31502011140EE2A3AACBFA15A13312EC7296A4D5CC9A0
S31502011150DE520002E2F3C6088B6EB0200C5502790C
S3150201116001286B266A1EEFFA169F73D5C4686C8630
S315020111702C76031BBC2F8AF68D5AB7875E437559A7
S315020111809490C2F3C55D7CCDAB05912A9AA281C723
S3150201119058301C42361DC680D7D4D8DC96D19C4F16
S315020111A068377B6AD8979219637AD11A2458D0D0B4
S315020111B0170C1C5CAD9C02BA07037A3884D0CD7C2D
S315020111C013D45E43288DC342C9CC783260F350BD35
S315020111D0EF03DA791AAB07BB55338CBEAE97952668
S315020111E05324700A4C0EA1B9DE1B7DD56658A20F97
S315020111F0F7DA27CDB5D9B9FFFD332C4945292C5745
S31502011200BE30CDD645C77FC7FBAEBAE3D3E8DFE42E
S315020112100CDA5DAA30882CA280CA5BC09854987FEA
S31502011220858CB217D63B0AD3EA3B7739B777D3C552
S31502011230BF5C6A1E8CE7C6C6C4B72A8BF7B8610DB6
S315020112400045D90D5803FC2993ECBB6FA47AD2EC65
S31502011250F8A7E2C25F150A13D5A106B71A156B41A3
S31502011260B036C1E9EFD7A856204BE458CDE507BD04
S31502011270ABE0571BDA2FE6AFD2E87742F72A1A1903
S31502011280BB037A289993DFCFE027CBF2C87833CA1A
S3150201129088CECCED8F62DCFA8F98BEE0BC56CA735B
S315020112A02185CCCA30CBEF0B1A977265405B44F4A9
S315020112B0AD027D4C8D6781812EBB30C9E48B167ED2
S315020112C078586474837240E84A5B7FD2591C09ECF0
S315020112D02ECC3976E4724D2F161D51D43DB6D967FF
S315020112E085496FAB5B0950D51AAFBF4F5BCDF4048D
S315020112F040750C2AD12E8E9D862221B2044EC22B16
S31502011300149AE02F0BB6D4097E74B1DBAFF084C315
S315020113106EFDB57889EAE2580A9BE0B577F59E51EA
S31502011320A9CC2411D9D763188E708AB84581C07A9F
S31502011330F53170850973CD2BE5FAB88A6E7A336277
S3150201134016CAFF067FF1CE4B6AE12A69DBE106DEA8
S31502011350B0424F612D705307D012925BB441605F68
S3150201136073123A1B4E32ABD140530581F17C94186C
S315020113706E198CA967955D3B681E2E802504A07F98
S3150201138005278C027415537DFE750DDB697D31804F
S31502011390DD8D8CEFE8ACFF3098E9C3B67BE99D7E23
S315020113A0BCBA500BD4EB1684EE8B20282672081594
S315020113B06DC3C1B9AF8F14A35D7D2DD3ACDA070D11
S315020113C08C31657D0EC04132E76DE8D0DCE5BEE6C3
S315020113D0268CC0FBC22D8B11C33D60FCA7040D6890
S315020113E0EBA35A694A41C2F9218FA6054C2CA4DA0C
S315020113F03E96937F98236C7CE354390CD38C0E2151
S3150201140029BA6B3FAB7573402E481E99D8B6C39E57
S31502011410E9925FE5820EC899E10A0CFBB6137C30AC
S315020114202C5F7AD2DA3CD6FBD706A18ABCC40FF06E
S3150201143030A4648E1A5CFB53852E1A0CE5ABEA04C2
S31502011440E7B58ACB21107524EB10505C494423FC85
S31502011450A110564E7B711E5FD50C71C2185FDA441C
S315020114609E9829C78062D446DDA56853D0FB934B6B
S31502011470895A76D1813FDF6323A2A0B964BDCE34F6
S31502011480EB4CF38A8702275EAED646B909040B9066
S315020114901285BDDAF7EB1265818F258869B7D961A5
S315020114A04BD9B74913A7C5A64694EB2358D1F3A343
S315020114B034484877D2FB16042F81702C6F5ED469AB
S315020114C031143CC54BF716CEDEED7220CE25972B95
S315020114D0E73EB2B56FC3B9B808C95C0B450E2E7E9D
S315020114E0FB0E464F432BE69FD60736A6D403D3DE21
S315020114F024DAA0B70E2152F0935B5400BE7D7E23FF
S3150201150030B40167ED75350110FD0B9FE69410238A
S31502011510227FE483150F3275E35511B199A6AF7196
S315020115201DB653399B6FCE65E641A1AFEA3958C65E
S31502011530FE59F7A9FD5F430F8EC2B1C2E9421102FC
S31502011540D6503B471C3C42EA10EF383B1F7AE85122
S3150201155095BEC9B25FBF849B1C9AF878BC1F730003
S315020115608018F84818C730E419C1CE5E220C96BF1E
S31502011570E315BA6B83E0DAB60858E147336F4D4C8F
S31502011580C91F7DC1CFECF718143C4051A6F5756C05
S31502011590DF0CEEF72B71DEDB227AE4A7AADD3F1917
S315020115A070198F98FCDD0C2F1BF5B9B02762916B70
S315020115B0BE769177C4B6C76EA89F8FA80095BF382D
S315020115C06F87E8373CC9D21F2C46D1185A1EF6A29C
S315020115D07612243982F5805069490DBF9EB96F6A28
S315020115E0EB550856BBC1466A9DF093F838BB1624E3
S315020115F0C1AC718F37111DD7EA9618A31469F77515
S31502011600C623E4B6B522B1EE8EFF86F210709D9323
S315020116108C5DCF1D832AA99010EBC5429FDA6F1309
S31502011620D1BD05A3B1DF4CF9082CF89F9D4B360FAE
S315020116308A58BBC3A5D8872ABADCE80B5183210293
S31502011640BBA05F30BD4F7A0EAD63C654E04C9D829E
S315020116504838E32F83C321F4424CF61B0DC85A794D
S3150201166084347CFC6E706EB361CFC1C3B4C9DF73BF
S31502011670E5C71C78C9791DEB5C67AF7DDB9A4570BE
S31502011680B32BB49149DB911BCADC024B2396265735
S31502011690DC788C1FE59EDF9FD31FE28C8462E15FBB
S315020116A0417C074DAE0A79E2A36974DB7082938BA2
S315020116B0A216BD8ADC32B66E724B06AAEC14087209
S315020116C089531195C7295C31CE742F8607E5E0D778
S315020116D03274928521764A0CE4A1254A986CDE720F
S315020116E010A36ABF53B59AAE1B6E6D80A9500A0547
S315020116F03951FFAD0374BB928B61BE4576D2940319
S315020117002C352868D95726982ED4A81C3030804803
S315020117100DA0CD9FEC998E978E3477F08599B656AA
S3150201172047E22CD5FE3725871050606FDBBB3FFBA6
S315020117308B9F344B319E20213943961DB76291010D
S3150201174048343CE5418650D406D6EC54955CBC49F6
S31502011750E03A31A40CB9BD263073B9DE78C9E12568
S31502011760F4ED7E855122574DC5939EE1DD4E72E31E
S315020117703570790B0E42718A43E7AB8736833C3B60
S31502011780A44535B2256439F596B2FB987EA2A71512
S3150201179086DD6F63BC526CABEE349341A895D97961
S315020117A075DD9511A68E8ACD2FA8D91DA8D804A5B7
S315020117B0B67958A381CA0D548A6AC879A316DD601F
S315020117C0D3F2D0CBD101065F7FBB32612F416E735B
S315020117D087DE8D23324460833C75C0F572523A1E10
S315020117E01D6556ADB772318B17D7AB3F7A1B5801C0
S315020117F0E4F64D42F64DC92D4F28292C5D6E373040
S315020118009CA55981A78D91D2F313073FD91CDC6B95
S315020118109065CD4A937A5F5628C1B44CECACDA5343
S31502011820815AE949DB54A2E773ADB008D0D592518A
S3150201183007FC0AD0B1E5204D385FF22C01F8555D5F
S315020118407C931180841E65CA281AF46E6EC4B0C6D2
S31502011850528D3F5FA71B02B7FDB9D7EA99FF9D11CA
S315020118604D1DB3F4CBDFEA4392881411743F50C67F
S31502011870173B0D06C568EEFEC80A4ADDB3939232DE
S3150201188044FC79B730DA2B0EF86D0F42B76D66F567
S31502011890862219F5D970758E06F2483F6EF0C75F3A
S315020118A09478AFD2A44B104F0C598DF5DD60D5E279
S315020118B05C3B89430E315E9C7D48FE3FAE8D0B5AE1
S315020118C0FEAB3E53BD23FB688F3EF56DBC5BA67C2A
S315020118D04A7DA60143F032C9F6397C670B97344D2E
S315020118E01A9694E14F21594E4FCD710DC77DBE49CE
S315020118F02DF2503BD2CF0093327291FC46D48947E6
S3150201190008B27C5D2D857928E7F27D6870DDDEB847
S3150201191091786821ABFF0BDC35AA7D6743C0442B66
S315020119208EB74E07AB871C1A67F4DA998ED1C6FABF
S3150201193067904F48CDBBAC3EE4A4B92BEF2EC560F0
S31502011940F18BFD3BBC895D0B1A55F3C937926BB01E
S31502011950F52830D5B0164C0EABCACF2C319CBC1033
S31502011960116DAE7CC2C52B70AB8CA4549B69C74466
S31502011970B22E49BA5640BCEF6D67B6D94872D770D6
S315020119805BA0C23E4BE88AAAE08117EDF49E6998F4
S31502011990D1858E70E413457913F476A9D35B756309
S315020119A00EEC6F9F509461658D51C646A97E2EEE4F
S315020119B05C9BE067F3C133979584946363AC0F2E06
S315020119C0137EEDB87D96D4917A8176D70A2F257446
S315020119D06425850DE08209E4E53CA5163861B83235
S315020119E064CD48E4BEF7E779D0867808673AC86AD3
S315020119F02EDBE4A0D9D49FF8414F5A735C21794179
S31502011A00C367DE3217EDA8B148491B461894B43CA8
S31502011A10D2BCCF764343BD8E0880181E873EEE0F99
S31502011A206B5CF8F52A0CF8419467FA04C384726870
S31502011A30AD1BBAA399DF4589165DEBFFF92A1D0D88
S31502011A40DF1E6232A18ADAA979652259A122B8304A
S31502011A5093C19AA77B190440761D531897D7AC16E2
S31502011A606AC62BE5285DF15B8E1AF07018E3472CE6
S31502011A70DD8BC206BCAF19243A176B25EBDE252D89
S31502011A80943A0C68F1809FA2E6E7E91A157EF7718E
S31502011A907379014858F10011DD8DB316B3A44A05D5
S31502011AA0B87C26198D46C8DFAF4DE5669C78280BB2
S31502011AB017EC6E662A1DEB2A60A77DABA6104613AC
S31502011AC03FB2597CC25EF5CAF2044D153EEDAE999E
S31502011AD0F44141E1721D4468A2A03239134503144F
S31502011AE03C8C02DCE03014D971C71752A855B90EE5
S31502011AF0FAA1992CEDE1094B3C746ABDF21A8842AE
S31502011B003DAD5CAB9AC6FE7BADCFB24CD38C3EC229
S31502011B10A2D637FB4BD15D68187A671544D6D60A29
S31502011B20B5EC7B419E431A7866020ED18C93C54A67
S31502011B3024AC92061185A35D3312E3ADA265B01101
S31502011B409F7E92472889147977A80A37EFD6DA3326
S31502011B5003271211FA248F1F9295DF2A2FAC6552A1
S31502011B6046B3FC9A30DD5F40543FE628443D72D9C4
S31502011B70AEAA655FF01DC09409084CE13ADCE44364
S31502011B8017A538A9F1C712BCE1B28031AB2830479B
S31502011B904A25CDFB1E57783F0FF9F66F4234E5749D
S31502011BA0A3C6C2ADC37A6FEA947C71E9F628E9D07D
S31502011BB0F5EA45D6EA79D3E2BEFB1FC58587DD463E
S31502011BC098885C37BE0198704883FDE3B5DA064B07
S31502011BD014072327ED0C8875424C2FDD8F46092BFE
S31502011BE096CB01B7EE49C797C369A3B6D438F48336
S31502011BF0D92C409A8B2B96627BDF889850C77669DF
S31502011C002AA0FF826594975B49F5A8FE516A09DA13
S31502011C109BAF775F375163A0761E1D2061DECF1B16
S31502011C20A2596A2490544A4A90DD7FE8DEBD3ED627
S31502011C30FA71230D677C43D9D68E0FD30873E869EF
S31502011C40674A6DD01108423DE3FFE0908504FCBE70
S31502011C50DE7B48BDB7C670F828FA9A3116732A6E2A
S31502011C60ABA8943E8C772496EC8BA7E9CEF3D60AE1
S31502011C704F3C740D81C78A94CCFCECAA3579627605
S31502011C809F9AD5D624ACA85606F096303E75DBC887
S31502011C9099524C8FE6417F471461C8F61C858D58CF
S31502011CA0FEB0F68DC78E13511BF575E589DA97538A
S31502011CB0B9F17A711D7A200950D6202BBAFD02217B
S31502011CC015F5D177E7652ACDF160AA8F87918954F7
S31502011CD0E506BCDABC3BB7B1FBC97CA9CB78486542
S31502011CE0A1E65C0505E49E9629AD511268A7BC36AC
S31502011CF015A47DAA17F51A3ABAB2EC29DB25D70A39
S31502011D00A99516F1ED2DC47CCC6A2EBF115AD917AD
S31502011D10A35F106B614A758BDFB5B75BBA7CDB25B6
S31502011D205EC2B6E998E9B0B09D5A135C0620700509
S31502011D308E78D44E926F20816B74713AF7B82C78F3
S31502011D404274C6D6D0E3518461A6B0E9AFEF99E9F0
S31502011D505FD3FCF31062A385F1B01410364C3C5EDE
S31502011D6057244E83B16742DCC51BCE70B54475B6A6
S31502011D70D75ED1F70B7AF01A5036A071FBCFEF4A34
S31502011D80856F059B0CBCC7FED7FFF5E768527D53ED
S31502011D90FAAE124362C6AF77D99F3902535F674FD4
S31502011DA01E17150436362DC33B48988911EF2BCDE4
S31502011DB0105194D0AD6E0A876165A8A272BBCC0B95
S31502011DC09BD2DF941513F5976A4C3F315D985561A5
S31502011DD010504508073FA1EB22D3D2B808266B67FC
S31502011DE09375530F0D7B71214C061E130B694E9190
S31502011DF09FE02A75AE87B61B6E3C429BA7F30B4248
S31502011E00472B5B1C65BA3881801B1B31ECB6718688
S31502011E10B03531BCB10CFF7BE0F10C9CFA2F5D743D
S31502011E200934374364317A15D981AAF4EEB7B8FA7F
S31502011E300648A6F5E6FE93B0B6A77F705436772E0E
S31502011E4081F95D4EE10262AAF5E1155017590DA21B
S31502011E506C1DE2BAD375A218530260018A61430569
S31502011E60C1234C97F4BDEA0D9346CE9D250A6FAA6E
S31502011E702CBA9AA2B82C20040D96072D3643144B80
S31502011E80C013C11CB33E265D8430C216B8BEDECC79
S31502011E90D0559080F5F5EB06AE3B389614ACC67577
S31502011EA08098F006F60FC1E411384ADDA9D1005C2B
S31502011EB04F7458A6A6EAE745EE63E9528DDFCA5387
S31502011EC0374A6E183F345B826561CBF824D87A763D
S31502011ED0DA4B987B292EB1094DCB4C21FF4D6D036F
S31502011EE0EC2C2453F737B847F21242C08CC46D2545
S31502011EF0C528D9E1FBFB22E2072C8AAD5B29EA4818
S31502011F005E71C5573F1C9B29906D686B9E92CB965D
S31502011F10B35A234764800430E19F4DA4245C432CC9
S31502011F203F83F8807CC907065BEC25CA7815850EC6
S31502011F306FBB1E160B45F7540EF8DEA09247CB7BFC
S31502011F405936C72BD0E38784DF7999054584AF4B90
S31502011F50BF6FADDC5A977CD1B696FCDE0B9F365726
S31502011F60C2245204A0D0EC1C5239E5691B1B7F75B1
S31502011F7081F68952927A5B774861731620C66C1B89
S31502011F80988663750199A9F1D360AAEEBED13D3552
S31502011F9088A49B4C3371948411E3AD43686EFA6352
S31502011FA0AD6984BF9EB7F6E1353166E2041080154C
S31502011FB01B1874AF3083499A3C679B044F50A23B6E
S31502011FC0FD21037676E86C9AD83AB69E10B5E27F81
S31502011FD09205C88AAED4E7003A726FBB7A6BD873A0
S31502011FE0B65ABA6D60B5520BABEDB1BB0F4F13A921
S31502011FF035A6049B0D52A930DBE57379F3B8136854
S31502012000CA63CD19B36B9EF53968D02192150C6757
S31502012010B6CA50215B566DB0A3124F109D19FB2013
S3150201202075A71BB6AEBFC712FDBF63E21F624EB8EC
S31502012030CF0D845CC3A5470B3486AFCC0BBE837E22
S3150201204020C1996DEE3D9461E09F0B462E1F1086CD
S315020120508D59E88E51F1B26BCC75C4FC8962B776A3
S31502012060D38D73C501E7DADBEE1B6FB235F6C6F91E
S31502012070F45EF142806AE961D8A460AF1FD1A13A48
S3150201208074CC6C72FA6DFD1465B9532FFE4C083B84
S31502012090B4C8A252F5E43AF36A16400D7AB0AA59C7
S315020120A025AC5E924CECBC77387713608471481884
S315020120B051F4A9FE3743375B46AAE6C88EE765188F
S315020120C07A1F6EB6C7B7C4CC7E2F0CF5257E154492
S315020120D01CAF3E71FC6DF03EF763DA5267442F582E
S315020120E0CB9C521CE9547C96FB35C6649226F6308B
S315020120F065191278F4AF47275C6FF6EA188403175D
S31502012100E44C3220D37B31C6C48B48A4E84210A8E2
S3150201211064135A4E8BF11EB2C98DA2CD4B1C2A0CE9
S3150201212047041F6FD0C74DD259C087DB3E9E26B2E8
S315020121308FD2B2FB72025BD17748F6C6D18B557C40
S315020121404569BD694881C4ED228D1CBE7D906D0D28
S31502012150ABC55CD512D23BC683DC14A3309B6A5A4B
S315020121603D4696D32415ECD0F0245AC38A62BB129B
S31502012170A45FBC1C793A0CA5C3AFFB0ACAA5040429
S31502012180D643A70A07401F8CE85E265BCBD0BACCA2
S31502012190DED28F666B044B573396DDCAFD5B394639
S315020121A0D16F412A1B9EBC628B5950E328F7C6B5F3
S315020121B067695D3DD83F340498EEF8E716755239E2
S315020121C09C9A5D1A2DDB7F112A5C00D1BC45779C56
S315020121D0EA6FD554F1BED4EF16D022E8299A577682
S315020121E0172AC0497E8EB6457FA3A9BCA251CD232B
S315020121F01B4C22EC115FD63EB1BD059EDC84A34386
S31502012200F234B45213B53C33E180DE93492832D815
S31502012210CE350D75872851B5C177272ABB14C5025C
S3150201222045B6F18BDAD54B68534BB5F67ED38BFBAC
S3150201223053D2B0A9D7163931598054610992601126
S315020122400A3BA761AC68E2F0F5A5913710FAFAF2FA
S31502012250E9006D6B823EE1C1428FD76FE97EFA607A
S315020122602BD74DBDBECEFE9411220F06DA4F6AF46C
S31502012270FFD1C8C077594A12959200FBB804537030
S31502012280C66E294D351D3DB6D831AD5F3E05C3F348
S31502012290EC42BDB48C950B67FD5363A10C8E3921BB
S315020122A0EFD2A78DCAB26A212728F499DDD96A36F7
S315020122B0753CDD4F00B964AE629E90535B393A407C
S315020122C09A7E1B8616FCC58651C4276A4730A3F639
S315020122D09735E9A167726601EBDF8260CDB9FF0529
S315020122E039613FF59FFA17A6B66CE613E5B5F260BA
S315020122F0A48A44B3EFBEA8D792A15E6F8532297A2A
S31502012300EE192DCB073FC3DA26A1C47758EEF7E1C2
S315020123104662143944FAA7E1A9149BFD417AF04DAC
S31502012320443288FF1E48A8881DFD2176C7E759A4B5
S31502012330B27489D494D544FBC0755BB395AA127C59
S31502012340EA374009C04654612624D4A61EB1F02EAE
S3150201235059CA251418464796CE95DB233682F5428D
S3150201236088E82DB061D7390B1F4E41D27E0E555FDB
S3150201237040A9E12258A4BFA6997B44FD7D2F0A05F7
S315020123800293637948449CB82C7FC65093F1E44A80
S31502012390C6F91AC8A85DB3F0171087463500D039B9
S315020123A077DB50A6333B7C43B22BC5BA1DE8AF6B34
S315020123B018D3B72D2D4099FECEA62B37EC7E5B2B7B
S315020123C03DC1540351AFA7F2602B37AA45B1A0D73D
S315020123D070D4A3056AB96928730146822DE428657A
S315020123E024B51ED7145526959345F15D81D803E68A
S315020123F0B7E64D0D41DF7C1450C8370473B19352D1
S3150201240026F2CC4B81E0D02393FB9681CD45C79230
S315020124105B1E54596C79618B78F921C0F04DA44049
S3150201242072930351111DA9D5DE26CA99B777D32E08
S315020124306B6B36FDAC0272A1951990D61B2930073A
S31502012440D662231859A840BBBB1A4D8A77559FB944
S31502012450F659857527B4188D5A23264DE70FC226DC
S31502012460F522CCE99F1D8D647C57DD281956BC6681
S31502012470D139246521EDD347498BAFEDAC71D249F0
S315020124801DFBCCF664FC824E26BA1BB7B4C9AA2A36
S315020124906BA7AFCBDB89A0876DDDDBD80791BE6C5D
S315020124A05CB970AC0FD020FF50E1DA59C74F00BDBD
S315020124B0145340BE24D1050F3332F5A963203123CB
S315020124C08A880A0A1B189F7A0321571D9E90041AAD
S315020124D0CF6AFD5391C20DD45C3B6B388F382C17F2
S315020124E0F3332B388A05F589B4C048AD0BBAE25AE3
S315020124F06EB33DA503B5938FE632A2959DEDA35A20
S315020125000156B7B4F9AA982772AD8D5C1372AC5E07
S3150201251023A0B76161AACED24E7D8FE984B2BF1BD9
S315020125206165D9C7E97767653680C77254122BCBC5
S31502012530EE6E50D999320565CC57895E4EE1074A4E
S3150201254099F90D98CB12E44E71C76E3C6FD715A35C
S31502012550FD775C92DEEDA5BB0234311D39AC0B3F32
S315020125609BA477C4CD580B2417F04764DEDA38FDF5
S31502012570AD6AC8A7328D921981A0AF84ED7AAF50A8
S31502012580E55BF61501DE4F6EB20961212126982916
S31502012590D9D6AD0B8105027806D0EBBA16A321195D
S315020125A06D70E085859AF31F3339E7B3D8A5D03626
S315020125B03B458F71E1F2B9437CA9274808EAD15715
S315020125C04B038460BEEEDE6B54B80F78B6C2993106
S315020125D095062DB6AB763397907D648BC980316EA5
S315020125E071B028A1E7B67AEEAA8BA8936D59C1A458
S315020125F0306121B282DEB4F718BD97DD9D993E3670
S31502012600F40D30DA513A90E3B05AA93D2364398484
S315020126108064350B2DF13CED94718184F6778C0340
S315020126204542D5A280EDC9F35239F677788BA00AD5
S31502012630755408D163AC6DD76B63709415FBF41EA8
S31502012640EC7B165BE65E4E85C2CDD096420A59599F
S315020126509921109834DFB27256FF0B4A2AE95E5766
S315020126609C0C3F45DE1A43C39B3B70FF5E04F5E9B2
S315020126703D7B84EDC97AD9FCC6F4581CC2E60E4BE1
S31502012680EA68E6607639AC9797B43A15FEBB199BB0
S315020126909FA7EC34B579B14C57AE31A19FC05161B8
S315020126A0965DF0FD0D5CF53A7AEEB42AE02E26DD52
S315020126B00917171287BBB2110B030F80FA24EF1FFA
S315020126C009666C6B3A1296B43859AB8085FE50A7EF
S315020126D05F7AC2B739BF71F43C19AC77CE03795030
S315020126E0206216906AA691FF09E0F15BAE5225F2CD
S315020126F07CDF907FD885FF7DB96F730CFE0F624F29
S31502012700343EDEDF650DF962AD5FFAB992C528CFB7
S31502012710104516C6F96EC899846C254A0448D42513
S315020127206FB1E9C70E2368BD5D79C5C1C1B9B10EE5
S31502012730FFB1B695C4C843795ECFBA0B62AF9F2F7C
S31502012740552B02C915447C2CFEB12E8141D2A056CD
S315020127500D5EB6D7C9A12EF0263B32D52F51804147
S31502012760DBA5488A693EFFA43B4095BD06386ABA95
S315020127705DB6D547AFE17C9FFBD23959E587E015B6
S3150201278096145C74437520120C6138DAFD3CFFDA4B
S315020127904FC3712C2797E7E4E9EDBD34197BC039A4
S315020127A0383F96FB6E189488D59B63DC800EA04851
S315020127B0991C6CE92B09E8A4613657CA547D095A5A
S315020127C055E7C9172B89452DF88D308972FD33D00E
S315020127D0D98B5B52D9E92F6C79C01CC1F1ECDB2E86
S315020127E0D2A015C7E3A416164D1D34F8B03C6253A8
S315020127F0CB99E8C72953EF96A6BA68A6BB8D4E3D7B
S315020128005FA287D0DD0F0FEEEE343E5C5531759C2B
S31502012810B53AAB8F2E570C66B2D34C5444FC5408CE
S3150201282019ADED55C5A0EB61E63DA8F0FE33B52421
S31502012830F8A5BA832804773B8D7EA498B8828F6760
S3150201284012D9067C5A4341680B833FBB213C12CA0B
S3150201285078E2CBB1277BB3D446506FC7843B751D53
S315020128604CE93733F73BC5B0154FE1117E69B57CAB
S3150201287050C73019ACAB844B680464E0BF4ADD280B
S31502012880449FCB444CB6C07DBF5D92E3ACE1A31835
S31502012890C457042D8634307A2E890C8AF78B494C1B
S315020128A09631A71AFB53D6371864D73F3095940F42
S315020128B0B2173AFB090B20AD3E61C82F29494D5487
S315020128C0866B9730F5AFD2220446D2C206B8908DF6
S315020128D0E5BAE54D6C89A1DC170C34C8E65F002820
S315020128E0888652349FBAEF6AA17D102594FF1B5C3C
S315020128F0364BD966CDBB5BF7FA6D310F9372E47233
S31502012900D36C30DFCD36116E4341A308E002DEA45B
S3150201291024B46A4245C64E224ACE770D2160D67448
S31502012920049369029CEEF44F4FC8F3324EBD9BF4F9
S31502012930E20FE8D4E386060F4C81A2852BCF531909
S3150201294046689A030A46316661809B2FA02048A0F9
S31502012950D6C02F06A05C359D142E839148051E58BC
S315020129604F0881978C209526E10E45230B2A50B1FB
S3150201297002DEEF03A6AE9DFD4CA333278C2E9D5A94
S3150201298027762AD335F6F307F066655F864DAA7A6E
S315020129905044D02897E7853C3864E00F007FEE1F4C
S315020129A0E5F7DB03DA055376BDCD341449F2DAA431
S315020129B0EC884AD2CDD54A7B430504EE5140F90053
S315020129C04AA3CBBCA653D2809B213838A1C3613E10
S315020129D096E3829801B6C3906FE60E5D77053D1CBC
S315020129E059C06B21406FA8CD7ED8BC121D23BB1FD7
S315020129F09009C7179E6A95B4552ED1663B0C753858
S31502012A001AE5229440F12E6971F65D2B3CC7C0CBC3
S31502012A1029E04C74E74F01217C4830D3C7E22106F5
S31502012A205149143B4B2B5057B3BC4B446BFF678E3A
S31502012A30DB8563162769BDB8C89592E3316F181312
S31502012A4055A4BE2BAB473189299107924FA2538CCC
S31502012A50A7F730BE48F9494B3DD44F6E0890E912AB
S31502012A602EBBDF7FB3960CF1F9EA1C125E939A9F95
S31502012A703F985B3AC43611DFAF993E5DF0E3B27718
S31502012A8000CBC2DA124A655A611454FF40AE0C9564
S31502012A9075CBBA9ACAC404F3B6714C6A6978815382
S31502012AA01A82E87E284F6C909D724797792B6A8E1F
S31502012AB03EF50FE1308A11C2B2B9A09DE4CFA32B34
S31502012AC0494EFA783128FF20FA3298AFEDF53A22CB
S31502012AD04DC8A59307DEDAEBA21F631B8AAC1F382A
S31502012AE05726F19C87750DFD290E3AE594EF2FE8DD
S31502012AF0E74BBB5BF0A734CCA2380CA57211250BB0
S31502012B009BD25CCC8FF432957136CEA3BE51A82BE3
S31502012B1041291251A0CADA32F2040035D9998D47F8
S31502012B20C002BB9048D95A1D1551C20EB108E250D6
S31502012B300217F24E89226AA20548523B3423C94D35
S31502012B40B686800F408C82E3C80D9F97F7E6773FE2
S31502012B50B42CF44D30DEF67E84D7ABB67C79655261
S31502012B6075496CF3EBE3D33A25218637A5255DD763
S31502012B7016A525A03D9473E847C811C4B47CBC6B65
S31502012B80560DA5D4D19C6F3C7EABFEC6774024B6CA
S31502012B902E97803548BFF96FFBAC32B383583700A5
S31502012BA09D24C91C2B81B6A2581F2121EE6E866275
S31502012BB0CE0EF15DB8C5B52C00AE63E259B2A603DD
S31502012BC0B605E5E209298D0D301229C0AB78CA98FE
S31502012BD02723B1A96955EF77479B43817B89777C87
S31502012BE0B51C33DEE2B5C1F120A4FC158E5D9F5AF8
S31502012BF0B132D97BF138A49FE746611CF01B382A12
S31502012C0016D2DD66529FC06F4870E3C8A760E5DC45
S31502012C10FD62DFA29D9365EC92D12EE5E79A867A53
S31502012C20D463E4871D9B40789D63FBCD5AA94DADC4
S31502012C309C9B2555377728ECAB3012C3E906C86948
S31502012C40223FBB1474F5487B88CCDCAEE4CEC76860
S31502012C50BE80ED7961932FED4BBC775F880BD7254B
S31502012C60DB2D3CB7F42A72140D06055A5F0C47BCDC
S31502012C702EB08125AC3E94008F9C491F3B4B430EDF
S31502012C8033A20613DEE6CD02C78E6F11A2525A7B1C
S31502012C905B3B16C1F481C6E14326D36006351D248A
S31502012CA0C752BC0E4D40E46BF591A7B13B2346AE2C
S31502012CB02BB45DD20E17EC2A94D6456696FD8D1D70
S31502012CC0DEC42E9CC5A96F29CBF3844FBF618BBC91
S31502012CD008F9A817D906771C5D25D37AFC95B7633F
S31502012CE0A4B0DD129C6398D56B8624C0309FD1A512
S31502012CF060E4FC58032F7CD18A5E092E1595A10743
S31502012D00C85F9E38028F36A83BE48DCF023B4390C3
S31502012D10432641C55DFDA1AF37012F033DE88F3E35
S31502012D2094A27005B9158B2F494508677042F29432
S31502012D3084FDBB61E15A1CDE0740AC7F793BBA7563
S31502012D403CD1EFE88D4C70083137E0338E1AC5DF7E
S31502012D50E3CD6012A55D9DA5868C25A69908D6228E
S31502012D6096D1CD70C0DB39629A8A7D6C8B8AFE6000
S31502012D70601240EBBC4788B35E9E77877BD004091D
S31502012D809C91BADDD41FCEB4AA8D4CC73EDB31CF9E
S31502012D9051CC86AD63CC632C07DE1DBC3F14E243E6
S31502012DA0B940F948662D32F4390C2DBD0C2F950622
S31502012DB031F981A0AD9776166C2AF7BACEAA40628E
S31502012DC0A095A25B9C7434F85AD237CA5B7C94D61E
S31502012DD06A31C9E7A73BF166AC0CB48D23AFBD5688
S31502012DE0EB3335F5E3B92A36403DB96ED5688533FD
S31502012DF072555A1D52140E9E181374836DA8241D02
S31502012E00B23B9DC16CD31013B9862362B76B2A06F6
S31502012E105C4FA1D791859B7C54571E7E5031AA03E4
S31502012E201FCED4FF4876ECF41C8CAC54F0EA45E094
S31502012E307C35091D8225D2885948EB9ADC61B24359
S31502012E40F9E5C49EED2565420333901601DA5E0E5D
S31502012E50DCCAE5CBF2A7B172405FEB14CD7B382910
S31502012E60408149F1A76E3C2154482B39F87E1E7CDC
S31502012E70BACE29568CC38824BBC58C0DE5AA65102A
S31502012E80570D20DF25452C1C4A67CABFD62D3B5C50
S31502012E90304083E1B1E7070A16E71C4FE698A169BC
S31502012EA097D6A9EF13D6FC7A5979061CA45AC40CF3
S31502012EB096DAFAC104E16FA56503E47204B7733ABF
S31502012EC034472D9E6BE5267B7516C6812B13C7C427
S31502012ED07FDE9CEC25955CEFAD4317E7160BC839EF
S31502012EE0686C821B0D6E190FDBE36049E2F01FF776
S31502012EF06C43B723701613618272DA7758EAF00CC3
S31502012F00EFB4164D3FDA331499F857E2F8533D7C84
S31502012F1048AC5C6F0EF5C92F5C744728E415827BB9
S31502012F2014949654297B87B42FF404605413347D88
S31502012F30AC008E4A8E13EFC65F214AEEAC5CF36D8E
S31502012F40B2B8F0EF5A7B126EB82959F36E66AE0D1E
S31502012F50551C426DBCF52C507C1245D8B0BB666738
S31502012F60BDCCD4DDA4806C199DDDF2955DF5E6221A
S31502012F701BC7D640C7335EC72F043CCB7912B57B3C
S31502012F805A94A63BD4CE32E35DC081E861130BDECF
S31502012F903BED675E090FD41A5D3DC6B8DAACA85D92
S31502012FA09F15703A4A66B6C4144E900A0F4F1976A7
S31502012FB0136C09A4394C61A5EDEC9F9750FFD06CB7
S31502012FC0F9F7BFD1DACB3D4E17576420828E11C96C
S31502012FD0569D180FBCCECCBA687646D4E922481B58
S31502012FE02CD5BC68BDF2BE33F22E4869B0DB49C6A8
S31502012FF0EE1ACB410CEEB6B5E5A71202274D295CB6
S31502013000813756257F0A36AB58790F488A2212250F
S31502013010E3B4146127055DC72AFE76D925962D22CA
S315020130209DBC7C34C813AB468323C199D4E8493885
S31502013030C94AD6874031EA4CE79EA2B13441351FCF
S31502013040179DCB6E7B730E96E1EA7CD64849F2FA5E
S31502013050891B5ED5B4A9E737EB596CB43C17B75C4B
S31502013060F0ABB7828BE6894AB9B7A69B27D91CF47E
S315020130706F878DE110C2E616C6091B7F0FDBAC7C9A
S31502013080CBF83B3D3BAA9F3CF93ECE857BA3BD9245
S315020130901D8A1297FD3624027DE296E93CB8057E29
S315020130A0A64DA74E2E75105522EC93F4756C580851
S315020130B0F489E49A10C5F9A28FFCE6EF56EC2C13BB
S315020130C002376F52BBD39313C8C4414311276DA371
S315020130D000C3517F05D46FECA1B7632AE561273A94
S315020130E0BC781AD9E0B26290679650C89C88C947E3
S315020130F0B8705040664AF59DBFA19324A9E669734B
S31502013100EDCAC5DC344401E133FB843C965DED47EF
S31502013110E7A086ED76950170E4F967D27B69B2255F
S3150201312064689813FB3F679DB8C75D41D9FBA53C0F
S315020131305E3B27DF3BCC4EE0D24C4EB53D682014B8
S3150201314097D19D241EBD78B402C1585E00350C622A
S315020131505CACBACC2FD302FB2DA708F5EB3BB660CC
S31502013160D05ACCC16FBBEE348BAC4696E90C1B6AC6
S3150201317053DE6BA649DAB0D3C181D061413BE83156
S315020131804F2B069E12C7E897D80A32294F8FE44978
S315020131903F68186F4BE1EC5B1703552DB61ECF55F1
S315020131A0B9E1B35A465D3A42613FF1C787C113FCA1
S315020131B0B6B9B5EC6436F81907B637A6930CF866B4
S315020131C080D08B5D6AFBDCC442481A57ECC4EBDE45
S315020131D06553E5B883E8B2D427B8E5C87DC8BD50C2
S315020131E011E1DF6E83376D60D9AB11F0153E3532D1
S315020131F0963BB725C33AB064AED55F724464D51D1A
S3150201320019FEFF2A035D74F266DB247F493C9F0C9B
S31502013210EF9885BAE3D398BC14531D9A677C4C2266
S3150201322098D31DAB299E665D3B9E2D34581692FCA2
S31502013230CD7359F3FD1D8555F60A9525C3419A505D
S31502013240E925F9A6DC6EC0BD331F1B64F4F33E7992
S31502013250893E839D8012EC828913A12823F0BF0542
S315020132609DDB89170C088E39F578E7F3252060A7CF
S315020132705D03BD064C8998FABE66A925DC036A1070
S315020132804095B613E847DBE5E11026433B2A5DF399
S3150201329076127838E9261FAC69CBA0A08CDBD4293B
S315020132A0D0533333AF0AADD9E509D3ACA59D663800
S315020132B0F0F788C88A65573CFABE2C05518AB34A8B
S315020132C0E9C02443EECBDADFB75B953F884244057A
S315020132D09F6031EAA8AAF7DEFF7C284206E7AE68BC
S315020132E054E09D80E8E28FF6D1BA829C6A09BCE37A
S315020132F045BFAD0AD45363079E95A1DEB51F9B7BDD
S315020133000CCC7174F1C81CF0BB829057372E2495F0
S315020133105F6BE4D393607727FB85BD285AD5132DBE
S31502013320DAB8355B06D2C5FAB74B62859A8ADAA84C
S315020133300FCD213D91CAD2CC580DF98BEE41836B4B
S31502013340527AEE7ACE9C01BFD3EA54E4B6D2DEA813
S3150201335019BBA8870B9F613CD8160956D7B51936F2
S31502013360B2C482026BF27935AEEFAF4FF292D564F7
S31502013370C0C7C8287BEDCDB7D7A873716B7B926A9C
S3150201338056466E984FB26D1F5B10E9D12EC02110C1
S3150201339075A3C02CFF3FFFF89225C8C6F86B2A1DFC
S315020133A0EB88CE3E8640708D8CC0EE80A907E3F095
S315020133B0DA8F780D615022AC8D470D3AA4926D05D4
S315020133C0A1A53DFC96A1051BD09EB543C2A8D77700
S315020133D01879D197623DDA06F75323F194B4FB6665
S315020133E0B80F5CD8B9501A757B09CF8B25DCAFD1E2
S315020133F069A90983A3A6162F5906B0E59EFFDD1416
S31502013400D60923F19609D7D639D5C3E98523FBDB3C
S31502013410112455F7B002D6460C3E8457050B0A27EE
S31502013420CC2B86A74006FF61FEAB115F9AC0CA810B
S31502013430BB2AD1550483479073E85A94E1BDA41976
S315020134409146146335E984DCF4231FD6A0E82F6381
S31502013450D5A8A9120680AA4CD318990EFADBF94807
S31502013460F8858A3A33B394D5587D8DE78976A34E8A
S315020134701F358E5E459FBF73B4EB41BCD2D707554C
S31502013480FC7295290329EB1CEED00295A2CA8C7C0B
S315020134907BE6CC1134A4BF91E731A864194884575D
S315020134A093D56867252B7CDA13CA224457C0C19883
S315020134B01DCE0ACAD50BA8F190A688C0ADD1CD29D9
S315020134C09CC0DD5FEFD1CFD6CE5D57F7FD3E2BE82F
S315020134D0C23416205D6BD5259B2BED04BBC641304C
S315020134E048E156D9F9F2F20F2E6B359F7597E7AD82
S315020134F05C026C5FBB98461A7B9A041468BD4B103A
S31502013500C3F9B59D0D765BC32151BACA700C5964D4
S31502013510094CF741938A8D45887426ECA56250744D
S315020135206FDD43C5D852733BF77A9A4E62166CE940
S315020135309CFBCCAB27DA16793316F98253A6166DA4
S3150201354041FCCF1E0C986E31069FD4E0C7ABB4C7BF
S31502013550618E7CC847C2D59FB55DB5AC5A6AD7772D
S3150201356067EDF16831FDF051C23B6FD8CD1D812C5B
S31502013570DEF2D204435CDC4449712A0957CCE85B8A
S3150201358063F17FD65F9A5DA98156C74C9DE62BE909
S3150201359057F220DE4C02F8B7F52D07FB202A4F2001
S315020135A079B0EB303D3B14C8302E65BD5A1589758D
S315020135B0315C6D8F313C3C651F1679C217FB702554
S315020135C04AFA6283AB20FFCD6E3E1AE2D418E15766
S315020135D02BE639FC179617E3FD6917BCEF539A0DD3
S315020135E0CE10F4044EC3580385066E275A5B13B6F2
S315020135F02115B9EBC770965D9C88DB21F354D6047D
S31502013600D5B5BDDD16C17D5E2DDDA58DB6DE54298E
S3150201361092A234331708B61CD71A9918264F7A4A3A
S3150201362073F7D2C3741FD2E94568C425415450C108
S31502013630339EB9F9E85C4E626C18CDC5AAE4C51190
S31502013640194ABB14D4DBC4DD8E4F42983CBCB21975
S315020136506971CA36D79FA84890BD19F00E32650F17
S31502013660C6E0FDCAB1D186D481513B16E3E63F4F8E
S315020136709A93F2FA0DAFA8592A0733ECBDC7AB4CA0
S31502013680E29D0EA80B8BA2ED06891195FC05106031
S315020136903CD37B419F713CA62325C396D8762263F0
S315020136A0B9662AAE733A3EE38216D0BCDF2668B00B
S315020136B0B33F8F4B7F7AC3F873D8ADB4F93ED224A8
S315020136C0080D965FAF1FC72105E274D86A385609FD
S315020136D06F4345BD5E403F83EFD0190B72BAA225F7
S315020136E028742F53FBA8FA1672E2A446A02ED4DB45
S315020136F080A49E8B3B653753033F972372946540A3
S3150201370044A0541A9CA1C0F7BB9FBD77245E1C4AF4
S315020137107229F25A11CAE3A60D9E2E3F95BB1918BC
S31502013720842E045E79BB8F4914B798769AD80D7D9B
S315020137309562FE27A40BFB8B24052021E782BA366C
S3150201374041EC4542B7CB0ED6168734349EE89BFD33
S31502013750DE8422E4FE0A24C9B41D53D048F672441B
S31502013760D54E27570A9DD6C8174B80603280BA4577
S31502013770ACDF552210DA3CDF39B309272321D27790
S31502013780D894AD64706D8A496322F69AFDC8B5A5CF
S31502013790F441C14505EDA88C8C352D66C3BE632C5B
S315020137A075E43EEFFA31EC8D92FD229E8AFFDB999A
S315020137B0B1CA264E59112D51B91043EC1E56DE0CD3
S315020137C06A584E5A85A95F2D7EABBE49A4F7F865A4
S315020137D0D3331DF2DD4D07AAEE9DCB1B72BA5C18DF
S315020137E041CBE3F4A39D86937E97F740F59203BFFF
S315020137F0833B46D0FC046202ED6EEC9E761AC93E0C
S315020138006CCEBAB05FA0BF1E1E9AAF1C0C6234C941
S315020138101AB6821DC41C77CCEC4FF7A56AA1942D6A
S31502013820F8FB4B19B4AC1D489982E5BAF1E3774D21
S31502013830A072137D2E61F41EE169FF707E868D3AB8
S3150201384058F9AF555DCD586F217756755CAA3EBAC8
S315020138507D2265919923C1755EB3F2C24313BE6996
S31502013860E11CDE681002BEF61FBCDC0EE718D5E8C5
S31502013870A505551BD0FDEFE3D03FECD35333F63507
S3150201388002A92393D43B7F3B536E2C6B56B5217C05
S31502013890A752783AF58FBAE500CE8E83A577BC2872
S315020138A036805DE2A878BA6390343394001E65636C
S315020138B032E58C28202FD8482475B536FAAB313A31
S315020138C02E0A9C0824969E233847FE3AC0C448C74E
S315020138D02AA14F762AEDDB1782851C32F0939B6370
S315020138E089D2783F8F788FC09F4D40A12CA730FE99
S315020138F09DCC65CFFC8B77F22120CB5A1698E47EBC
S31502013900C3A11191E308D57B89749080D4902B2BA6
S3150201391019FD72AEC2AED2E7A602B6853C49DF0EEA
S31502013920685A9B595881CCAE0EE2ADEB0F4F57EA5E
S31502013930077FB622741DE44FB44F9D01E3923B40CB
S3150201394013417684D2C4676735F8F5F73F4090A0F4
S31502013950DEBEE6CAFACF8F1C69A3DFD1540CC004BE
S31502013960F85C468B812FC24DF8EF80145AF3A07191
S3150201397057D6C704ADBFE8AEF47661B22AB15B355C
S31502013980F4BB9374CC641EA7C3B0A3ECD984BDE582
S3150201399085E705FA0CC56B0A12C32E1832819B0FF5
S315020139A018738C5AC7DA01A311AACEB39D0390EDFF
S315020139B02D3FAE3BBF7C076F8EAD52E0F8EA18751C
S315020139C0326C7F1BC45988A4983238F4BC602D0F1F
S315020139D0D9D1B1C929A91518C45517BB1B87C34724
S315020139E0484FEC71975344516E5D8CC97DB105F810
S315020139F06BC6C3471AC162F7DC994676859BB80046
S31502013A00B06650C8505DE6FBB099A2B3B0C4EC6291
S31502013A10E0E81A44EA5437E55F8DD4E82CA0FE08A3
S31502013A20D0EADE6876DD4D82235D684B204564C8A7
S31502013A3065D6895DCDCF14B537D5754FA7293847D8
S31502013A4043D6344943938952F52212A506F8DBB9C6
S31502013A50221CF4C38F876D8F30979D4D2A6A673773
S31502013A60D685E277F4B5466693618F6C67FFE840C7
S31502013A70DD94B5AB1173ECA64DEC8C65F346C87EAD
S31502013A80C72EA21D3F8F5E9B13CD016C771D0F13AF
S31502013A90B89F98A2CF8F4C21D59D9B3923F7AA6D4A
S31502013AA064856210564A1E5934DFB4A87CB84B2A83
S31502013AB0438EA3E772252ADE6E04E5FED9ABBD3C31
S31502013AC07030D12CDDBBAE819E0E5AF825432E965F
S31502013AD0CBFEDFCAAA9193DEE630C252DA7F1753D2
S31502013AE079DEB9500697BCA79BB501C3FBA7123D68
S31502013AF08CE36AD3682E6502DC99615A8339D779D8
S31502013B001F7A9A9E57D5D8D872F4993F17E06FADAE
S31502013B102A41B4FFAEB6FB67521842E1BADAA7618F
S31502013B20E57B0FD2B3102BCC5F74F2FAF50CAF0121
S31502013B30C79418FF1E9925876B829355F01D942F02
S31502013B40949372E126CAD53F9E9289FBACB717C1FF
S31502013B50D0583C0E3936164C04E468D427EBA46ED1
S31502013B60BDC13141F64D35D92258EC86A1948075F5
S31502013B70C2F359E412EE6444823213CBE4FC116CB3
S31502013B803717590D92D9C921D66CB4E9D241EA9BAC
S31502013B90CABF890D20840EE2F85FAE6E949FD97971
S31502013BA00532676835487BF16CD9AA3CE8EA7D386B
S31502013BB086E3FF56FD71B46199A545B79511743136
S31502013BC02475031306D65F536AC2FBB0F6AD10E243
S31502013BD0AE90E9239B0A8DACF9DB2FD7084D20471E
S31502013BE07F494B0DB32E240787CCBCB90663F91E58
S31502013BF0456F11D834099537045B4001628D46053C
S31502013C00DE6732F9A965F5008A8ED5C08DD7CFCE8A
S31502013C108EE218F3DCE215A25233639B91EE9945CB
S31502013C20CE2A8C5CE972B0A24B9C1E6596FCCF69CA
S31502013C302BB4E742F88E3244B3DEAA22C196D95D8D
S31502013C400732F85E423CF2B4B534A9C9D394F8AB53
S31502013C50F787FD39138C70D0306116179178761873
S31502013C607C500C67F05E5B92BF333CB942C89B81C4
S31502013C703F00DD709A2E791074DC286E7A4BAD59AD
S31502013C8080C9546A1DE913A48FD910F525774A55BF
S31502013C9046620F5AAC86C26ABF25C88589A35B10E4
S31502013CA009AD7D266A018F3463D3B7A2C9D6582FCF
S31502013CB01322074E59BA759750A6E6F97F089D75E4
S31502013CC0DB5D8A9DDD80ABBFC72458905962EF1632
S31502013CD0B864AB326A71FE63FBEB0AE08A54615443
S31502013CE047BE3DEB62753A5FB8A0BD8E5438EAF71E
S31502013CF09972744531E5C30051D52716E7E90413D4
S31502013D00A28EADACBF043B5884E88B14E843B729B5
S31502013D10DBC510083B581E2BAABBB38EE549542BB3
S31502013D20FE9CDC6AD21498780BDD488B3FAB1B3CB8
S31502013D300AC679F9FFE10FDA93D62D7C2DDE6844A6
S31502013D409E4619945E35BB5154C7DD234CDCE633DE
S31502013D5062997F44D6B6A59363BD44FB6F7CCE6C54
S31502013D60CE0763F8C6D89A4B280C5D43313511212B
S31502013D702C777A65C566A8D4527324637E42A65D02
S31502013D80CA22ACDE88C6941AF81FAEBBF76E06B914
S31502013D900F58598D388CAD88A82C9FE7BF9AF258D7
S31502013DA0ED6C61E4F8B0A8C37DA8259E0E6600F706
S31502013DB09CA5BCF41F06E361E90BC4BDBF920C2EA0
S31502013DC013C1BE7CD9F6189DE4DBBF74E6064A84AC
S31502013DD0D6604EAC22B5F520515E9550C05B0A7293
S31502013DE0355A809B43093F0CFCAB4262378B4EE846
S31502013DF04693225CF3171469ECF04E14BB9C9B0E9E
S31502013E000027F676289D3B64EB68760E409D1D5D84
S31502013E108406FC2103434B1B6A2455227EBB387957
S31502013E20EE8FCEF86526BEC22CD680E814FF67E96E
S31502013E30EE4E362F7E6E2EF1F6D27ECB7033B33432
S31502013E40CCD68186EE91C5CD53A785ED9C1002CEC7
S31502013E5083888058C18574EDE465FE2D6EFC76116A
S31502013E60544EAE9441B2BE446CEF5718511C545F86
S31502013E7098048D362D6B1EA6ABF72E97A484544457
S31502013E8038B63BB71DD92C96089C12FCAA7705E6D3
S31502013E908916B6F3399B616F81EE44295F995134D4
S31502013EA07C7DEA9FD0FC5291F65C93B0946C814A78
S31502013EB0405C2847AA9A8E25B7932804A69CB81077
S31502013EC02560643B6E422A9BCFE45C3890711232C4
S31502013ED045EA6DDDC2FF5CA275DEA8BE1090400602
S31502013EE0A04AD379D6DE7CD69FB34DCCC09E0BCCED
S31502013EF00F195DE356A435A5EF6F1FF6EAD9052E14
S31502013F0059EB1BD61A9047C40A88DCE5BC191F6611
S31502013F102768CAB782546824267FE0EF8C773C294A
S31502013F2096900607709E80868901E5E4155BD7AAFD
S31502013F3047011AA21557F3075E5D8112F1F3870451
S31502013F4000F21FA1D695C716C91558B1E2D070CB9A
S31502013F50B595539B2093F2894F7BE431D0C2B85079
S31502013F6062498A06080C35489A2C095153D0FD6FCD
S31502013F70DDC86FAF4A4FAF178BA5DB3CB553054B77
S31502013F8079FF321BBEFC659C9B0FB5039FEA75EB5D
S31502013F9006E6076C6C2AEDFC08797151D56C103571
S31502013FA0D452C1271B2105BF39F61ABD4968C25E23
S31502013FB098AB6F8EAA2C0B5E4008BD50DD8B4C056B
S31502013FC03D07CF1D2FB1A03876A2F6B7A3A8604B45
S31502013FD09A4F40D325ACD5FE29C205555E2DE8720E
S31502013FE0C844D8F07F690B6B49CB79D95CF812BB0F
S31502013FF01F0FDAC1C641A5D21172CE5829247C7B84
S31502014000021D7769FDCDD9007EF1FB6CCD760241A9
S31502014010C72EB11C6C30454C6108502716BF572874
S315020140209E6801013F90219F051086BFD3DF79D794
S315020140301B0FEB3D5FEE22A1D4005A484BF80D51FE
S315020140406ECA28CE293C0DF13D09B6FC4045D3BACC
S315020140503F2DEAA2D76E42E7B998F24F4E9DAF08BD
S315020140607E1F521636653015BA3D2096B8060D6684
S3150201407079085F54BC89392DB0D7EB78AF03534B1E
S31502014080E8BDBCBEC3A6F872898E3ADC4ACA0F4F96
S315020140907ADFBFC7E8D4A96FB74E629B672DCF0DF2
S315020140A09C2818974947593D263F5324C5F8EB12D8
S315020140B015EFC314CBBF62028E51B777D578B820FC
S315020140C06EF0455ABE413975655F9C6DEDAE7CD089
S315020140D0B651FF729C6B7711A94D0DEFD9D1D2174B
S315020140E06A3E3F0718AFF227691052D719E53FFD1D
S315020140F02200A63C2CB7E322A7C665CC634F2172E8
S31502014100F569D8F6BF0355ADD1032B5A8B83968E2B
S31502014110C7E17A06E524FD4349A1D9C3FA7AD10E4C
S31502014120138FAC56634347CEE7EF725160DDAD3D67
S315020141302CA6491409C73DBBCF5D2205EBDD6D2ACD
S3150201414080EC52F445079C70BBF67808B5E10B4743
S3150201415028B779C89601B6739A20E511D8B6A04256
S3150201416093A60753407FE3B49567332FD714A7ABC2
S3150201417099107673A7D0FBD6C9CB7181C548DF5F8B
S31502014180C9293BF4B9B79D1D758F514F4A8205D690
S31502014190C49D2F31BD72C0F2B045155A85AC241F9C
S315020141A0AA05958E3208D624EE20140CD1C14847B1
S315020141B0A225FB065CE4FFC7E695E32A9E73BA00D5
S315020141C05A499C2DB3EE82BA7CB92BF1FCC8EFCECB
S315020141D0E0D1B593AEAB2DB09B8D69139C0CC03962
S315020141E050452C24C8BBBFADD98130D0EC0CC8BC1C
S315020141F092DFC8F5A66635844CCE5882D325CF7890
S31502014200689D48318E6BAE1587F02B9CAB1C85AA37
S3150201421005FA4EF0975AA7C932F83F6B07526B005F
S315020142207F2FBF89B038C951A7E9DF0265BD97243F
S3150201423053E480789CC0FFFF928EF9CACE6745127D
S315020142400DC5860C448B34DC51E694CCC9CB3713AD
S31502014250B93C3E644DF7226408CDE3BAC27011241B
S31502014260B473C40A86ABF93F35E41301EE1D91F02E
S31502014270AFC4C6EB6050E74A0D00876C9612863FC3
S3150201428046729D739028BA70C1370F86B9455CC3D1
S315020142903D7FBC4B11FFB59AA1EB08CD1C92801C48
S315020142A00CE661DC2F8BC20277E3F62868D0CDAA31
S315020142B085069D14D501BF5F196BA809664F692949
S315020142C0F59005ADAE29F75240E62712EA2DB0EA7E
S315020142D0AEA1C870035F8A2EB78932919DC17D2135
S315020142E0E47B95F703539C0C45C185E0201AC3A3D1
S315020142F0500085D0711D72B0DAF20BAB0E39BA0AD3
S31502014300F37B8C63FEDF9F5295498B38609E2BDFD0
S315020143104902AD1B4FB327E0ED74FAB9C92FC97B28
S31502014320F9D91A802EEF979F3ADAAF79547D6983CC
S31502014330506B59BDFFB306E9E0B83FDD372B670283
S31502014340E48508268BCAB2481C4CB382EC6B28A4BE
S31502014350748FF517261A7E93A5A22CABCB1F1D745B
S31502014360F5A78C3929A79BEEDB49487A25A69CEB52
S31502014370E144C57ECE29EB29C8E236F71EA22C23DB
S3150201438017CB3F253D4261BF14EB39FAEA3C80085F
S31502014390AFC75198DF0286F14B41E349A0F300040E
S315020143A0F416159ECBF535FF45AE8A64CF5B80EEDA
S315020143B0F39E3AB92B3CD7F0C2A69220F20B7B09A7
S315020143C0ACE1A2A7E74CE47BB7B8D1FA3ED91F41CB
S315020143D09B7C5F0DD7A1341716DB27312392650D1E
S315020143E033D7A92115AB8BC425BB1AD6EAEAC2A6D5
S315020143F00543CBC61C6C5C62673AEB93EA0FC97F35
S31502014400CBA4F153941230ED8737F5C8C921E6BC26
S31502014410B9E7BE38132BCBFA8C42A89E8A7925308E
S315020144204D77F4214DB9457827B797786CF162BF7C
S315020144302B52563CC05718671212629552A8D63CA7
S3150201444099A9EC3A92DEEC3F2FC1E862005BAABD64
S31502014450DE8A9896FC9DB9673610665228C0523F8D
S315020144602D9BF378DEB8D936ECB947A871ED427FB8
S31502014470DE3FBD79D6D11C246BCEFB92EC4F706A1E
S31502014480BEE7C5FAB0C03344BEDC084C85AE4B72FA
S315020144909B8F9746C44CF2F1C85F82626DFF0A4A4E
S315020144A0015309619EFB17E9F892A00294DF02C14A
S315020144B00B1966FAF5E209BF37FEDCE0BE0911689F
S315020144C0DE0D2A78C90C9A55858371EAB2CD1D553E
S315020144D08C23EF315B86627F3D61737976A74A5001
S315020144E0138D0436FAFC189CDD9D8973B39D15293B
S315020144F0AAD0929F0B359FDCD4198A87EE7EF526C8
S31502014500B1EF8756D52CAB0C7BF17A2462D180515F
S3150201451067245A4F345AC1856930BA9D3D94414048
S3150201452096CCEB43BAEEC0C3AF9CEA269C9C748D33
S31502014530C6CC771CEE95FAD90F348476D9A120140C
S31502014540DDAA6CA24377214BCEB78A6424B4A6476F
S31502014550E3C9FB037A4F1DCB19D000984231D91218
S315020145604F5937D39977C6007BA43AB240513C5E84
S3150201457095F35FE35428184412A0594331924F1B15
S31502014580510915899D105C3E6A69E92D91FACE3968
S3150201459020305F973FE4EA20AE2D137F2A579B23F3
S315020145A0B16698A43030CF3359485F21D2731F25A3
S315020145B0F6F4DE5140AA82ABF6239A6FD591F15FEA
S315020145C068902DAC33D49E812385C95F79AB83284C
S315020145D03DEB9355807245EFCB368F756A520C02CD
S315020145E0BCDBD89EF83498776CA47CDCF9AAF2C8B5
S315020145F074B0E1A3DC4C52A97738311546CCAA0234
S3150201460089CC42F059EF31E9B64B128E9D9C582C5A
S315020146109759C7AE8AE1C8AD0CC502560AFE2C45AA
S31502014620DF777864A0F7A0869F7C600E2764C4BBFF
S31502014630C911FBF125EA17AB7B874B307B7DFB4C1E
S3150201464080DF78D328CC3365B4A40F0A7943DBF62D
S315020146505ADA01F7F95F64E3A42B17F317F3D5745A
S31502014660F55EF7B1DAB52DCDF565B016CF957FD7E3
S3150201467085F0493FEA1F57143D2B2B262136331C61
S3150201468081CAD96754E56FA8378C292B757C8B397A
S315020146903B62ACE392086DDA8CD9E94745CCEB4A29
S315020146A0771AD205725A1753D434B9D32244C0B0F9
S315020146B0DCEA5DDD4BF2D9AD8CFF109FE6464F0772
S315020146C045A459A004B2E90D0FAD174BAAB45CE19A
S315020146D057C5791F52ECBBE11B0871D0B9F13326DC
S315020146E010998B017741FBC140E10F6CDC20EAA6F0
S315020146F0FFC65443E7F361D67A40A3F1E672CB5E75
S31502014700FCDA4F2223C893D0C6A3E402FD2EC9DFE9
S3150201471019C30FF175C2C63AF63AA25F0845386A5D
S31502014720A924DC9F3BCCCAF31D6679671C3F749EA4
S31502014730CE710EBD5FD9ECC0F6EA79FEAD703E428E
S31502014740A69131CAE06BF6270D25B3839E3672A078
S315020147506310B3114CC85D62BD1D52E8B5BAB169A9
S315020147604EFB59221BA315A52FC5CA2B97F3600928
S31502014770CB54348DEC2FB5ED19C076C420272E38D3
S315020147809769E8E806E1EAFE8393D0987F33639856
S31502014790EFEB06AA0E487094D0C2C5D498688B0373
S315020147A0A650CE8A1DC591F348292DAEB9D0423104
S315020147B080CA247F1A5A4DDBA80E25598BBAAE211F
S315020147C0892EFE63EA859C9CEC12940E91AF1BBE68
S315020147D07BFEFB868AAA7B8F6C8B96EF9F7FB10F3E
S315020147E04EF66F707666A1593DA5860DDD53B91059
S315020147F0960B5CCEE6E14858680C7812E7788B2D69
S315020148002B90C3AF2EC6D5792807E88952213A776C
S31502014810B92001E140E68AC36D1A2B7B7123AE09E9
S3150201482043B1B1A55C00061DA2CDD17FB86B4C6D1B
S31502014830E7FFFC537696F56EA51ECEC1E8297C09E3
S315020148403BA5F543B9EC3C5CF28DC0061DA6C99C9D
S31502014850475489859A63BACFD59FF00DE85A845A8F
S31502014860CA94EB5DBE7DE94C489C708C38A4D03865
S3150201487097D069A1D4CE3EC4C387E5F7FF49120A90
S3150201488081E4D0004E0658E59A38BFD84E1A134233
S315020148908E60D175EB28DEBB6911492851B84933BF
S315020148A036A5070DEC1A9B590C893486D006E77991
S315020148B07BFB7DB8A13D1419088C4B8D61F6786A94
S315020148C09BA15320DFEEB017FA1F0B334BD8587C4E
S315020148D024DEAAAD7BDB53AEF5C07879A4A70535F4
S315020148E0C9016D271B07F012708CC486C5BAB8E7D9
S315020148F0A9FBD6719B12085392B73D5AF9FB885D03
S3150201490010B654739E8D400B6E5BA85B53326B805F
S3150201491007A2584A033AE6DB2CDFA1C9DDD93B17C8
S31502014920DF7258FE1E0F502BC11839D42E58D65895
S31502014930E03A67C98E27EDE619A39EB113CDE106CA
S31502014940236F166F51ADD040BE6AAB1F93328E11E3
S315020149508E084DA0145EE33F6662E1263560803023
S3150201496053035B9E62AF2B4747048D27900BAA3BED
S3150201497027BF4396465F780C137B838D1A6A3A7F6B
S315020149800B803D5D3944E6F7F6ED01C955D5A8958B
S3150201499039632C593078CD687E30512EEDFDD030F9
S315020149A0A4625D3CBC31F040607AF0CF3E8BFC19CB
S315020149B045B50F13A23D1898CD138FAEDDDE3156E4
S315020149C0BF01CC9EB68E689C6F8944A6AD83BCF0AE
S315020149D0E29F7A5F5F952DCA4182F28D03B4A84E9A
S315020149E002D2CAF10A46ED2A83EE8CA40553304659
S315020149F05F1AF1494577219163A42C543009CE24DB
S31502014A00A732EAC73DB1F59898DB167ECCF8D5E315
S31502014A1047D9F8CB52BF0AACACE45EC8D038F3082A
S31502014A20A164DAD08E4AF0754B28E267AF2C22EDEB
S31502014A30A47B7B1F79A33482678B01B7B0B8F64C8E
S31502014A40BD731A9921A883C37A0C32DF01BC27AB45
S31502014A50637077841B333DC1998A07EB824A0D53F2
S31502014A60A2B8243B9A25E65CB8A0AF45CC7A57B8E2
S31502014A703770A08BE8E6CBCCBF097812513C143DC6
S31502014A805F79CFF16261C8F5F257EE2619868C116C
S31502014A907835061C85242117CF7F06EC5D2BD1368E
S31502014AA05745157991276D120A3A78FC5C8FE4D540
S31502014AB0AC9B17DFE8B6BD365928A85B8817F52ED9
S31502014AC04A0D1ED18C43BD8808F3CC430D61CB3010
S31502014AD0CC7B9391370E9AE00C72B1255B13594543
S31502014AE0E9A16D7C8336A41EBEBDB91FAF89C1F98A
S31502014AF055D15DCEFC01303052BE57BC9EC9A728A6
S31502014B009D9ED1E89993FDB8FF232496CB9181907E
S31502014B10A342C747D748B9B2C444FBD72632F337B3
S31502014B20086E5FB56787AE0D023A205BB3B3434A9F
S31502014B30798CAF806E5A72E3A3A75F70D17F7A0F29
S31502014B401DB121C853259133DF01E341C242ED660E
S31502014B50FD22421011CC6F068F1692C1413B7A306B
S31502014B60E05CB56E075DEB8E5A920DAABF36C52F74
S31502014B70E8C6B6DC0F8381BE52AF7B8245706C55A7
S31502014B80B7D8E90273512B8EE81487246922E5E32B
S31502014B90B560A94C77BD4FBDA9ADECC599414B6F27
S31502014BA00644F42B02904BB934B590FF7E23D4AB65
S31502014BB03A6DF8FA60A90076E32E32C2DAAB452FD6
S31502014BC06A8AEFC81249AF615E6EFB43FEA48FE5A6
S31502014BD0CF27D46F5DCCAFB5EB111E1E2893536A56
S31502014BE089EED1A53951DAF3886993FF7C4545816E
S31502014BF0C488E100ED2F623F3D5A8BDB1538510F18
S31502014C00CF439414FE04FF0FD7DD5C86D9C6CA537F
S31502014C10B7D11E53035B38319D03D1AC7CA24658F2
S31502014C201787B01EACCDF54FBCE9F29095B2E86795
S31502014C3099FA7A235E3B0944B2B80887ED4B410DD6
S31502014C408CF7D8409E113046110E713CC59B1AA0B5
S31502014C5079DD1089252B6D48E52403DBB3476C1EEC
S31502014C60F2C8A9C4BC34216A372ECE8A1CFDF8FBD0
S31502014C70BAA0119904E30A009E9BC86B613A6E04BD
S31502014C80BE0639F04254E6142ABE62E3549D014A35
S31502014C90C730C28DECDFCC681C866BAF3F7EFB7CD6
S31502014CA0DCAE588C4E973746A441F0ABFB22EFB9E6
S31502014CB08A7180E956D985E1A6A843B1FA781B2FF4
S31502014CC0512F5B30FBBFEE96B8969588AD38F9D376
S31502014CD025DDD546C72DF5F095003ABB908296574C
S31502014CE001E1200A43B81AF747ECF0248D6593F3E4
S31502014CF0D1EEE26EA80975CFE1A32ADC353EC47D69
S31502014D00FF2A4FE316AFBDA6A64FE837CCE9A10AA3
S31502014D103130AD862E312E9AA5300C130570FE6404
S31502014D20653DE2AADBE7EB0E68D83508DF6FFF784F
S31502014D304F2616C09B24264449219DDAD95F8D73DD
S31502014D408CD5DAE8DD96CED522492FB210DC7E1457
S31502014D5027EB1CAC02857282DF097BE33BEF8431D0
S31502014D60C3D97D88656696855553B04B319B0FC96C
S31502014D70B17920EFF88DE0C62FC18C751620F77E2A
S31502014D8018973E275C2A785A94FD4E5E99C6763567
S31502014D903E7D231F05D82E0F990AD5821DB84F04D1
S31502014DA0D9E307A9C518DFC159634CCE1D37B357DD
S31502014DB049BB01B2344570CA2EDD309C3F82797FF0
S31502014DC00BBA87C8AA2D07D3EE62A5BF052926010C
S31502014DD08B76EFC0023054CF9C7EEA4671CC3B2CD7
S31502014DE03144E12052350CCC4151B1090795650D8B
S31502014DF0365F9D201B62F59AD3557761F7BC697CB4
S31502014E005F29E804EBD7F0077DF3502F2518DB1055
S31502014E10D7981717A3A951E91DA5AC22739A5A6F00
S31502014E20A279982E427C19F64736CA52D4DD4AA493
S31502014E30CBAC4E4BC13F419B684FEF077DF84E35D8
S31502014E4074B951AEC48FA2DE96FE4D74D373991D09
S31502014E50A84838870B68406295DF67D17924D84E16
S31502014E6075D9C56022B5E3FEB8B041EBFC2E3550CB
S31502014E703C65F6A930AC08886D233905D2922D30EE
S31502014E804BE23D48AD475853E63234245690DD8510
S31502014E90EE9944FB5E7B5BD3AF234D597592CB569C
S31502014EA006781FC3033F1810E74ACC139B80CF3005
S31502014EB04B5FAFF19408639BC9FFA4E8F6A5DA7FBD
S31502014EC0F372E6AD32E9FB11026CD71641C67B30AD
S31502014ED01F0E35F60EFA6B9F0DB49C8D1B4C4115B8
S31502014EE07CFB3ECB3F02594C942A3CC699CB2F6C94
S31502014EF084E0C7C3E29041BAD97418A5AE5D540ED7
S31502014F00303CF50D8B8B7B9598F0608E0A771C2AC7
S31502014F10DE96573470A6C7BBC99BC9909A8FA42245
S31502014F2058AC3F8DDCC07D6BFD2BE4E66CCD97540E
S31502014F3005D300F41B7D2F5436918D047FF459411C
S31502014F40321EE3390866AD2050BE0584D51B1EF814
S31502014F5069BCDAF4564006F875B971CED43DD2145D
S31502014F603948D2BBA8158574552BB0AF4783127742
S31502014F707FA1A249C62ABA50F130D73A5125050670
S31502014F80827FA28A098E39F224B0A189BB82796D08
S31502014F904CD24D21844069FAC30123A36F96AB71AA
S31502014FA0431ADC5E5E5804B23CC79758EE160E9F52
S31502014FB03C48704EAEC0825BBEF9DD2B0E174A62CB
S31502014FC097552DFA8D4F3F250C137754409CE425B6
S31502014FD002116B99E552C0004A6CBB336E96CB3314
S31502014FE00969117F042870596744561E1CC48A82B6
S31502014FF0877321E6BD7D41708443ACFBAE271672F1
S31502015000076EBDB487E1677074FED1C703028F6E66
S31502015010305AC8382FAAC6938AA7753D1F7D2976AD
S315020150208C30C88ED3F37E2BAB94EB71ECD78F8287
S31502015030BD2A06C5363B7C804141A931B84CB60C26
S3150201504078634C5333FC303061E841E55C5C63B90B
S3150201505028C7B2D9BEA9D915CB5D77F3A33E234999
S3150201506031FC0B44CDD93783D78F31AFA12C9D7239
S3150201507070202C77A4A440A0BE49733AF02E0046B4
S315020150808814E3C0C6751848B43420E2B2299421C3
S31502015090653B28318AC92372F97722340BD620342B
S315020150A0F765FEAFDE3AA2FA4C76E05BD41E2678AD
S315020150B00344162F1E0A1C4495D3877A568EEA5A42
S315020150C03D28A4BCA2C11378D93D86A191F062ED17
S315020150D086FA68C2B8BCC7AE4CAE1C6FB7D3E51030
S315020150E077F1E0E4B66FBC2D936ABDA429BFE10452
S315020150F0E8F67A78D466195E60D026B45E5FDC0E75
S31502015100678EDA53D6BF535441F6A924EC1EDCE965
S31502015110238A57033B2687BF72BA1C36516CB445A4
S31502015120A17F4F31BF2A40A950F48C8EDCF157E2A0
S3150201513084BEA8234BD5BB1D3B71CB6DA3BF772183
S31502015140E4E37F8ADD4D9DCE300E6276566413AB63
S3150201515058990EB37B4F594BDF291232EF0A1C5C69
S315020151608FDB79FABC1B0837B3595FC21E814860CF
S315020151708724839C65767A08BBB58A7D3819E64A07
S315020151802EA34453AAF6DB8D78401BB4B4EA887D7C
S31502015190600D134A97EBB05E033EBF171BD9001A87
S315020151A083FB5B98447E1161363196712A46E0FC97
S315020151B04B9025D44834AC83643DA45BBE5A6875D2
S315020151C0B2F261EB3309966E5249FFC9A80F3D54FB
S315020151D06965F67A107572DFAAE6B023B629551308
S315020151E018D5D1ADD7DBF018111FC1CF88789F979B
S315020151F09B751471F0E13287013ACA651AB8B5791D
S31502015200FE832EE2BC16C7F5C18509E819EB2BB45C
S31502015210AE4A251437A69DEC13A6901505EA7259D6
S3150201522011788FDC20ACD40FA84F4DAC94D29A9A48
S31502015230340436B3642D1BC0DB3B5F90959C7E4FD5
S315020152400D22706241A02A814E5B24F9FA895A998C
S3150201525005EF7250CEC4ADFF73EB73AA0321BC23D3
S3150201526077DBC7B58CFA824055C134C7F886860604
S315020152707EA5E7F6D9C8E629CF9B63A708D37304AF
S31502015280059E58032679EECA92C4DC4612424B2B7E
S315020152904FA901E674EFA1021A3404DEBF732F107F
S315020152A03E0DC27E0CD5A2B56372C9A06EDD4BC698
S315020152B04D73FFC15290E856BAFA2F2BF7C6294908
S315020152C04762A393A2CB8E3565FD68B262988FAF12
S315020152D0891CA068997E2F41244575CD12F3865704
S315020152E02C0314CAFF887733E31E7F44281092F3F6
S315020152F0ADCC1B231F07148B834734F24B7B814CA6
S31502015300836638372BCD8227B64F69E49C60AC0899
S315020153107C1DE15AB2495B66631903B57C5F1F3096
S31502015320456C19571ED2D2CA6B797B7479762D399F
S3150201533069DE890F6F51A3503179C5BCFA30242F2A
S315020153402944839A8C6450130BAC56ED53CCB37635
S31502015350CD82D7F00498E8DF2757A9728A324D7CAD
S315020153606EB971288553F80FBBF1C360AB9F3EE15D
S31502015370024434255359FDEE4B74B77570C3370A8F
S3150201538084440BA457A03B41436A5F4F1A2E4CBA81
S315020153901CD6E1AEA5A04B6153DC058B1A53A1784D
S315020153A02B56D03A70F1BD6CA32125C93048CF8E58
S315020153B0E72484FD03D3EBDA6FC55E2EA482AD72B8
S315020153C0A3D9EA5361CB20C76E632B517FC9B2556C
S315020153D0B19002D45F5BE3B1E20E533BF1CCD92F1C
S315020153E09417C3437DBA059D26253293FFC87024BF
S315020153F038741916C8DE2383539B56819870522836
S31502015400B896F7475B47BD07548F2C5413B0C7D2E2
S315020154107EF8243BF423BD2DD601097BD7AF516516
S31502015420C3553F8B5ACC998CA0D2DE3F25D71106A4
S31502015430360AB736FF9529ED19268AD7549A691F76
S3150201544011FA0753AFF56614F20A6CED7DCC7F8132
S31502015450FBA3A4C34EE46D0A0B7D92BC75140774BB
S315020154608AEAE773F39272E7315A04CBD237652996
S31502015470DE4F27D33E65D01B6629BD76442C9A2F73
S31502015480CF376B9A83F9FB15993ABF8E93E7DF43C0
S315020154902B6ABD5381F0510DCDCB35AE40A32241CE
S315020154A038E3D7205DC1A63843270B1E97A5DC3703
S315020154B0DC7FAB5B312285F86ECDDD840DF40C0DFC
S315020154C009D60B9564CE1096F2288CA9AEDCB4CE21
S315020154D025E83782AA2D9AE3BBB1FC6054398E11B5
S315020154E0C645577FABB918EB90C68757EE8A3A0283
S315020154F0A9AFF72DDA1227B73D015CEA257D5936A8
S315020155009A1C51B5E0DAB4A206FFFF2B2960C87ACC
S31502015510344250F55D371F982DA14EDA25D76B3FE0
S31502015520AC5860107B8D4D735F90C66F9E5740D904
S315020155302D930292F9F86664D0D660DA19CC7E7B95
S315020155400D695C693C37C2786E904206662E25DD8E
S31502015550D22BE14A44441D955639740176AD354242
S315020155609BFA7CA7514AAE6D5086A3E75436268232
S31502015570DB822D8FCDFFBB09BACAF51B66DCBE03E2
S31502015580F57589070DCB586298F2899154422949DA
S31502015590E46EE3E223B4CAA0A166F0CDB0E27C0ECA
S315020155A06F13F426A46B00B93530E0579E36678D2A
S315020155B0283C464FD9DFC8CBF5DBEEF8BC8D1F0D73
S315020155C0A0137273AD9DAC83982EF72EBAF8F69F8F
S315020155D05769EC43DD2E1E3175ABC5DE7D903A1D52
S315020155E0DC81D03E319316BA80341B85AD9F3229B8
S315020155F0CB2103033C012801E3FD1BA3441B01004C
S31502015600161EE4C5C649065435773F333064F80A97
S3150201561046E705F3D2FCACB2A7DC56A229F4C016C2
S31502015620E8CF22C4D0C82C8DCB3AA1057B4F2B07DC
S315020156306FA5F6ECE6B6FEA3E2710AB9CC55C33CF8
S3150201564031913E904394B6E9CE37567ACB94A4B8BB
S315020156504492BABAA4D17CC86875AE6B42AF1E63D6
S3150201566043AEF6AC28BDED83B47A5C7D8B7C358680
S31502015670442CEBB7694740C03F58F6C2F57BB35994
S31502015680C6BAE6C480C276B30B9B1D6DDDD30E97F7
S3150201569044F90B4558959AB023E2CD57FAACD04856
S315020156A071E6AB7DE4260FB6373A2F6297A1D1F1A7
S315020156B0940396E97ECE0842DB3B6D339141231674
S315020156C0EF3AA633C7EA9AF14E4542445DBA7F2CB8
S315020156D041E49547A07AA85DF5B0E0A4E1513041D5
S315020156E0BE8B573DFDD12D85086128C372CE652B30
S315020156F07322CEEAF4078C6540AB38EC04F8330921
S315020157007664498D7969ABA7C8ABB5FCDEAA21815E
S315020157107294537BEF12DCA51A35455E0647FD07E7
S31502015720CD2B8D253D3C58C83FB760AF4D9A021728
S3150201573081376A41D6C90FFA23FBB338BA5F1E1CF9
S31502015740C3E7E89A55114230A582489429B281F2FB
S31502015750E45082372EAC138AF448BA5409FA4A0144
S315020157606C66B31B009731CBB9ECFF4B5260003329
S315020157703C23881A9911372964D34E3D3684182958
S31502015780FAAB4BDC05683C03C1EC96555EBF152CA2
S315020157903B1D9BB52406C71BC50E9FA15098DE3E35
S315020157A0EBB61ABCC3379DFB40A2574D5314BE023A
S315020157B0F6E1A5F81534D7F48881CC0C30F4645996
S315020157C00068092D15234AE49669867059C5085C55
S315020157D06EFBAF460AB62DDF89FD56F8C1559157C4
S315020157E0EFC9E012DD4E3296970242F28D878B4661
S315020157F0BE73F5A476379A192AE9918EF1BC7F1EFA
S31502015800A6E71708636BF1B52610353C23698C8030
S3150201581001F2CE543B984A324553484A0892C05344
S31502015820BFAFCBF18114D4D2E5746171B62D1D23BC
S31502015830985CA5E256767D0BF695A42AD85C953E30
S31502015840EB951B10363DF97386446F4F7933EFFAA8
S3150201585062E5158F5F735156A10DB45890F1A37F7E
S315020158609E699D0562C83FA0699E619AA1CF702378
S31502015870EB3D822F123BFEC44E84F0A76F051B1D22
S315020158801FF66BE53146C61BA382536E10AB79D365
S315020158908D1640057EC5584DE4D84284625662563D
S315020158A0F67F26F6DE99E4B943082C747BCA727731
S315020158B0B1F2A4E93F15A0230650D0D5ECDFDF2CC7
S315020158C04086F31FD69C49DDA0253606C39BCD290A
S315020158D0C33DD73D02D8E25131923B207A70254A27
S315020158E06AEDF6538A66B72AA170D11D5842423033
S315020158F06101E23A4C140040FC498E246D8921571C
S315020159009624843C0907DD660A1A12A9426EACC7BF
S31502015910FD6224FB3832BB55D3ACA74D66635B5996
S315020159201D927A175CDC068B940F36AAB6A5DF6048
S31502015930AB67F63C86B2876E5C9EB3B436326319A8
S31502015940ED0712766F6AF93BEBE034C54DA29FD1A2
S3150201595020148C68333C916F595B29CEC8FDBC6912
S31502015960AE1B18FD17556E0BB463B92B9F622290BD
S3150201597025460632E9BC0955DA133CF674DD8E5723
S315020159804EDAD0A191505D28083EFEB5A76FAA4B0B
S31502015990B39393E17C17E563FD30B0C4AF35C90318
S315020159A03D0C2B49C6767299FC05E2DFC4C2CC478F
S315020159B03C3A62DD849BD2DCA2C7880259ABC23E65
S315020159C0EEB8A8CBA35135C4165F11B21D6FA265FD
S315020159D050388CAB524F0F76CAB81D413B44433007
S315020159E034E3D6A14B095B80193F350977F13EBFF6
S315020159F02B702206CB063F42DD4578D877225A58CC
S31502015A006289D433825F8AA17F2578ECB5C4986610
S31502015A10FF413E37A56F8EA71F98EF50892756760D
S31502015A20D68379755D346966A611AA1711EDB66238
S31502015A308F125E985718DD7DDDF626F6B8E58F687A
S31502015A40E46F3C942999ACD8A29283A361F1F9B58A
S31502015A50F39AC8BE13DB992674F005E43C84CF7D24
S31502015A60C032474A48D6906C993256CAFD4321D56F
S31502015A70E1C65D91C328BEB31B1927737E683967D8
S31502015A8082641657B7075129D0D277552EAB04FE39
S31502015A90AA9DBCD5A14F1020865592AE700A9B696C
S31502015AA0ABC74122DDA8BB4BBC2B61F176316ACA79
S31502015AB0829B16E42A33BEA8719E865B7BBF0F10BA
S31502015AC0B420AFB76A3BF31CC61739519618D006F4
S31502015AD05E59300F69E314ECDF759A451A136D743A
S31502015AE0CF140820EAC5659F4017A369E1360584EC
S31502015AF0ADB4C82539D10E8B1D3636E9AFDB800030
S31502015B001F97CBC9D0AAE58C294AD59FA9AA5611B6
S31502015B10789BAF157024F741AA490F42A8CCE81F1A
S31502015B202AC80C3C8F84A172549E7C87C260C538F8
S31502015B30404155CE28E20450719D4203A118240426
S31502015B405FFFF3AB51EA9D89BAD8C22F67A8939B2F
S31502015B505CBD6EBE97CB382C5D3B269784574D11A3
S31502015B60476281206F4CE85893D76FE3B6B2B28D84
S31502015B70854D481D56827197D7AB32864F02220850
S31502015B80A3EC1B6B7CBB01B37513EBC66D3F395599
S31502015B90EBE4B69710280D91A39E479D8D54D41A16
S31502015BA0CFC530EF83843DD60CCC612396B4D44C59
S31502015BB0AC2684A400E590EEEB4EC1187D1DF50AD4
S31502015BC09EAEFC1EA0A47BA5948A30DCEE4B9F768A
S31502015BD02ECB0336EB0EF1D17812447E5ECE99407E
S31502015BE0E921518A4F8EC91AE02FFADB4495AE7D1F
S31502015BF0F90D43D60DAA2083B52F4A2C658272660A
S31502015C0055079CB93BB2E78C7A0FF5C4EDD6C5357B
S31502015C10C3509BEDD22E1E7EA14D93E8165F303600
S31502015C20687CB7CBBB005BD94978F1916A84BCDD4C
S31502015C30B3D928BEAE00F77C3E1FD3855C28E15C52
S31502015C40E8BDB0982D97B6315BDEA6AC0607927D0C
S31502015C509F658A90F81073E63502DFEFA6C2FA5005
S31502015C602D79896BC2DD11A3642651DAC6B4301BC4
S31502015C70590815CF4C7BA70C0894001BDF43E41D82
S31502015C80E0E636CC7A3A798EED6E587DA3B7FAF90B
S31502015C90E4F4E1BA92964F3A7E445FFF3EB0141C99
S31502015CA09152A814D17B6419AFD33410B26CB75791
S31502015CB0FA6D9D0F44DB29639314576A583EF45ECD
S31502015CC0A6755638142078EFE8A9FDAA309F64A27A
S31502015CD0CBA8DF5C50EBD14CB3C04D1DBA5A11466D
S31502015CE0C01A0CC89DCC6DA636A4381BF45CA097CD
S31502015CF0C6D7DB95BEF3EBA7AB7D7E8DF6B8A07D4D
S31502015D0076DAB5C353190FD49B9E1121736FAC1D5D
S31502015D106059B2FE2160CC034B4B67837E885F5A82
S31502015D20113DA170CF01638FC4D00D3515B8CECF09
S31502015D307EA4BCA4D49702F734144DE456B6693650
S31502015D40B943A6A0D328969E6420C3E600CBC3B569
S31502015D5032EC2D7C8902539B0CC7D1D5E27AE343FF
S31502015D6033E1A6ED063F7E38C03AA199511D30674F
S31502015D7011382636F8D85ABDBEE9D54FCDE6216A85
S31502015D805FE646300A17C6F12435D2002A2A71582F
S31502015D9055B7828C3CBDDB6957FF95A1F1F96B586A
S31502015DA0E3B29966122941EF01138D704708D37147
S31502015DB0BDB08211D0325432368B1E00071B3745D5
S31502015DC00B79F85E8D08DBA6E5370961DCF07852BE
S31502015DD0B86EA161D24903AC7921E59037B0AF0E15
S31502015DE02F044837C155059611AA0B82E6419A211D
S31502015DF00C6D487338F7811C61C6025A67CC9A301A
S31502015E001DAE750F5E80405130CC6226E3FB02EC7B
S31502015E106D3992EA1EDFEB2CB35B43C54433AE44C4
S31502015E20EE43A5BBB989F29C4271C95A9D0E76F31E
S31502015E30AA60934FC6E5821D8F67947F1B22D562A6
S31502015E40BCE79A084585E20A064D7F1CCFDE8D38EE
S31502015E50B811480A5115AC38E48C9271F68BB20E20
S31502015E607227F400F3EA1F67AA418C2A2AEB728F82
S31502015E7092323797D77FA129A687B532ADC6EF1DD4
S31502015E80A79551EF1ABE5BAFED157B9177128C1474
S31502015E902EDAE57AFBF791296728DDF81B207D4684
S31502015EA06B2EBDF772EE06794EBF9A10D670D205E9
S31502015EB0A4A841B945FE5C8D8742971C6718C24466
S31502015EC018C36B29569D5F74652E15D8D4803599F2
S31502015ED0CEE939583FB1E5B0C02139D4282BFC515E
S31502015EE08CA9E29517D18F1B91626B2BE15E4E1C39
S31502015EF072B5247410E7305BC64A4F4CE89D6B6E4F
S31502015F0058EB98D135A5BEB1E31B3E866836B01C67
S31502015F10BC3B19914AD70F5869BC0024B59AE9715D
S31502015F20BF5769CAF5115EFCAA5787E4E85D73BBE0
S31502015F30AD51F3540227E8759120BF40F85F6C1EFC
S31502015F400D21DE80A05666B15531453113097545DD
S31502015F501BF0FBB9F22E8B260705C68A0E2356774E
S31502015F6051E11D4BCE5FF2DF25401CE1C7C041D88E
S31502015F70879C7454C8B35425F90D8E905924292D42
S31502015F8088B00CF8105F7C6B5121E456DC546B73BC
S31502015F90C499EFC6A520B6C2426FA0C32C804C5F3E
S31502015FA0DA52077DF1C8659B00E87EC738E31C8893
S31502015FB0E3F9625BF014B5C3480DC1BED55DED666A
S31502015FC087B210DC35FB6D799DF27F5CCD6B1727AD
S31502015FD00549B2C7E8433D7F7642C591A1F504035F
S31502015FE0EBE4377F6BE054CDCA6CE9F5875FC18C70
S31502015FF0CE7D59D3B08B24B80C407460A0FF6A24BD
S315020160002153E4FB688ED8373250D7C048750986CA
S31502016010350D4A89EF139B4E25D35357AC3CA82520
S31502016020610D35154BDD4627B72195EEC8CB3FD01D
S31502016030CA7286135A366EE8E2897D7E7F980E51C0
S315020160407C07478E637D5ACB59C0A1206153B78D18
S31502016050CCFDED8B4D1E9E549D173B50B753010847
S31502016060E3D33E0A939DA6DD22A760CDF16E383DAC
S31502016070E64EAABD58AD17C82A37E74F558DBE233E
S315020160809B4E785AE5DC44134A0B0E4F3D4D6C9BF1
S31502016090D27BBE39B8255866E9FE8AFF91EEA8740D
S315020160A05F4FDC2790B7DAED65CEDB7FA17654B67A
S315020160B0CDB12A5804DE6E79D05670E7DBBCA35601
S315020160C05A325ED0876BB213A82135B7384D68773D
S315020160D067628D49DE7F5C74B6009198D114E96BD3
S315020160E0AD4FEF749A91FE95A208A3F6EC7B823A24
S315020160F0017BA409D3014E9697C7A35B4F3CC4719A
S31502016100A9E77A56BDF41EBCBD9844D6B24C623F8D
S31502016110C84E1F2CD26410E4014038BAA5C5F92E27
S31502016120CD749EFAF66DFDB67A26AFE4BC7882F19D
S315020161300E99EFF1D0B3558293F2C590A38C755A9D
S31502016140952446D91027B7A203507DD5D2C6A83ABF
S31502016150CA87B4A0BF00D4E3EC72EBB344E2BA2D12
S3150201616094DC611D8B91E08C6630819A4636ED8D09
S31502016170D3AAE8AF29A8E6D43FD439F62780730A11
S31502016180CCE1FF572F4A0F98439883E10D0D670023
S31502016190FD15FB494A3F5C109CA6265163CA982607
S315020161A044C597464B5DA7C7BFFF0FDF48F8FD15EC
S315020161B05A7846AAEBB9682814F7525B10D7685A7F
S315020161C0F30E763E5842C7B590B90AEEB952DC755E
S315020161D03F922B07C22714BFF0D9F06F2D0B4273E2
S315020161E0061E859ECBF62CAFC43822C61339598FAB
S315020161F073F3FB9996B88ADA9EBC34EA2F63B53DEE
S315020162002BD745808501846951062FCFA2FA224CEC
S31502016210C62D226B65361A94DEDA6203C8EB5E5A24
S31502016220EDB1CCCF24460EB695035CBD92C2DB59C5
S31502016230C98104DC1D9DA03140D9565DEACE733F6A
S31502016240C68D4E0AD1BFA7B739B3C9447E0057BE20
S31502016250FAAE57157F20C160DB18622691880526A2
S315020162603D2B15615279EDE5D1D7DD0E7D356249BA
S31502016270714C6BB9D0C88274BED866A919F9592E68
S315020162807428B6AF36280792A504E179855ECD5FFB
S315020162904AA130C6AD01AD5A983F6675503D91612E
S315020162A0DA31321A362DC60D70022094325847FA67
S315020162B0CE94953F5101D8025C5DC031A1C2DB3D4E
S315020162C0EF81FB4F0AA5503FBF20F43B0935E0B1F0
S315020162D0D02CAAC61C8EAA9B407A23FA6198233235
S315020162E0D1354A00C25A73FBC307663A430FDE3100
S315020162F099D528C5BF91857B0C05BBF5259ABE5557
S31502016300BF3DDB33CD5A000DE235AC807CB31101C2
S31502016310EBEB886F6CD69248CDFB0865B1AD0E7773
S31502016320DD894E5EE0F95184373979BCFF0263C0DB
S315020163305C49A6569574225DFB0356A05C75A609B7
S31502016340B97150A081B6D3F13AFF92359A65072207
S315020163500EE481782969015F4E37BA860EDDBE16D3
S31502016360B537272C4FCCCC5E03B7CC2D0C9EB74349
S31502016370F33DC44EBC08E033C06675F040B8C106B1
S3150201638077F888A3C6A58876ACB6B2DE146CA902E4
S31502016390F82A8C1B43F3C964D6EEA1545543283619
S315020163A05C80029B7F9EEE6940167D548A82FFCBFA
S315020163B0680943B269A8933D7269E23FCDB8B7460F
S315020163C0E0EB7EFE862081E93754512FE76BBA4C0A
S315020163D0E9FA6E518B16041DB92C98431039A15E48
S315020163E0E12E70F49C5C12492DB3258B1FB7204513
S315020163F07EEF1F50263019332BEBD2C897896D6574
S3150201640002B0D3D5E43B2B6F80C8096AD933ECAF0E
S31502016410CCC4BCA8A4735F038B19624628B9C522F2
S3150201642039893D43FEC858CB507E8D6A2ECBA08951
S315020164305ABEFB095395CA7906C17FCD1666620C0F
S31502016440C6F90C12C641BB219BA5CDDE12AAB2EA40
S31502016450348BA40A022DA7C1683B7DE8274D5D2135
S31502016460050B5A69E50831B48BA337ADE80EB06C5A
S31502016470817353A3EED6DA5E2432DCB6D402263F0A
S315020164809CF1CA5BB647B2C852C6B2B1C39D77493F
S31502016490E2E2ECD5BB80A18939E0C8CEA398F0131C
S315020164A04BC55ECEF90FDC9A0D132F8C6B2A9C031A
S315020164B01595F8F0C70780026BB304AC148396787E
S315020164C014BB9627A257AAF321DA079BB7BA3A88D1
S315020164D01C39A03118E24BE5F90532D838FBE75EE3
S315020164E08E6A4441CBFD8D53F9374943A9FDACA5CB
S315020164F0788C3C268D90AF46090DCA9B3C63D061D0
S315020165009128F934F8D2C66E583B6F20425108FCE5
S315020165101AA069C48AB07CA915EEE46064659F2756
S31502016520B0F51270B668C01A4AB1F5A9261EFA3636
S3150201653072CE5A161519BE3B6B06B4B587EF5606CF
S315020165404B8354CB40140E0EBDFA2F0353EA5AD491
S315020165506CBE629EAEA351C0AD580B518BFB0E565B
S315020165606625DBFF35497463BB680B78896BBDC54C
S3150201657003EC3E5580321B6FF5D7AE47D85F966E58
S31502016580DF73FCF8BC28A3ADFC37F0A65D6984EE87
S3150201659009A9C238DBB47F63DC7B06F82DAC235B29
S315020165A07B5280EE53B9D29A8D6DDEFAAA198FE823
S315020165B0CF820E150417710EDCDE95DDB9BBB979F2
S315020165C0930A2359758AFB185DF4E660698F161DD5
S315020165D0B53CA91445A9853AFDD0AC053708DC3886
S315020165E0DE6FE66DA5DF45C83A48402C00A552E1AB
S315020165F032F6B4C763E1D2E9651BBCDC2E45F43041
S31502016600409775C582276D85CCBE9CF9694513FAFB
S31502016610714EEAC073FC448869243F591A9A2D6364
S31502016620FB93E587F5626CB1713E5DCADEED994970
S315020166306D3ECC14E0C191B4A8DBA8894711F508D7
S31502016640226206630EFB04333FBAAC87890635FB29
S31502016650A361108C772419BD208683D143AD5830AE
S31502016660D06376E5FD0F3C3210A62EA238DFC305B4
S315020166709A4F99ACBD8AC7BD99DCE3EFA49F542614
S31502016680674086DE62D4D46B880414868E6E151634
S31502016690F5F418FD7CE0EFFCDCA0AFB6DE4CAB2ACC
S315020166A0A750BBFE5F8D86690C64CE546B3E74F0B7
S315020166B0D49F9FBB8B095A81838C0C628658E01644
S315020166C05A688AEA12B05FB271B96070B3CDA06E30
S315020166D0EADE16F189D394F20BE06FDA2B161D125C
S315020166E0898FCE87D7388B738DA87941E25826B622
S315020166F06D3151F19C8C7330C97572727F8C12495E
S31502016700B99653F717BCDB044667F8D2D7A2E669F6
S31502016710C6AB3EF5999D40C6D2252E33F67561600C
S31502016720DDE740F50E372140A5D0F1A1F5D61009D6
S3150201673007B8065BCDAA344635F2446935E6396AAD
S31502016740E7F390DF4056CD96EA25FADB0E763A6CF0
S31502016750C43CE35909EFF324582E0D537E9E884219
S315020167609D9E04745796A11D2B35FE98A16ECDFBF5
S31502016770A63652CC50CDCBB1E246983F3DC85E1FFC
S3150201678075CB8C32C323FB8EE96E87DD07A242AF3E
S3150201679096E7FA5DDCDAFB20519FBF066B241E24C5
S315020167A0FE18DC558CE2640ADDEB9933999EDFE330
S315020167B052E6E2702343AC790ECCE43AC37FFF354D
S315020167C0A9F7D82DA5A6139CBFCAFD3E8C1FBB2DCA
S315020167D0B5F7085E40321E96E5C9E6BB21A1C84857
S315020167E0456464597C5A41FC15B628C1D7B224D2F4
S315020167F012B9FB05C9C93560AB9F427412A9D742CA
S315020168009466535F8942D2D22C9B9342C5A233CA64
S315020168105CB9DDC7A6AD6F985D2D712F042C155A93
S3150201682021693437B73C84394794C83807FB47A7EF
S315020168307E3045A231808DCB68F0826D8E0F8167E5
S31502016840B47D28D2BC8FEB3E933EA001A3D3C7727F
S315020168505A2698BD8CE8735403B4215951AA24735C
S31502016860A137DE6290AAC584E1961D0D00A51D42DF
S31502016870D942926A30868278DA100D694A465E3CBE
S315020168806107B15A47D87EE54637D16F205E43711B
S31502016890325602CD4E822F347B1E79A81E28164B04
S315020168A08133810BD501C1D12868EE76110FE6DE5F
S315020168B009643F389388B60C4A48FFF665C5836179
S315020168C0D6F96B1E465A1D7481A57777FCB305234B
S315020168D0D9D37464A27455D4FFE00164DCE12619AC
S315020168E06E663FAF498546DBA50E4AF104CF7FD7D7
S315020168F0470CBAA4F73FF23D853CCE32E1DF103AAE
S31502016900A0CE17EA8A4E7FE0FDC11F3A4615D52F62
S31502016910F1C0F231FD225317155D1E861DD0A11F4E
S315020169203298597D945580CC2055F137DA56461E58
S315020169302093054E74F7F69933CF756ABC633577A2
S31502016940AB94DFD100ACDC38E90D08D1DD2B712E19
S3150201695062E2D5FD3EE9137FE5019AEE18EDFC737D
S31502016960B39C136308E9B106CD3EA0C567DA93A4C9
S31502016970328963ADC8CE778D444F861B706B421F39
S31502016980011C91414C26C9EF252CA217B8B7A3F1D8
S3150201699047140FF36BDA755890B0311D27F51A4E6D
S315020169A05225A191C8357EF1769C5E5753816BB70C
S315020169B03E729B0D6F4083FA38E4A73F1BBB760BF1
S315020169C09B93927FF9C1B8086EAB44D4CB7167BE73
S315020169D01780BB996364E52255A972B71ED66D7BF2
S315020169E0923DF350E8C1ADB7CFD58C604FFA987995
S315020169F0DB5BFC8DBD2D96AD4F2F1DAFCE9B3E7041
S31502016A00C7D201ABF9AB3057183B1440DC76FB1603
S31502016A1081B2CBA065BE6C86FE6AFF9B659BFA536B
S31502016A2055548894E9C8146CE5D4AE65665D3A841A
S31502016A30F15AD6BC3EB71B18501FC6C4E5938D3911
S31502016A405F131799427D8483D7037D561F911BAD30
S31502016A50D1AA77BED948777E4AAF512E2EB4585461
S31502016A6001C391B660D541701EE7D7AD3F1B2085A4
S31502016A708555331163E1C216B12808013D5EA52A87
S31502016A804F44070CE69251ED101D42742D4EC5423C
S31502016A9064C8B5FD824C2B356486768A4A00E913B1
S31502016AA0FF2B036C55B5B5CB3A7A2929B79171DF1C
S31502016AB0BB81EDAD2673FFC1F503BE68BBE8AD71BF
S31502016AC07C466B80C584621E7B605DE77B99F6C559
S31502016AD062D278B358D9678B708BCD816AD6883DDD
S31502016AE089D74E20937A768B2AAEA09FCBCA2F7670
S31502016AF08748CE6DCCEB1F77B35FF08F15623034CA
S31502016B00FD7C84D6CAFA66BD481DC8A0BE6C3A6031
S31502016B1042DEAE06910CA9C5B5C02CD2A23B5E726D
S31502016B204AC4FE01C7A00BE8940FD515CC1807D7A6
S31502016B305B3BCF283BA2D9696ACAB5B2200E785D02
S31502016B40A9493220C9E96167EACD0C2272B882DA13
S31502016B50BB785808CC5840ED331A40F9E043BB7B69
S31502016B6049BFF5E1A7A15DE0926073D46D7D45262B
S31502016B70F632CC7377B0DC77CD5FDD9C96945D0AF5
S31502016B80B4317B2A0719E2FC168057AA75DC7A4DC5
S31502016B9024934787A676C20EEB4BDA1F5D9D6D6D78
S31502016BA08381B0E98AA5B1228B385CC171D095FD8A
S31502016BB017050A85762381A95E337FBBBA4C383322
S31502016BC0B4CAE81A7368C9F6C5924FCB1E74205E21
S31502016BD03EBCCD8CE53BA52DF70D9769A2FEDD2DB9
S31502016BE0A842B33D31CEAEBEEEB72D845B63A3CBD5
S31502016BF0EF137F8120668CE8C6D5764EAA38941BA0
S31502016C001A036F167E77508A28A3B70FF1397B06CE
S31502016C1076BD0F01A6C92519050974CC75B5F96D9D
S31502016C200F0302A97FB0A8AE43D163F46A768CF84A
S31502016C30607A783C6683B015A8A4678214B1EA0823
S31502016C40ACD002D09B40C1BDA6D9CCB54502666681
S31502016C50EC85DEFAC47D31820DDFD76A4B93FE02E3
S31502016C6074EAB7CF00F15CEFAC42CBA1337689224D
S31502016C70E285F2CE540CCED4556A148A048C403085
S31502016C8076FFB73E19FC513963482F704C1BF885C4
S31502016C90D50EA6C98FA3276C9027748BCB65B240FC
S31502016CA0A47B8F4AF439EDE64D78B9F4B45A801EC5
S31502016CB0E0F6D057902FFDE6D8398E3B2EEB604A8F
S31502016CC0FE44535D236266864968B9713FE9740DD4
S31502016CD0903228F6D4BEFA6DF370F9C59E242D3B87
S31502016CE0DBCE2F8345889D7363F86BAEC9D638FA1E
S31502016CF0F7FE4FB7CA0DBC325EE4BC14887E9373AD
S31502016D007F873B19C9002EBB6B50DCE090A8E3ECF0
S31502016D109F64DE36C0B7F3EC1A9EDE980804465F1E
S31502016D208DF47B29167103B93468F0D4223BD1A9BB
S31502016D30C6BD9646571597E135E8D591E8A4F82CD4
S31502016D40670F110787FD936D49B5387CD3094CDD71
S31502016D50866A73C24C6AB17C092A25586EBD4920DE
S31502016D60A26BD0177E48B52C6B1950391C38D22428
S31502016D70308A9785819C65D7F6A4D691287F6F7A4A
S31502016D8049EF9A6A8DFD097D0BB93D5BBE60EEF056
S31502016D90D4BF9E512CB5214C1D9445C5DFAA116065
S31502016DA0A279913FD2392746CFDDD697311283FF99
S31502016DB08A14F253B5DE0713DA4D5F7B6837220D6B
S31502016DC0CA24517E1631FF09DF45C7D98B15E40B5B
S31502016DD0E556F57E227D2B2938D1B6AF41E2A43A9A
S31502016DE0F505332ABF38C12CC326E9A28F3F58487D
S31502016DF0EBD24955A2B13A086CA387466EAAFC3278
S31502016E0064B084AB5CFB852D14BCF389D21078493E
S31502016E100CCE157B44DC6A477BFD44F876A32B1224
S31502016E20DDA253DD281B34543FFC42DF5B9017AAD7
S31502016E30F4F8D24DD992F50F7DD38CE00F62031D82
S31502016E4054E5B4A2CD3202C27F185D1142FDD09E35
S31502016E50D979D47DBEB4AB2E4CEC682BF50BC702A7
S31502016E604F32C75C5A568F5022A906E5C0C461D07B
S31502016E7019AC455CDBAB18FB4A318003C109686C6E
S31502016E80B9AECEC9F15666D76A65E518F8155B1C27
S31502016E9034234C843228E7263868192F776F343A1F
S31502016EA0C86ADAE21251D5D2ED51E8B13103BDE930
S31502016EB06272C68EDD460796D0C5F76E9F1B910597
S31502016EC02DFF37B656D7DCE9C4F087C98F344CECAF
S31502016ED0B7C7FBF38592D5CE87EAE19347350533EA
S31502016EE0949FFEC58089C101C8D56F71696765CD59
S31502016EF086A095D1C34560818279CC66327F2B6E9D
S31502016F008F56C3F7682480CCB34C971982BAE99D90
S31502016F106013B8B59C22B7AB62BABE6F7A01E2447E
S31502016F2074B7DA5443A7C2C41A03AF4E3C4C5D8E02
S31502016F30178F8342D2236CB7EAE4DC688F099A740D
S31502016F40CD6ECAB6F32CF887C2A0F4183E890F5843
S31502016F5057E50426073089051D9CD156C26AAB6CDA
S31502016F6060DEC12CA0E0DFDC5B57C551FF6526035D
S31502016F70EBBE3A07F1320C2C06867BCD1420886AC9
S31502016F80B57F74A4FE922AA589ABA51F49A412DC7A
S31502016F90CEA447B84BA92DD84ECC1295CEED774D3E
S31502016FA06EEB4FAF7CD111D1A3A43AB342BA0B0512
S31502016FB0306CB4EE3C4C5117757DC21B8BDBBE5453
S31502016FC09C18E27745E1C87745C499FF6A6FE4A345
S31502016FD04353336DC8DF4431A916427C9E55963A16
S31502016FE0EED22AF4370D5512F5FBA19804E0788BFF
S31502016FF0B24C89338207535D0C8D493E4E4EC8020F
S3150201700052AABA80688993440E9485F2C4AF984C09
S31502017010B64854A49BA74AEF7FAE7AA510C578520B
S31502017020940B4C2974D04DA5B6FF18DFB8465DF511
S315020170306683AE8DC5EC6FF065D190816657865831
S315020170405C1E904FA4FE1F0C82B78421B76F0B2BD7
S3150201705088DB140191FF87E542A18547360F133775
S315020170609F35580D5C5015126BC428FCC713202A94
S315020170704E66EA89AFA1A0241F0E13A138B60044B9
S31502017080C319ED9664B7013A307232EDB00AE031B6
S31502017090B115CA8357880A52C7BECC5A87B9AA06FE
S315020170A0BB0EDFF5839933C1AC4C2C518F75F3C0FE
S315020170B0E198B30B0A13F12C620C27AAF9EC3C6B8B
S315020170C0EFEA2E51F3AC495349CBC11CD341C1203E
S315020170D08D689AA9070C1824172D4BC6D1F95E554E
S315020170E008BD733BBA70A7360CBFAFA308EF4A625D
S315020170F0F24609B498FF37579D748133E14D5F67B4
S31502017100803AC1B646507575B943ECA0012F55CCEC
S3150201711049084A85514B8FBF65C08C9AEC5BD436C0
S31502017120BF75249F8CCD78E804F7281611AB3E7DF6
S31502017130FADFD5C4CCED781D03684B3A7BB1E65133
S315020171402E6C55863F70586FBCCEF83B78933B66E2
S3150201715073AA32FD3C51FA8BDD939B698EA3E452ED
S31502017160FC82176B03522C0EB483AD6C816C816465
S315020171703E076469D9BDDCD020C56401F79DD913E8
S315020171801DB3DA3BD9F62FA1FE2D659D0FD8250732
S315020171908794BE9AF34F9C01433CCD82B850F4606A
S315020171A0CAC0E521C35E4B01A2BF19D7C969CB4F3C
S315020171B0A0230075181C5F4E80ACED559EDE061CA1
S315020171C07CF5C9824D6394B236459324E1FDCB1F0A
S315020171D05ADB8C41B34D9C9EFC194445D9F34000C0
S315020171E0ADBBDD89FBA8BEF1CBAEAE61BC2CCB3B00
S315020171F09D8D9B1FBBA7588F86A61251DA7E5421FD
S31502017200D38659FD39E9FDDE0C380A51892C27F45A
S31502017210B91931BB07A42BB7F44D254A330A556375
S31502017220EE8A94084D86F4B06F1CBA91EE19DC070A
S3150201723058A1ACA6AECD7579BBD4624213610B33AC
S315020172407242CBF993BC68C198DBCEC71F71B8AE47
S315020172507A8DAC34AA520E7FBB557D7E09C1CE41D1
S315020172608A806DA2D71996F76D159E1D9ED41FBBF6
S3150201727027DFA1DB6CC3D7737D77281FD94CB426D0
S315020172806BE0B54B7E144F954EBFA8CA49F66764AB
S31502017290A07045F0079213BF0151CE547B37157E7C
S315020172A0B411B6083520C922BE382D4CE4B0049477
S315020172B0B5D96F46594C349F716966826F777B18CF
S315020172C0BD7EA5D4A50458F48C37DBBB8679FFE4D1
S315020172D0242E860812339E92D84353E08A78867A00
S315020172E0D8A63A3935900A30CDB12BA13111502B9E
S315020172F022C293F077F61F7BAD2BB8CAF8C10943B8
S31502017300375F28B02D8444AFDFC8EF479018538703
S315020173109A9720F891E0749579556169608D370ED7
S31502017320555A07837191FAD9DC9F006BD25ADB4B0E
S315020173300EEF3DD62CAD29787738FD7549C58F07F5
S315020173402D8F872814BDDF87A121941EDD364613B2
S31502017350A341732551C9174FB86C29AD4B8DF95D00
S315020173608AA933B85B4B00E230334C2DEC5D77448E
S3150201737013E9AC7E0644A23AA9008ED5E33026274C
S31502017380540BC9ECD08F67F3993504129B4501F072
S315020173909BB85837BC5F7226AE19A773AAE4254378
S315020173A0A03918203FE1D4BF61F13D3EE2FFEFAEC5
S315020173B0E31F5D6BF0045BB6C0FB622BFB85E052FB
S315020173C01AED929EF8435D18C61947FEEA1E4AB0A7
S315020173D04F3FF0A688BE9F49DD9B853C2F0D8B5DF5
S315020173E0BAF24CA5EA794012E7261B00EB6524D7CF
S315020173F0FDF77AC9FDBC436802CDEA552BB42405D3
S31502017400DB5353D746B38BCB221E51AE4BB2FCFC98
S31502017410EFE60AD5408DA4CB5DCBF7F4E5BAE326B8
S3150201742012FE458DDE3CDA84D2E244E418C242BD44
S3150201743098357E1F789651A8B2E216563FC9427612
S31502017440E4F89545A7DA2323B4BE7A858B8C68DEE8
S315020174506E32591C968EC43FBAB8C915CA732E0B21
S3150201746056C8D3BFDE84ACCB44F25FB348C32416FD
S3150201747007AD9C5DCA8DF8B7E8EBC2A24D570E3B2C
S31502017480843031A59125021D720827D6AE4A2DCA2E
S3150201749020FD0B2F852BA18648A77DAD39C4E65663
S315020174A0E6BABD4249FF04C7791FDEB2E2AD215EEB
S315020174B0D8FA5256F3B35DE9C1EB088F37B5220804
S315020174C07574388F4748F0513CCBBE9CF4BC5DB213
S315020174D055209FD94412AB9AD6A5101C6C9E702CCE
S315020174E08303736293F2B7E12C8ACAEBFF79524B9B
S315020174F01413D4BF8A77FCDA0F61729C1410EB7DE8
S315020175007AEE66876AAF62CB0ECD535504ECCB6633
S31502017510B5E40B0F38018058EAE22CF69F8EE60895
S31502017520AD30C14B0A50AD349CD40B3D49DB388D8D
S31502017530BE890A50983D5CA2093BBAEE873F1F2FCE
S31502017540F9F2B80AD5092D2FDF2359C58D21B9AC18
S31502017550B96C767326348F4AF519F738D73BB14C95
S315020175604AB615E5758C84F738904ADBBA0195A5BA
S31502017570501B753F3F310DC2E82EAEC053E3A11930
S31502017580C305FABA60751C7D615EE5C6A0A0E1B3CA
S315020175907364D6C0189752E386340CC2116B5441F8
S315020175A0BDBD96D5CD7221B440FCEE984345E0931C
S315020175B0B50941B44753B19F34AE660299D36B7391
S315020175C0B4B33493502D5385736581604B11FD46D7
S315020175D075835C42305F5FCC5CAB7FB8A29522417A
S315020175E0E9D67EF5889BC91925C8F86D26CB935332
S315020175F073D20AB31332EE5C342E2DB5EB53E1147A
S31502017600C6EA93E26152652EDBAC332103925A84B8
S315020176106B990079CB75094680DD5A198DBB6007D6
S315020176208A81E6CD171A3E4184A069EDA96D1557E7
S31502017630B1CCCA468F26BF2CF2C53AC39BBE346B68
S315020176400F3AD4A05E27BF67BEEE9B08348EE6AD25
S315020176502EE779D44C1389425454BA32C3F9620FD4
S31502017660E121B3E3D0E40462951EFF287A63AA3BC3
S315020176709EBD995BFDCF0C0B71D0C8643EDC224DD9
S31502017680395F3BD68965B4FC61CFCB573F6AAE5CA5
S3150201769005FA3A95D2C2BAFE361437361AA00F1C2B
S315020176A092D67CBC497454E7DF3DF7E6AABE9A0F2F
S315020176B0297E8300A71CF04A83C11B3F5D1BAB6376
S315020176C0AE3FC554E8E51EC1F43F4F2BC1060B6A16
S315020176D0727AB6E0800F5433EFE307CDC38FF1150B
S315020176E08CF428B0630775325F066A5540070206B5
S315020176F0585B49C312D83BD58D505F869B6C700887
S31502017700CC58CC38F290B62172FBCC1E99F742FCCA
S315020177105F97CF3771ED6960742D6A82B26FEA2580
S31502017720677062FD2400BFA05A40C0BC5E0F615063
S31502017730DADD96EF262891F9BF0C70A5ED3BC476EA
S3150201774002A66CE1E849BAC29C15DB0AF8613C82E1
S3150201775059121E8C1641B2921371BFC277E53F745C
S31502017760FF3D343DABA27CF317C6AB802D6A8C1A62
S31502017770CAFFCCD435E0498EB9D1A1BAEE6BB44871
S315020177804612B438411B99CC6BC29A6F529C3B2468
S31502017790BDABCBB74D49EFB900ED82D03D43BA5FE0
S315020177A0D01A94C955E3499C848F4974DE4A73B948
S315020177B05C3E6666D0FEC341B310E7E8F8EDCF0E34
S315020177C074E2550D4D409784532BADC4D963666C53
S315020177D03457A9ADD9B02FEC3CF7B8CD20E1172625
S315020177E0F67D77DABF2DD83B9E36980BCC77B171F1
S315020177F099360C8563840E1DF1D1E2485B94715A68
S31502017800424B5B40D53D206F0945B21004C67E321C
S3150201781046882AAC3072349C6AEBFF11FC29DE776A
S31502017820744CE23FB2EFB97E01BE51169FF4503E4F
S31502017830EA8D8521DC32A73EF910B85BD77B371773
S31502017840F6F90E63712E3028E0CE642B03A2D4C260
S31502017850BE92624B3020080918DF2AA87A74CA5FE1
S31502017860A58E255CC3032A23F10CCB6B2C3AF28637
S315020178706621442E0D8DAD3D2B8676AB3C93A80435
S31502017880CC1359F1ED3C2BA389BDF06F75BCB3CC7A
S31502017890635F17BCB7D632340232859B92BA1E0E8B
S315020178A09563942C6D7EC47E310236A3E74CBAFFF2
S315020178B0D10FBAC50757214A8743F3E61759C62698
S315020178C0E2BE87DD1B5643F0E8DADAB1D27DF12C4E
S315020178D0D495617349CBE11D2C085C1E4B82393963
S315020178E0FF3D9422B604C6D2A0B3CF44CEBE8CBC11
S315020178F078868097F34F255DBFA61C3B4F61A30F88
S31502017900506A938C0E2B0869B6C5DAC135A0C9F93E
S3150201791034B6DFC4543EB76F40C12B1D9B410540AF
S31502017920F082BEB9BDFE03A090AC443AAFC1892034
S315020179308EFA5419919F49F842AB40EF8A21BA1F38
S315020179403EF5C8FA489454AB4137A67B9AE8F681CC
S31502017950015E2B6C7D6CFD74426EC8A8CA3A2E3943
S3150201796094017B3E04573E4F7FAFDA08EE3E1DA8D7
S31502017970F1DEDC99ABC639C8D56177FF135D536C6D
S31502017980AF358A3EE934BD4C16E887584481072E45
S31502017990ABB09AF2769C31193BC10AD5E47FE12557
S315020179A0D554EBB3788373A77C3C55A566D3691D81
S315020179B0BA0028F962CF260A17327E80D512AB01A8
S315020179C0FD66D2F6E791489C1B7807039BA1440703
S315020179D03BE261601D8F38880ED54B35A3A63E1258
S315020179E0962DE34190188D11485831D8C2E3EDB96D
S315020179F0D94532D87142AB1E54A118C9E261394A3E
S31502017A009763AA04E1BF2961CBFCA7A40800968F5C
S31502017A105894907D89C08B3FA991B2DC3EA49F7098
S31502017A20902702FDEBCB2A88605711C40533AF8933
S31502017A30F473347DE392F4652B5A5154DFC5B22CAB
S31502017A40CA2AFD638C5D0AEBFF4E692E66C12BD2F3
S31502017A503AB0CBF86EF323271F13C8F0EC29F07066
S31502017A602E34C549AF92BC1AD0FAE6B211D8EEFF4E
S31502017A70294EC8FC8D8CA2EF43C54CA418DFB51163
S31502017A80FC75A9428ABB7BBF58A3AD9677395C8C3C
S31502017A9048AAEDCD6FC77FE2A620BCF6D75F731960
S31502017AA06642C842D090ABE37E54197F0F8E84EBB7
S31502017AB0B997A465D0A103255F89DF911191EF0FD3
S31502017AC0B96E1CABA17C50B1B387B6163E8F44BDCD
S31502017AD0AB917A2C7FFB5534C1DE2A2F9E22797512
S31502017AE0B7161C5BB8DCB56AA5277B3CE8FCC094DB
S31502017AF0BE1755731A1CB1A4AAAF0EBAD038924951
S31502017B00578BBA7A526EF4EC7B64D18B478CA015F3
S31502017B10EF6F705FA6C6F17AD5303AF078FA45630F
S31502017B20A1E715105FF902DF6302B4A91DC40E793C
S31502017B300711EA33A10E3A4DC9F83AE3E70BF754B6
S31502017B40A4F0D8BDE9CBD393027317FD1B2C15DB29
S31502017B5075A8177F6DDCBD7DFE6E428FCC711A3E14
S31502017B6062BDBA90E3A33CC833C8910267E3ED80D4
S31502017B70C40079D3CC3880C8A11FC31E23C05F2C91
S31502017B804F8B03171791BAFE81EFDEC9213712E532
S31502017B9034880D5DE7E4971CC63BDC237AAEAF68F9
S31502017BA0656E4502D1E422C4917BD4CAC14A41879A
S31502017BB0DDFFB6A2BBE292150F10C2F5BFD2D9758F
S31502017BC01CE8263676B4D95BDD2EA0BC36699689C9
S31502017BD0B377F0613D19410A7154CE0042A2973042
S31502017BE04CB8F8C734774257E970B2013EA141F168
S31502017BF0A664E5B4FEADD10248BD83CE923DB24B39
S31502017C0086C4956624E762A10796A83534631D13D7
S31502017C10372AD1A06115523063B3AFA6AD4B705668
S31502017C20B912F952A74A6CAFC87067D86C5F665E23
S31502017C3058CDC8A383AC354C7E8AA510C0297A2BB0
S31502017C40026C992799F4D19D52174DE058B0B30CA5
S31502017C503E2CD07F96887E1FB13E8BCB6842962FF3
S31502017C60DA2A8F21A05BA97BCAB90F338722F4CF07
S31502017C7007D9C6566D49DADA54EEBEF496C2805376
S31502017C800A8D896604274F9D7A3FFF0A9987093D26
S31502017C9045BADA6762F39ED09C661C7B5E456177C4
S31502017CA039B4447E09FE6812D77D085783A84FE38B
S31502017CB03C9BAD315795CB3498EE8D7CC068906C68
S31502017CC09161CE4D015C68D5FC9D1F498A52E469DA
S31502017CD0DF060C82292189C6AADA7EFC8F5BF8139C
S31502017CE068F556D9BA6C590047DAB1600A1917C351
S31502017CF0CD50DC87C70B768979FAA2C1A45EA3317E
S31502017D0045995CA2494C8D1782F76AE4D1C4616C2C
S31502017D10E35E09B84AE88078AB983D52CC93BE132C
S31502017D20C4D8D9C178B39D0EB133B3B2263636B8AB
S31502017D308F236E67EB28D7BEBDC1BC8E08B5C915A8
S31502017D40AF66893EDB3EDF135F2EE3C27628B49C23
S31502017D50E7A1EE42C0FD12CE3CF0C148622FC146F8
S31502017D606BC0E6272AFF0189B184BDF02AA63E0629
S31502017D70E5A99BFE965D22AF0C937B132733B37C59
S31502017D806A0851B58FDA774F1F3AE72DEE098C6AE9
S31502017D90163A882C22AC860436FF2436074CBB23BE
S31502017DA075DC037A3C13EAC5BD77AB8841A1022C87
S31502017DB05BA19F2209019BC8BD8D906D474DAD4ABE
S31502017DC040000000CC7D010200000000000000001E
S31502017DD00000000000800000020000000080000098
S31502017DE00300000000800000040000000080000083
S31502017DF005000000008000000700000000400000AE
S31502017E000800000000400000090000000080000098
S31502017E100B000000008000000E0000000080000040
S31502017E200F0000000008011C000100000008011CEF
S31502017E30010100000008011C020100000008011CEA
S31502017E4003010000000C011C040100000000011CDA
S31502017E50050100000000011C0601000004000000EB
S31502017E6007010000000C01170C01000000000117B8
S31502017E700E010000000001000802000000000100DE
S31502017E8009020000000001000A02000000000100D0
S31502017E900B020000000C011700030000000C011781
S31502017EA001030000000C011702030000000C011778
S31502017EB003030000000C011704030000000C011764
S31502017EC005030000000C0117060300000004011758
S31502017ED00703000000040117080300000000011354
S31502017EE00704000000000114080400000000011448
S31502017EF009040000000C01060A040000000C010638
S31502017F000B040000000C01060C040000000C010623
S31502017F100D040000040000000E040000000001131D
S31502017F20000500000000011301050000000401071D
S31502017F300B050000000401070C0500000400000007
S31502017F40000600000008011C000800000008011CD0
S31502017F50010800000008011C020800000008011CBB
S31502017F60030800000008011C040800000008011CA7
S31502017F7008080000040000000908000000000113BF
S31502017F800E080000000001130F080000000C010496
S31502017F90020A0000000C0104030A0000000C01049D
S31502017FA0040A0000000C0104050A0000000000009A
S31502017FB0060A0000000C01050E0A0000000C01056C
S31502017FC00F0A0000000C0114010B00000204030455
S31502017FD00404000008000000F48001020F00000002
S31502017FE00480010203000000EC7F01020000006828
S31502017FF000000068000000800000008000080022E6
S3150201800000080022000000680000006800000090DD
S315020180100001090D00000068000000680000002749
S315020180200001020D00000068000000684000000225
S315020180300001010D00000080000000800000009098
S3150201804000010908000000800000008000000027EE
S3150201805000010208000000800000008040000002CA
S31502018060000101080000000000000000000000906D
S3150201807001010905000000000000000000000027C0
S315020180800100020500000000285200004000000223
S315020180900100010500000020000000200000009000
S315020180A00101090400000020000000200000002751
S315020180B001000204000000200000002068520002B4
S315020180C001000104000000220000002200000090CD
S315020180D0000109030000002200000022000000271F
S315020180E00000020300000022F80700226852000283
S315020180F00000010300000068000000680001000D95
S3150201810000000068000000680001000D0000008008
S3150201811000000080000100080000008000000080CD
S315020181200001000828520000285200000100000543
S3150201813000000020500E002001000004F807002272
S315020181400008002200000003300C0022D40D002298
S3150201815000000003000000000100020008001000F8
S3150201816020000000030000006C81010200060E04DB
S31502018170070100004275696C7420776974682052A0
S31502018180656E6573617320416476616E6365642011
S31502018190466C657869626C6520536F6674776172A5
S315020181A065205061636B6167652076657273696FDD
S315020181B06E20362E352E3000362E352E300000003A
S309020181C000000506A7
S309020181C4F8B500BF42
S309020181C8F8B500BF3E
S309020181CCCD5A00027D
S309020181D0A55A0002A1
S3090300A100FFFFFFFF56
S3090300A104FFFFFFFF52
S3090300A200FFFFFFFD57
S3090300A28000000000D1
S7050200F639C9
