S02B0000433A5C55736572735C636E73636A5C65325F73747564696F5C776F726B73706163655C626C696E6BFB
S31502000000000C0022B96D00020D730002B56D0002EC
S31502000010B56D0002B56D0002B56D0002B56D000248
S31502000020000000000000000000000000B56D0002A4
S31502000030B56D000200000000B56D0002B56D00024C
S3150200004000000000000000000000000000000000A8
S315020000500000000000000000000000000000000098
S315020000600000000000000000000000000000000088
S315020000700000000000000000000000000000000078
S315020000800000000000000000000000000000000068
S315020000900000000000000000000000000000000058
S315020000A00000000000000000000000000000000048
S315020000B00000000000000000000000000000000038
S315020000C00000000000000000000000000000000028
S315020000D00000000000000000000000000000000018
S315020000E00000000000000000000000000000000008
S315020000F000000000000000000000000000000000F8
S3150200010000000000000000000000000000000000E7
S3150200011000000000000000000000000000000000D7
S3150200012000000000000000000000000000000000C7
S3150200013000000000000000000000000000000000B7
S31502000140D8F81C00D9F81C4000194FF0000B4BEBF5
S315020001500B0B4FEA4B0B0BEBD07B13270BFB07FB6F
S3150200016020F00047B8E80F00B9E870044FF0010C20
S31502000170ECFB640BECFB651BECFB662BECFB6A3BB6
S3150200018099E8700098E80007ECFB684BECFB695BAA
S31502000190ECFB6A6B5F44704798E8FF00B9E8001D04
S315020001A0B0EB080071EB0A0172EB0B0273EB0C0366
S315020001B099E8000F74EB080475EB090576EB0A065D
S315020001C077EB0B0768EB080828F0250910EB090006
S315020001D051EB080152EB080253EB080354EB0804F7
S315020001E055EB080556EB080657EB080758F10008C9
S315020001F028F0250910EB090070472DE9004104F0AB
S3150200020091F8DDF80080B8F10108CDF80080F6D14A
S3150200021001B00DF1040888E8FF0000BD08688A688D
S31502000220CB680C694D698E69CF69496870470000D1
S315020002302DE9F14F9246FFF7F1FF20F0070047F054
S315020002408047FFB45FF000082DE904015146FFF72D
S31502000250E5FF27F00047FFB45FF00109A8FB08ABF2
S315020002604FF0000C2DE9001D2DE9001EFFB4A8FB7E
S3150200027008672DE9C01D2DE9C01D2DE9001EFE20CF
S31502000280002341091DF1A80252F8211000F01F04B3
S31502000290E14001F00101CDE928015940D1F1000EFA
S315020002A0684610A94FF0040B90E83C0091E8C003A1
S315020002B0724002EA0E0A96EA0A0672407B4003EA96
S315020002C00E0A97EA0A077B4094EA080404EA0E0A31
S315020002D098EA0A0894EA080495EA090505EA0E0A64
S315020002E099EA0A0995EA09053CC0A1E8C003BBF1EF
S315020002F0010BD9D1E8460DF12009FFF721FFFFB422
S3150200030004F010F8FFB40DF140080DF16009FFF793
S3150200031043FFFFB404F006F8FFB4694610AA03F0DF
S31502000320FFFF0DF1800888E8FF000DF14008E9465D
S31502000330FFF732FF0DF1400888E8FF00DFF848E2D8
S31502000340DDF81CC04FF0000BEEFB67CB4FEA4B0B00
S315020003500BEBDC7B13270BFB07FB2CF00047BDE8FE
S315020003600017EEFB608BEEFB619BEEFB62ABEEFBD6
S3150200037063CB07BCEEFB640BEEFB651BEEFB662B49
S315020003805F4401B087B42DE90017694610AA03F04D
S31502000390C7FF0DF1A00888E8FF000DF1C0080DF1B6
S315020003A0E009FFF7CDFE8DE8FF00694608AA03F0D3
S315020003B0B7FF0DF1200888E8FF000DF1C0080DF126
S315020003C0E009FFF7E9FE8DE8FF00694618AA03F087
S315020003D0A7FF8DE8FF00E8460DF12009FFF7B0FE02
S315020003E003F0A0FF0DF1C00888E8FF00E8460DF112
S315020003F02009FFF7D1FE03F095FF8DE8FF0069465D
S3150200040040AA03F08DFF0DF1E00888E8FF0020B056
S31502000410DDE92823501E7FF534AF08A8FFC803F094
S3150200042081FFFFB403F07EFF03F07CFFFFB418A93F
S315020004306A4603F075FF8DE8FF00694608AA03F0D5
S315020004406FFF0DF1200888E8FF0003F06BFFFFB491
S31502000450694608AA03F064FF0DF1200888E8FF0048
S315020004604FF00508FFF7C9FE694608AA03F058FFD0
S315020004700DF1200888E8FF005FF00A08FFF7BDFECD
S31502000480694608AA03F04CFF8DE8FF005FF01408E6
S3150200049088B0FFF7B2FE694608AA03F041FF08B02A
S315020004A05FF00A08FFF7A9FE694608AA03F038FFBB
S315020004B00DF1200888E8FF005FF03208FFF79DFE85
S315020004C0694608AA03F02CFF8DE8FF005FF0640876
S315020004D088B0FFF792FE694608AA03F021FF08B02A
S315020004E05FF03208FFF789FE694608AA03F018FF93
S315020004F05FF00508FFF781FE694610AA03F010FFB8
S315020005008DE8FF00694618AA03F00AFF4FEAD7787A
S315020005104FF0130908FB09F84FF0000A08F1130817
S3150200052010EB080851EB0A0852EB0A0853EB0A08CB
S3150200053054EB0A0855EB0A0856EB0A0857EB0A0869
S315020005405AEB0A0B4FEAD87848EA4B0808FB09F837
S31502000550DDF8289110EB0800C9F80000002041419F
S31502000560C9F8041049464241434144414541464186
S31502000570474127F000478A60CB600C614D618E616E
S31502000580CF614BB0BDE8F08F42DB01002DE9F04FA1
S3150200059040F2190EF8C9B2E8001FD3FA48F3D4FAAA
S315020005A049F4D5FA4AF5D6FA4BF6D7FA4CF7F8C01B
S315020005B0BEF1010E7FF4EEAF38C9B2E80007D3FAF6
S315020005C048F3D4FA49F4D5FA4AF538C0BDE8F08FB3
S315020005D02DE9F04F40F2190EF8C9B2E8001F93FA5E
S315020005E048F394FA49F495FA4AF596FA4BF697FACD
S315020005F04CF7F8C0BEF1010E7FF4EEAF38C9B2E88F
S31502000600000793FA48F394FA49F495FA4AF538C082
S31502000610BDE8F08F2DE9F04F40F2400E51F8044B41
S3150200062052F8046B51F8045B52F8047BD3F804B019
S3150200063053F808CB2CFB06FC40F804CB24FB16FC33
S3150200064040F804CB2BFB07FC40F804CB25FB17FC38
S3150200065040F804CBBEF1010E7FF4E0AFBDE8F08FA7
S315020006602DE9F04F40F2400E51F8044B52F8046B5C
S31502000670D0F8005053F804CBD0F804702CFB065C7B
S3150200068040F804CB24FB167B40F804BB51F8044B1C
S3150200069052F8046BD0F8005053F804CBD0F804702B
S315020006A02CFB065C40F804CB24FB167B40F804BB0B
S315020006B0BEF1010E7FF4D8AFBDE8F08F2DE9F04F01
S315020006C046F60809C0F601584FF2013AC6F6A83AAC
S315020006D0DDF824B040F2400E51F8044B52F8046B98
S315020006E05BF8045B53F804CB5BF8047B2CFB0655E2
S315020006F005FB0AF515FB389524FB167707FB0AF767
S3150200070017FB3897C7EA254540F8045B51F8044BB6
S3150200071052F8046B5BF8045B53F804CB5BF8047B7A
S315020007202CFB065505FB0AF515FB389524FB1677B7
S3150200073007FB0AF717FB3897C7EA254540F8045B1B
S31502000740BEF1010E7FF4C8AFBDE8F08F2DE9FF4F71
S3150200075046F6080B40F6015A4FF2013CC6F6A83C93
S3150200076040F20009DDF83440DDF838700DEE107AFB
S31502000770DDF83C700DEE907A40F2000E08EE903AEB
S3150200078033F8025B13F8016BC5F3033747EA061623
S31502000790C5F30B05C6F30B06B5EB0A0F80F04E80C8
S315020007A022F8025B09F10109B9F1040F40F0468013
S315020007B0A2F1080209EE103A09EE90EA0AEE106A70
S315020007C01DEE908A51F8043BD2F8009054F804EBDF
S315020007D03EFB13F515FB0AB5C3EA050548F8045BAB
S315020007E015FB39F613FB096623FB19F5C0F804500D
S315020007F040F8086BCEF1000E51F8043BD2F8049093
S315020008003EFB13F515FB0AB5C3EA050548F8045B7A
S3150200081015FB39F613FB096623FB19F5C0F80450DC
S3150200082040F8086B0DEE908A19EE103A19EE90EA2E
S315020008301AEE106A0EF1010E40F20009B6EB0A0F2B
S3150200084080F04E80BEF1400F80F24A8022F8026BA1
S3150200085009F10109B9F1040F40F04280A2F1080240
S3150200086009EE103A09EE90EA1DEE908A51F8043B21
S31502000870D2F8009054F804EB3EFB13F515FB0AB5CB
S31502000880C3EA050548F8045B15FB39F613FB09664E
S3150200089023FB19F5C0F8045040F8086BCEF1000EA0
S315020008A051F8043BD2F804903EFB13F515FB0AB54A
S315020008B0C3EA050548F8045B15FB39F613FB09661E
S315020008C023FB19F5C0F8045040F8086B0DEE908A28
S315020008D019EE103A19EE90EA0EF1010E40F20009F5
S315020008E018EE907A07F1A80703F10308B8EB070F91
S315020008F040F32380BEF1400F80F21F8018EE903A3B
S3150200090008EE10CA09EE100A09EE901A0AEE102A2B
S315020009100AEE90EA184640F201011DEE102A03F093
S3150200092007FE18EE10CA19EE100A19EE901A1AEE00
S31502000930102A1AEE90EA18EE903ABEF1400FFFF630
S315020009401FAFBDE8FF8F00BF2DE9FF4F46F6080B2C
S3150200095040F6015A4FF2013CC6F6A83C40F20009A5
S31502000960DDF83440DDF838700DEE107ADDF83C70B3
S315020009700DEE907A40F2000E08EE903A33F8025BE2
S3150200098013F8016BC5F3033747EA0616C5F30B05E1
S31502000990C6F30B06B5EB0A0F80F0548022F8025B11
S315020009A009F10109B9F1040F40F04C80A2F10802E5
S315020009B009EE103A09EE90EA0AEE106A1DEE908AE6
S315020009C051F8043BD2F80090076854F804EB3EFB5A
S315020009D013F515FB0AB5C3EA050548F8045B15FBD2
S315020009E0397513FB095740F8047BD0F8007023FBD6
S315020009F0197740F8047BCEF1000E51F8043BD2F889
S31502000A00049007683EFB13F515FB0AB5C3EA050514
S31502000A1048F8045B15FB397513FB095740F8047B4C
S31502000A20D0F8007023FB197740F8047B0DEE908A0C
S31502000A3019EE103A19EE90EA1AEE106A0EF1010E4C
S31502000A4040F20009B6EB0A0F80F05480BEF1400F67
S31502000A5080F2508022F8026B09F10109B9F1040F04
S31502000A6040F04880A2F1080209EE103A09EE90EA37
S31502000A701DEE908A51F8043BD2F80090076854F8AC
S31502000A8004EB3EFB13F515FB0AB5C3EA050548F868
S31502000A90045B15FB397513FB095740F8047BD0F844
S31502000AA0007023FB197740F8047BCEF1000E51F853
S31502000AB0043BD2F8049007683EFB13F515FB0AB512
S31502000AC0C3EA050548F8045B15FB397513FB09579C
S31502000AD040F8047BD0F8007023FB197740F8047BBA
S31502000AE00DEE908A19EE103A19EE90EA0EF1010E09
S31502000AF040F2000918EE907A07F1A80703F10308FD
S31502000B00B8EB070F40F32380BEF1400F80F21F803F
S31502000B1018EE903A08EE10CA09EE100A09EE901A7B
S31502000B200AEE102A0AEE90EA184640F201011DEE7C
S31502000B30102A03F0FDFC18EE10CA19EE100A19EE7F
S31502000B40901A1AEE102A1AEE90EA18EE903ABEF1B0
S31502000B50400FFFF613AFBDE8FF8F00BF2DE9FF4F31
S31502000B6046F6080B40F6015A4FF2013CC6F6A83C7F
S31502000B7040F20009DDF83440DDF838700DEE107AE7
S31502000B80DDF83C700DEE907A0EEE100A0EEE900A2B
S31502000B90DDF8400040F2000E08EE903A33F8025BB0
S31502000BA013F8016BC5F3033747EA0616C5F30B05BF
S31502000BB0C6F30B06B5EB0A0F80F06A8022F8025BD9
S31502000BC009F10109B9F1040F40F06280A2F10802AD
S31502000BD009EE103A09EE90EA0AEE106A1DEE908AC4
S31502000BE051F8043BD2F8009050F8047B54F804EB19
S31502000BF03EFB13F515FB0AB5C3EA050548F8045B87
S31502000C0015FB397513FB095606FB0CF616FB2AB6BD
S31502000C1050F8045B23FB195505FB0CF515FB2AB5A9
S31502000C20C5EA26471EEE106A46F8047BCEF1000E90
S31502000C3051F8043BD2F804903EFB13F515FB0AB5B6
S31502000C40C3EA050550F8047B48F8045B15FB3975C1
S31502000C5013FB095505FB0CF515FB2AB550F8047B69
S31502000C6023FB197707FB0CF717FB2AB7C7EA2547B9
S31502000C7046F8047B0EEE106A0DEE908A19EE103AD3
S31502000C8019EE90EA1AEE106A0EF1010E40F2000910
S31502000C90B6EB0A0F80F06A80BEF1400F80F26680E2
S31502000CA022F8026B09F10109B9F1040F40F05E80E6
S31502000CB0A2F1080209EE103A09EE90EA1DEE908AB8
S31502000CC051F8043BD2F8009050F8047B54F804EB38
S31502000CD03EFB13F515FB0AB5C3EA050548F8045BA6
S31502000CE015FB397513FB095606FB0CF616FB2AB6DD
S31502000CF050F8045B23FB195505FB0CF515FB2AB5C9
S31502000D00C5EA26471EEE106A46F8047BCEF1000EAF
S31502000D1051F8043BD2F804903EFB13F515FB0AB5D5
S31502000D20C3EA050550F8047B48F8045B15FB3975E0
S31502000D3013FB095505FB0CF515FB2AB550F8047B88
S31502000D4023FB197707FB0CF717FB2AB7C7EA2547D8
S31502000D5046F8047B0EEE106A0DEE908A19EE103AF2
S31502000D6019EE90EA0EF1010E40F2000918EE907AA1
S31502000D7007F1A80703F10308B8EB070F40F3238036
S31502000D80BEF1400F80F21F8018EE903A08EE10CAAC
S31502000D9009EE100A09EE901A0AEE102A0AEE90EAF5
S31502000DA0184640F201011DEE102A03F0C1FB18EEAF
S31502000DB010CA19EE100A19EE901A1AEE102A1AEE35
S31502000DC090EA18EE903ABEF1400FFFF6E7AE1EEE3D
S31502000DD0900ABDE8FF8F00BF2DE9FF4F46F6080BCC
S31502000DE040F6015A4FF2013CC6F6A83C40F2000911
S31502000DF0DDF834700DEE107ADDF838700DEE907A6B
S31502000E0040F2000E08EE903A33F8025B13F8016BDB
S31502000E10C5F3033747EA0616C5F30B05C6F30B06F9
S31502000E20B5EB0A0F80F03A8022F8025B09F101095C
S31502000E30B9F1040F40F03280A2F1080209EE103A2D
S31502000E4009EE90EA0AEE106A1DEE908A51F8043B0A
S31502000E50D2F8009051F8045BD2F8046058F804EB1B
S31502000E602EFB09F723FB19F440F8047B40F8044BE8
S31502000E7058F8047B27FB06FE25FB16F440F804EB24
S31502000E8040F8044B0DEE908A19EE103A19EE90EAEC
S31502000E901AEE106A0EF1010E40F20009B6EB0A0FC5
S31502000EA080F03A80BEF1400F80F2368022F8026B63
S31502000EB009F10109B9F1040F40F02E80A2F10802EE
S31502000EC009EE103A09EE90EA1DEE908A51F8043BBB
S31502000ED0D2F8009051F8045BD2F8046058F804EB9B
S31502000EE02EFB09F723FB19F440F8047B40F8044B68
S31502000EF058F8047B27FB06FE25FB16F440F804EBA4
S31502000F0040F8044B0DEE908A19EE103A19EE90EA6B
S31502000F100EF1010E40F2000918EE907A07F1A807C9
S31502000F2003F10308B8EB070F40F32380BEF1400F2D
S31502000F3080F21F8018EE903A08EE10CA09EE100AE7
S31502000F4009EE901A0AEE102A0AEE90EA184640F2C4
S31502000F5001011DEE102A03F0EBFA18EE10CA19EE83
S31502000F60100A19EE901A1AEE102A1AEE90EA18EEE4
S31502000F70903ABEF1400FFFF647AFBDE8FF8F00BFC4
S31502000F802DE9FF4F46F6080B40F6015A4FF2013C97
S31502000F90C6F6A83C40F20009DDF834700DEE107A70
S31502000FA0DDF838700DEE907A40F2000E08EE903AB7
S31502000FB033F8025B13F8016BC5F3033747EA0616EB
S31502000FC0C5F30B05C6F30B06B5EB0A0F80F041809D
S31502000FD022F8025B09F10109B9F1040F40F03980E8
S31502000FE0A2F1080209EE103A09EE90EA0AEE106A38
S31502000FF01DEE908A51F8043BD2F8009051F8045B3A
S31502001000D2F80460D0F80070D0F804E058F8044B27
S3150200101024FB097723FB19EEC0F804E040F8087BAD
S3150200102058F8044B0768D0F804E024FB067725FB42
S3150200103016EEC0F804E040F8087B0DEE908A19EE31
S31502001040103A19EE90EA1AEE106A0EF1010E40F20B
S315020010500009B6EB0A0F80F04180BEF1400F80F224
S315020010603D8022F8026B09F10109B9F1040F40F043
S315020010703580A2F1080209EE103A09EE90EA1DEE59
S31502001080908A51F8043BD2F8009051F8045BD2F8EA
S315020010900460D0F80070D0F804E058F8044B24FB42
S315020010A0097723FB19EEC0F804E040F8087B58F8EC
S315020010B0044B0768D0F804E024FB067725FB16EEFE
S315020010C0C0F804E040F8087B0DEE908A19EE103A5B
S315020010D019EE90EA0EF1010E40F2000918EE907A2E
S315020010E007F1A80703F10308B8EB070F40F32380C3
S315020010F0BEF1400F80F21F8018EE903A08EE10CA39
S3150200110009EE100A09EE901A0AEE102A0AEE90EA81
S31502001110184640F201011DEE102A03F009FA18EEF4
S3150200112010CA19EE100A19EE901A1AEE102A1AEEC1
S3150200113090EA18EE903ABEF1400FFFF639AFBDE8DD
S31502001140FF8F00BF2DE9FF4F46F6080B40F6015A06
S315020011504FF2013CC6F6A83C40F20009DDF83470B5
S315020011600DEE107ADDF838700DEE907A0EEE100A5A
S315020011700EEE900ADDF83C0040F2000E08EE903AC0
S3150200118033F8025B13F8016BC5F3033747EA061619
S31502001190C5F30B05C6F30B06B5EB0A0F80F05680B6
S315020011A022F8025B09F10109B9F1040F40F04E8001
S315020011B0A2F1080209EE103A09EE90EA0AEE106A66
S315020011C01DEE908A51F8043BD2F8009051F8045B68
S315020011D0D2F80460D0F804E050F8087B58F8044BC3
S315020011E024FB097707FB0CF717FB2AB723FB19EE3B
S315020011F00EFB0CFE1EFB2ABECEEA27471EEE103A57
S3150200120043F8047B58F8044BD0F804E050F8087B06
S3150200121024FB067707FB0CF717FB2AB725FB16EE0E
S315020012200EFB0CFE1EFB2ABECEEA274743F8047BC2
S315020012300EEE103A0DEE908A19EE103A19EE90EA79
S315020012401AEE106A0EF1010E40F20009B6EB0A0F11
S3150200125080F05680BEF1400F80F2528022F8026B77
S3150200126009F10109B9F1040F40F04A80A2F108021E
S3150200127009EE103A09EE90EA1DEE908A51F8043B07
S31502001280D2F8009051F8045BD2F80460D0F804E07A
S3150200129050F8087B58F8044B24FB097707FB0CF738
S315020012A017FB2AB723FB19EE0EFB0CFE1EFB2ABE0A
S315020012B0CEEA27471EEE103A43F8047B58F8044B51
S315020012C0D0F804E050F8087B24FB067707FB0CF7FE
S315020012D017FB2AB725FB16EE0EFB0CFE1EFB2ABEDB
S315020012E0CEEA274743F8047B0EEE103A0DEE908ABB
S315020012F019EE103A19EE90EA0EF1010E40F20009CB
S3150200130018EE907A07F1A80703F10308B8EB070F66
S3150200131040F32380BEF1400F80F21F8018EE903A10
S3150200132008EE10CA09EE100A09EE901A0AEE102A01
S315020013300AEE90EA184640F201011DEE102A03F069
S31502001340F7F818EE10CA19EE100A19EE901A1AEEEC
S31502001350102A1AEE90EA18EE903ABEF1400FFFF606
S315020013600FAF1EEE900ABDE8FF8F00BF2DE9F041D8
S31502001370074690B000F500764FF0040E3C46E8466C
S315020013804EF001E007F14005C44620686168A26894
S31502001390E36808F11008ACE80F0010340FF00DC036
S315020013A0EC46384600244FF0040E024600234EF067
S315020013B001E05CF82310043342F8041B0FF007C85F
S315020013C00134042C00F110000CF1040CEBD1B542EF
S315020013D02F46D1D110B0BDE8F08100BF2DE9F04F04
S315020013E046F6080AC0F601594FF2013BC6F6A83B7B
S315020013F000F5806E53F804CB92F80260B2F80370DF
S3150200140092F8058032F8064BC4F30335C4F30B0495
S3150200141045EA061544EA0544C7F30335C7F30B0646
S3150200142045EA081546EA054551F8046B51F8047B6E
S315020014303CFB14F818FB19A816FB38F816FB0488AF
S3150200144040F8048B26FB14F840F8048BCCF1000C10
S315020014503CFB15F818FB19A817FB38F817FB05888B
S3150200146040F8048B27FB15F840F8048BB0EB0E0FFF
S315020014707FF4C0AFBDE8F08F2DE9F04F46F6080ABB
S31502001480C0F601594FF2013BC6F6A83B00F5806E45
S3150200149053F804CB92F80260B2F8037092F8058012
S315020014A032F8064BC4F30335C4F30B0445EA0615BA
S315020014B044EA0544C7F30335C7F30B0645EA0815A4
S315020014C046EA054551F8048B06683CFB14F717FB00
S315020014D019A718FB376718FB047740F8047B0668E0
S315020014E028FB146740F8047BCCF1000C51F8048BFE
S315020014F006683CFB15F717FB19A718FB376718FB9D
S31502001500057740F8047B066828FB156740F8047BDC
S31502001510B0EB0E0F7FF4BCAFBDE8F08F2DE9F04FB4
S3150200152046F6080AC0F601594FF2013BC6F6A83B39
S31502001530DDF8246000EE906A06F5806E53F804CB5F
S3150200154092F80260B2F8037092F8058032F8064B00
S31502001550C4F30335C4F30B0445EA061544EA05440D
S31502001560C7F30335C7F30B0645EA081546EA0545F0
S3150200157001EE103A10EE903A51F8048B53F8046BD0
S315020015803CFB14F717FB19A718FB376718FB047700
S3150200159007FB0BF717FB39A753F8046B28FB1466F6
S315020015A006FB0BF616FB39A6C6EA274640F8046B7D
S315020015B0CCF1000C51F8048B53F8046B3CFB15F785
S315020015C017FB19A718FB376718FB057707FB0BF7FD
S315020015D017FB39A753F8046B28FB156606FB0BF6B7
S315020015E016FB39A6C6EA274640F8046B00EE903A87
S315020015F0B3EB0E0F11EE103A7FF4A0AFBDE8F08FF9
S315020016002DE9F04F44F6BF6A40F6015B40F210093D
S3150200161090E8FE0111FB0AFC11FB2AFE4FEAAC6CB4
S315020016204FEAAE6E1CFB0BFC1EFB0BFECCEA0E4C0D
S31502001630D1FA4CF112FB0AFC12FB2AFE4FEAAC6C01
S315020016404FEAAE6E1CFB0BFC1EFB0BFECCEA0E4CED
S31502001650D2FA4CF213FB0AFC13FB2AFE4FEAAC6CDD
S315020016604FEAAE6E1CFB0BFC1EFB0BFECCEA0E4CCD
S31502001670D3FA4CF314FB0AFC14FB2AFE4FEAAC6CB9
S315020016804FEAAE6E1CFB0BFC1EFB0BFECCEA0E4CAD
S31502001690D4FA4CF415FB0AFC15FB2AFE4FEAAC6C95
S315020016A04FEAAE6E1CFB0BFC1EFB0BFECCEA0E4C8D
S315020016B0D5FA4CF516FB0AFC16FB2AFE4FEAAC6C71
S315020016C04FEAAE6E1CFB0BFC1EFB0BFECCEA0E4C6D
S315020016D0D6FA4CF617FB0AFC17FB2AFE4FEAAC6C4D
S315020016E04FEAAE6E1CFB0BFC1EFB0BFECCEA0E4C4D
S315020016F0D7FA4CF718FB0AFC18FB2AFE4FEAAC6C29
S315020017004FEAAE6E1CFB0BFC1EFB0BFECCEA0E4C2C
S31502001710D8FA4CF8A0E8FE01B9F101097FF478AFD6
S31502001720BDE8F08F2DE9F04F46F6080CC0F6015BD6
S3150200173044F6AC7AC9F2F47A40F2100990E8FE0156
S315020017403AFB01FE3AFB11F11EFB1BCE11FB1BC13C
S31502001750C1EA2E413AFB02FE3AFB12F21EFB1BCEF7
S3150200176012FB1BC2C2EA2E423AFB03FE3AFB13F3FA
S315020017701EFB1BCE13FB1BC3C3EA2E433AFB04FE1E
S315020017803AFB14F41EFB1BCE14FB1BC4C4EA2E4404
S315020017903AFB05FE3AFB15F51EFB1BCE15FB1BC5D8
S315020017A0C5EA2E453AFB06FE3AFB16F61EFB1BCE93
S315020017B016FB1BC6C6EA2E463AFB07FE3AFB17F78E
S315020017C01EFB1BCE17FB1BC7C7EA2E473AFB08FEBA
S315020017D03AFB18F81EFB1BCE18FB1BC8C8EA2E489C
S315020017E0A0E8FE01B9F101097FF4A8AFBDE8F08FC8
S315020017F000000000000000000000000000000000E1
S3150200180000000000000000000000000000000000D0
S3150200181000000000000000000000000000000000C0
S3150200182000000000000000000000000000000000B0
S3150200183000000000000000000000000000000000A0
S31502001840704700BFAFF30080AFF30080AFF30080B4
S31502001850AFF30080AFF30080AFF30080AFF30080F8
S31502001860AFF30080AFF30080AFF30080AFF30080E8
S31502001870AFF30080AFF30080AFF30080AFF30080D8
S315020018800000000000000000000000000000000050
S315020018900000000000000000000000000000000040
S315020018A00000000000000000000000000000000030
S315020018B00000000000000000000000000000000020
S315020018C00000000000000000000000000000000010
S315020018D00000000000000000000000000000000000
S315020018E000000000000000000000000000000000F0
S315020018F000000000000000000000000000000000E0
S3150200190000000000000000000000000000000000CF
S3150200191000000000000000000000000000000000BF
S3150200192000000000000000000000000000000000AF
S31502001930000000000000000000000000000000009F
S3150200194003B32DE9F04122F00704001912F0070251
S315020019500BD01C00C2F10805AC4200DD2C00A3EB43
S315020019600408230000F0ECF84346DA0804D098464F
S3150200197000F066F808F0070313B1002200F0E0F861
S31502001980BDE8F081704700BFAFF30080AFF300807F
S31502001990AFF30080AFF30080AFF30080AFF30080B7
S315020019A0AFF30080AFF30080AFF30080AFF30080A7
S315020019B0AFF30080AFF30080AFF30080AFF3008097
S315020019C0000000000000000000000000000000000F
S315020019D000000000000000000000000000000000FF
S315020019E000000000000000000000000000000000EF
S315020019F000000000000000000000000000000000DF
S31502001A0000000000000000000000000000000000CE
S31502001A1000000000000000000000000000000000BE
S31502001A2000000000000000000000000000000000AE
S31502001A30000000000000000000000000000000009E
S31502001A4051F8044B51F8045BD0E9006704F05533B2
S31502001A5043EA530303F0333343EA930303F00F33AA
S31502001A6043EA131303F0FF1363F30F2386EA1326E5
S31502001A7005F0553343EA530303F0333343EA930342
S31502001A8003F00F3343EA131303F0FF1343EA13235E
S31502001A9086EA034604F0AA3343EA430303F0CC334F
S31502001AA043EA830303F0F03343EA031303F0FF230D
S31502001AB043EA032387EA134705F0AA3343EA4303BB
S31502001AC003F0CC3343EA830303F0F03343EA031310
S31502001AD003F0FF2343EA03236FF30F035F40E0E8BB
S31502001AE00267013AACD17047AFF30080AFF30080D2
S31502001AF0AFF30080AFF30080AFF30080AFF3008056
S31502001B0000000000000000000000000000000000CD
S31502001B1000000000000000000000000000000000BD
S31502001B2000000000000000000000000000000000AD
S31502001B30000000000000000000000000000000009D
S31502001B400024002530B46A4411F8015B02F8015BF7
S31502001B50013BF9D130BCD0E9006704F0553343EAC2
S31502001B60530303F0333343EA930303F00F3343EA99
S31502001B70131303F0FF1363F30F2386EA132605F00C
S31502001B80553343EA530303F0333343EA930303F033
S31502001B900F3343EA131303F0FF1343EA132386EAD0
S31502001BA0034604F0AA3343EA430303F0CC3343EA81
S31502001BB0830303F0F03343EA031303F0FF2343EAFC
S31502001BC0032387EA134705F0AA3343EA430303F0E4
S31502001BD0CC3343EA830303F0F03343EA031303F0FF
S31502001BE0FF2343EA03236FF30F035F40E0E8026734
S31502001BF0704700BFAFF30080AFF30080AFF3008001
S31502001C0000000000000000000000000000000000CC
S31502001C1000000000000000000000000000000000BC
S31502001C2000000000000000000000000000000000AC
S31502001C30000000000000000000000000000000009C
S31502001C4003B32DE9F04122F00704001912F007024E
S31502001C500BD01C00C2F10805AC4200DD2C00A3EB40
S31502001C600408230000F0ECF84346DA0804D098464C
S31502001C7000F066F808F0070313B1002200F0E0F85E
S31502001C80BDE8F081704700BFAFF30080AFF300807C
S31502001C90AFF30080AFF30080AFF30080AFF30080B4
S31502001CA0AFF30080AFF30080AFF30080AFF30080A4
S31502001CB0AFF30080AFF30080AFF30080AFF3008094
S31502001CC0000000000000000000000000000000000C
S31502001CD000000000000000000000000000000000FC
S31502001CE000000000000000000000000000000000EC
S31502001CF000000000000000000000000000000000DC
S31502001D0000000000000000000000000000000000CB
S31502001D1000000000000000000000000000000000BB
S31502001D2000000000000000000000000000000000AB
S31502001D30000000000000000000000000000000009B
S31502001D40F0E80245230065F31F446FF30F0545EAE9
S31502001D50134584EA142303F47F435C4084EA032494
S31502001D6084EA141303F0F0135C4084EA031484EA51
S31502001D70940303F00C335C4084EA830484EA54033C
S31502001D8003F022335C4084EA430485EA152303F414
S31502001D907F435D4085EA032585EA151303F0F013B8
S31502001DA05D4085EA031585EA950303F00C335D4031
S31502001DB085EA830585EA550303F022335D4085EA09
S31502001DC0430541F8044B013A41F8045BB8D1704728
S31502001DD0AFF30080AFF30080AFF30080AFF3008073
S31502001DE0AFF30080AFF30080AFF30080AFF3008063
S31502001DF0AFF30080AFF30080AFF30080AFF3008053
S31502001E0000000000000000000000000000000000CA
S31502001E1000000000000000000000000000000000BA
S31502001E2000000000000000000000000000000000AA
S31502001E30000000000000000000000000000000009A
S31502001E40F0E80245260065F31F446FF30F0545EAE5
S31502001E50164584EA142606F47F46744084EA06246C
S31502001E6084EA141606F0F016744084EA061484EA2C
S31502001E70940606F00C36744084EA860484EA540614
S31502001E8006F02236744084EA460485EA152606F4EC
S31502001E907F46754085EA062585EA151606F0F01690
S31502001EA0754085EA061585EA950606F00C367540F4
S31502001EB085EA860585EA550606F02236754085EAE4
S31502001EC0460530B46A4412F8014B013B01F8014B56
S31502001ED0F9D102B0704700BFAFF30080AFF30080C4
S31502001EE0AFF30080AFF30080AFF30080AFF3008062
S31502001EF0AFF30080AFF30080AFF30080AFF3008052
S31502001F0000000000000000000000000000000000C9
S31502001F1000000000000000000000000000000000B9
S31502001F2000000000000000000000000000000000A9
S31502001F300000000000000000000000000000000099
S31502001F4001000000000000000000000089000000FF
S31502001F50000000008B0000800000000080800080EE
S31502001F60010000008B00000001000000008000005C
S31502001F7001000000888000800100000082000080CD
S31502001F80000000000B000000000000000A00000034
S31502001F9001000000828000000000000003800000B3
S31502001FA0010000008B800000010000000B00008091
S31502001FB0010000008A00008001000000810000800C
S31502001FC00000000081000080000000000800008080
S31502001FD00000000083000000000000000380008073
S31502001FE00100000088800080000000008800008058
S31502001FF001000000008000000000000082800080D6
S31502002000FF000000AFF30080AFF30080AFF3008063
S31502002010AFF30080AFF30080AFF30080AFF3008030
S31502002020AFF30080AFF30080AFF30080AFF3008020
S31502002030AFF30080AFF30080AFF30080AFF3008010
S31502002040AFF204112DE9F05F86B00591D0F8203089
S31502002050D0F84810D0F87050D0F898B0D0F8C0C078
S3150200206083EA010383EA050383EA0B0383EA0C038B
S31502002070D0F80C70D0F83410D0F85C50D0F884B098
S31502002080D0F8ACC087EA010787EA050787EA0B079B
S3150200209087EA0C0783EAF776D0F81440D0F83C10AA
S315020020A0D0F86450D0F88CB0D0F8B4C0CDF8006047
S315020020B084EA010484EA050484EA0B0484EA0C0433
S315020020C083EA0406D0F81830D0F84010D0F86850E9
S315020020D0D0F890B0D0F8B8C0CDF80C6083EA01030E
S315020020E083EA050383EA0B0383EA0C0387EA030206
S315020020F0D0F80070D0F82810D0F85050D0F878B048
S31502002100D0F8A0C087EA010787EA050787EA0B0726
S3150200211087EA0C0787EAF47AD0F81C40D0F8441014
S31502002120D0F86C50D0F894B0D0F8BCC084EA010460
S3150200213084EA050484EA0B0484EA0C0484EA070EA2
S31502002140D0F80870D0F83010D0F85850D0F880B0D7
S31502002150D0F8A8C087EA010787EA050787EA0B07CE
S3150200216087EA0C0787EAF476D0F82440D0F84C10B8
S31502002170D0F87450D0F89CB0D0F8C4C0CDF8106036
S3150200218084EA010484EA050484EA0B0484EA0C0462
S3150200219084EA0708D0F81070D0F83810D0F86050EA
S315020021A0D0F888B0D0F8B0C0CDF8048087EA01072D
S315020021B087EA050787EA0B0787EA0C0787EAF479B5
S315020021C0D0F80440D0F82C10D0F85450D0F87CB097
S315020021D0D0F8A4C0CDF8089084EA010484EA050484
S315020021E084EA0B0484EA0C0484EA070B83EAF47C8F
S315020021F0D0F81830D0F84840D0F85450D0F884605F
S31502002200D0F8B470C0F8541089EA03038CEA0404C7
S3150200221088EA05058BEA060682EA070725EA34619B
S3150200222081EA3351C0F8541026EA755181EA7431B5
S31502002230C0F8841027EA362181EA7571C0F8B41015
S3150200224023EAF73181EAF651C0F8181024EA33710D
S3150200225081EAF721D0F80830D0F83C40D0F868502F
S31502002260D0F89C60D0F8A470C0F848108AEA03033C
S3150200227082EA040489EA05058EEA060688EA070761
S3150200228025EA742181EA3331C0F8A41026EA3561C1
S3150200229081EA7401C0F8081027EA761181EA75719D
S315020022A0C0F83C1023EAF75181EA3671C0F868108B
S315020022B024EAF30181EAB761DDF80080D0F8243020
S315020022C0D0F82840D0F85850D0F88C60D0F8B870C2
S315020022D0C0F89C108EEA030388EA04048AEA05051C
S315020022E082EA060689EA070725EAF44181EAF351FA
S315020022F0C0F8281026EAF50181EAB451C0F8581050
S3150200230027EA365181EAF551C0F88C1023EAB74123
S3150200231081EAB611C0F8B81024EA331181EAB7513E
S31502002320D0F81430D0F84040D0F87050D0F8786029
S31502002330D0F8AC70C0F8241082EA030389EA0404D8
S315020023408CEA050588EA06068BEA070725EA346160
S3150200235081EA3351C0F8781026EA750181EA746180
S31502002360C0F8AC1027EA763181EAB531C0F814100C
S3150200237023EAB77181EAF621C0F8401024EA3371E4
S3150200238081EAB761DDF80C90D0F80030046B456E37
S31502002390D0F89460D0F8C070C0F8701088EA0303D1
S315020023A08AEA040482EA050589EA06068CEA070730
S315020023B026EA755181EA7451C0F8301027EA36715F
S315020023C081EA7541C0F8641023EA776181EA7651A1
S315020023D0C0F8941024EAB35181EAF731C0F8C0106C
S315020023E025EA040505990C6883EAB52384EA030104
S315020023F0DDF81020D0F81C30D0F84C40D0F8505000
S31502002400D0F88060D0F8B070C0F8001089EA0303F3
S315020024108EEA040488EA05058AEA060682EA0707BE
S3150200242025EAF45181EAF341C0F8501026EA7551C3
S3150200243081EA3431C0F8801027EA362181EA7571C3
S31502002440C0F8B01023EA374181EA3661C0F81C10A1
S3150200245024EA337181EA3731D0F80C30D0F83840AB
S31502002460D0F86C50D0F89860D0F8A070C0F84C1034
S315020024708BEA030382EA040489EA05058CEA060666
S3150200248088EA070725EAB42181EA3331C0F8A010A9
S3150200249026EAF55181EA7401C0F80C1027EA761192
S315020024A081EA3571C0F8381023EA376181EA76711C
S315020024B0C0F86C1024EAB30181EAB761DDF8048042
S315020024C0D0F82030D0F82C40D0F85C50D0F8886094
S315020024D0D0F8BC70C0F898108CEA030388EA0404AA
S315020024E08BEA050582EA060689EA070725EAF44128
S315020024F081EA3361C0F82C1026EAB50181EA7451EB
S31502002500C0F85C1027EA765181EAF551C0F88810C6
S3150200251023EA774181EAB611C0F8BC1024EA7311A6
S3150200252081EAB751D0F81030D0F84440D0F8745050
S31502002530D0F87C60D0F8A870C0F8201082EA0303B5
S3150200254089EA04048EEA050588EA06068AEA070786
S3150200255025EA346181EA7351C0F87C1026EA7501D6
S3150200256081EA7461C0F8A81027EA363181EA75312A
S31502002570C0F8101023EAB77181EAB621C0F84410F8
S3150200258024EA737181EAF761DDF80890D0F8043025
S31502002590446B056ED0F89060D0F8C470C0F8741021
S315020025A088EA03038BEA040482EA050589EA060639
S315020025B08EEA070726EA755181EA3451C0F83410CB
S315020025C027EA767181EAB541C0F8601023EA77619D
S315020025D081EAB651C0F8901024EAB35181EAF73184
S315020025E0C0F8C41025EAF47505994C6883EAF52308
S315020025F084EA030ED0F8C030D0F84810D0F89850CC
S31502002600D0F824B0D0F874C0C0F804E083EA3133BD
S3150200261083EAF54383EA3B1383EABC63D0F834705A
S31502002620D0F88010D0F80850D0F85CB0D0F8ACC022
S3150200263087EA315787EAB51787EAFB0787EABC5765
S315020026404FEAB32383EA7756D0F86040D0F8B01049
S31502002650D0F83C50D0F888B0D0F814C0CDF800605D
S3150200266084EA712484EAB57484EAFB2484EABC14FD
S3150200267083EA7466D0F89430D0F81810D0F86C500B
S31502002680D0F8B8B0D0F844C0CDF80C6083EAB143B4
S3150200269083EAF57383EABB4383EA7C0383EAB75290
S315020026A0D0F80070D0F85410D0F8A050D0F828B066
S315020026B0D0F87CC087EAB17787EAF54787EAFB67F5
S315020026C087EA3C3787EA346AD0F89040D0F81C1083
S315020026D0D0F86850D0F8BCB0D0F840C084EAB14413
S315020026E084EA050484EAFB4484EA7C0484EA070E4D
S315020026F0D0F83070D0F88410D0F80C50D0F858B01A
S31502002700D0F8A8C087EA315787EAF51787EAFB07A8
S3150200271087EABC574FEA775787EAF476D0F8C4407F
S31502002720D0F84C10D0F89C50D0F820B0D0F870C039
S31502002730CDF8106084EA313484EAF54484EA3B1425
S3150200274084EAFC6487EAB428D0F86470D0F8B4103E
S31502002750D0F83850D0F88CB0D0F810C0CDF804803C
S3150200276087EA312787EAB57787EAFB2787EABC1724
S315020027704FEA776787EA7429D0F80440D0F85010F8
S31502002780D0F8A450D0F82CB0D0F878C0CDF8089084
S3150200279084EAF17484EA355484EAFB6484EA7C347C
S315020027A084EA070B83EAF47CD0F89430D0F84840E8
S315020027B0D0F8A450D0F85C60D0F81470C0F8A41019
S315020027C089EA03038CEAB45488EA35558BEA7666BD
S315020027D082EAF77725EA346181EA3351C0F8A41018
S315020027E026EA755181EA7431C0F85C1027EA36216F
S315020027F081EA7571C0F8141023EAF73181EAF651BD
S31502002800C0F8941024EA337181EAF721D0F8303007
S31502002810D0F8B040D0F86C50D0F82060D0F878707C
S31502002820C0F848108AEA735382EAB40489EAF57555
S315020028308EEAB63688EA773725EA742181EA333199
S31502002840C0F8781026EA356181EA7401C0F83010C2
S3150200285027EA761181EA7571C0F8B01023EAF751BA
S3150200286081EA3671C0F86C1024EAF30181EAB76195
S31502002870DDF80080D0F8C430D0F85440D0F80C50BF
S31502002880D0F88860D0F84470C0F820108EEAB323DE
S3150200289088EAB4748AEA357582EA361689EA7707CF
S315020028A025EAF44181EAF351C0F8541026EAF5010B
S315020028B081EAB451C0F80C1027EA365181EAF55183
S315020028C0C0F8881023EAB74181EAB611C0F844106D
S315020028D024EA331181EAB751D0F86030D0F81840B3
S315020028E0D0F89850D0F82860D0F8AC70C0F8C41070
S315020028F082EA736389EAB4448CEA757588EAF666F5
S315020029008BEA373725EA346181EA3351C0F8281059
S3150200291026EA750181EA7461C0F8AC1027EA7631BD
S3150200292081EAB531C0F8601023EAB77181EAF6216F
S31502002930C0F8181024EA337181EAB761DDF80C9009
S31502002940D0F80030D0F88440C56BD0F8BC60476F31
S31502002950C0F8981088EA03038AEA742482EAF555D5
S3150200296089EAF6468CEA371726EA755181EA7451E6
S31502002970C0F8841027EA367181EA7541C0F83C1026
S3150200298023EA776181EA7651C0F8BC1024EAB35192
S3150200299081EAF731C0F8741025EA040505998C68B6
S315020029A083EAB52384EA0301DDF81020D0F89030DB
S315020029B0D0F84C40D0F8A050D0F85860D0F810703B
S315020029C0C0F8001089EA03038EEAB45488EAF54592
S315020029D08AEA366682EAF77725EAF45181EAF34112
S315020029E0C0F8A01026EA755181EA3431C0F85810B1
S315020029F027EA362181EA7571C0F8101023EA3741B9
S31502002A0081EA3661C0F8901024EA337181EA3731DF
S31502002A10D0F83430D0F8B440D0F86850D0F82460FA
S31502002A20D0F87C70C0F84C108BEAB35382EA740477
S31502002A3089EA05058CEAB63688EA373725EAB421EB
S31502002A4081EA3331C0F87C1026EAF55181EA740135
S31502002A50C0F8341027EA761181EA3571C0F8B4104D
S31502002A6023EA376181EA7671C0F8681024EAB30175
S31502002A7081EAB761DDF80480D0F8C030D0F8504062
S31502002A80D0F80850D0F88C60D0F84070C0F8241006
S31502002A908CEAB32388EAF4748BEA357582EA361631
S31502002AA089EA770725EAF44181EA3361C0F85010D2
S31502002AB026EAB50181EA7451C0F8081027EA765170
S31502002AC081EAF551C0F88C1023EA774181EAB61102
S31502002AD0C0F8401024EA731181EAB751D0F8643085
S31502002AE0D0F81C40D0F89C50D0F82C60D0F8A870D2
S31502002AF0C0F8C01082EA736389EAB4448EEA757537
S31502002B0088EAF6668AEAF72725EA346181EA73518A
S31502002B10C0F82C1026EA750181EA7461C0F8A81083
S31502002B2027EA363181EA7531C0F8641023EAB771B3
S31502002B3081EAB621C0F81C1024EA737181EAF761B2
S31502002B40DDF80890D0F80430D0F88040856BD0F8D4
S31502002B50B860076FC0F89C1088EA03038BEAB424B6
S31502002B6082EAF55589EAB6468EEA771726EA75515C
S31502002B7081EA3451C0F8801027EA767181EAB541BC
S31502002B80C0F8381023EA776181EAB651C0F8B81066
S31502002B9024EAB35181EAF731C0F8701025EAF475D8
S31502002BA00599CC6883EAF52384EA030ED0F87430DB
S31502002BB0D0F84810D0F82450D0F8C4B0D0F89CC051
S31502002BC0C0F804E083EA313383EAF54383EA3B1330
S31502002BD083EABC63D0F88070D0F85810D0F8305031
S31502002BE0D0F808B0D0F8ACC087EA315787EAB517F3
S31502002BF087EAFB0787EABC574FEAB32383EA77568D
S31502002C00D0F83840D0F81010D0F8B050D0F88CB0C8
S31502002C10D0F860C0CDF8006084EA712484EAB57405
S31502002C2084EAFB2484EABC1483EA7466D0F8BC30D6
S31502002C30D0F89410D0F86850D0F844B0D0F81CC040
S31502002C40CDF80C6083EAB14383EAF57383EABB43AA
S31502002C5083EA7C0383EAB752D0F80070D0F8A41056
S31502002C60D0F87C50D0F854B0D0F82CC087EAB177AF
S31502002C7087EAF54787EAFB6787EA3C3787EA346AD9
S31502002C80D0F8B840D0F89010D0F86C50D0F840B0D8
S31502002C90D0F818C084EAB14484EA050484EAFB4405
S31502002CA084EA7C0484EA070ED0F88470D0F85C10BB
S31502002CB0D0F83450D0F80CB0D0F8A8C087EA315713
S31502002CC087EAF51787EAFB0787EABC574FEA775781
S31502002CD087EAF476D0F87040D0F84C10D0F820503D
S31502002CE0D0F8C0B0D0F898C0CDF8106084EA31347C
S31502002CF084EAF54484EA3B1484EAFC6487EAB4284D
S31502002D00D0F83C70D0F81410D0F8B450D0F888B08F
S31502002D10D0F864C0CDF8048087EA312787EAB57710
S31502002D2087EAFB2787EABC174FEA776787EA74299F
S31502002D30D0F80440D0F8A010D0F87850D0F850B0AF
S31502002D40D0F828C0CDF8089084EAF17484EA3554A4
S31502002D5084EAFB6484EA7C3484EA070B83EAF47C23
S31502002D60D0F8BC30D0F84840D0F87850D0F8086097
S31502002D70D0F86070C0F8781089EA03038CEAB4547C
S31502002D8088EA35558BEA766682EAF77725EA346170
S31502002D9081EA3351C0F8781026EA755181EA743116
S31502002DA0C0F8081027EA362181EA7571C0F860106A
S31502002DB023EAF73181EAF651C0F8BC1024EA3371EE
S31502002DC081EAF721D0F88430D0F81040D0F8685064
S31502002DD0D0F8C060D0F82870C0F848108AEA735359
S31502002DE082EAB40489EAF5758EEAB63688EA773756
S31502002DF025EA742181EA3331C0F8281026EA3561C2
S31502002E0081EA7401C0F8841027EA761181EA7571A5
S31502002E10C0F8101023EAF75181EA3671C0F868103B
S31502002E2024EAF30181EAB761DDF80080D0F8703058
S31502002E30D0F8A440D0F83450D0F88C60D0F81C708A
S31502002E40C0F8C0108EEAB32388EAB4748AEA3575EC
S31502002E5082EA361689EA770725EAF44181EAF351CE
S31502002E60C0F8A41026EAF50181EAB451C0F834107C
S31502002E7027EA365181EAF551C0F88C1023EAB741A8
S31502002E8081EAB611C0F81C1024EA331181EAB7515F
S31502002E90D0F83830D0F89440D0F82450D0F85460A6
S31502002EA0D0F8AC70C0F8701082EA736389EAB44451
S31502002EB08CEA757588EAF6668BEA373725EA346155
S31502002EC081EA3351C0F8541026EA750181EA746129
S31502002ED0C0F8AC1027EA763181EAB531C0F838106D
S31502002EE023EAB77181EAF621C0F8941024EA337115
S31502002EF081EAB761DDF80C90D0F80030C46DD0F8E5
S31502002F00B050066CD0F89C70C0F8241088EA03030F
S31502002F108AEA742482EAF55589EAF6468CEA371774
S31502002F2026EA755181EA7451C0F85C1027EA3671B7
S31502002F3081EA7541C0F8B01023EA776181EA7651D9
S31502002F40C0F8401024EAB35181EAF731C0F89C1068
S31502002F5025EA040505990C6983EAB52384EA030187
S31502002F60DDF81020D0F8B830D0F84C40D0F87C50BC
S31502002F70D0F80C60D0F86470C0F8001089EA030338
S31502002F808EEAB45488EAF5458AEA366682EAF77723
S31502002F9025EAF45181EAF341C0F87C1026EA75511C
S31502002FA081EA3431C0F80C1027EA362181EA7571BC
S31502002FB0C0F8641023EA374181EA3661C0F8B810D6
S31502002FC024EA337181EA3731D0F88030D0F81440E0
S31502002FD0D0F86C50D0F8C460D0F82C70C0F84C1001
S31502002FE08BEAB35382EA740489EA05058CEAB6369B
S31502002FF088EA373725EAB42181EA3331C0F82C1042
S3150200300026EAF55181EA7401C0F8801027EA7611A2
S3150200301081EA3571C0F8141023EA376181EA7671C4
S31502003020C0F86C1024EAB30181EAB761DDF80480C6
S31502003030D0F87430D0F8A040D0F83050D0F888607C
S31502003040D0F81870C0F8C4108CEAB32388EAF47476
S315020030508BEA357582EA361689EA770725EAF4415C
S3150200306081EA3361C0F8A01026EAB50181EA7451FB
S31502003070C0F8301027EA765181EAF551C0F8881077
S3150200308023EA774181EAB611C0F8181024EA7311CF
S3150200309081EAB751D0F83C30D0F89040D0F82050B1
S315020030A0D0F85060D0F8A870C0F8741082EA736342
S315020030B089EAB4448EEA757588EAF6668AEAF727DB
S315020030C025EA346181EA7351C0F8501026EA750187
S315020030D081EA7461C0F8A81027EA363181EA7531AF
S315020030E0C0F83C1023EAB77181EAB621C0F8901005
S315020030F024EA737181EAF761DDF80890D0F80430AA
S31502003100846DD0F8B450466CD0F89870C0F8201090
S3150200311088EA03038BEAB42482EAF55589EAB646BD
S315020031208EEA771726EA755181EA3451C0F85810AB
S3150200313027EA767181EAB541C0F8B41023EA7761CD
S3150200314081EAB651C0F8441024EAB35181EAF73154
S31502003150C0F8981025EAF47505994C6983EAF523B7
S3150200316084EA030ED0F89C30D0F84810D0F8C45048
S31502003170D0F870B0D0F820C0C0F804E083EA31334A
S3150200318083EAF54383EA3B1383EABC63D0F85870BB
S31502003190D0F80C10D0F88450D0F830B0D0F8ACC0CB
S315020031A087EA315787EAB51787EAFB0787EABC57EA
S315020031B04FEAB32383EA7756D0F8B440D0F86410C6
S315020031C0D0F81050D0F888B0D0F838C0CDF80060EA
S315020031D084EA712484EAB57484EAFB2484EABC1482
S315020031E083EA7466D0F84030D0F8BC10D0F86C5040
S315020031F0D0F81CB0D0F890C0CDF80C6083EAB14389
S3150200320083EAF57383EABB4383EA7C0383EAB75214
S31502003210D0F80070D0F87810D0F82C50D0F8A4B0BE
S31502003220D0F850C087EAB17787EAF54787EAFB67A5
S3150200323087EA3C3787EA346AD0F84440D0F8B810B7
S31502003240D0F86850D0F818B0D0F894C084EAB144E7
S3150200325084EA050484EAFB4484EA7C0484EA070ED1
S31502003260D0F85C70D0F80810D0F88050D0F834B09E
S31502003270D0F8A8C087EA315787EAF51787EAFB072D
S3150200328087EABC574FEA775787EAF476D0F8984030
S31502003290D0F84C10D0F8C050D0F874B0D0F824C092
S315020032A0CDF8106084EA313484EAF54484EA3B14AA
S315020032B084EAFC6487EAB428D0F8B070D0F86010CB
S315020032C0D0F81450D0F88CB0D0F83CC0CDF80480B9
S315020032D087EA312787EAB57787EAFB2787EABC17A9
S315020032E04FEA776787EA7429D0F80440D0F87C1051
S315020032F0D0F82850D0F8A0B0D0F854C0CDF8089035
S3150200330084EAF17484EA355484EAFB6484EA7C3400
S3150200331084EA070B83EAF47CD0F84030D0F84840C0
S31502003320D0F82850D0F83060D0F83870C0F828109D
S3150200333089EA03038CEAB45488EA35558BEA766641
S3150200334082EAF77725EA346181EA33514FEAB171AD
S31502003350C0F8281026EA755181EA74314FEA7121C4
S31502003360C0F8301027EA362181EA75714FEA7101F9
S31502003370C0F8381023EAF73181EAF6514FEAB14133
S31502003380C0F8401024EA337181EAF7214FEAB151BD
S31502003390D0F85C30D0F86440D0F86C50D0F8746045
S315020033A0D0F85470C0F848108AEA735382EAB4041B
S315020033B089EAF5758EEAB63688EA773725EA742100
S315020033C081EA33314FEA3151C0F8541026EA3561A9
S315020033D081EA74014FEA3171C0F85C1027EA76116E
S315020033E081EA75714FEAF151C0F8641023EAF75188
S315020033F081EA3671C0F86C1024EAF30181EAB761FA
S315020034004FEA7171DDF80080D0F89830D0F8784034
S31502003410D0F88050D0F88860D0F89070C0F8741058
S315020034208EEAB32388EAB4748AEA357582EA3616D6
S3150200343089EA770725EAF44181EAF3514FEAF16115
S31502003440C0F8781026EAF50181EAB4514FEA3161F3
S31502003450C0F8801027EA365181EAF5514FEA311158
S31502003460C0F8881023EAB74181EAB6114FEAB141A2
S31502003470C0F8901024EA331181EAB7514FEAB1310C
S31502003480D0F8B430D0F8BC40D0F8C450D0F8A4601C
S31502003490D0F8AC70C0F8981082EA736389EAB44433
S315020034A08CEA757588EAF6668BEA373725EA34615F
S315020034B081EA33514FEA7131C0F8A41026EA750148
S315020034C081EA74614FEA3131C0F8AC1027EA7631ED
S315020034D081EAB5314FEAF171C0F8B41023EAB77147
S315020034E081EAF6214FEA7101C0F8BC1024EA337171
S315020034F081EAB7614FEA7111DDF80C90D0F800301D
S31502003500846805698669076AC0F8C41088EA0303F5
S315020035108AEA742482EAF55589EAF6468CEA37176E
S3150200352026EA755181EA74514FEA7151C0F80810C2
S3150200353027EA367181EA75414FEA7161C0F81010C7
S3150200354023EA776181EA7651C0F8181024EAB3516A
S3150200355081EAF7314FEAB121C0F8201025EA0405C5
S3150200356005998C6983EAB52384EA0301DDF8102004
S31502003570D0F84430D0F84C40D0F82C50D0F8346013
S31502003580D0F83C70C0F8001089EA03038EEAB454FE
S3150200359088EAF5458AEA366682EAF77725EAF45139
S315020035A081EAF3414FEAF171C0F82C1026EA75510F
S315020035B081EA34314FEAB121C0F8341027EA3621C4
S315020035C081EA75714FEAB101C0F83C1023EA37412E
S315020035D081EA36614FEAB141C0F8441024EA3371F8
S315020035E081EA37314FEAB151D0F85830D0F860400D
S315020035F0D0F86850D0F87060D0F85070C0F84C100F
S315020036008BEAB35382EA740489EA05058CEAB63674
S3150200361088EA373725EAB42181EA33314FEAF141A4
S31502003620C0F8501026EAF55181EA74014FEA317169
S31502003630C0F8581027EA761181EA35714FEAF1513E
S31502003640C0F8601023EA376181EA76714FEAF171B8
S31502003650C0F8681024EAB30181EAB7614FEA7171D2
S31502003660DDF80480D0F89C30D0F87C40D0F8845045
S31502003670D0F88C60D0F89470C0F870108CEAB3233E
S3150200368088EAF4748BEA357582EA361689EA770790
S3150200369025EAF44181EA33614FEAF161C0F87C1010
S315020036A026EAB50181EA74514FEA7161C0F88410C5
S315020036B027EA765181EAF5514FEA3111C0F88C10AA
S315020036C023EA774181EAB6114FEAF141C0F8941034
S315020036D024EA731181EAB7514FEAB131D0F8B0301A
S315020036E0D0F8B840D0F8C050D0F8A060D0F8A87092
S315020036F0C0F89C1082EA736389EAB4448EEA75754F
S3150200370088EAF6668AEAF72725EA346181EA73517E
S315020037104FEA3131C0F8A01026EA750181EA7461D8
S315020037204FEAF121C0F8A81027EA363181EA75314D
S315020037304FEAF171C0F8B01023EAB77181EAB621F7
S315020037404FEA7101C0F8B81024EA737181EAF76191
S315020037504FEA3111DDF80890D0F80430C4684569A3
S31502003760C669476AC0F8C01088EA03038BEAB42424
S3150200377082EAF55589EAB6468EEA771726EA755140
S3150200378081EA34514FEAB151C0F80C1027EA76713A
S3150200379081EAB5414FEA7161C0F8141023EA7761F4
S315020037A081EAB651C0F81C1024EAB35181EAF73116
S315020037B04FEAB121C0F8241025EAF4750599CC69BF
S315020037C051F8207F0591FF2F83EAF52384EA03014E
S315020037D0C0F804107EF43AAC06B0BDE8F09F00BF14
S315020037E0040000222DE9F04F2DED108B4FF2FF2C35
S315020037F05FF814B000F58071FBE802234FF0100E5B
S3150200380091ED001F11FE632EAEF1010E11EE62DE86
S3150200381090ED00BF13EE4CCE91ED041F1AFF4CE85B
S31502003820A1EC04FF1AEF4CE811FE632EA0EC04FF94
S315020038300FF015C011EE621E13EE4C0E90ED003F16
S3150200384012FF40E8A1EC04FF12EF40E8A0EC04FFEF
S31502003850A0F580704FF00201FBE806235BE9044500
S315020038605BE902674FF0040E90ED203F13EE627E95
S31502003870AEF1010E13FE630E90ED303F13EE62FEC3
S3150200388090ED10BF13FE632E90ED00DF13EE4CEEAB
S3150200389090ED243F11EE4C6E1AFF4E0811EE669E15
S315020038A01CEF464811FE670E1CFF466811EE4C8E51
S315020038B01AEF4EE81FFE65AE16FF48C81FEE64FEFD
S315020038C016EF48081BEE4CEE80ED30DF14FF4EC8B3
S315020038D080ED10DF13EE627E80ED201F14EF4EA8FE
S315020038E0A0EC04BF0FF03BC013FE63EE90ED305F19
S315020038F015EE62DE90ED103F15FE630E90ED005F51
S3150200390011EE4CCE1FEE4C6E12EF4CE81FFE658E8A
S3150200391014EF46081FEE64BE14FF464819EE4CAE7D
S3150200392012FF4CC81DFE676E10FF4AE880ED10FFBD
S315020039301DEE66FE10EF4A2817EE4CEEA0EC043F91
S3150200394014FF4EC880ED2CDF14EF4EE880ED1CFF0D
S3150200395000F1C00001397FF47FAFA0F500704FF08F
S31502003960080EFBE8068A90ED0CFF1FFE6A6E5BE905
S3150200397004711FEE683E90ED04FF17EE4C2EAEF179
S31502003980010E00BF1EEF420811EE677E90ED089F02
S3150200399019EE68BE1EFF42C819FE6AEE5BE90264B2
S315020039A01FEE4CAE90ED00FF11FE618E1EFF4A081F
S315020039B019EE4C6E1EEF4A281DEE665E12FF468811
S315020039C01DFE64CE12EF46681DEE4C4EFBE8068ADB
S315020039D010FF44C85BE9047110EF44A890ED1C3F48
S315020039E013FE6AEE80FC017F13EE683E80FC217FA7
S315020039F01FEE4C2E80FC417F90ED14FFA0FC617FF0
S31502003A000FF041C090ED089F19EE687E5BE90295C2
S31502003A1019FE6A8E1EFF424819EE4C6E90ED001F8B
S31502003A2015FE658E10FF46A815EE695E10EF466814
S31502003A3019EE4C4E1EEF42E81FEE671E1AFF44C8EF
S31502003A401FFE618E1AEF44A819EE4C0E16FF40882F
S31502003A5016EF406880FC017F80FC217F80FC417F5D
S31502003A60A0FC617FA0F500704FF0080E90ED0CFFF0
S31502003A70BBECB05E1EEF54691BEDA81E1EFF40EBA9
S31502003A8090ED043F1FEE4C6EAEF1010E12FF46C8DA
S31502003A9090ED08BF1AEF544912EF46681AFF402B01
S31502003AA01BED909E13EE4C4E90ED003F12EF44A894
S31502003AB01CEF580912FF44481BED889E1CFF488BD9
S31502003AC01BEDA0FE19EE4C0E1BED983E16FF428B27
S31502003AD014EF40C816EF5E6914FF40E819EE4C6E0B
S31502003AE090ED1C3F1AEF46889BED881E1AFF46A8EA
S31502003AF0BBECB05E12EF546980FC019F12FF402BB3
S31502003B0080FC219F13EE4C6E80FC419F90ED143F8A
S31502003B10A0FC619F0FF047C090ED08DF1CEF5489AF
S31502003B2012FF46A81CFF40EB12EF46681FEE4C8EB2
S31502003B3090ED003F12EF48C81BEDA0FE12FF4808A9
S31502003B4016EF5EE91BED983E16FF422B1BED907EAB
S31502003B5013EE4CEE1BED883E1AEF56491CEF4E88CB
S31502003B601AFF422B1CFF4EA813EE4C4E10EF44C810
S31502003B7010FF44E880FC019F80FC219F80FC419F4E
S31502003B80A0FC619FBDEC108BBDE8F04F704700BFF3
S31502003B9000040022AFF30080AFF30080AFF3008091
S31502003BA02DE9F04F2DED108B4FF2FF2C5FF820B070
S31502003BB040F2607844F6980942F25F714FF0080EBF
S31502003BC090ED08FF1FEE687E1FFE698EAEF1010EB4
S31502003BD019EE4C6E90ED0CFF1FEE689E90ED043FC1
S31502003BE01FFE69CE90ED001F1DEE4C8E13FE69CEB0
S31502003BF016FF48A813EE68FE16EF48881DEE4CEE37
S31502003C0011EE687E9BED083F11FE694E9BED101F7B
S31502003C1015EE4C6E9BED145F1AEF500916EF4EC867
S31502003C201AFF44AB9BED0C5F1BEE4C0E16FF4EA823
S31502003C301AEF52E91CFF48281AFF444B1CEF48882A
S31502003C4015EE4CEE9BED04DF12FF4CAB1EFF404817
S31502003C5014FF4CCBBBEC187F14EF5649A0EC109F17
S31502003C601DEE4C4E00ED045F12EF562990ED087FD3
S31502003C701BEE4C2E1EEF40A817FE698E00ED083F84
S31502003C8017EE687E00ED0CBF0FF05FC019EE4C6EAA
S31502003C9090ED0CFF1FEE68DE1FFE692E13EE4CCE72
S31502003CA090ED043F13FE69EE90ED001F13EE689E41
S31502003CB016FF4CA81FEE4C8E16EF4C2811EE687EAE
S31502003CC09BED085F11FE69CE9BED10FF1DEE4C6E5B
S31502003CD09BED14DF1AEF5EE916EF48081AFF4CABAC
S31502003CE09BED0CDF1BEE4CEE16FF486816EF5449AF
S31502003CF010FF428816FF4C6B10EF420817EE4C4E2F
S31502003D009BED04DF18FF4CAB14FF4E6816FF4C2BDD
S31502003D10BBEC18DF16EF5C69A0EC101F13EE4C6EBD
S31502003D2000ED047F18EF5CC914EF4E6800ED0C7FBE
S31502003D301BEE4CCE00ED08DFA0F500704FF0080E2A
S31502003D4090FC017F90FC217F90FC417FB0FC617F5B
S31502003D50AEF1010E16EF484815EE61EE1AEF4C0869
S31502003D6011EE612EDBE904261AFF4CA81BEE62DE79
S31502003D7096EF52221BFE66AE96EF5EE213EE4C0EF5
S31502003D8016FF48881FEE4C4EDBE902751BEE4CCE41
S31502003D9014EF406819FE652E00ED107F19EE677E5E
S31502003DA014FF40E813EE4C6EFBE8062716FF4C089C
S31502003DB01FFE674E16EF4C281FEE62FE90FC017F37
S31502003DC015EE4CEE90FC217F13EE614E00ED08FFDE
S31502003DD011FE67EE90FC417F11EE621E96EF544291
S31502003DE01FEE4C0EB0FC617F00ED141F15EE4C2E3B
S31502003DF000ED1C3F0FF053C016EF482813EE614E3C
S31502003E001AEF4CE81FEE610E96EF5442DBE90427E7
S31502003E1015EE4C2E1AFF4C4815EE62DE96EF500256
S31502003E2015FE67AEDBE902591BEE4CCE16FF48487B
S31502003E3015EE65BEFBE8065811EE4CEE15FE696EF0
S31502003E4012FF4E8819EE655E19FE680E12EF4E28B5
S31502003E5017EE4CAE00ED103F11EE4C4E1AFF4C28F9
S31502003E6013FE688E1AEF4CA81BEE61EE00ED085F9A
S31502003E7013EE655E96EF5EE219EE4C4E00ED045FC0
S31502003E801FEE4CAE00ED0CBFA0F500704FF0020124
S31502003E90FBE806235BE904455BE902674FF0040E83
S31502003EA090ED001FAEF1010E90ED105F10FF44C8B9
S31502003EB090ED309F1DFE65AE90ED207F16FF48E81F
S31502003EC01FFE672E10EF44081FEE66FE16EF4888A7
S31502003ED013EE4CEE10FF482813EE625E10EF488890
S31502003EE01DEE647EA0EC049F1BEE4C6E90ED001F4F
S31502003EF013FE63AE16FF4E2813EE629E16EF4E6851
S31502003F001BEE4C4E80ED0C7F13FE63EE80ED1C5FC4
S31502003F101FEE4C8E80ED2C9F0FF03BC090ED10BF34
S31502003F2010FF4AE81FFE652E90ED209F1FEE645E8D
S31502003F3090ED30FF18FF4EC81DEE667E10EF4A0860
S31502003F401DFE67AE18EF4EC81BEE4C6E10FF4CA856
S31502003F501BFE638E10EF4C0813EE4C4EA0EC041FB2
S31502003F601BEE62FE14FF462813EE621E14EF46682D
S31502003F7013FE632E80ED0C7F19EE4CEE80ED1CFFD6
S31502003F8013EE4C0E80ED2C1F00F1C00001397FF4B8
S31502003F907FAFA0F5007000F58071FBE802234FF0B9
S31502003FA0100E91ED005FAEF1010E00BF90ED00FF25
S31502003FB01EFF446817FE638E1EEF44E8A0EC04FF62
S31502003FC017EE627E91ED045F19EE4C6EA1EC047F52
S31502003FD00FF015C090ED00FF1EFF448819EE627EB9
S31502003FE01EEF440819FE638EA0EC041F19EE4C6EF8
S31502003FF0A1EC047FBDEC108BBDE8F04F704700BF0B
S3150200400004B58AB03CCAB1E80144A2FB006BA3FB2B
S31502004010007CE2FB6A7BCDE90067A4FB0086E3FB3A
S315020040206A8BA5FB0097E2FB6E8CE4FB6A9BE5FBC1
S315020040306AB7E3FB6E9CE4FB6EBCE5FB6EC7B1E8B8
S315020040400144E2FB6096E3FB60B6CDE902894FF0DC
S315020040500009E4FB60C6E2FB6AB951F8048BE5FB92
S315020040606067E3FB6AC94FF00000E4FB6A69E5FB9F
S315020040706A794FF0000AE2FB6ECAE3FB6E6AE4FB62
S315020040806E7AE5FB6E9A4FF0000EE2FB68E6E3FB02
S315020040906876E4FB6896E5FB68A651F81C89E2FBA4
S315020040A06870E3FB68900A9AE4FB68A0E5FB686027
S315020040B010323CCA51F8048B09904FF00000E2FB23
S315020040C068B0E3FB68C0E4FB68E0E5FB680751F80B
S315020040D0048BCDF810B04FF0000BE2FB68CBE3FB8C
S315020040E068EBE4FB680BE5FB68B751F8048BCDF887
S315020040F014C04FF0000CE2FB68ECE3FB680CE4FB37
S3150200410068BCE5FB68AC51F8048BCDF818E04FF0BB
S31502004110000EE2FB680EE3FB68BEE4FB68AEE5FB5D
S31502004120686E0790B1E80101E2FB60B9E3FB609AB1
S31502004130CDF820B0DDF824B0E2FB6897E4FB60A678
S31502004140E5FB60B6E3FB68A7E4FB68B7E5FB6867D7
S31502004150B1E80101E2FB60ACE3FB60BCE4FB606C2E
S31502004160E2FB68BEE3FB686EE5FB607C2623E4FBAC
S3150200417068E79DE80700E5FB687CDDE907454FF047
S315020041800008E3FB6C484FEA480824F0004C48EA72
S31502004190D478132408FB04F8E3FB6508E3FB6918EB
S315020041A0E3FB6A284FF02609DDE90334E9FB6B38A5
S315020041B0E9FB6648DDE90556E9FB6E58E9FB6768E7
S315020041C008EB0C070BB000BD00B585B0A0FB009A4A
S315020041D0A0FB01BC1BEB0B0B4FF0000EEEFB6EAB14
S315020041E02DE900064FF00008A0FB039AE0FB628C63
S315020041F0E1FB629C58EB0808E1FB618B59EB09096C
S31502004200EEFB6E9BCDE902894FF00009E0FB649A52
S31502004210E1FB639C59EB0909E2FB629BCDF8109026
S31502004220A0FB0598E1FB649AE2FB639C59EB090942
S31502004230EEFB6E9BCDF814904FF00009E1FB6598FA
S31502004240E2FB649CE0FB669A59EB0909E3FB639B7C
S31502004250CDF81890A0FB0709E1FB660AE2FB650CA4
S31502004260E3FB6408E1FB6798E2FB669A4041E3FBE5
S3150200427065C9E2FB67985CEB0C0CE3FB66A90022BE
S31502004280EEFB6E0BE4FB65A2E3FB6728E4FB66929A
S315020042905AEB0A0AE4FB64BC59EB0909EEFB6ECA47
S315020042A00023E5FB65A9E4FB6738E5FB6632E5FB1F
S315020042B06782AEFB0E455B41E6FB674258EB080898
S315020042C0EEFB6E93E6FB66386441EEFB6E485241A6
S315020042D0E7FB67824FF0260652EB0E02E6FB620E02
S315020042E013254FEA4E0E20F000474EEAD07E0EFB13
S315020042F005FE03BCE6FB6B0EE6FB6C1E9B46A44664
S315020043003CBCE6FB6A2EE6FB693EE6FB6B4EE6FB31
S315020043106C5E40BC4FF0260CECFB686E774400BD29
S31502004320FFF76EBEFFF750BF2DE9F04F82B0009047
S31502004330FFF7F6FFDDF8008088E8FF0002B0BDE86F
S31502004340F08F2DE9F04F82B000908C469CE8FF007A
S31502004350FFF7E8FFDDF8008088E8FF0002B0BDE85D
S31502004360F08F2DE9F04F82B0009088469146FBF718
S31502004370E7FEDDF8008088E8FF0002B0BDE8F08FB6
S315020043802DE9F04F82B0009088469146FBF704FF74
S31502004390DDF8008088E8FF0002B0BDE8F08F00BFBC
S315020043A02DE9F04FC3B04090DDF800C10CF12008B2
S315020043B0E146FBF7C5FE0DF1000C8CE8FF00DDF8C7
S315020043C000C1DCF8802000A9FFF7AAFF0DF1000C5E
S315020043D08CE8FF00DDF800C10CF12008E146FBF78E
S315020043E0DBFE0DF1200C8CE8FF00DDF800C1DCF8E5
S315020043F0842008A9FFF794FF0DF1200C8CE8FF003A
S31502004400DDF800C1DCF888100CF16002FFF788FFC6
S315020044100DF1400C8CE8FF00DDF800C10CF14008FC
S315020044200CF14009FBF78CFE0DF1600C8CE8FF00E5
S315020044300DF100080DF12009FBF7AEFE0DF1800C1F
S315020044408CE8FF000DF100080DF12009FBF778FE5C
S315020044500DF1A00C8CE8FF000DF160080DF140098A
S31502004460FBF76EFE0DF1C00C8CE8FF000DF1600843
S315020044700DF14009FBF790FE0DF1E00C8CE8FF0010
S31502004480DDF800C1DCF88CC00DF1C00A0DF1E00BBD
S315020044908AEA0B0909EA0C098AEA090A8BEA090B74
S315020044A0CDF800A0CDF820B020A9089AFFF738FF72
S315020044B0DDF800C18CE8FF0028A9009AFFF730FF5B
S315020044C0DDF800C10CF1200C8CE8FF0030A938AAF7
S315020044D0FFF726FFDDF800C10CF1400C8CE8FF0067
S315020044E020A928AAFFF71CFFDDF800C10CF1600C19
S315020044F08CE8FF0043B0BDE8F08F2DE9F04F82B0A3
S31502004500009001928C469CE8FF00FFF70BFFDDF856
S3150200451004C0BCF1010CCDF804C0F6D1DDF800C030
S315020045208CE8FF0002B0BDE8F08F00BF000000007B
S30D020045305FF800F0CD62000203
S3150200453842424242C0F9FFFF7BC2FFFF13FDFFFF63
S3150200454833E3FFFF51FDFFFF96E5FFFF760200000A
S3150200455839180000D8FFFFFF76FEFFFF68FAFFFF53
S31502004568F1C8FFFF500300009B200000260400004C
S31502004578D528000028010000620B00008EFCFFFF10
S3150200458816DEFFFF7EFAFFFFC9C9FFFF3B050000E3
S315020045987C330000C4050000C1380000C1000000D9
S315020045A86C070000E5FEFFFF1EF5FFFF380000005E
S315020045B8270200001D030000A51E0000BFFBFFFF27
S315020045C821D6FFFF3505000041330000E1FDFFFF5C
S315020045D81FEBFFFF92050000D43600002DFBFFFFFC
S315020045E884D0FFFFBBFFFFFF59FDFFFF1702000044
S315020045F89214000041FEFFFFD0EEFFFF39020000D1
S31502004608E115000058FCFFFF03DCFFFF3EFEFFFF3B
S31502004618B3EEFFFFD1F9FFFF22C3FFFFB5FAFFFF93
S31502004628E6CBFFFF35030000911F0000210121019F
S315020046384B014B01B4FFB4FFDBF9DBF91D0B1D0B74
S31502004648BA0CBA0C14FD14FD85C385C311001100FA
S315020046584702470265066506EFFBEFFBA700A700C0
S315020046686B166B16F13EF13EF9D7F9D7C8FDC8FDB0
S3150200467858FD58FDD302D3024C044C0429EA29EA10
S31502004688DBE5DBE5CD1BCD1B4C2A4C2AAD04AD047C
S31502004698FFFBFFFBE4FBE4FB06FB06FB062E062EEE
S315020046A897D897D88DD78DD704CF04CF81058105A2
S315020046B8D0FFD0FFF402F402C6FEC6FE2D362D3612
S315020046C828FE28FE111D111DEDF3EDF365FD65FDAE
S315020046D8E900E9006BFB6BFBE9FEE9FE5BE65BE6DC
S315020046E8F508F508E6D2E6D246F546F58A028A02C2
S315020046F8B8FAB8FAD0FCD0FC78027802FE18FE188E
S3150200470804CC04CCA0E0A0E04D184D18A6F9A6F9F1
S31502004718E4FDE4FD36FA36FAB505B5057BC17BC17B
S315020047283DEB3DEB04C704C72D382D3873067306D7
S31502004738FCF9FCF9B803B8037EFD7EFD7B3F7B3F9F
S31502004748C9C4C9C49B249B2451E751E730FE30FEF5
S3150200475821002100280528057AFA7AFA29EE29EE97
S3150200476845014501C132C132A2C9A2C9AB03AB0395
S3150200477884FC84FCDD02DD020C010C011B241B24D3
S31502004788B4DDB4DD2F1C2F1C4E0A4E0A03FC03FCB3
S3150200479853FC53FC20FC20FC81028102BED8BED801
S315020047A8D2DBD2DBDCD9DCD9A518A5180EFC0EFCA7
S315020047B89B059B0527032703C401C4012AD92AD9C5
S315020047C82D372D37071F071F611161113006300675
S315020047D8F4FAF4FA7701770129FB29FBE83CE83C6D
S315020047E853CE53CE6B0E6B0E5CD05CD0F9FBF9FB45
S315020047F893FF93FFF4FCF4FC6D066D065CD85CD857
S31502004808CFFBCFFB02E202E2403F403F9E059E05F8
S3150200481833FE33FEFE05FE0561FC61FC4B374B3762
S3150200482846EE46EEFB3AFB3A5BDC5BDC27042704E2
S31502004838D4FDD4FD32FB32FBA1FCA1FCDF28DF2824
S315020048489FEA9FEAB5D0B5D0D1DED1DE3F013F015E
S31502004858F502F5023102310221FD21FD440C440C18
S315020048681B1D1B1D92159215BDE3BDE356FD56FD94
S3150200487838FD38FDC905C90588028802C7E5C7E5B6
S31502004888A0E4A0E4F238F238EA18EA18F3FDF3FDD8
S315020048989301930177047704D6FDD6FDD0EBD0EBCE
S315020048A87F0F7F0FF32BF32BB3EAB3EA44044404D6
S315020048B80204020465FB65FB76037603FD29FD29DE
S315020048C873277327ABD2ABD211221122A9FCA9FCFA
S315020048D825FF25FFCB04CB048E038E0320DF20DFC2
S315020048E894F794F72E2F2E2FFD22FD22B9F9B9F946
S315020048F851FA51FA3DFB3DFB7503750336C236C2C2
S315020049080EC80EC821D121D107220722BC04BC0435
S315020049180504050476FE76FE69FB69FB9A2E9A2E35
S3150200492891279127DAF0DAF0D2D2D2D2000000002B
S3150200493872FC72FC35FB35FBDB00DB0057035703C1
S3150200494803DD03DDD2D0D2D06C086C08E020E0206B
S31502004958970497048A018A01FBFBFBFB44FB44FB91
S315020049682E2D2E2D260F260F6FD86FD866D166D11B
S315020049788BFC8BFCC304C304AF05AF054706470689
S31502004988F9DDF9DDDF2EDF2EF237F237CA3DCA3DF1
S3150200499878FD78FD37FA37FAC802C802AA02AA02CF
S315020049A816E716E70EC70EC7601B601B391A391AB7
S315020049B88AFC8AFC9B049B04FEFBFEFBBCFBBCFB3D
S315020049C8EFDDEFDD552D552D8DD88DD803D603D6BF
S315020049D82A022A0289FB89FB6DFE6DFE0D020D0273
S315020049E84D154D150DD40DD481F081F030143014C7
S315020049F89F039F0302FA02FACD01CD0162FA62FA17
S31502004A08A523A52305C505C5BA11BA11B5C8B5C8E2
S31502004A18DF02DF02CFFDCFFD0BFD0BFDC1FEC1FE9E
S31502004A28431C431C6EEA6EEAE5E2E5E2BCF3BCF31C
S31502004A385F035F03CE04CE042C022C02D9FBD9FBFA
S31502004A482F212F214B2F4B2F6115611521D721D7E6
S31502004A583CFE3CFED9FCD9FC65FA65FAF203F20380
S31502004A689FEE9FEEF9E0F9E0D3C8D3C8D626D6263C
S31502004A7893F993F90C030C036D006D000704070400
S31502004A88C0C0C0C0FE1DFE1D31043104A427A427E0
S31502004A98D704D70489FE89FE0C050C05D0F9D0F98E
S31502004AA8A42FA42F95F195F1AD31AD3118C318C3D2
S31502004AB886058605D8FAD8FADFFFDFFFD001D001CE
S31502004AC85E365E363FCD3FCDBBFEBBFED711D71154
S31502004AD87FFD7FFDE003E003AD03AD03FD03FD03A8
S31502004AE85BE75BE7242624262E242E244227422728
S31502004AF8F4FEF4FE23FD23FD7C037C0355FC55FCE2
S31502004B08B2F5B2F5D1E3D1E34C224C22E5DBE5DB83
S31502004B1888FD88FD300330034805480576FD76FD95
S31502004B28B3E7B3E7601F601FFC33FC3302E702E713
S31502004B388202820248FC48FC040604068DF98DF9B5
S31502004B48AF18AF1865DB65DB373B373B85C085C0D9
S31502004B584BFA4BFACA05CA051C021C025A065A0621
S31502004B68D3C7D3C7FC38FC38C314C314853E853E65
S31502004B78FA04FA041C041C040104010453FB53FB43
S31502004B88FC30FC307328732869276927FAD1FAD1D1
S31502004B98170117019504950417FF17FF9B029B023D
S31502004BA8BA0ABA0A1A2D1A2D0BF70BF7A519A5195F
S31502004BB83A013A010CFD0CFD300030007FFA7FFA0B
S31502004BC8130C130CEFE2EFE2D801D801D3C9D3C90B
S31502004BD8250625064C004C00B5FEB5FEDFFEDFFEB7
S31502004BE87B3C7B3CEC02EC0246F346F3E3F4E3F44B
S31502004BF8B4FBB4FB2DFD2DFDA802A802380238022B
S31502004C08B4D5B4D533E433E4251A251AD715D715FE
S31502004C18110411049BF99BF9B9FDB9FDEFFFEFFFEA
S31502004C28072807280FC10FC195E995E959FF59FFCA
S31502004C382F060000DE3C0000CBFCFFFF6FE0FFFF03
S31502004C484B0500001A340000C7FDFFFF1FEAFFFFED
S31502004C58C20100004D110000A8030000FD23000058
S31502004C6845000000A7020000BF0100003011000045
S31502004C78E9FDFFFF6EEBFFFF1F020000E1140000D3
S31502004C88D30400007C2F00006EFAFFFF2CC9FFFF39
S31502004C98E3FCFFFF5BE1FFFFCBFAFFFFBFCCFFFFA1
S31502004CA841040000DF2900003FFFFFFF94F8FFFFE1
S31502004CB8C8FFFFFFD9FDFFFF1B010000E20A000043
S31502004CC882050000373600003CFAFFFF3FC7FFFFA8
S31502004CD8C5FAFFFF84CCFFFFDAFBFFFF2BD7FFFFE6
S31502004CE872030000EA210000D8FEFFFF9EF4FFFFD0
S31502004CF8280000008A010000B0FCFFFF65DFFFFF05
S31502004D08980500000F370000ED020000CD1C0000D8
S31502004D188AFDFFFFC7E7FFFFAF0200006A1A00001D
S30D02004D2840060000853D000073
S31502004D300348044B834202D0034B03B11847704722
S31502004D40F8070022F807002200000000064B074978
S31502004D50C91A891048BF0131491003D0044B0BB15F
S31502004D6001481847704700BFF8070022F8070022DB
S31502004D700000000010B5064C237843B9FFF7D8FFB0
S31502004D80044B13B10448AFF300800123237010BD16
S31502004D90300C00220000000084A2000308B5054B77
S31502004DA01BB105490548AFF30080BDE80840FFF78F
S31502004DB0CDBF00BF00000000340C002284A2000315
S31502004DC000F078BD2DE9F0419646ADF6486D02AC8D
S31502004DD0A4464FF00308DEF80C3005460F4610686D
S31502004DE0516892680026ACE80F00DEF81000DEF883
S31502004DF01410DEF81820DEF81C30ACE80F0021464D
S31502004E00204621228DF8288001F0C2FA00230AA941
S31502004E101A4692A800F014FC0AA90DF5896000232F
S31502004E20012200F00DFC0AA9002302220DF5C96039
S31502004E3000F006FC92A800F0D1FF33460DF64802B8
S31502004E4092A912A8CDE9004600F0C6FA12A800F00F
S31502004E5013FC424601230AA912A800F0F1FB12A88C
S31502004E6000F008FC284612A900F0CEFB0DF6480217
S31502004E7092A9012312A8CDE9004600F033FB12A83D
S31502004E8000F0FAFB012304220AA912A800F0D8FBBB
S31502004E9012A800F0EFFB12A905F5C07000F0B4FBF2
S31502004EA00DF6480292A9022312A80196009400F078
S31502004EB019FB12A800F0E0FB012305220AA912A899
S31502004EC000F0BEFB12A800F0D5FB12A905F5407052
S31502004ED000F09AFB384692A900F058FFA446BCE8B7
S31502004EE00F00C5F88004C5F88414C5F88824C5F8EF
S31502004EF08C34BCE80F00C5F89004C5F89414C5F8C4
S31502004F009824C5F89C340DF6486DBDE8F08100BFC3
S31502004F102DE9F04F1D460023174601240646ADF53E
S31502004F20905D83B01A460DF5C1608946294600F0A8
S31502004F3087FB0023012229460DF6080000F080FBBC
S31502004F400023022229460DF6082000F079FB07F518
S31502004F50906A0DF5C16000F041FF00230DF608428C
S31502004F600DF5C16102A8CDE900A400F035FA02A848
S31502004F7000F082FB23460322294602A800F060FBCA
S31502004F8002A800F07BFB0022304602A900F034FBA7
S31502004F90A3465FFA84F843460DF608420DF5C16151
S31502004FA002A8CDE900AB00F09DFA02A800F064FB6E
S31502004FB00123294608F1030202A800F041FB02A8D8
S31502004FC000F05CFB2246304602A900F015FB012CDC
S31502004FD001D10224DDE782AC394602A800F016FBB5
S31502004FE00DF6084302AA20460DF5C16100F03CFB0E
S31502004FF002A807F5C07100F009FB02AA0DF60863C4
S3150200500020460DF6080100F031FB07F5407102A8B3
S3150200501000F0FCFA0DF580530DF6082102AA0DF5F3
S31502005020C1600833009400F023FB0DF5C16000F067
S3150200503023FB0123062229460DF5C16000F000FB81
S31502005040494602A800F020FB0DF5C161084602AAF6
S3150200505000F016FB0DF5C16000F010FB0DF5C16105
S3150200506006F5707000F0C4FA0DF5905D03B0BDE868
S31502005070F08F00BF2DE9F04F1F4600239146012510
S315020050808046ADF5905D85B01A468A460DF5C2603A
S31502005090394600F0D5FA0023012239460DF50160A2
S315020050A000F0CEFA0023022239460DF5216000F007
S315020050B0C7FA09F5906B0DF5C26000F08FFE00236A
S315020050C00DF541620DF5C26104A8CDE900B500F007
S315020050D083F904A800F0D0FA2B460322394604A825
S315020050E000F0AEFA04A800F0C9FA0022404604A96C
S315020050F000F088FA0446C617CDF80CA001215FFA23
S3150200510085FA53460DF54162CDE900B104A80DF5C5
S31502005110C26100F0E7F904A800F0AEFA01233946AD
S315020051200AF1030204A800F08BFA04A800F0A6FA1A
S315020051302A46404604A900F065FA012D44EA000415
S3150200514046EAE07601D10225D8E784AD494604A8AD
S31502005150DDF80CA000F05AFA0DF5416304AA2846C0
S315020051600DF5C26100F080FA04A809F5C07100F0DD
S315020051704DFA04AA0DF5616328460DF5016100F0AA
S3150200518075FA09F5407104A800F040FA0DF580534E
S315020051900DF5216104AA0DF5C2601033009500F0E9
S315020051A067FA0DF5C26000F067FA01230622394656
S315020051B00DF5C26000F044FA514604A800F064FA04
S315020051C00DF5C261084604AA00F05AFA0DF5C2604E
S315020051D000F054FA0DF5C26108F5707000F010FA8D
S315020051E00443644246EAE07060EB4000C00F0DF5EE
S315020051F0905D05B0BDE8F08F70B515460C460646C3
S31502005200ADF5006D0022684600F0F8F9684600F038
S3150200521031FA2A4669460DF5806000F0F9F9214611
S31502005220012280A800F0EAF980A800F023FA80A9FA
S315020052300DF5806005F5C07200F0F0F921460222F4
S3150200524080A800F0DBF980A800F014FA0DF580635F
S3150200525005F5407280A9684600F0E6F9684600F056
S315020052600BFA80A804F5707100F0C4F96A4680A9A9
S31502005270684600F007FA684600F000FA69463046CA
S3150200528000F004FA0DF5006D70BD00BFF8B50C46CE
S3150200529006464FF494671546FFF794FD31463A46A3
S315020052A004F5906001F098FA3A46314604F5126028
S315020052B001F048F82E6A696AAA6AEB6AC4F840697C
S315020052C0C4F84419C4F84829C4F84C392E6B696BE2
S315020052D0AA6BEB6BC4F85069C4F85419C4F8582980
S315020052E0C4F85C390020F8BD70B5A0B0EC469E4605
S315020052F015460C469A68596806461868DB68ACE893
S315020053000F00DEF81000DEF81410DEF81820DEF8C2
S315020053101C30ACE80F00294660464FF4946201F057
S3150200532011F8402269460DEB020001F031F82A46D7
S315020053306946304618ABFFF7EBFD0DF1400CBCE8B1
S315020053400F0020606160A260E360BCE80F0020618C
S3150200535000206161A261E36120B070BD70B51446A0
S315020053600E46A0B005466846FFF746FFD4F8200968
S31502005370D4F82419D4F82829D4F82C390DF1200CA4
S31502005380ACE80F00D4F83009D4F83419D4F8382927
S31502005390D4F83C39ACE80F0069466046402200F07A
S315020053A0F7FF694618AB04F590623046FFF762FED6
S315020053B0034604F514611C463246284600F0EAFD0F
S315020053C0C4F101032846202210A9DBB200F002FE36
S315020053D0002020B070BD00BF2DE9F04F2DED068BE9
S315020053E02DED04DBADF2945DDDF8E48583460E46D1
S315020053F015461F4632ACB8F1000F5AD000233A4682
S315020054002046DDF8E01500F011FD2246012107A82D
S3150200541000F05CFFDFF8C8900DF5C87A31465046B9
S31502005420CDE90145CDF8009007AB05AA02F02CF9AB
S31502005430B8F1000F44D001233A462046DDF8E015C4
S3150200544000F0F4FC2246012107A800F03FFF05F513
S31502005450007302935046CDE9009407AB05AA06F500
S31502005460007102F00DF9B8F1000F31D03A4602236D
S315020054702046DDF8E01500F0D9FC2246012107A8F6
S3150200548000F024FF05F580655846CDF80CA001947E
S31502005490029507AB05AACDF8009006F5806102F0E9
S315020054A007F90DF2945DBDEC04DBBDEC068BBDE89D
S315020054B0F08F42462046DDF8E01500F0B7FCA4E77F
S315020054C03B4601222046DDF8E01500F0AFFCB9E7C5
S315020054D03B4602222046DDF8E01500F0A7FCCCE7A9
S315020054E0C87600022DE9F04F2DED068B2DED04DB7B
S315020054F0ADF2945DDDF8E48581460E4615461F46FB
S31502005500DDF8E0B532ACB8F1000F50D000233A46D0
S315020055105946204600F08AFC2246012107A800F0DF
S31502005520D5FE0DF5C87A31465046CDE9004507ABA2
S3150200553005AA02F0C5F8B8F1000F3ED001233A469B
S315020055405946204600F072FC2246012107A800F0C7
S31502005550BDFE05F5007301935046009407AB05AAFC
S3150200556006F5007102F04CF8B8F1000F2CD03A465D
S3150200557059460223204600F059FC2246012107A87B
S3150200558000F0A4FE05F580654846CDE90045CDF854
S3150200559008A007AB05AA06F5806102F025F80DF210
S315020055A0945DBDEC04DBBDEC068BBDE8F08F424694
S315020055B05946204600F03AFCAEE73B4601225946E0
S315020055C0204600F033FCBFE73B46594602222046FE
S315020055D000F02CFCD1E700BF02F01EB810B504465D
S315020055E002F036F82046BDE8104002F00DB800BFC2
S315020055F000F0F2BA00F0F4BA00F0EABA00F01ABA11
S3150200560000F0ECBA00F0E6BA00F094B900F0D6B9B0
S31502005610014B02F03DB800BFC8760002014B02F012
S3150200562027B800BFC876000210B51C4682B0034BED
S31502005630009402F019F802B010BD00BFC87600024D
S3150200564030B594468E4604461D46A1B0724668465B
S315020056506346802100F07AFC2A4669462046FFF717
S31502005660AFFB21B030BD00BF01F0C2BF01F0DCBF0D
S3150200567002F022B8FFF7B0BFFFF7B0BF01F0D0BF0C
S3150200568001F0FABF01F0D8BF00F044BB00F0E6BA61
S3150200569010B540F6015C40F2816240F2FF334FF0F2
S315020056A0400E124C2DED088BA0EE10CBA8EE104B3F
S315020056B0A2EE102BA4EE103B4EF001E0B9EC04AFC3
S315020056C0A1EF5A6006EF506126EF4A68AAEF5665C7
S315020056D022EF466827FE096E06EF5461A8EC046FB6
S315020056E00FF015C0BDEC088B10BD00BFB7AF13009D
S315020056F0F0B5ADF5017D054668461446FFF7C8FFCD
S315020057004FF0400E6B464EF001E004EB840405EBCD
S3150200571084100022B3F802C01E889F88D9884FEAF7
S315020057208C0545EA16253C0166F3070244EA9C14F9
S3150200573065F30F224FEA811C4CEA171C890864F3B1
S31502005740174201716CF31F620530083340F8052CCD
S315020057500FF021C80DF5017DF0BD00BF2DE9F04F18
S31502005760ADF5017D054668461446FFF791FF4FF0F9
S31502005770400E0020EC464EF001E004EB840405EBFB
S315020057808411BCF802A0BCF80040BCF80470BCF856
S3150200579006200B7991F8009091F801B04FEA8A063B
S315020057A091F8028083EA920389EA040946EA1426FA
S315020057B03C01CD7843EA090386EA0B0644EA9A14C9
S315020057C09201334384EA080442EA171223436A40E9
S315020057D013430343D8B205310CF1080C0FF02FC85E
S315020057E00DF5017DBDE8F08F10B540F6015C46F679
S315020057F010020F234FF0400E114C2DED088BA0EE38
S3150200580010CBA8EE104BA2EE102BA4EE103B4EF0DE
S3150200581001E0B9EC04AFA1EF5A6006EF506126EF42
S315020058204A68A8EF566522EF466827FE096E06EF1C
S315020058305461A8EC046F0FF015C0BDEC088B10BDC7
S31502005840FB3A010010B5ADF5007D04466846FFF748
S31502005850CBFF4FF0800E6A464EF001E0601E518883
S3150200586032F8043B43EA011300F8013F0FF009C87E
S315020058700DF5007D10BD00BF10B5ADF5007D0446E7
S315020058806846FFF7B1FF4FF0800E00206A464EF0E1
S3150200589001E0611EB2F802C032F8043B11F8014F72
S315020058A043EA0C1363401843C0B20FF00DC80DF55E
S315020058B0007D10BD00B54FF0030C4FF0550E2DEDD7
S315020058C0108B1023A8EE30EBA4EE30CB91FD806E48
S315020058D006EF58A19FFF566006EF586116EF4A6819
S315020058E09EFF56C006EF54A10CEF54C11AFF4CA8F6
S315020058F09CFF56C09AFF56600CEF54C106EF5461E6
S3150200590008311CFF46683AB190FC80DE90FCA0DEAE
S315020059101AEF4CA816EF4E682AEF5A0126EF5621C7
S31502005920013B80FC801EA0FCA01ECFD1BDEC108BDB
S315020059305DF804FB38B50D462DED108B044608467E
S3150200594001F06EFE284601F06BFE40F6FF724FF044
S31502005950200E1649164B91ED00BF93ED009F154997
S31502005960154B91ED001FA2EE103B28462346A4EEEE
S31502005970102B4EF001E0B0EC047FBCFF56C006EFE0
S3150200598054610CEF52C126EF5C61B8FF56E0B0FFDE
S3150200599056C083EC0A6F83EC08EF83EC00CF0C331E
S315020059A00FF017C8BDEC108B38BD00BF9878000207
S315020059B0887800027878000200F0FF0010B540F601
S315020059C0FF734FF0200E184A184C92ED001F184A2A
S315020059D02DED0C8B92ED003F94ED009FA4EE103B53
S315020059E04EF001E00B4691FC00AF93FC02CFA8EF0C
S315020059F05AA5B0EF5CC591FC086F2AEF5CA126EFB1
S31502005A005A61B4FF56A00AEF54A106EF5461B0EFF3
S31502005A105AA526EF5A610C31A0EC047F0FF01FC085
S31502005A20BDEC0C8B10BD00BF88780002987800028E
S31502005A30787800022DE9F0475F4B2DED108B93ED40
S31502005A40007F5E4BACB093ED005F06238DED005FE9
S31502005A50A4EE103B002626EF44488DED285FA4EE07
S31502005A60106B022526EF44488DED1C5FA4EE105BF9
S31502005A70042426EF44488DED205FA4EE104B26EF5A
S31502005A804468DFF840A18DED247F9AED007FDFF8B0
S31502005A90389102EB82028DED047F01EB821199EDC2
S31502005AA0007F0F22DFF82481A2EE102B03238DED57
S31502005AB0087F98ED007F424F8DED143F4FF03F0C6B
S31502005AC0A2EE103B4FF400724FF0100E8DED0C7FDC
S31502005AD097ED007F8DED183F40F601534EF001E041
S31502005AE08DED107FAEEE10CBA8EE102B9DED047F50
S31502005AF09DED0C3F91FC064F9DED00BF9DED087F8D
S31502005B009DED10DF0A4691FC060F91FC026F91FC97
S31502005B100A2F92FC0CAF9DED18DF04EF5CC1A8EFD3
S31502005B205CC522EF5C2123EE633E28EF42289DED01
S31502005B301CDFB6FF522080EC1C2F9DED143F00EFB8
S31502005B405221BEFF5440A6EF522524EF524125EEC4
S31502005B50635E28EF44489DED203FB6FF544080EC3B
S31502005B60124F06EF5E41BCFF5000A4EF544520EFF2
S31502005B705441A2EF5AA5BAFF566025EE635E26EFA0
S31502005B805A6128EF444827EE637EB6FF54409DEDE6
S31502005B90243F28EF466880EC124FB6FF56609DED13
S31502005BA0285F143180EC146F20300FF061C82CB0DE
S31502005BB0BDEC108BBDE8F087F8770002687800022A
S31502005BC028780002587800024878000238780002E5
S31502005BD0FFF78EBDFFF7C2BDFFF734BEFFF74CBE1F
S31502005BE000B54FF00F0C08224FF0200E184B2DED8A
S31502005BF00C8B93ED00BF174BA2EE10CB93ED009FDB
S31502005C00154BA4EE102B93ED001F4EF001E040F66B
S31502005C1001530A4692FC006F06EF52C1BCFF566062
S31502005C202DEE63DE27EE637E24EF4CC824EF466832
S31502005C30BCFF5CC0BCFF566080EC1ACF043180EC1E
S31502005C40186F10300FF01BC8BDEC0C8B5DF804FB0F
S31502005C501878000208780002E877000240F601533D
S31502005C6010B52DED108BACEE103B274B46F6100C03
S31502005C70A8EE103B254B01224FF0200E93ED007F3C
S31502005C80234C84B094ED00FFAAEE10CB4EF001E057
S31502005C90A0EE102B8DED007F01380B46BBEC042FD6
S31502005CA0A1EF526006EF5C6126EF4268A5EF5665EA
S31502005CB02AEF466827FE096E06EF50619BED004FFC
S31502005CC026EF5E69F9FE062FA1EF546006EF5C61CE
S31502005CD026EF4468A5EF56652AEF466827FE096E49
S31502005CE09DED005F06EF506126EF5469F9FE06CF7F
S31502005CF002EB0C03103100F8013F0FF033C004B081
S31502005D00BDEC108B10BD00BFFB3A0100C877000244
S31502005D10D877000210B540F2816200234FF0200EC0
S31502005D20184C2DED088B94ED00BF174CA2EE102BEC
S31502005D3094ED009FA4EE103B4EF001E0013911F8FC
S31502005D40012F0346A6EE102B06EF5A0106EF586105
S31502005D5021FE840FFDEE10CA27FE840FFDEE102AE7
S31502005D60EDEE10CA33FE050FEDEE102AABEC040F72
S31502005D7033FE056F10308BED006F0FF021C0BDECC6
S31502005D80088B10BDD8770002C877000238B50446E2
S31502005D900D46FFF739FC05F5007104F5C070FFF7F3
S31502005DA033FC05F5806104F54070BDE83840FFF725
S31502005DB02BBC00BF38B504460D46FFF727FC05F598
S31502005DC0C07104F50070FFF721FC05F5407104F57A
S31502005DD08060BDE83840FFF719BC00BF10B5044625
S31502005DE0FFF748FC04F50070FFF744FC04F58060F9
S31502005DF0BDE81040FFF73EBC99B100B541F001E0A5
S31502005E00094A0138136883EA433383EA534383EA30
S31502005E10431300F8013F0FF00BC0136000205DF83A
S31502005E2004FB0020704700BF000000222DE9F04766
S31502005E30414C0546266891460C4698468AB0002E85
S31502005E4062D03E4EB1EC047F3346B3EC041F91EDB3
S31502005E50005F93ED003F06FF506104FF524126EFBB
S31502005E60546116EE103A36EE101B354F0B433A6864
S31502005E700DF1040A002A08BF43F0010317EE102BA6
S31502005E80134337EE102B134319D14FF0190E4EF070
S31502005E9001E02C4CA5F10801F4E90267E1E9026789
S31502005EA00FF007C002232022514628468DF804909F
S31502005EB08DF8058001F0F0FB0AB0BDE8F087D44604
S31502005EC04FF0000E20686168A268E368043EACE801
S31502005ED00F0020696169A269E369043CACE80F001E
S31502005EE0222251461848ADF824E000F0DBF94FF0C3
S31502005EF0080E4EF001E054F8043F46F8043F0FF056
S31502005F0007C001233B60C0E70868A268E3684968E6
S31502005F1001AE0FC620696169A269E3690FC6222232
S31502005F20284601A98DF824908DF8258000F0BAF94B
S31502005F300AB0BDE8F08700BF380D0022500C0022DF
S31502005F404C0C0022680C0022700C002270B596469A
S31502005F5005460E461C468AB010685168DEF80C30BB
S31502005F6092680DF1040CACE80F00DEF81000DEF8C2
S31502005F701410DEF81820DEF81C30ACE80F002123DE
S31502005F803146284601AA8DF8244000F0B9F90AB034
S31502005F9070BD00BF70B50E4615460446B4B06846DD
S31502005FA000F03AF931466846202200F041F92946C6
S31502005FB04FF48862684600F03BF9684600F03EF905
S31502005FC06A462021204600F067F9684600F068F923
S31502005FD034B070BDAAB100B542F001E05B42DBB25B
S31502005FE00139013810F801CF11F8012F8CEA0202AB
S31502005FF01A408CEA020C80F800C00FF00DC85DF85A
S3150200600004FB704730B54D1E83B08DF80720D0E9EA
S315020060103223002B08BFAA42044615D001230DF1F4
S31502006020070101F039FB4FF0800C01232A46204676
S315020060300DF107018DF807C001F02EFB00220023A7
S31502006040C4E9322303B030BD9DF80750012365F041
S315020060507F050DF107018DF8075001F01DFBEDE7F5
S315020060602DE9F0471D4688469146D0E93223A91804
S3150200607043F10003414573F10003044624D300268D
S315020060800027DFF860A04946A8EB0203204601F08C
S3150200609003FBD4F8C830DAF80020A3EB080101327A
S315020060A0A8EB03030D442046C4E932679944CAF8B3
S315020060B0002001F0C5FAD4E93223A91843F10003FE
S315020060C0414573F10003DED22B464946204601F0D4
S315020060D0E3FAD4E932325B1942F10002C4E9323200
S315020060E0BDE8F0873C0D00228B422DE9F8430C46B1
S315020060F01E468046174613D3DFF878903946234664
S315020061000022404601F0C8FAD9F80050404601354F
S31502006110361BC9F8005001F093FAB4422744EDD970
S31502006120013C86B980253246404608A9012301F082
S31502006130B3FA01232246404608A98DF8205001F001
S31502006140ABFABDE8F883334600223946404601F0F1
S31502006150A3FAB442E6D19DF82040012364F07F04FD
S315020061603246404608A98DF8204001F095FABDE86E
S31502006170F88300BF3C0D00222DE9F0474FF0000ADC
S31502006180D2E93249A14215469846A3EB04027AEBBC
S3150200619009030E4607460DD20B460146284601F074
S315020061A047FAD5E932329B1B62F10002C5E9323267
S315020061B0BDE8F08723460146284601F039FAD5F8AC
S315020061C0C83027441B1BC5F8C830D5F8CC3063EB62
S315020061D00903361BC5F8CC30EAD0DFF83890D9F877
S315020061E0002028460132C9F8002001F029FAB045FC
S315020061F0444628BF3446394623460022284601F043
S3150200620017FAA8EB0403361BC5E9323A2744E6D14E
S31502006210BDE8F0873C0D0022C82210B500210446D5
S3150200622000F002FB00220023C4E9322310BD00BFA6
S315020062308C46134688216246FFF712BF1F2310B50C
S3150200624082B0D0E932218DF80730A2F187030B43E1
S31502006250044615D001230DF1070101F01DFA4FF096
S31502006260800C0123872220460DF107018DF807C015
S3150200627001F012FA00220023C4E9322302B010BD53
S315020062804FF09F0C012387220DF107018DF807C0FD
S3150200629001F002FAEEE700BF8823FFF76DBF00BFE9
S315020062A0704700BFF0B50D46164604461F2783B059
S315020062B0C822002100F0B8FAA82133462A46204611
S315020062C00097FFF711FF03B0F0BD00BFA9B1F8B503
S315020062D005460C461646094F3B68304601333B607D
S315020062E001F0AEF92946A8230022304601F0A0F9B2
S315020062F0013C05F1A805EFD1F8BD70473C0D00221F
S31502006300F0B5B5B004460D4616460021C8226846C9
S315020063101F4600F089FA002200236846CDE932239F
S3150200632088213B463246FFF79BFE68461F2288219C
S31502006330FFF768FE88236A4629462046FFF71CFFB8
S3150200634035B0F0BD2DE970430D4616464FF00008F4
S315020063504FF000090446B4B0C8220021684600F096
S3150200636063FA33462A4668468821CDE93289FFF721
S3150200637077FE684606228821FFF744FE88232021FD
S315020063806A462046FFF7F8FE34B0BDE8708300BFC8
S315020063902DE970430D4616464FF000084FF00009EE
S315020063A00446B4B0C8220021684600F03DFA3346DE
S315020063B02A4668464821CDE93289FFF751FE6846EA
S315020063C006224821FFF71EFE482340216A46204640
S315020063D0FFF7D2FE34B0BDE8708300BF2DE9F04767
S315020063E000F04AFA2A4A1388002B4FD000254FF0B4
S315020063F0010A5768274EDFF8A890274C07EB430897
S31502006400EFF310828AF31088336823B9402189F8A2
S31502006410143089F8141033680133336082F310881C
S31502006420A8EB070EAEF1020E4FEA5E0E0EF1010E5A
S3150200643039464EF001E0194831F8022B130A1B01C6
S3150200644053FA82F254F8223003402B4343F00403FA
S3150200645044F822300FF011C0EFF310828AF310884D
S31502006460336813B13368013B3360336823B9802143
S3150200647089F8143089F8141082F310884FF47A716F
S31502006480642085F0010500F0FDFEB9E7FEE700BFD6
S3150200649014FC0002B00D002200084040FE3FFEFF41
S315020064A0000D4040022800D070470249024801F020
S315020064B081B800BF08FA0002600D0022202310B541
S315020064C00446A0B00DEB03000A466021FFF718FF51
S315020064D0214608AA04F51A60FEF7D8FE0DF1600CF3
S315020064E0BCE80F00C4F86009C4F86419C4F8682946
S315020064F0C4F86C39BCE80F00EC46C4F87009C4F85D
S315020065007419D4F86009D4F86419C4F87829C4F85F
S315020065107C39D4F86829D4F86C39ACE80F00D4F881
S315020065207009D4F87419D4F87C39D4F87829ACE80F
S315020065300F009DF800209DF81F3022F0070203F09D
S315020065407F0343F04003694604F518608DF8002086
S315020065508DF81F3000F0BEF920B010BD30B50D46E3
S315020065600446ADF6446D20212846FFF745FC294630
S315020065706846FFF7A3FF0DF51A614FF494622046B1
S3150200658000F02AF90DF5186CBCE80F00C4F8A00457
S31502006590C4F8A414C4F8A824C4F8AC34BCE80F00A8
S315020065A0C4F8B004C4F8B414C4F8B824C4F8BC34AB
S315020065B00DF6446D30BD00BF10B50446ADF5286D2D
S315020065C021460DF59060FFF7F5FB68460DF59061E3
S315020065D0FFF7DCFB4FF490622146684600F0F4FFB9
S315020065E0003818BF012040420DF5286D10BD00BFCE
S315020065F02DE9F04F8846A3B06D4617461E468346E0
S31502006600D8F808200868D8F80C30496808AC0FC5D5
S31502006610D8F81000D8F81410D8F81820D8F81C307A
S31502006620DDF8B0900FC538687968BA68FB680DF175
S31502006630400E0FC438697969BA69FB690DF1600CBD
S315020066400FC430687168B268F368DFF854A0AEE828
S315020066500F0030697169B269F369AEE80F00D9F8C3
S315020066600000D9F80410D9F80820D9F80C30ACE8A3
S315020066700F00D9F81000D9F81820D9F81410D9F853
S315020066801C30ACE80F009AE8030086222090ADF891
S31502006690841058466946FFF755FE23B0BDE8F08FD1
S315020066A0A8780002F0B50546ABB0104614460F4670
S315020066B0FFF782FF00283BD1402106461AA8FFF7C2
S315020066C09BFB224628461AAB02A9FEF70DFE0DF1E8
S315020066D0480C0DF1880EBEE80F00ACE80F009DF8DD
S315020066E0483005F5886523F007038DF848309EE8A3
S315020066F00F008CE80F009DF86730284603F07F03F1
S3150200670043F0400312A904F594648DF8673000F053
S31502006710E1F8224612A90AA800F0A2FF2B46384643
S315020067200AAA02A90094FFF763FF30462BB0F0BD18
S315020067304FF0FF36F9E700BF70B514460D46064620
S315020067409AB002A8FEF70AFED4F86009D4F86419D2
S31502006750D4F86829D4F86C390DF1480CACE80F006E
S31502006760D4F87009D4F87419D4F87829D4F87C3995
S3150200677005F58865ACE80F009DF848302A4623F0F7
S3150200678007038DF848309DF867300AA803F07F03A7
S3150200679043F0400312A904F518648DF8673000F03F
S315020067A05FFF2B4630460AAA02A90094FFF720FF94
S315020067B01AB070BD30B504460D46ADF6446D684656
S315020067C01146FFF77BFE6A4629462046FFF7B4FFCD
S315020067D00DF6446D30BD00BF10B540EA0104A407B2
S315020067E0034615D1940811D0A300A3F1040E4FEA73
S315020067F09E0E0EF1010E4EF001E0A0F1040C51F8CE
S31502006800044B4CF8044F0FF007C0034402F0030296
S3150200681042B142F001E0013B11F8012B03F8012FCE
S315020068200FF007C010BD00BF10B5840703461AD18A
S315020068305FEA920C15D04FEA8C0EAEF1040E4FEAC7
S315020068409E0E0EF1010E00EB8C034EF001E0844623
S31502006850CCB204EB042404EB04444CF8044B0FF0D2
S3150200686005C002F0030232B142F001E0C9B203F8F8
S31502006870011B0FF005C010BD0E480F4A38B59042F5
S3150200688007D2013A121A22F007020C490832FFF720
S31502006890A3FFBFF34F8FBFF36F8F00200122084B78
S315020068A0084D094C2D7809491C60094B08601A608D
S315020068B038BD00BF00000000F8440000400000029E
S315020068C0400D002200000000B0780002440D0022B4
S315020068D0480D00222DE9F04F8C46ADF51D7D22AC08
S315020068E02646984BDCF8082007461D680868DCF83F
S315020068F00C3049680FC6DCF81820DCF81C30DCF8CE
S315020069001000DCF814100FC6E27F237802F07F0233
S3150200691003F0F80342F040022370E2770DB18A4A8F
S31502006920556800220DF22716B446562096461146A1
S3150200693000E0635C1F2901F1010918BF14F80990F0
S3150200694002F0070818BF43EA092323FA08F303F003
S315020069500703734403F1030E2EF007080332A3EB79
S31502006960080301384FEAD2010CF8013F4FEADE0E66
S31502006970DFD1744B1B6833B1744A734B5B68116881
S315020069800B445B1B1360724800210446082377AA56
S3150200699001E054F8041F013B42F8041FF9D16D4C83
S315020069A00121254608237FAA01E055F8041F013B71
S315020069B042F8041FF9D10121082387AA01E054F8FD
S315020069C0041F013B42F8041FF9D1002108238FAAB4
S315020069D001E050F8041F013B42F8041FF9D15E4D55
S315020069E0DFF88491DFF884B1DFF884E168AB60AA4E
S315020069F083EA02084C465B46B1462E467546574820
S31502006A00CDF8208009974F4919F9012FD1F8008056
S31502006A10D117B8F1000F02D04B4FD7F80480B34616
S31502006A204FF0000E4A40CDE90481CDE90669521ABB
S31502006A30039260AA00264FF0040CB246B146B04655
S31502006A403746CDE900E25946CDF808B0DDF80CB07C
S31502006A5001378BEA070ECEF1000242EA0E02D20F8E
S31502006A60013A104014401540BCF1010C02EA03023F
S31502006A7048EA000849EA04094AEA050A46EA020619
S31502006A8005D0D1E91804D1E91A536031E0E7DDE90E
S31502006A9000E20EF1040EBEF1180FC2E90089C2E946
S31502006AA002A6DDF808B002F1100206D0DBE9040402
S31502006AB0DBE906530BF1100BBCE7089BDDE9048109
S31502006AC09B91194070AB9A93039B1E4C58421843F4
S31502006AD0C043DDE9066968AD4D40609A689BC00F08
S31502006AE09895246860AD6940024303439991609288
S31502006AF068933CB11A49144B5B680A681344A3EBCA
S31502006B0008030B600F4B1B6813B10F4BD3F80480BD
S31502006B1078A800F0C9FD0B4B1B683BB111490A4B23
S31502006B205B680A681344A3EB08030B600DF27D133E
S31502006B304B451FD0D6E96004D6E9625306F5C07606
S31502006B4061E700BF5C0D0022001000E0500D00223C
S31502006B50E8780002C8780002087900023E9140D720
S31502006B60580D0022540D00220539109D059F39FD4E
S31502006B70B3BE40D1884B099F1C680CB1874B5C6839
S31502006B8080AA88A90AA800F067FD80AA88A912A887
S31502006B9000F05AFD12A92AA800F03AFD2AA932A845
S31502006BA000F036FD32A9084600F032FD32AA104640
S31502006BB012A900F021FD2AA9084632AA00F01CFDFE
S31502006BC02AA93AA800F024FD32A908463AAA00F0FA
S31502006BD013FD052232A93AA800F062FD32AA104638
S31502006BE03AA900F009FD0A2232A93AA800F058FD96
S31502006BF03AA9084632AA00F0FFFC14223AA942A892
S31502006C0000F04EFD3AAA104642A900F0F5FC3AA958
S31502006C1008460A2200F044FD32AA10463AA900F0BC
S31502006C20EBFC322232A93AA800F03AFD3AA908460C
S31502006C3032AA00F0E1FC64223AA942A800F030FD33
S31502006C403AAA104642A900F0D7FC3AA908463222CF
S31502006C5000F026FD32AA10463AA900F0CDFC32A970
S31502006C600846052200F01CFD2AAA32A91AA800F03D
S31502006C70C3FC0AA908461AAA00F0BEFC00264FF079
S31502006C80020C0DF1280E0DF1E808BEE80F00A8E887
S31502006C900F009EE80F0088E80F0041AD4FF0070E87
S31502006CA04EF001E0419B3AA923F000424192DB17E4
S31502006CB03A9A03F01303D31846EB06023A9351F8B5
S31502006CC0043F9B1846F100020B600FF009C0BCF1AD
S31502006CD0010F02D04FF0010CE0E74FF002080DF170
S31502006CE0E40C4FF0080E66462A46A9466046132370
S31502006CF04FF0000A4EF001E050F8041FC9184AF19D
S31502006D00000349F8041F4FEAE37A0FF00BC84FF06D
S31502006D10080E61464EF001E0499820F0004349937F
S31502006D20C01751F8049F52F8043F89EA030303404F
S31502006D3083EA09030B600FF00DC0B8F1010F02D010
S31502006D404FF00108CDE7A5EB0C0EAEF1040E4FEAAB
S31502006D509E0E0EF1010E4EF001E056F8043F043786
S31502006D60180A190C1A0E07F8030C07F8021C07F882
S31502006D70012C07F8043C0FF011C0074B1B6833B116
S31502006D80074A064B5B6811680B441B1B13600DF523
S31502006D901D7DBDE8F08F00BF5C0D0022001000E0F3
S31502006DA04C0D002208B5FFF719FB002008BD00BFF5
S31502006DB0704700BF00BE704708B500F035F8FFF710
S31502006DC0F1FFFEE7F8B5174F05463E68A6B17C68A7
S31502006DD006EB460604EB860602E00C34B4420BD000
S31502006DE0637AAB42F9D1D4E900020021121A0C34BB
S31502006DF0FFF71AFDB442F3D1BE6896B1FC6804EB04
S31502006E00061602E01034A6420BD0637BAB42F9D1E0
S31502006E10D4E90002A168121A1034FFF7DDFCA6427B
S31502006E20F3D1F8BD34FC0002F8B5644A644B5A61EA
S31502006E30BFF34F8FBFF36F8F1B6803F47002B2F577
S31502006E40801F00F0928013F4600F7AD05D4A1368B7
S31502006E5043F004031360BFF34F8FBFF36F8F4FF4FA
S31502006E607002594B564C0020C4F88820A360FFF7E5
S31502006E7019FB002500F000F94AF202514FF42542AF
S31502006E80524B0120A3F8FA1383F8B05AA3F8FA2357
S31502006E90FFF708FB4E4B83F30A884A4B1A689207A0
S31502006EA003D5A268B2F1007F63D00020FFF78AFF04
S31502006EB000F098F800F088F9032000F085FA002324
S31502006EC04FF00C0E1C464EF001E0424903F10C0253
S31502006ED021F8224001330FF007C8032000F044FADC
S31502006EE0032000F071FA3C4B03205C609C60DC607E
S31502006EF01C6100F039FA0120FFF764FFBFF34F8FE0
S31502006F00BFF36F8F2E4BC3F85042BFF34F8FBFF3C1
S31502006F106F8F324B324D5B1B002B4FEAA30606DD09
S31502006F20002455F8043B01349847A642F9DC0220B6
S31502006F30FFF7B8FA00F00CFABDE8F8400020FFF7B8
S31502006F4037BF204A136843F004031360BFF34F8F21
S31502006F50BFF36F8F4FF0E022936843F48033936060
S31502006F60BFF34F8FBFF36F8F79E719077FF46EAFC9
S31502006F7069E701211A695869C2F3C302093201FAA3
S31502006F8002F300260027DB0843F007C0AFF30080B8
S31502006F90E5E802670FF005C0C0F3C303093301FA3F
S31502006FA003F34FF00052DB0843F007C0AFF3008053
S31502006FB0E2E802670FF005C077E700BF01020E00A4
S31502006FC000ED00E000E001E00000000200E0014008
S31502006FD000080022000D40400040204018FE00023A
S31502006FE014FE00021E4A92F8263092F82420DBB2E2
S31502006FF002F00F02A2F1080103292BD8DFE801F003
S3150200700020160C021749184A51F82330A2FB032313
S315020070101B09164A136070471249134A51F8233066
S31502007020A2FB0323114ADB08136070470D490E4A7F
S3150200703051F82330A2FB03230C4A9B0813607047C6
S315020070400849094A51F82330A2FB0323074A5B0881
S3150200705013607047034951F82330D340D9E700BF84
S3150200706000E00140000C0022ABAAAAAA680D002289
S31502007070704700BF00000000F8B54AF20350012332
S315020070804B494C4AA1F8FA03938093889BB2002B92
S31502007090FBD101244FF400409FED416B9FED427BF3
S315020070A0454B4649C3E907115961148083ED007FB8
S315020070B01861FFF797FF092206213D4B83F8501A04
S315020070C083F8A22093F8002C1AB993F8013C98078A
S315020070D060D0374C94F8003C002B50D00022344B41
S315020070E083F8012C83F8002C0023314A82F83230CF
S315020070F092F83C301907FBD545F6017040F21111A2
S3150200710000232B4C1085A2F84C1082F82A3094F8F2
S315020071103C309B06FBD5042201250526254B284F2C
S315020071201A77276284F8245084F82660FFF75AFFFC
S315020071302946962000F0A6F8002384F82430276218
S31502007140FFF750FF2946962000F09CF884F8266047
S31502007150FFF748FF4AF201521A4B1A80BFF35F8FBC
S315020071601D72BFF35F8F4FF425421A8084F83050A8
S3150200717084F8525084F85350A4F8FA23F8BD01213A
S31502007180C82084F8001C00F07DF894F8003C012B1E
S31502007190FBD1A3E74FF47A70FFF76AFFA4E700BFBB
S315020071A0006CDC0200127A0000800000002D310122
S315020071B000E0014000C10140000C002200389C1C86
S315020071C0322312310020004038B50025284C012117
S315020071D0C82084F8285000F055F884F8245094F812
S315020071E02430002BFBD194F82430214943F00203CA
S315020071F084F8243091F82430C3F340009B07F9D475
S315020072001B4A81F8220092F8223003F0FF00002B7D
S31502007210F9D192F84030164960F3C71382F840302C
S3150200722091F84030DB09FBD191F84200104A63F332
S31502007230C71081F8420092F84230DB09FBD192F87E
S3150200724044000B4963F3C71082F8440091F84430B6
S31502007250C3F3C014DB09F9D1012000F0B5F8054BE0
S31502007260012083F84C4CBDE8384000F07DB800BFE1
S315020072700020204000E00140A0F101000028FBD1DF
S31502007280704700BF1E4B1F4A1B6800FB01F1934269
S3150200729013D302F1854202F5071203F5742302F6AF
S315020072A0834203F23F23A2FB03239B0CA3FB013180
S315020072B04FF0FF30E1B1FFF7DFBF4FF47A7210B43F
S315020072C0114C4FF0FF30B4FBF3F3A1FB02C434B907
S315020072D0BCFBF3F080B15DF8044BFFF7CDBFB1FB09
S315020072E0F3F1A1FB0212002AF5D1084620B1F2E71A
S315020072F01846002BDFD170475DF8044B704700BF7C
S31502007300680D002200127A0000CA9A3B70B500246A
S315020073100D4B0E4EB3F80021B3F82051ADB2154015
S3150200732025FA04F3DB0704D556F82430E0B203B19C
S3150200733098470134102CF3D1034AA2F81051B2F83F
S3150200734020311D42FBD170BD00C00040700D0022ED
S31502007350034B1A8812B1034BC3F80023704700BFD0
S3150200736024FC000200C00040EFF31081012383F3E6
S315020073701088124B33F8102092B22AB133F810203B
S31502007380013A92B223F8102033F810309BB293B927
S3150200739010B40B4A0B4CB2F8FA3334F810009BB215
S315020073A043F4254323EA0003A2F8FA3381F3108853
S315020073B05DF8044B704781F310887047B40D0022C4
S315020073C000E0014028FC000230B4EFF310810123F3
S315020073D083F310880E4A32F810309BB26BB90D4C0B
S315020073E00D4DB4F8FA3335F810C09BB243EA0C03DC
S315020073F043F425439BB2A4F8FA3332F81030013332
S315020074009BB222F8103081F3108830BC704700BF5F
S31502007410B40D002200E0014028FC00022DE9F84FDD
S315020074200388DBB14FF0000A80464FF00109DFF80E
S31502007430D4B00024314D4FEACA07D8F8043035F8E3
S31502007440022BD919898891420AD00134032CF4D12E
S31502007450B8F800300AF1010A5345EAD8BDE8F88FB8
S31502007460DB5909FA04F603F0B853B3F1807F244BD3
S31502007470F6B293F84C2C12D0324230D104F12002EB
S315020074801BF81230DB09E0D01BF81230012123F081
S315020074908003C8200BF81230FFF7F4FED5E732421C
S315020074A010D004F120021BF81230DB09CDD11BF8F3
S315020074B01230012143F08003C8200BF81230FFF787
S315020074C0E1FEC2E70120FFF77FFF0D4B012093F893
S315020074D04C2C324383F84C2CFFF746FFE1E70120A0
S315020074E0FFF772FF064B012093F84C2C22EA0602A4
S315020074F083F84C2CFFF738FFC0E700BFB4FD00024B
S3150200750000E0014000202040F8B50646FFF786FF5E
S31502007510EFF31082012383F31088234F3B681BB9D4
S31502007520402022490B7508753B6801333B6082F3A4
S315020075301088338800211BB31D4D08E01B0113443C
S3150200754045F82340328801318BB29A4218D97368C2
S3150200755053F8314003EBC1029288E0034FEA12234B
S31502007560D2B2EBD502EB031055F820E024F4803CAE
S315020075702EF4803E45F820E01B0145F820C0DEE7E8
S31502007580EFF31082012383F310883B6813B13B6843
S31502007590013B3B603B681BB9802004490B750875AB
S315020075A082F31088F8BD00BFB00D0022000D4040E6
S315020075B00008404008B5034B03600846FFF7A4FFE6
S315020075C0002008BD54524F500139024410B5904272
S315020075D001D1002005E0037811F8014FA34201D042
S315020075E0181B10BD0130F2E75FF800F0051100002C
S315020075F05FF800F0D50500005FF800F0E9420000F0
S315020076005FF800F0410F00005FF800F0613B0000F8
S315020076105FF800F0034300005FF800F0A5370000B2
S315020076205FF800F0C11500005FF800F021060000C7
S315020076305FF800F0011C00005FF800F04D05000045
S315020076405FF800F0012000005FF800F041430000FF
S315020076505FF800F02D1300005FF800F023430000EE
S315020076605FF800F0F10100005FF800F0DD140000A1
S315020076705FF800F0391400005FF800F09105000091
S315020076805FF800F0090900005FF800F00D0700003E
S315020076905FF800F09D1300005FF800F0011900008A
S315020076A05FF800F0BB4400005FF800F061430000A1
S315020076B05FF800F01D0B00005FF800F07D06000089
S315020076C05FF800F0990D00002EAB4E01122152D444
S315020076D0AE2AD52CD440B5CBCD9FE27DFB4299375D
S315020076E03277F2AF1408975474205A6C242DB5CC15
S315020076F09D0D4FFCEEEDEA11A0E9223AA1DCCBA5E5
S315020077000B79DAE71E7F8BEA16EDF582D53BF67E1C
S31502007710215979D6B3F4928940C4088E0B72354941
S31502007720B5D159700E56A1CEBB85354887317CB18D
S31502007730F2BC67BBD71AA3B725205E384D19B7B37B
S3150200774001F49B143CFA4A31D43ECF795C54B7B06B
S315020077505F2EA59CE92E9EF7AA65D61C2F9D04C412
S31502007760588FB8A0881D807E92A2BE518BF58718CD
S31502007770AB5D3ED55799363ACBBC69A1EC10242BAA
S31502007780B9A4A2BD6D807AC7E0A4A0D7588AF953DE
S31502007790B99DFD1E0F3DE64EE28BE55754BE55A53B
S315020077A019BD65D5C3242244B2F76B8451E8335D13
S315020077B0984C1C90364C214FAC4942A2BA8FB3E189
S315020077C00B750E44327DA4A51000000020000000B7
S315020077D040000000800000000100000002000000DE
S315020077E00400000008000000000000000100000084
S315020077F00200000003000000000000000800000074
S315020078001000000018000000020000000600000040
S315020078100A0000000E000000000000000400000044
S31502007820080000000C00000004000000090000002F
S315020078300E00000013000000030000000800000014
S315020078400D00000012000000020000000700000008
S315020078500C000000110000000100000006000000FC
S315020078600B000000100000000000000005000000F0
S315020078700A0000000F0000000200000005000000E0
S31502007880080000000B0000000100000004000000D8
S31502007890070000000A0000000000000003000000CC
S315020078A006000000090000005C2E2F2F5E5C00001F
S315020078B0BD6400025D650002A5660002396700022A
S315020078C0B567000200000000010000000000000091
S315020078D000000000000000000000000000000000A0
S315020078E00000000000000000000000000000000090
S315020078F00000000000000000000000000000000080
S3150200790000000000000000003E9140D70539109D9E
S31502007910B3BE40D1059F39FD098A8F683484C1A55B
S315020079206712F898922FFD44853B8CF5C693BC2FBF
S31502007930190E8CFBC62D93CFC2423D6498480B2785
S3150200794065BAD4333A9DCF0768AA7A870512C9ABBE
S315020079509EC4AACC23E8D9268C5943DDCB7D1B5A7B
S31502007960A8650C9F687B116FA8D5B44260A5998A59
S31502007970F6AC604E0C812B8FAA376EB16B239EE05C
S315020079805525C969A695B56BD7713C93FCE7249238
S31502007990B5F50F7A969D469F0207D6E1659AA65AD5
S315020079A02E2E7DA83F060C595F7A9BA5B3A8FA43F3
S315020079B078CF9A5DDD6BC136316A3D0B84A00F50DC
S315020079C0730BA53EB1F51A7065D2FCA4E81F615689
S315020079D07DBAC1E5FD53D33BBDD64B211AF33181A6
S315020079E062DA5B558715B92A3097EE4CA8B025AFF7
S315020079F08A4B86E830845A023267019F02501BC1C5
S31502007A00F4F8809A1B4E167A89D8D00D3F93AE149D
S31502007A1062DA351C222394584CDBF28C45E570D190
S31502007A20C6B4B912AF26285ABF1868050A05FE95CC
S31502007A30A9FA605671897E327350A006CDE3E8C377
S31502007A409AA445744C3F93279F09FC8EB95173281B
S31502007A503825FD7DF4C6656765920AFB3D8D34CAFD
S31502007A602787E52103910E6809FF76C4E9FB135ABD
S31502007A7072C15C7B45399E6E94442B10F9DCDB5D4A
S31502007A802B3E5563BF0C9D7FD93492F3ED5DA7E281
S31502007A90F958B5E180763D96FB233C6EAC41272C26
S31502007AA0C3010E32A124903A8F3EDD046659B759BE
S31502007AB02C7088E27703B36C23C3D95E669C33B11C
S31502007AC02FE5BC6160E715091A91A2C9D9F5C1E78C
S31502007AD0D7A7CC8B7871A3B8322AB60E1912646373
S31502007AE0954ECC2E5C7C9026F32D3E55CA51C87E0F
S31502007AF0B37848A6CB8412A7E7D1883219E4B5E653
S31502007B0083889A5AEC10F24CF621902DA5042D3258
S31502007B109CBFC675339FC1B9090BD242433A7A5804
S31502007B2061FE64AAF81C3B14ABCA8A967D7C869FCA
S31502007B30292709278E25545F750918EA4BD3A7D042
S31502007B40E1264137A346B5215D0EF304317D3A5154
S31502007B50FA6B18B631F9907E2F1AF3F432A6338DEA
S31502007B6082791A416BBCB56F85E503D66E0B2A7E08
S31502007B7017AE6B5BF2AAAE406C0D4E1F6CC1604E27
S31502007B8090F9D44FBC7AE650AC3DC637B96EAB918C
S31502007B90B1075B767035ED6DC7FB0A49271FE6888C
S31502007BA0BE229775A798044F438388A258F84FA917
S31502007BB03CED135356D40ECEFA34BFB5CF3D5CF529
S31502007BC071B3EAC9A53C650A8F2185D1457A0A496E
S31502007BD0359304467837159AF6E131CC09EA600006
S31502007BE065E96EF87715047EF3675BCE96A4B266F6
S31502007BF0969756BDD89254FFD02C594A29EC3C5040
S31502007C00B2AC1308654369561B659D679F1B850ABF
S31502007C10F242330361CB08E1A3308BE87FF501D64C
S31502007C2014D72DEDCA3A1F3731AD16C8BE0F28ED4F
S31502007C30E3EFE6D85B59D952F523C6F67217E70F7A
S31502007C403C291E050B031443ADBCF0FB5E0060D558
S31502007C505E0C87D12E0FB78EA0E684D033901F20FC
S31502007C6070667BCEE15A3A4C62A97B17929EFE9FC2
S31502007C70E1CAE50D1DE7AE984410832D94AEF43F9C
S31502007C80C83A53582EE14D7183641BF94931435B5F
S31502007C9062BF2C5A65DCB5ADB32728631284FA8716
S31502007CA0D8F849AB915E8960186CF80CEDF2ECE9F4
S31502007CB0D4DF350712066DB4E76BB90498A09DBCF4
S31502007CC06BC26DD92FE6E273D55C700A46441EB3C9
S31502007CD092E3155055669C8014759D5DD66CA5ED94
S31502007CE096AF4A01AE4E2E097655C8BF74242A6055
S31502007CF007442291A5FCB809FDE97962B8D2C32CE2
S31502007D0016C0B4D3437CEC6545530B093DF8CC7ED3
S31502007D1054B68F77D6DB7B9A0B99076E10EAEE5D27
S31502007D20A2EBAF3895EA617D5E51AA4954635BEDD9
S31502007D303A82C60B9FC465A8C4D1425BE91F0C8573
S31502007D40B915D3036F6DD7301D9C2F630EDDCC2E74
S31502007D501531897696B6D051587A63A86BB7DF5239
S31502007D6039EF0EA0497DD36DC7E406211744446C52
S31502007D70697F8D9280D653FB263F4D69A49E73B4CC
S31502007D80B04B862E1197C610DE5FBE7D27C4936464
S31502007D90A27EAD19AD4F5D2690453046C8DF000E76
S31502007DA009FE66EDAB1CE62505C85883A02AA60C7B
S31502007DB04742207AE34A3D6ADCED113BA6D364745E
S31502007DC0EF060855AF9BBF03046658CC28E1133F64
S31502007DD07E7459B4EC73586FF56812CCED3DB6A0BB
S31502007DE02CE2864563786D56C295DD97847B43FF08
S31502007DF0A7B54EAA304E746C8BE8853C615D0C9E2D
S31502007E007381755F1EC7D92FB8EC714E2F0BE72110
S31502007E10E377A440B9DD56E6804F1DCECE5665BF48
S31502007E207E7B5D53C43BFC05DDDEAF52AEB3B824A8
S31502007E30CF303BED8C6395349581BEA983BCA433C8
S31502007E40041F655C4767373794529D0A0BEE3F5114
S31502007E50665ADF0F5CE7988FCE07E1BF888661D44A
S31502007E60ED2C38717E0AA03FE45E2F77206714B1AD
S31502007E70CE9A0796B194F8E84A82AC004D22F84AA7
S31502007E80C46CCDF7D953170034DB3D962D23693CDC
S31502007E90583897B4DA87DE1D85F291A0F9D1D7AAB0
S31502007EA0B6ED48A02FFEB512441EFE49A6584D64F3
S31502007EB07E77AD31A2AEFC21D2D07F885A1C440215
S31502007EC0F311C58371AA0149454E24C49DD2F23DE0
S31502007ED00ADED893740E022B4D210C827E06C86CE4
S31502007EE00AB9EA6F16793741F0F81A8C54B7B10815
S31502007EF0B49962247C7A0FCE39D9061EF9B060F79E
S31502007F0013126D727B88BB41D8497C566C8067928E
S31502007F106A1E79CACC046D064B39CCE345569FA638
S31502007F20D28C78A086B6955CD2F739AAE080D9972A
S31502007F301CB5C6524238D035AA55CD0793F4437DB7
S31502007F4062C38AB7CF36BD5654A9140DC119C52AC4
S31502007F5090FAB594B474F4EA5A7AF8A98283AFE631
S31502007F6094E09B87B16DEA0DABE5447354BF66AAF4
S31502007F7009431B8F885812DA2F4B56FDB3D2875E00
S31502007F80DDB1835488782C5B7A79A8D674EBBA155E
S31502007F903217C4FAF15CF57EC5058B3C5A1F0029DF
S31502007FA0FBCCEA5287CCD70ACF0834796213155232
S31502007FB0943D961903170FEB66943D88FAB233A8DF
S31502007FC0783C0075A77F3A09BED7163AE67D10E5DA
S31502007FD0CF32F39ADCFF77A37F670B4418BFD570C5
S31502007FE00314A3A4192B256A8612A9604460E9B872
S31502007FF0DED3787704D83F7F2D5E8ABF311ED067E5
S315020080003E657BC2068A037BF39069D3D519D99E56
S31502008010F2B94EDBBBAE13523591B94C05EA08C72D
S31502008020560E26727FD5DE58773D41E9AD9DE7783B
S315020080307DE62997D5F957F2E6A77AE30E91DB5941
S315020080409C039EBB5B1BA16A8BD40F5B26536DDA26
S3150200805088A9BF9331826089287ED56132C98AD7C1
S3150200806043815C3A2D94F279E98DC8B6252FDA97C9
S315020080706901F2ACEAA71B25E4B44EEF874FB409B7
S31502008080A57D6ABC1BAB907D318E7D08F8920636C3
S31502008090F76371D237C6DCF46359EA6520E6A42594
S315020080A0D960C15A2EF79B655B8CE35EB0B9AF9A75
S315020080B0C7131A074E2D9DBF0A2933E96D6EEE8E40
S315020080C0179710AE17AB3B1CB0B7CAC716B29A1CAD
S315020080D0CCC3BB0774D3657DD5584A5050477452FA
S315020080E090291A136B60F209BE464374447DE84038
S315020080F0252BB515D4DA481D3E603BA1188A3A7C79
S31502008100F7BDCD2FC128B74EAE91667C594C237E62
S31502008110C8B4850A3D9D8864E7FA4A350CC9E2DA95
S315020081201D9E6A0C071E870A8989BC4B99B50133C5
S315020081306042DD5B3AAE6B733C9ED519E2AD610DD2
S3150200814064D485260F30E73EB9FFAEA3190057E780
S31502008150E358FF6A6746356725A08AB6BA4BA7B4C5
S31502008160FD15D389E1E61B341AAD0C4EB3A9EE9C7C
S315020081705AA7F2F86D808FBE8D02ABB7465CABDDB7
S3150200818085D70C6BA992A216A22D29D64CAE4623F0
S3150200819028AE2D0E67F4E48C9E6FDFCC942D3D4AFB
S315020081A028BC759F7C145143B7D67D9EE455D2F503
S315020081B0AC1E0B615C111680CA87E1925D97993CF1
S315020081C0C22591976257811318751E844779FA431F
S315020081D0D7469C6359FAC6E5742B05E31D5E06A1D4
S315020081E03090B8CFA2C6477DE0D6F08E14D0DA3FE3
S315020081F03C6F54919A743E9D5781BB261062EC7176
S3150200820080ECC9348DF58C142A4224115EBFB272F9
S31502008210B53AA398330CFAA166B652FA0161CB9429
S31502008220D553AFAF003B862CB86A09DB064E2181D7
S31502008230354FE40CC9B6A821F52A9E402AC1246509
S3150200824081A4FC8EA4B56501766A84A074A490F11B
S31502008250C07C2FCD84F9EF128F2BAA5806295E69AE
S31502008260B8C8FEBFD9671B59C24CB22895D19A7FAE
S3150200827081C1356365546B7F3672C04F6EB6B86680
S3150200828083AD807300783A132A79E7152193C48562
S31502008290C9DDCDBDA2894CC662D7A3ADA83D1E9D40
S315020082A02CF8673012DBB75BBE62CAC667F4610997
S315020082B0EE521921D621EC047047D59B776023181C
S315020082C0D2E0F0586DCA0D747BED0F81E461A0FC1B
S315020082D0EB4C9ACF74540D5F85FD704F24081F0A2C
S315020082E096EE95B751B7626C76AA3567B6D06D83AE
S315020082F0C91E53D3DFFF3FB6384F372A3B89F1F405
S315020083006E894F0C4E1C593FEB6FF235FAD97F142A
S315020083105B50B61872025F088FA57F7B3816DF4363
S31502008320116091D6E4E87B310BAFF0D3F50BB75071
S31502008330F7712EE38AF4EA4F34BD5BA5D34EE860AB
S31502008340EDD1503F9B48ED00E51A26ED2AC70639C6
S31502008350F700E188D98FB69A970136F39A05E9F5BF
S31502008360476D2BBF78DC530E7A877179BF2908B91E
S3150200837031E6176D6344445E936827182EC5054D92
S31502008380F54A4A5A9A2D6327CE60B25451F01FD14C
S315020083907052F9728EC36DD838C17C260DCD1F601E
S315020083A0CD0CE9296491672BDBFFEA87D18582A987
S315020083B064A8D0D8BBFBB4A5F76326027FF258B6F1
S315020083C082E29CD9222BBC3B580A3C5852C917B9A7
S315020083D0F3C6E40FB8F93F650C3CDFBCD7A70D9B8B
S315020083E00ED654ABB6EEA0432AC2E1CDB15410ADBF
S315020083F0DF32EB4802E9A8C4EAC0CDAC337B3E5F6C
S315020084003E9679FC13473672B5E0203506939613ED
S31502008410FE03EA887CCF7F43BC59C9D30BC4D4F789
S31502008420D9DE93F8D15491692675B2B4755C5D3183
S31502008430A5DA36022D84CBCC8EEE5F34A3C8F022A9
S31502008440EDDB397D615A977328706EA3EB7F48780E
S3150200845034CED81D00133F5F89C4304B2DB14F93E4
S315020084602B0A7F394D246C053462C257A2FB501D7C
S315020084708B67B0DE3A82D47BF58A53A66EDCB0C235
S315020084803EA71D35C6EE655610B2BF4309E03EDB78
S31502008490C20A8020870172496786BD73615DAB2679
S315020084A0384920ABC209B220ECBC018C43EE2B82C8
S315020084B03BC7FBC025B50C53E93F95C134905148E3
S315020084C05B0F9AE061C25C26A739ED224F4ED5F0CA
S315020084D00A1508561EE9AAA275E8DAEDE9B221F4F0
S315020084E092E97D6B1D53BC3171F980A94D133DDFB5
S315020084F0A7221A22D1B84F7AD8D6AA3520D4F73D68
S315020085005E121A6ACCED142A4ECECF5207EE48DF1F
S31502008510B708EC06F3FAFFC3C45954B92A0B71051E
S315020085208DA33E96FA251D163C437804578C1A23D2
S315020085309D4381C20E27B5B79F07D9E3EA99AADB05
S31502008540D9032B6C25F5032C7DA4537B75180F7963
S3150200855079580CCF30017B30F9F77E25773D903183
S31502008560AFBB96BDBD689469CFFEDAF4462F1FBD38
S31502008570F7D67FA41401EF7C7FB3474ADAFD1FD3F7
S3150200858085579073A41952524819A96AE63DDDD857
S31502008590CCD2C02FC26450482FEAFD346624489BD1
S315020085A03A2E4A6C4E1C3E29E11251924B136E37FB
S315020085B0A05DA1DCB578377011311C46AF8945B094
S315020085C02328037F445C605B897CC420598065B99B
S315020085D0CC8F3B920C10F0E777EFE20265250100A3
S315020085E0EEB3AEA8CE6DA7244CF0E7F0C6FEE93B8B
S315020085F06249E3759E576A861AE61D1E16EF4255B4
S31502008600D5BD5ACCF4FE122F40C7C0DFB222450AAE
S3150200861007A4C9407F6ED01068F6CF784114CFC642
S315020086209037A418257B605E1818DF6C8F1DB3582F
S31502008630A25862C34FA7CF356E1DE6664FFFB3E160
S31502008640F7D5CD6CABAC675014CF96A51C432CA0C6
S3150200865000E4D3AE402DC4E3DB260F2E802645D29E
S315020086606870459E13331F20519D03086B7F52FD90
S3150200867006007C016449B118A8A4252EB00E22D5A5
S315020086807503466288BA7C398C0B0C96A67548DA55
S31502008690202F0EEF76D0685BD48F0B3DCF51FB07B0
S315020086A0D492E3A023168D42911495C82049F26212
S315020086B0A20C633FC807F005B8D4C9F5D245BB6F13
S315020086C045227AB56D9F6116FD08A301444A4F08FB
S315020086D0ACCAA576C31922A87DBCD14346DEB8DE54
S315020086E0C638BD602D59811D384C2AECBED733D809
S315020086F0ED20CC0A8362912C8175DF92AA473AE972
S31502008700814A3C33A3672D70A1C8892F9A364A3A0B
S315020087100DE88D7C1D7A136315A0ED788A00ACBC3A
S315020087203FB083B4A5B3B82CA1901BCBCB17E436CC
S315020087304E79117FAADDB33307C65B880808513F1D
S315020087400D02A8E6C01D14244D9C47CF8C13DAF601
S3150200875049F8A50E3C45633EAAF92C6548E93E1246
S315020087606DC7EF5D925D742E5A6C1EB2C316816997
S31502008770BCE017BAC3A699B5A2400E07522CEB91DC
S31502008780DC60FE841CB8C25924F26C03DEAD52884A
S3150200879090B3FFA3B292CF0DBF4BA6BF7159785AC1
S315020087A0FD244A6C36FE055F9DEEEF3F773CF75996
S315020087B09D98CFC189EFF1B35F542EE042FB5DE392
S315020087C07CB4A1470B1266577D1583BDCC5D929191
S315020087D09480CC225320A13CE4D6903F187FE52812
S315020087E07B762EDECE14471AFFB7B6B80FBA20DB59
S315020087F0A11F5177B6C332B7892DF099C0512BA963
S31502008800F1A59C48AD75384FBCDDD0A918B1BC980E
S315020088102B80B408349E44EE04B1A6B8269208878B
S315020088205D91C7459A345F68F1CC745CF8AC419BA4
S3150200883051522608813173B647B1AD11ED2AC99955
S315020088400FB4EC340DD7477AF5A443CCCBC4A06061
S31502008850A9BE7736CA665C77EDF5F82F75A17AA1BF
S31502008860C0FD010E02D9DE1197181AC116396885A4
S3150200887008D006E5EFA4692D01BD64F67813AF3979
S31502008880C6171536312194656DB6D3B490CFACC0F8
S31502008890602E7361E59D05A7BAB0C670781F3D03C9
S315020088A0E446D926CD614158A27CD272A0B1F2BB70
S315020088B004C7DEFB593C39BF1EB862E2CEBB8DE966
S315020088C089B529300BBDEE023757934D7A104520F4
S315020088D02183E49BD8608367E40731E0DED6A0B942
S315020088E0FEFEDD17E98F0245501A71A08976C12670
S315020088F0201B1EDA3BA8ECFAA7175FDFD01EBF5675
S3150200890080F93BD49FBD881F86657273033C8F3AFC
S315020089100BD5AEF2B4E7550436A1E2DFA2E2343655
S315020089200AC3956D127590105FAC0DA65687366117
S3150200893057DCABEB6A2FE0177D0FCE4C2D3F197F2C
S31502008940F0DCEC89774A2320E8C5857B9FB66587EC
S31502008950B2BA68D18B67F06F9B0F331D7CE7703A12
S315020089607C8EAFB0516D5F3A52B27871B60DD27647
S3150200897060D11ED5F9341C077011E4B3204A2AF6D9
S3150200898066E3FF3C3582D67CB6FA87D85BA4E10B58
S315020089906E3B40BA326A842A00606EE9121092D99E
S315020089A04309DC3B86C83828F3F4AC6860CD65A67B
S315020089B0D3E3D73C182DD942D92560339D38595770
S315020089C0FFD82C2B3B25F03E3050464ACFB06BD118
S315020089D0AB77C515416B49FA9D41ABF48AAECF829E
S315020089E01228A806A6B8DC21FA84708A2C43424BC8
S315020089F045E5B9DFE3198A895DE4589C21009FBEEB
S31502008A00D1EB6DA1CE77F11FCB7E44DB72C1F83B71
S31502008A10BD2D28C61FC4CF5FFE15AA75C0FFAC8048
S31502008A20F9A9E124E8C97007FDB5B5459AD961CF20
S31502008A3024793A1BE9840986893E3E30190930E7D2
S31502008A401E0B5041FD64F239CBF89E3E8A365A60BF
S31502008A50154750A522C0E9E38F24245FB0483D554F
S31502008A60E5267664CD16F413ACFD6E9ADD9F0242BE
S31502008A704149A534BECE12B97BF3BD87B9640F64F2
S31502008A80B4CA9885D3A471418C4CC999AA5827FABD
S31502008A9007B800B06F6F00239253DAADDD91D2FBB7
S31502008AA0ABD14B57FA1482507F72636DD30814030D
S31502008AB033B5C7D7EF9A376A4BE2AECCC58FE1A979
S31502008AC0D3BE8F4F91352F331E52D7EE2A4D243FF8
S31502008AD015962E4328903A8ED4169C2E77BA64E1C8
S31502008AE0D898EB47FA87C13B0CC286EA1501476D57
S31502008AF025D1466CCBB78A998801663AB53278D7C2
S31502008B0003BA6F90CE810D45023945D82A4DAEF88B
S31502008B101D2DDBE88E0518701EC1D2C75F99B3AA58
S31502008B2079CACC24236DB153B5E0CAB2664D262369
S31502008B307665CAEB33EDBA7DC84AD2F0D6BE0E03CD
S31502008B40105563F7787F882A4F2D015CE7B9232AEF
S31502008B50EAF2E1CA5146970CCA705D677332B62FC4
S31502008B60F50344860B25A70B21649C02FD180DBB59
S31502008B70028F298921142DBC960E258BE6F8478390
S31502008B80C9712D03E82F9F7B9C6DF886935863DD90
S31502008B90A4853AE176916961577DAA4E9511512EC7
S31502008BA0FBBD60FB571BC23280079E31CD2378D8AE
S31502008BB0C5757789C1CFC4EFF7B30A9A12FB544839
S31502008BC071C33872419DC4126937E8FF33B5500943
S31502008BD0D16B1D8E1D1C862110E5021338D822F09A
S31502008BE0B4CA91630C2009254295798317A0B3096B
S31502008BF03FEED5AA8FD06D629F1470EBEEBC00BA21
S31502008C00C944A4A046B22114C7A7248C8E3AA44A0A
S31502008C10F55EF0D840F5C104DCB93E0B0C5EBAAD88
S31502008C20E39CA4484450B52AEC5D0F6F2627D22E4A
S31502008C302408D55E41EE249815D468947CEC7B809A
S31502008C403FE221B5E1BA9370FA3A5D1C63AC07DCE8
S31502008C506C8CDFF971516158B0E2739DD879A072BC
S31502008C605DE1EAB4CEF40173412C72D659E7096488
S31502008C709B72BF72CFE174A669E5213CEB240ABC64
S31502008C8023CBBA4ED2670139F69A7B2BBDB831D5C2
S31502008C90515BFC37350905506D5493C525CF2F23FB
S31502008CA0490FB42B1465A320ED41D97852D8CC6E66
S31502008CB043782FD283AE5422B7CDBF7B2ED022C5A6
S31502008CC0E2E4F0BF51331E68454F03839DB5648BC2
S31502008CD0FB0EA21FF2718B2FE45065BA959424699C
S31502008CE02B47D5458EF99E53755220A6A1B67B6EAB
S31502008CF0838E3C41D7214FAAB25C8FE855D1566F7D
S31502008D00E15B34A64B5DE22D3F74AE1C96D874D05F
S31502008D10ED631CEEF5186DF829EDF4E75BC5BD971A
S31502008D2008B13A6679D2BA4CCD1FD7A02490D18029
S31502008D30F88A28FB0AC225C519643A5F4B97A3B184
S31502008D40337200E2EFBC7F7D69CBCF0717B927EDFF
S31502008D5088F7D422D3EDF929658A1F74F08FBFB83C
S31502008D605250D30ABBCD467C0DB6EC70166BE39A15
S31502008D70F8A50FFE4968A5EB755554E78560C8FD51
S31502008D80210B0355E9D65C39EE2A3AACBFA15A1338
S31502008D90312EC7296A4D5CC9DE520002E2F3C608CB
S31502008DA08B6EB0200C55027901286B266A1EEFFAEB
S31502008DB0169F73D5C4686C862C76031BBC2F8AF665
S31502008DC08D5AB7875E4375599490C2F3C55D7CCDC3
S31502008DD0AB05912A9AA281C758301C42361DC6801D
S31502008DE0D7D4D8DC96D19C4F68377B6AD89792192C
S31502008DF0637AD11A2458D0D0170C1C5CAD9C02BAE7
S31502008E0007037A3884D0CD7C13D45E43288DC342BF
S31502008E10C9CC783260F350BDEF03DA791AAB07BBDF
S31502008E2055338CBEAE9795265324700A4C0EA1B9C3
S31502008E30DE1B7DD56658A20FF7DA27CDB5D9B9FF65
S31502008E40FD332C4945292C57BE30CDD645C77FC7A1
S31502008E50FBAEBAE3D3E8DFE40CDA5DAA30882CA2D3
S31502008E6080CA5BC09854987F858CB217D63B0AD3CA
S31502008E70EA3B7739B777D3C5BF5C6A1E8CE7C6C6AD
S31502008E80C4B72A8BF7B8610D0045D90D5803FC29E2
S31502008E9093ECBB6FA47AD2ECF8A7E2C25F150A1371
S31502008EA0D5A106B71A156B41B036C1E9EFD7A85658
S31502008EB0204BE458CDE507BDABE0571BDA2FE6AFF2
S31502008EC0D2E87742F72A1A19BB037A289993DFCF99
S31502008ED0E027CBF2C87833CA88CECCED8F62DCFAB3
S31502008EE08F98BEE0BC56CA732185CCCA30CBEF0B35
S31502008EF01A977265405B44F4AD027D4C8D678181A1
S31502008F002EBB30C9E48B167E78586474837240E8AF
S31502008F104A5B7FD2591C09EC2ECC3976E4724D2F6E
S31502008F20161D51D43DB6D96785496FAB5B0950D53D
S31502008F301AAFBF4F5BCDF40440750C2AD12E8E9D1D
S31502008F40862221B2044EC22B149AE02F0BB6D40904
S31502008F507E74B1DBAFF084C36EFDB57889EAE25860
S31502008F600A9BE0B577F59E51A9CC2411D9D763188F
S31502008F708E708AB84581C07AF53170850973CD2B1A
S31502008F80E5FAB88A6E7A336216CAFF067FF1CE4BCD
S31502008F906AE12A69DBE106DEB0424F612D705307B2
S31502008FA0D012925BB441605F73123A1B4E32ABD160
S31502008FB040530581F17C94186E198CA967955D3B27
S31502008FC0681E2E802504A07F05278C027415537D0A
S31502008FD0FE750DDB697D3180DD8D8CEFE8ACFF30EF
S31502008FE098E9C3B67BE99D7EBCBA500BD4EB1684D6
S31502008FF0EE8B2028267208156DC3C1B9AF8F14A354
S315020090005D7D2DD3ACDA070D8C31657D0EC0413204
S31502009010E76DE8D0DCE5BEE6268CC0FBC22D8B11DF
S31502009020C33D60FCA7040D68EBA35A694A41C2F925
S31502009030218FA6054C2CA4DA3E96937F98236C7C4E
S31502009040E354390CD38C0E2129BA6B3FAB757340AE
S315020090502E481E99D8B6C39EE9925FE5820EC8993C
S31502009060E10A0CFBB6137C302C5F7AD2DA3CD6FBD3
S31502009070D706A18ABCC40FF030A4648E1A5CFB53D7
S31502009080852E1A0CE5ABEA04E7B58ACB21107524C6
S31502009090EB10505C494423FCA110564E7B711E5FB7
S315020090A0D50C71C2185FDA449E9829C78062D446ED
S315020090B0DDA56853D0FB934B895A76D1813FDF6396
S315020090C023A2A0B964BDCE34EB4CF38A8702275E95
S315020090D0AED646B909040B901285BDDAF7EB1265D6
S315020090E0818F258869B7D9614BD9B74913A7C5A618
S315020090F04694EB2358D1F3A334484877D2FB16049F
S315020091002F81702C6F5ED46931143CC54BF716CE95
S31502009110DEED7220CE25972BE73EB2B56FC3B9B806
S3150200912008C95C0B450E2E7EFB0E464F432BE69F6F
S31502009130D60736A6D403D3DE24DAA0B70E2152F020
S31502009140935B5400BE7D7E2330B40167ED75350115
S3150200915010FD0B9FE6941023227FE483150F3275D0
S31502009160E35511B199A6AF711DB653399B6FCE6502
S31502009170E641A1AFEA3958C6FE59F7A9FD5F430F8A
S315020091808EC2B1C2E9421102D6503B471C3C42EAAA
S3150200919010EF383B1F7AE85195BEC9B25FBF849B78
S315020091A01C9AF878BC1F73008018F84818C730E478
S315020091B019C1CE5E220C96BFE315BA6B83E0DAB60E
S315020091C00858E147336F4D4CC91F7DC1CFECF718E4
S315020091D0143C4051A6F5756CDF0CEEF72B71DEDB05
S315020091E0227AE4A7AADD3F1970198F98FCDD0C2FAD
S315020091F01BF5B9B02762916BBE769177C4B6C76E7E
S31502009200A89F8FA80095BF386F87E8373CC9D21F41
S315020092102C46D1185A1EF6A27612243982F58050AF
S3150200922069490DBF9EB96F6AEB550856BBC1466ABE
S315020092309DF093F838BB1624C1AC718F37111DD738
S31502009240EA9618A31469F775C623E4B6B522B1EEF9
S315020092508EFF86F210709D938C5DCF1D832AA99096
S3150200926010EBC5429FDA6F13D1BD05A3B1DF4CF9EE
S31502009270082CF89F9D4B360F8A58BBC3A5D8872A60
S31502009280BADCE80B51832102BBA05F30BD4F7A0ED8
S31502009290AD63C654E04C9D824838E32F83C321F464
S315020092A0424CF61B0DC85A7984347CFC6E706EB340
S315020092B061CFC1C3B4C9DF73E5C71C78C9791DEB99
S315020092C05C67AF7DDB9A4570B32BB49149DB911B8A
S315020092D0CADC024B23962657DC788C1FE59EDF9F5D
S315020092E0D31FE28C8462E15F417C074DAE0A79E2CC
S315020092F0A36974DB7082938BA216BD8ADC32B66ECA
S31502009300724B06AAEC14087289531195C7295C316F
S31502009310CE742F8607E5E0D73274928521764A0C01
S31502009320E4A1254A986CDE7210A36ABF53B59AAEC1
S315020093301B6E6D80A9500A053951FFAD0374BB92AD
S315020093408B61BE4576D294032C352868D957269868
S315020093502ED4A81C303080480DA0CD9FEC998E9754
S315020093608E3477F08599B65647E22CD5FE37258797
S315020093701050606FDBBB3FFB8B9F344B319E20212D
S315020093803943961DB762910148343CE5418650D473
S3150200939006D6EC54955CBC49E03A31A40CB9BD261C
S315020093A03073B9DE78C9E125F4ED7E855122574D39
S315020093B0C5939EE1DD4E72E33570790B0E42718ADA
S315020093C043E7AB8736833C3BA44535B2256439F582
S315020093D096B2FB987EA2A71586DD6F63BC526CAB74
S315020093E0EE349341A895D97975DD9511A68E8ACD6D
S315020093F02FA8D91DA8D804A5B67958A381CA0D5499
S315020094008A6AC879A316DD60D3F2D0CBD101065F92
S315020094107FBB32612F416E7387DE8D2332446083B8
S315020094203C75C0F572523A1E1D6556ADB772318B48
S3150200943017D7AB3F7A1B5801E4F64D42F64DC92DBC
S315020094404F28292C5D6E37309CA55981A78D91D264
S31502009450F313073FD91CDC6B9065CD4A937A5F56AE
S3150200946028C1B44CECACDA53815AE949DB54A2E781
S3150200947073ADB008D0D5925107FC0AD0B1E5204DA4
S31502009480385FF22C01F8555D7C931180841E65CA03
S31502009490281AF46E6EC4B0C6528D3F5FA71B02B780
S315020094A0FDB9D7EA99FF9D114D1DB3F4CBDFEA430F
S315020094B092881411743F50C6173B0D06C568EEFE1E
S315020094C0C80A4ADDB393923244FC79B730DA2B0EDE
S315020094D0F86D0F42B76D66F5862219F5D970758E4D
S315020094E006F2483F6EF0C75F9478AFD2A44B104F96
S315020094F00C598DF5DD60D5E25C3B89430E315E9CED
S315020095007D48FE3FAE8D0B5AFEAB3E53BD23FB6834
S315020095108F3EF56DBC5BA67C4A7DA60143F032C93F
S31502009520F6397C670B97344D1A9694E14F21594EC2
S315020095304FCD710DC77DBE492DF2503BD2CF009360
S31502009540327291FC46D4894708B27C5D2D85792812
S31502009550E7F27D6870DDDEB891786821ABFF0BDC3F
S3150200956035AA7D6743C0442B8EB74E07AB871C1ABC
S3150200957067F4DA998ED1C6FA67904F48CDBBAC3EF6
S31502009580E4A4B92BEF2EC560F18BFD3BBC895D0BC4
S315020095901A55F3C937926BB0F52830D5B0164C0E72
S315020095A0ABCACF2C319CBC10116DAE7CC2C52B70E0
S315020095B0AB8CA4549B69C744B22E49BA5640BCEF41
S315020095C06D67B6D94872D7705BA0C23E4BE88AAACD
S315020095D0E08117EDF49E6998D1858E70E413457982
S315020095E013F476A9D35B75630EEC6F9F5094616595
S315020095F08D51C646A97E2EEE5C9BE067F3C133977A
S315020096009584946363AC0F2E137EEDB87D96D49148
S315020096107A8176D70A2F25746425850DE08209E4BE
S31502009620E53CA5163861B83264CD48E4BEF7E77961
S31502009630D0867808673AC86A2EDBE4A0D9D49FF8A8
S31502009640414F5A735C217941C367DE3217EDA8B1E7
S3150200965048491B461894B43CD2BCCF764343BD8ED0
S315020096600880181E873EEE0F6B5CF8F52A0CF8414F
S315020096709467FA04C3847268AD1BBAA399DF45895D
S31502009680165DEBFFF92A1D0DDF1E6232A18ADAA9E9
S3150200969079652259A122B83093C19AA77B19044051
S315020096A0761D531897D7AC166AC62BE5285DF15B73
S315020096B08E1AF07018E3472CDD8BC206BCAF192454
S315020096C03A176B25EBDE252D943A0C68F1809FA2A2
S315020096D0E6E7E91A157EF7717379014858F1001128
S315020096E0DD8DB316B3A44A05B87C26198D46C8DFAC
S315020096F0AF4DE5669C78280B17EC6E662A1DEB2AA1
S3150200970060A77DABA61046133FB2597CC25EF5CA6E
S31502009710F2044D153EEDAE99F44141E1721D4468E5
S31502009720A2A03239134503143C8C02DCE03014D972
S3150200973071C71752A855B90EFAA1992CEDE1094B3A
S315020097403C746ABDF21A88423DAD5CAB9AC6FE7B9A
S31502009750ADCFB24CD38C3EC2A2D637FB4BD15D689D
S31502009760187A671544D6D60AB5EC7B419E431A7819
S3150200977066020ED18C93C54A24AC92061185A35D6E
S315020097803312E3ADA265B0119F7E92472889147900
S3150200979077A80A37EFD6DA3303271211FA248F1F76
S315020097A09295DF2A2FAC655246B3FC9A30DD5F40B4
S315020097B0543FE628443D72D9AEAA655FF01DC094B7
S315020097C009084CE13ADCE44317A538A9F1C712BCF3
S315020097D0E1B28031AB2830474A25CDFB1E57783F90
S315020097E00FF9F66F4234E574A3C6C2ADC37A6FEAC7
S315020097F0947C71E9F628E9D0F5EA45D6EA79D3E20E
S31502009800BEFB1FC58587DD4698885C37BE0198700A
S315020098104883FDE3B5DA064B14072327ED0C88755A
S31502009820424C2FDD8F46092B96CB01B7EE49C797DF
S31502009830C369A3B6D438F483D92C409A8B2B96628B
S315020098407BDF889850C776692AA0FF826594975B6A
S3150200985049F5A8FE516A09DA9BAF775F375163A0D3
S31502009860761E1D2061DECF1BA2596A2490544A4AF5
S3150200987090DD7FE8DEBD3ED6FA71230D677C43D9C3
S31502009880D68E0FD30873E869674A6DD01108423D38
S31502009890E3FFE0908504FCBEDE7B48BDB7C670F8E8
S315020098A028FA9A3116732A6EABA8943E8C772496C0
S315020098B0EC8BA7E9CEF3D60A4F3C740D81C78A9486
S315020098C0CCFCECAA357962769F9AD5D624ACA856FA
S315020098D006F096303E75DBC899524C8FE6417F47BB
S315020098E01461C8F61C858D58FEB0F68DC78E1351CD
S315020098F01BF575E589DA9753B9F17A711D7A200954
S3150200990050D6202BBAFD022115F5D177E7652ACD6F
S31502009910F160AA8F87918954E506BCDABC3BB7B1E0
S31502009920FBC97CA9CB784865A1E65C0505E49E9651
S3150200993029AD511268A7BC3615A47DAA17F51A3AA5
S31502009940BAB2EC29DB25D70AA99516F1ED2DC47C0E
S31502009950CC6A2EBF115AD917A35F106B614A758B59
S31502009960DFB5B75BBA7CDB255EC2B6E998E9B0B073
S315020099709D5A135C062070058E78D44E926F208114
S315020099806B74713AF7B82C784274C6D6D0E3518418
S3150200999061A6B0E9AFEF99E95FD3FCF31062A38544
S315020099A0F1B01410364C3C5E57244E83B16742DC4C
S315020099B0C51BCE70B54475B6D75ED1F70B7AF01AD1
S315020099C05036A071FBCFEF4A856F059B0CBCC7FED4
S315020099D0D7FFF5E768527D53FAAE124362C6AF77F8
S315020099E0D99F3902535F674F1E17150436362DC3AA
S315020099F03B48988911EF2BCD105194D0AD6E0A8752
S31502009A006165A8A272BBCC0B9BD2DF941513F597A6
S31502009A106A4C3F315D98556110504508073FA1EBEE
S31502009A2022D3D2B808266B679375530F0D7B71212B
S31502009A304C061E130B694E919FE02A75AE87B61B24
S31502009A406E3C429BA7F30B42472B5B1C65BA3881DF
S31502009A50801B1B31ECB67186B03531BCB10CFF7B75
S31502009A60E0F10C9CFA2F5D740934374364317A15A0
S31502009A70D981AAF4EEB7B8FA0648A6F5E6FE93B07F
S31502009A80B6A77F705436772E81F95D4EE10262AA3F
S31502009A90F5E1155017590DA26C1DE2BAD375A2183D
S31502009AA0530260018A614305C1234C97F4BDEA0D56
S31502009AB09346CE9D250A6FAA2CBA9AA2B82C2004E8
S31502009AC00D96072D3643144BC013C11CB33E265DBB
S31502009AD08430C216B8BEDECCD0559080F5F5EB06C2
S31502009AE0AE3B389614ACC6758098F006F60FC1E404
S31502009AF011384ADDA9D1005C4F7458A6A6EAE7459B
S31502009B00EE63E9528DDFCA53374A6E183F345B82E1
S31502009B106561CBF824D87A76DA4B987B292EB1097F
S31502009B204DCB4C21FF4D6D03EC2C2453F737B84730
S31502009B30F21242C08CC46D25C528D9E1FBFB22E294
S31502009B40072C8AAD5B29EA485E71C5573F1C9B29E3
S31502009B50906D686B9E92CB96B35A2347648004300D
S31502009B60E19F4DA4245C432C3F83F8807CC9070601
S31502009B705BEC25CA7815850E6FBB1E160B45F7548E
S31502009B800EF8DEA09247CB7B5936C72BD0E38784EB
S31502009B90DF7999054584AF4BBF6FADDC5A977CD10F
S31502009BA0B696FCDE0B9F3657C2245204A0D0EC1C9C
S31502009BB05239E5691B1B7F7581F68952927A5B776A
S31502009BC04861731620C66C1B988663750199A9F1C4
S31502009BD0D360AAEEBED13D3588A49B4C33719484E2
S31502009BE011E3AD43686EFA63AD6984BF9EB7F6E1D1
S31502009BF0353166E2041080151B1874AF3083499A1A
S31502009C003C679B044F50A23BFD21037676E86C9A93
S31502009C10D83AB69E10B5E27F9205C88AAED4E7005E
S31502009C203A726FBB7A6BD873B65ABA6D60B5520B7D
S31502009C30ABEDB1BB0F4F13A935A6049B0D52A9304C
S31502009C40DBE57379F3B81368CA63CD19B36B9EF576
S31502009C503968D02192150C67B6CA50215B566DB091
S31502009C60A3124F109D19FB2075A71BB6AEBFC712D4
S31502009C70FDBF63E21F624EB8CF0D845CC3A5470BDE
S31502009C803486AFCC0BBE837E20C1996DEE3D9461C6
S31502009C90E09F0B462E1F10868D59E88E51F1B26B4E
S31502009CA0CC75C4FC8962B776D38D73C501E7DADB5E
S31502009CB0EE1B6FB235F6C6F9F45EF142806AE961CF
S31502009CC0D8A460AF1FD1A13A74CC6C72FA6DFD14A0
S31502009CD065B9532FFE4C083BB4C8A252F5E43AF3D9
S31502009CE06A16400D7AB0AA5925AC5E924CECBC7746
S31502009CF0387713608471481851F4A9FE3743375BED
S31502009D0046AAE6C88EE765187A1F6EB6C7B7C4CCF0
S31502009D107E2F0CF5257E15441CAF3E71FC6DF03E80
S31502009D20F763DA5267442F58CB9C521CE9547C964F
S31502009D30FB35C6649226F63065191278F4AF4727CA
S31502009D405C6FF6EA18840317E44C3220D37B31C6E3
S31502009D50C48B48A4E84210A864135A4E8BF11EB273
S31502009D60C98DA2CD4B1C2A0C47041F6FD0C74DD2FA
S31502009D7059C087DB3E9E26B28FD2B2FB72025BD1FE
S31502009D807748F6C6D18B557C4569BD694881C4EDD5
S31502009D90228D1CBE7D906D0DABC55CD512D23BC625
S31502009DA083DC14A3309B6A5A3D4696D32415ECD025
S31502009DB0F0245AC38A62BB12A45FBC1C793A0CA572
S31502009DC0C3AFFB0ACAA50404D643A70A07401F8CE1
S31502009DD0E85E265BCBD0BACCDED28F666B044B57DD
S31502009DE03396DDCAFD5B3946D16F412A1B9EBC62A2
S31502009DF08B5950E328F7C6B567695D3DD83F3404F1
S31502009E0098EEF8E7167552399C9A5D1A2DDB7F118A
S31502009E102A5C00D1BC45779CEA6FD554F1BED4EFDB
S31502009E2016D022E8299A5776172AC0497E8EB64559
S31502009E307FA3A9BCA251CD231B4C22EC115FD63EB7
S31502009E40B1BD059EDC84A343F234B45213B53C3350
S31502009E50E180DE93492832D8CE350D75872851B573
S31502009E60C177272ABB14C50245B6F18BDAD54B68F2
S31502009E70534BB5F67ED38BFB53D2B0A9D7163931E5
S31502009E8059805461099260110A3BA761AC68E2F0FD
S31502009E90F5A5913710FAFAF2E9006D6B823EE1C13F
S31502009EA0428FD76FE97EFA602BD74DBDBECEFE94A8
S31502009EB011220F06DA4F6AF4FFD1C8C077594A1247
S31502009EC0959200FBB8045370C66E294D351D3DB6FA
S31502009ED0D831AD5F3E05C3F3EC42BDB48C950B673A
S31502009EE0FD5363A10C8E3921EFD2A78DCAB26A2126
S31502009EF02728F499DDD96A36753CDD4F00B964AE80
S31502009F00629E90535B393A409A7E1B8616FCC58642
S31502009F1051C4276A4730A3F69735E9A167726601ED
S31502009F20EBDF8260CDB9FF0539613FF59FFA17A6CF
S31502009F30B66CE613E5B5F260A48A44B3EFBEA8D7C1
S31502009F4092A15E6F8532297AEE192DCB073FC3DACD
S31502009F5026A1C47758EEF7E14662143944FAA7E11E
S31502009F60A9149BFD417AF04D443288FF1E48A88809
S31502009F701DFD2176C7E759A4B27489D494D544FB52
S31502009F80C0755BB395AA127CEA374009C046546194
S31502009F902624D4A61EB1F02E59CA25141846479671
S31502009FA0CE95DB233682F54288E82DB061D7390B90
S31502009FB01F4E41D27E0E555F40A9E12258A4BFA68C
S31502009FC0997B44FD7D2F0A050293637948449CB828
S31502009FD02C7FC65093F1E44AC6F91AC8A85DB3F0BD
S31502009FE0171087463500D03977DB50A6333B7C43C2
S31502009FF0B22BC5BA1DE8AF6B18D3B72D2D4099FE0B
S3150200A000CEA62B37EC7E5B2B3DC1540351AFA7F294
S3150200A010602B37AA45B1A0D770D4A3056AB96928BF
S3150200A020730146822DE4286524B51ED7145526955C
S3150200A0309345F15D81D803E6B7E64D0D41DF7C1409
S3150200A04050C8370473B1935226F2CC4B81E0D02329
S3150200A05093FB9681CD45C7925B1E54596C79618BF1
S3150200A06078F921C0F04DA44072930351111DA9D570
S3150200A070DE26CA99B777D32E6B6B36FDAC0272A178
S3150200A080951990D61B293007D662231859A840BBCA
S3150200A090BB1A4D8A77559FB9F659857527B4188D1F
S3150200A0A05A23264DE70FC226F522CCE99F1D8D6461
S3150200A0B07C57DD281956BC66D139246521EDD34774
S3150200A0C0498BAFEDAC71D2491DFBCCF664FC824ED6
S3150200A0D026BA1BB7B4C9AA2A6BA7AFCBDB89A0875E
S3150200A0E06DDDDBD80791BE6C5CB970AC0FD020FF7A
S3150200A0F050E1DA59C74F00BD145340BE24D1050FB3
S3150200A1003332F5A9632031238A880A0A1B189F7AFB
S3150200A1100321571D9E90041ACF6AFD5391C20DD496
S3150200A1205C3B6B388F382C17F3332B388A05F5894D
S3150200A130B4C048AD0BBAE25A6EB33DA503B5938FD0
S3150200A140E632A2959DEDA35A0156B7B4F9AA98270D
S3150200A15072AD8D5C1372AC5E23A0B76161AACED2DA
S3150200A1604E7D8FE984B2BF1B6165D9C7E977676502
S3150200A1703680C77254122BCBEE6E50D999320565D2
S3150200A180CC57895E4EE1074A99F90D98CB12E44EF7
S3150200A19071C76E3C6FD715A3FD775C92DEEDA5BB4A
S3150200A1A00234311D39AC0B3F9BA477C4CD580B2426
S3150200A1B017F04764DEDA38FDAD6AC8A7328D921908
S3150200A1C081A0AF84ED7AAF50E55BF61501DE4F6EE6
S3150200A1D0B209612121269829D9D6AD0B81050278CB
S3150200A1E006D0EBBA16A321196D70E085859AF31F86
S3150200A1F03339E7B3D8A5D0363B458F71E1F2B9437F
S3150200A2007CA9274808EAD1574B038460BEEEDE6B71
S3150200A21054B80F78B6C2993195062DB6AB763397F8
S3150200A220907D648BC980316E71B028A1E7B67AEE53
S3150200A230AA8BA8936D59C1A4306121B282DEB4F70C
S3150200A24018BD97DD9D993E36F40D30DA513A90E30A
S3150200A250B05AA93D236439848064350B2DF13CED57
S3150200A26094718184F6778C034542D5A280EDC9F3B9
S3150200A2705239F677788BA00A755408D163AC6DD73C
S3150200A2806B63709415FBF41EEC7B165BE65E4E85E3
S3150200A290C2CDD096420A59599921109834DFB2722A
S3150200A2A056FF0B4A2AE95E579C0C3F45DE1A43C30A
S3150200A2B09B3B70FF5E04F5E93D7B84EDC97AD9FCD0
S3150200A2C0C6F4581CC2E60E4BEA68E6607639AC97CD
S3150200A2D097B43A15FEBB199B9FA7EC34B579B14CDE
S3150200A2E057AE31A19FC05161965DF0FD0D5CF53A06
S3150200A2F07AEEB42AE02E26DD0917171287BBB211B1
S3150200A3000B030F80FA24EF1F09666C6B3A1296B4A0
S3150200A3103859AB8085FE50A75F7AC2B739BF71F450
S3150200A3203C19AC77CE037950206216906AA691FF4B
S3150200A33009E0F15BAE5225F27CDF907FD885FF7D86
S3150200A340B96F730CFE0F624F343EDEDF650DF962A4
S3150200A350AD5FFAB992C528CF104516C6F96EC899EF
S3150200A360846C254A0448D4256FB1E9C70E2368BD1B
S3150200A3705D79C5C1C1B9B10EFFB1B695C4C84379FD
S3150200A3805ECFBA0B62AF9F2F552B02C915447C2CA8
S3150200A390FEB12E8141D2A0560D5EB6D7C9A12EF0CE
S3150200A3A0263B32D52F518041DBA5488A693EFFA460
S3150200A3B03B4095BD06386ABA5DB6D547AFE17C9F8C
S3150200A3C0FBD23959E587E01596145C744375201261
S3150200A3D00C6138DAFD3CFFDA4FC3712C2797E7E4AC
S3150200A3E0E9EDBD34197BC039383F96FB6E18948867
S3150200A3F0D59B63DC800EA048991C6CE92B09E8A466
S3150200A400613657CA547D095A55E7C9172B89452D16
S3150200A410F88D308972FD33D0D98B5B52D9E92F6C16
S3150200A42079C01CC1F1ECDB2ED2A015C7E3A4161627
S3150200A4304D1D34F8B03C6253CB99E8C72953EF96C9
S3150200A440A6BA68A6BB8D4E3D5FA287D0DD0F0FEE82
S3150200A450EE343E5C5531759CB53AAB8F2E570C6681
S3150200A460B2D34C5444FC540819ADED55C5A0EB616A
S3150200A470E63DA8F0FE33B524F8A5BA832804773B57
S3150200A4808D7EA498B8828F6712D9067C5A4341689A
S3150200A4900B833FBB213C12CA78E2CBB1277BB3D4F4
S3150200A4A046506FC7843B751D4CE93733F73BC5B041
S3150200A4B0154FE1117E69B57C50C73019ACAB844BA0
S3150200A4C0680464E0BF4ADD28449FCB444CB6C07D95
S3150200A4D0BF5D92E3ACE1A318C457042D8634307AEB
S3150200A4E02E890C8AF78B494C9631A71AFB53D6371D
S3150200A4F01864D73F3095940FB2173AFB090B20AD7B
S3150200A5003E61C82F29494D54866B9730F5AFD2224A
S3150200A5100446D2C206B8908DE5BAE54D6C89A1DC37
S3150200A520170C34C8E65F0028888652349FBAEF6A51
S3150200A530A17D102594FF1B5C364BD966CDBB5BF71C
S3150200A540FA6D310F9372E472D36C30DFCD36116E31
S3150200A5504341A308E002DEA424B46A4245C64E2261
S3150200A5604ACE770D2160D674049369029CEEF44FAD
S3150200A5704FC8F3324EBD9BF4E20FE8D4E386060FD2
S3150200A5804C81A2852BCF531946689A030A46316637
S3150200A59061809B2FA02048A0D6C02F06A05C359DC7
S3150200A5A0142E839148051E584F0881978C209526B4
S3150200A5B0E10E45230B2A50B102DEEF03A6AE9DFD46
S3150200A5C04CA333278C2E9D5A27762AD335F6F307CA
S3150200A5D0F066655F864DAA7A5044D02897E7853C97
S3150200A5E03864E00F007FEE1FE5F7DB03DA055376EA
S3150200A5F0BDCD341449F2DAA4EC884AD2CDD54A7BD1
S3150200A600430504EE5140F9004AA3CBBCA653D280BF
S3150200A6109B213838A1C3613E96E3829801B6C39066
S3150200A6206FE60E5D77053D1C59C06B21406FA8CDC4
S3150200A6307ED8BC121D23BB1F9009C7179E6A95B40C
S3150200A640552ED1663B0C75381AE5229440F12E69D7
S3150200A65071F65D2B3CC7C0CB29E04C74E74F012154
S3150200A6607C4830D3C7E221065149143B4B2B505745
S3150200A670B3BC4B446BFF678EDB8563162769BDB897
S3150200A680C89592E3316F181355A4BE2BAB47318997
S3150200A690299107924FA2538CA7F730BE48F9494B2E
S3150200A6A03DD44F6E0890E9122EBBDF7FB3960CF1B4
S3150200A6B0F9EA1C125E939A9F3F985B3AC43611DF01
S3150200A6C0AF993E5DF0E3B27700CBC2DA124A655A21
S3150200A6D0611454FF40AE0C9575CBBA9ACAC404F302
S3150200A6E0B6714C6A697881531A82E87E284F6C905B
S3150200A6F09D724797792B6A8E3EF50FE1308A11C219
S3150200A700B2B9A09DE4CFA32B494EFA783128FF2097
S3150200A710FA3298AFEDF53A224DC8A59307DEDAEB89
S3150200A720A21F631B8AAC1F385726F19C87750DFD45
S3150200A730290E3AE594EF2FE8E74BBB5BF0A734CC42
S3150200A740A2380CA57211250B9BD25CCC8FF43295E4
S3150200A7507136CEA3BE51A82B41291251A0CADA32B4
S3150200A760F2040035D9998D47C002BB9048D95A1DCB
S3150200A7701551C20EB108E2500217F24E89226AA2A0
S3150200A7800548523B3423C94DB686800F408C82E37E
S3150200A790C80D9F97F7E6773FB42CF44D30DEF67E70
S3150200A7A084D7ABB67C79655275496CF3EBE3D33A41
S3150200A7B025218637A5255DD716A525A03D9473E8E4
S3150200A7C047C811C4B47CBC6B560DA5D4D19C6F3C52
S3150200A7D07EABFEC6774024B62E97803548BFF96F0A
S3150200A7E0FBAC32B3835837009D24C91C2B81B6A219
S3150200A7F0581F2121EE6E8662CE0EF15DB8C5B52CCC
S3150200A80000AE63E259B2A603B605E5E209298D0D4B
S3150200A810301229C0AB78CA982723B1A96955EF77B8
S3150200A820479B43817B89777CB51C33DEE2B5C1F158
S3150200A83020A4FC158E5D9F5AB132D97BF138A49FB4
S3150200A840E746611CF01B382A16D2DD66529FC06F9E
S3150200A8504870E3C8A760E5DCFD62DFA29D9365EC64
S3150200A86092D12EE5E79A867AD463E4871D9B4078D7
S3150200A8709D63FBCD5AA94DAD9C9B2555377728EC98
S3150200A880AB3012C3E906C869223FBB1474F5487B94
S3150200A89088CCDCAEE4CEC768BE80ED7961932FED3D
S3150200A8A04BBC775F880BD725DB2D3CB7F42A721495
S3150200A8B00D06055A5F0C47BC2EB08125AC3E9400AE
S3150200A8C08F9C491F3B4B430E33A20613DEE6CD0295
S3150200A8D0C78E6F11A2525A7B5B3B16C1F481C6E149
S3150200A8E04326D36006351D24C752BC0E4D40E46B89
S3150200A8F0F591A7B13B2346AE2BB45DD20E17EC2AD7
S3150200A90094D6456696FD8D1DDEC42E9CC5A96F297B
S3150200A910CBF3844FBF618BBC08F9A817D906771C05
S3150200A9205D25D37AFC95B763A4B0DD129C6398D5F6
S3150200A9306B8624C0309FD1A560E4FC58032F7CD1DE
S3150200A9408A5E092E1595A107C85F9E38028F36A822
S3150200A9503BE48DCF023B4390432641C55DFDA1AF4B
S3150200A96037012F033DE88F3E94A27005B9158B2F50
S3150200A970494508677042F29484FDBB61E15A1CDEC8
S3150200A9800740AC7F793BBA753CD1EFE88D4C700835
S3150200A9903137E0338E1AC5DFE3CD6012A55D9DA582
S3150200A9A0868C25A69908D62296D1CD70C0DB39624F
S3150200A9B09A8A7D6C8B8AFE60601240EBBC4788B334
S3150200A9C05E9E77877BD004099C91BADDD41FCEB4F4
S3150200A9D0AA8D4CC73EDB31CF51CC86AD63CC632CFE
S3150200A9E007DE1DBC3F14E243B940F948662D32F436
S3150200A9F0390C2DBD0C2F950631F981A0AD9776162F
S3150200AA006C2AF7BACEAA4062A095A25B9C7434F86F
S3150200AA105AD237CA5B7C94D66A31C9E7A73BF1663C
S3150200AA20AC0CB48D23AFBD56EB3335F5E3B92A36FC
S3150200AA30403DB96ED568853372555A1D52140E9E25
S3150200AA40181374836DA8241DB23B9DC16CD31013D9
S3150200AA50B9862362B76B2A065C4FA1D791859B7C88
S3150200AA6054571E7E5031AA031FCED4FF4876ECF40B
S3150200AA701C8CAC54F0EA45E07C35091D8225D2884F
S3150200AA805948EB9ADC61B243F9E5C49EED2565426D
S3150200AA900333901601DA5E0EDCCAE5CBF2A7B17279
S3150200AAA0405FEB14CD7B3829408149F1A76E3C21EA
S3150200AAB054482B39F87E1E7CBACE29568CC388247C
S3150200AAC0BBC58C0DE5AA6510570D20DF25452C1C4C
S3150200AAD04A67CABFD62D3B5C304083E1B1E7070A1D
S3150200AAE016E71C4FE698A16997D6A9EF13D6FC7A0A
S3150200AAF05979061CA45AC40C96DAFAC104E16FA568
S3150200AB006503E47204B7733A34472D9E6BE5267BE0
S3150200AB107516C6812B13C7C47FDE9CEC25955CEFA8
S3150200AB20AD4317E7160BC839686C821B0D6E190FF9
S3150200AB30DBE36049E2F01FF76C43B723701613613B
S3150200AB408272DA7758EAF00CEFB4164D3FDA331414
S3150200AB5099F857E2F8533D7C48AC5C6F0EF5C92F65
S3150200AB605C744728E415827B14949654297B87B437
S3150200AB702FF404605413347DAC008E4A8E13EFC654
S3150200AB805F214AEEAC5CF36DB2B8F0EF5A7B126EFF
S3150200AB90B82959F36E66AE0D551C426DBCF52C50A4
S3150200ABA07C1245D8B0BB6667BDCCD4DDA4806C19D7
S3150200ABB09DDDF2955DF5E6221BC7D640C7335EC71B
S3150200ABC02F043CCB7912B57B5A94A63BD4CE32E302
S3150200ABD05DC081E861130BDE3BED675E090FD41A97
S3150200ABE05D3DC6B8DAACA85D9F15703A4A66B6C432
S3150200ABF0144E900A0F4F1976136C09A4394C61A5AD
S3150200AC00EDEC9F9750FFD06CF9F7BFD1DACB3D4EF2
S3150200AC1017576420828E11C9569D180FBCCECCBA26
S3150200AC20687646D4E922481B2CD5BC68BDF2BE33F1
S3150200AC30F22E4869B0DB49C6EE1ACB410CEEB6B528
S3150200AC40E5A71202274D295C813756257F0A36ABC6
S3150200AC5058790F488A221225E3B4146127055DC785
S3150200AC602AFE76D925962D229DBC7C34C813AB4686
S3150200AC708323C199D4E84938C94AD6874031EA4C78
S3150200AC80E79EA2B13441351F179DCB6E7B730E969C
S3150200AC90E1EA7CD64849F2FA891B5ED5B4A9E737C0
S3150200ACA0EB596CB43C17B75CF0ABB7828BE6894ABA
S3150200ACB0B9B7A69B27D91CF46F878DE110C2E61699
S3150200ACC0C6091B7F0FDBAC7CCBF83B3D3BAA9F3C06
S3150200ACD0F93ECE857BA3BD921D8A1297FD362402CC
S3150200ACE07DE296E93CB8057EA64DA74E2E75105517
S3150200ACF022EC93F4756C5808F489E49A10C5F9A20B
S3150200AD008FFCE6EF56EC2C1302376F52BBD393132C
S3150200AD10C8C4414311276DA300C3517F05D46FEC0C
S3150200AD20A1B7632AE561273ABC781AD9E0B26290E4
S3150200AD30679650C89C88C947B8705040664AF59DC8
S3150200AD40BFA19324A9E66973EDCAC5DC344401E1C7
S3150200AD5033FB843C965DED47E7A086ED7695017060
S3150200AD60E4F967D27B69B22564689813FB3F679D55
S3150200AD70B8C75D41D9FBA53C5E3B27DF3BCC4EE025
S3150200AD80D24C4EB53D68201497D19D241EBD78B491
S3150200AD9002C1585E00350C625CACBACC2FD302FB02
S3150200ADA02DA708F5EB3BB660D05ACCC16FBBEE348B
S3150200ADB08BAC4696E90C1B6A53DE6BA649DAB0D316
S3150200ADC0C181D061413BE8314F2B069E12C7E897FD
S3150200ADD0D80A32294F8FE4493F68186F4BE1EC5B82
S3150200ADE01703552DB61ECF55B9E1B35A465D3A4201
S3150200ADF0613FF1C787C113FCB6B9B5EC6436F819E1
S3150200AE0007B637A6930CF86680D08B5D6AFBDCC466
S3150200AE1042481A57ECC4EBDE6553E5B883E8B2D470
S3150200AE2027B8E5C87DC8BD5011E1DF6E83376D6076
S3150200AE30D9AB11F0153E3532963BB725C33AB0640D
S3150200AE40AED55F724464D51D19FEFF2A035D74F206
S3150200AE5066DB247F493C9F0CEF9885BAE3D398BC06
S3150200AE6014531D9A677C4C2298D31DAB299E665DAE
S3150200AE703B9E2D34581692FCCD7359F3FD1D855514
S3150200AE80F60A9525C3419A50E925F9A6DC6EC0BD9E
S3150200AE90331F1B64F4F33E79893E839D8012EC8254
S3150200AEA08913A12823F0BF059DDB89170C088E396B
S3150200AEB0F578E7F3252060A75D03BD064C8998FA6D
S3150200AEC0BE66A925DC036A104095B613E847DBE5A2
S3150200AED0E11026433B2A5DF376127838E9261FAC49
S3150200AEE069CBA0A08CDBD429D0533333AF0AADD9BA
S3150200AEF0E509D3ACA59D6638F0F788C88A65573C44
S3150200AF00FABE2C05518AB34AE9C02443EECBDADFF6
S3150200AF10B75B953F884244059F6031EAA8AAF7DEEF
S3150200AF20FF7C284206E7AE6854E09D80E8E28FF691
S3150200AF30D1BA829C6A09BCE345BFAD0AD453630702
S3150200AF409E95A1DEB51F9B7B0CCC7174F1C81CF0DB
S3150200AF50BB829057372E24955F6BE4D39360772795
S3150200AF60FB85BD285AD5132DDAB8355B06D2C5FA4C
S3150200AF70B74B62859A8ADAA80FCD213D91CAD2CC07
S3150200AF80580DF98BEE41836B527AEE7ACE9C01BF55
S3150200AF90D3EA54E4B6D2DEA819BBA8870B9F613C5C
S3150200AFA0D8160956D7B51936B2C482026BF279356C
S3150200AFB0AEEFAF4FF292D564C0C7C8287BEDCDB7CE
S3150200AFC0D7A873716B7B926A56466E984FB26D1F05
S3150200AFD05B10E9D12EC0211075A3C02CFF3FFFF8EC
S3150200AFE09225C8C6F86B2A1DEB88CE3E8640708D28
S3150200AFF08CC0EE80A907E3F0DA8F780D615022AC9F
S3150200B0008D470D3AA4926D05A1A53DFC96A1051B9F
S3150200B010D09EB543C2A8D7771879D197623DDA0692
S3150200B020F75323F194B4FB66B80F5CD8B9501A757E
S3150200B0307B09CF8B25DCAFD169A90983A3A6162F7D
S3150200B0405906B0E59EFFDD14D60923F19609D7D637
S3150200B05039D5C3E98523FBDB112455F7B002D64661
S3150200B0600C3E8457050B0A27CC2B86A74006FF61A8
S3150200B070FEAB115F9AC0CA81BB2AD15504834790A1
S3150200B08073E85A94E1BDA4199146146335E984DC48
S3150200B090F4231FD6A0E82F63D5A8A9120680AA4CCE
S3150200B0A0D318990EFADBF948F8858A3A33B394D560
S3150200B0B0587D8DE78976A34E1F358E5E459FBF73F9
S3150200B0C0B4EB41BCD2D70755FC7295290329EB1C78
S3150200B0D0EED00295A2CA8C7C7BE6CC1134A4BF9139
S3150200B0E0E731A8641948845793D56867252B7CDA1B
S3150200B0F013CA224457C0C1981DCE0ACAD50BA8F15D
S3150200B10090A688C0ADD1CD299CC0DD5FEFD1CFD648
S3150200B110CE5D57F7FD3E2BE8C23416205D6BD52572
S3150200B1209B2BED04BBC6413048E156D9F9F2F20F2A
S3150200B1302E6B359F7597E7AD5C026C5FBB98461A1E
S3150200B1407B9A041468BD4B10C3F9B59D0D765BC39B
S3150200B1502151BACA700C5964094CF741938A8D453C
S3150200B160887426ECA56250746FDD43C5D852733BD2
S3150200B170F77A9A4E62166CE99CFBCCAB27DA167903
S3150200B1803316F98253A6166D41FCCF1E0C986E310A
S3150200B190069FD4E0C7ABB4C7618E7CC847C2D59FB1
S3150200B1A0B55DB5AC5A6AD77767EDF16831FDF051F6
S3150200B1B0C23B6FD8CD1D812CDEF2D204435CDC4447
S3150200B1C049712A0957CCE85B63F17FD65F9A5DA97C
S3150200B1D08156C74C9DE62BE957F220DE4C02F8B7A2
S3150200B1E0F52D07FB202A4F2079B0EB303D3B14C8E2
S3150200B1F0302E65BD5A158975315C6D8F313C3C65C3
S3150200B2001F1679C217FB70254AFA6283AB20FFCD5F
S3150200B2106E3E1AE2D418E1572BE639FC179617E36D
S3150200B220FD6917BCEF539A0DCE10F4044EC35803B2
S3150200B23085066E275A5B13B62115B9EBC770965D64
S3150200B2409C88DB21F354D604D5B5BDDD16C17D5EDF
S3150200B2502DDDA58DB6DE542992A234331708B61C0D
S3150200B260D71A9918264F7A4A73F7D2C3741FD2E9AE
S3150200B2704568C425415450C1339EB9F9E85C4E6213
S3150200B2806C18CDC5AAE4C511194ABB14D4DBC4DDBA
S3150200B2908E4F42983CBCB2196971CA36D79FA848EC
S3150200B2A090BD19F00E32650FC6E0FDCAB1D186D443
S3150200B2B081513B16E3E63F4F9A93F2FA0DAFA85936
S3150200B2C02A0733ECBDC7AB4CE29D0EA80B8BA2ED51
S3150200B2D006891195FC0510603CD37B419F713CA603
S3150200B2E02325C396D8762263B9662AAE733A3EE31D
S3150200B2F08216D0BCDF2668B0B33F8F4B7F7AC3F885
S3150200B30073D8ADB4F93ED224080D965FAF1FC7219C
S3150200B31005E274D86A3856096F4345BD5E403F83DD
S3150200B320EFD0190B72BAA22528742F53FBA8FA166E
S3150200B33072E2A446A02ED4DB80A49E8B3B653753D3
S3150200B340033F97237294654044A0541A9CA1C0F708
S3150200B350BB9FBD77245E1C4A7229F25A11CAE3A624
S3150200B3600D9E2E3F95BB1918842E045E79BB8F491C
S3150200B37014B798769AD80D7D9562FE27A40BFB8B9F
S3150200B38024052021E782BA3641EC4542B7CB0ED6D8
S3150200B390168734349EE89BFDDE8422E4FE0A24C925
S3150200B3A0B41D53D048F67244D54E27570A9DD6C8C7
S3150200B3B0174B80603280BA45ACDF552210DA3CDF8B
S3150200B3C039B309272321D277D894AD64706D8A499F
S3150200B3D06322F69AFDC8B5A5F441C14505EDA88CD0
S3150200B3E08C352D66C3BE632C75E43EEFFA31EC8DC7
S3150200B3F092FD229E8AFFDB99B1CA264E59112D5122
S3150200B400B91043EC1E56DE0C6A584E5A85A95F2DBA
S3150200B4107EABBE49A4F7F865D3331DF2DD4D07AA0C
S3150200B420EE9DCB1B72BA5C1841CBE3F4A39D8693C7
S3150200B4307E97F740F59203BF833B46D0FC04620237
S3150200B440ED6EEC9E761AC93E6CCEBAB05FA0BF1EF8
S3150200B4501E9AAF1C0C6234C91AB6821DC41C77CC64
S3150200B460EC4FF7A56AA1942DF8FB4B19B4AC1D4815
S3150200B4709982E5BAF1E3774DA072137D2E61F41E2F
S3150200B480E169FF707E868D3A58F9AF555DCD586FEA
S3150200B490217756755CAA3EBA7D2265919923C175BC
S3150200B4A05EB3F2C24313BE69E11CDE681002BEF649
S3150200B4B01FBCDC0EE718D5E8A505551BD0FDEFE34A
S3150200B4C0D03FECD35333F63502A92393D43B7F3BCB
S3150200B4D0536E2C6B56B5217CA752783AF58FBAE596
S3150200B4E000CE8E83A577BC2836805DE2A878BA6343
S3150200B4F090343394001E656332E58C28202FD84899
S3150200B5002475B536FAAB313A2E0A9C0824969E2348
S3150200B5103847FE3AC0C448C72AA14F762AEDDB1740
S3150200B52082851C32F0939B6389D2783F8F788FC0D5
S3150200B5309F4D40A12CA730FE9DCC65CFFC8B77F2A8
S3150200B5402120CB5A1698E47EC3A11191E308D57B3C
S3150200B55089749080D4902B2B19FD72AEC2AED2E7BD
S3150200B560A602B6853C49DF0E685A9B595881CCAE75
S3150200B5700EE2ADEB0F4F57EA077FB622741DE44F7A
S3150200B580B44F9D01E3923B4013417684D2C4676770
S3150200B59035F8F5F73F4090A0DEBEE6CAFACF8F1C1B
S3150200B5A069A3DFD1540CC004F85C468B812FC24DCF
S3150200B5B0F8EF80145AF3A07157D6C704ADBFE8AEB0
S3150200B5C0F47661B22AB15B35F4BB9374CC641EA7E0
S3150200B5D0C3B0A3ECD984BDE585E705FA0CC56B0AB1
S3150200B5E012C32E1832819B0F18738C5AC7DA01A325
S3150200B5F011AACEB39D0390ED2D3FAE3BBF7C076FE4
S3150200B6008EAD52E0F8EA1875326C7F1BC45988A4D5
S3150200B610983238F4BC602D0FD9D1B1C929A91518B1
S3150200B620C45517BB1B87C347484FEC719753445108
S3150200B6306E5D8CC97DB105F86BC6C3471AC162F748
S3150200B640DC994676859BB800B06650C8505DE6FB2D
S3150200B650B099A2B3B0C4EC62E0E81A44EA5437E502
S3150200B6605F8DD4E82CA0FE08D0EADE6876DD4D8236
S3150200B670235D684B204564C865D6895DCDCF14B578
S3150200B68037D5754FA729384743D63449439389524C
S3150200B690F52212A506F8DBB9221CF4C38F876D8F3B
S3150200B6A030979D4D2A6A6737D685E277F4B54666A6
S3150200B6B093618F6C67FFE840DD94B5AB1173ECA61E
S3150200B6C04DEC8C65F346C87EC72EA21D3F8F5E9B4E
S3150200B6D013CD016C771D0F13B89F98A2CF8F4C2103
S3150200B6E0D59D9B3923F7AA6D64856210564A1E5969
S3150200B6F034DFB4A87CB84B2A438EA3E772252ADE30
S3150200B7006E04E5FED9ABBD3C7030D12CDDBBAE81FB
S3150200B7109E0E5AF825432E96CBFEDFCAAA9193DED9
S3150200B720E630C252DA7F175379DEB9500697BCA7C4
S3150200B7309BB501C3FBA7123D8CE36AD3682E650253
S3150200B740DC99615A8339D7791F7A9A9E57D5D8D808
S3150200B75072F4993F17E06FAD2A41B4FFAEB6FB67AC
S3150200B760521842E1BADAA761E57B0FD2B3102BCCAD
S3150200B7705F74F2FAF50CAF01C79418FF1E9925877C
S3150200B7806B829355F01D942F949372E126CAD53F8E
S3150200B7909E9289FBACB717C1D0583C0E3936164C6F
S3150200B7A004E468D427EBA46EBDC13141F64D35D908
S3150200B7B02258EC86A1948075C2F359E412EE6444D1
S3150200B7C0823213CBE4FC116C3717590D92D9C92179
S3150200B7D0D66CB4E9D241EA9BCABF890D20840EE237
S3150200B7E0F85FAE6E949FD9790532676835487BF16A
S3150200B7F06CD9AA3CE8EA7D3886E3FF56FD71B4614E
S3150200B80099A545B7951174312475031306D65F536E
S3150200B8106AC2FBB0F6AD10E2AE90E9239B0A8DAC8C
S3150200B820F9DB2FD7084D20477F494B0DB32E24074E
S3150200B83087CCBCB90663F91E456F11D83409953712
S3150200B840045B4001628D4605DE6732F9A965F500A3
S3150200B8508A8ED5C08DD7CFCE8EE218F3DCE215A242
S3150200B8605233639B91EE9945CE2A8C5CE972B0A263
S3150200B8704B9C1E6596FCCF692BB4E742F88E324488
S3150200B880B3DEAA22C196D95D0732F85E423CF2B413
S3150200B890B534A9C9D394F8ABF787FD39138C70D0A8
S3150200B8A030611617917876187C500C67F05E5B92C1
S3150200B8B0BF333CB942C89B813F00DD709A2E791096
S3150200B8C074DC286E7A4BAD5980C9546A1DE913A4FB
S3150200B8D08FD910F525774A5546620F5AAC86C26A49
S3150200B8E0BF25C88589A35B1009AD7D266A018F3401
S3150200B8F063D3B7A2C9D6582F1322074E59BA7597E2
S3150200B90050A6E6F97F089D75DB5D8A9DDD80ABBF9B
S3150200B910C72458905962EF16B864AB326A71FE6357
S3150200B920FBEB0AE08A54615447BE3DEB62753A5F0F
S3150200B930B8A0BD8E5438EAF79972744531E5C30052
S3150200B94051D52716E7E90413A28EADACBF043B58C6
S3150200B95084E88B14E843B729DBC510083B581E2B35
S3150200B960AABBB38EE549542BFE9CDC6AD2149878A6
S3150200B9700BDD488B3FAB1B3C0AC679F9FFE10FDAB8
S3150200B98093D62D7C2DDE68449E4619945E35BB51B6
S3150200B99054C7DD234CDCE63362997F44D6B6A593C1
S3150200B9A063BD44FB6F7CCE6CCE0763F8C6D89A4B58
S3150200B9B0280C5D43313511212C777A65C566A8D4EA
S3150200B9C0527324637E42A65DCA22ACDE88C6941AEE
S3150200B9D0F81FAEBBF76E06B90F58598D388CAD8875
S3150200B9E0A82C9FE7BF9AF258ED6C61E4F8B0A8C3A1
S3150200B9F07DA8259E0E6600F79CA5BCF41F06E36192
S3150200BA00E90BC4BDBF920C2E13C1BE7CD9F6189D9C
S3150200BA10E4DBBF74E6064A84D6604EAC22B5F52056
S3150200BA20515E9550C05B0A72355A809B43093F0CA2
S3150200BA30FCAB4262378B4EE84693225CF3171469DD
S3150200BA40ECF04E14BB9C9B0E0027F676289D3B64B9
S3150200BA50EB68760E409D1D5D8406FC2103434B1B5D
S3150200BA606A2455227EBB3879EE8FCEF86526BEC291
S3150200BA702CD680E814FF67E9EE4E362F7E6E2EF145
S3150200BA80F6D27ECB7033B334CCD68186EE91C5CD59
S3150200BA9053A785ED9C1002CE83888058C18574ED2C
S3150200BAA0E465FE2D6EFC7611544EAE9441B2BE4450
S3150200BAB06CEF5718511C545F98048D362D6B1EA6D9
S3150200BAC0ABF72E97A484544438B63BB71DD92C96AF
S3150200BAD0089C12FCAA7705E68916B6F3399B616FB4
S3150200BAE081EE44295F9951347C7DEA9FD0FC5291C4
S3150200BAF0F65C93B0946C814A405C2847AA9A8E25DC
S3150200BB00B7932804A69CB8102560643B6E422A9B14
S3150200BB10CFE45C389071123245EA6DDDC2FF5CA259
S3150200BB2075DEA8BE10904006A04AD379D6DE7CD632
S3150200BB309FB34DCCC09E0BCC0F195DE356A435A521
S3150200BB40EF6F1FF6EAD9052E59EB1BD61A9047C49A
S3150200BB500A88DCE5BC191F662768CAB782546824BE
S3150200BB60267FE0EF8C773C2996900607709E8086AA
S3150200BB708901E5E4155BD7AA47011AA21557F3070F
S3150200BB805E5D8112F1F3870400F21FA1D695C716F6
S3150200BB90C91558B1E2D070CBB595539B2093F28963
S3150200BBA04F7BE431D0C2B85062498A06080C354848
S3150200BBB09A2C095153D0FD6FDDC86FAF4A4FAF17AC
S3150200BBC08BA5DB3CB553054B79FF321BBEFC659C4E
S3150200BBD09B0FB5039FEA75EB06E6076C6C2AEDFC34
S3150200BBE008797151D56C1035D452C1271B2105BF76
S3150200BBF039F61ABD4968C25E98AB6F8EAA2C0B5EE7
S3150200BC004008BD50DD8B4C053D07CF1D2FB1A03836
S3150200BC1076A2F6B7A3A8604B9A4F40D325ACD5FEC1
S3150200BC2029C205555E2DE872C844D8F07F690B6BB0
S3150200BC3049CB79D95CF812BB1F0FDAC1C641A5D22E
S3150200BC401172CE5829247C7B021D7769FDCDD9005D
S3150200BC507EF1FB6CCD760241C72EB11C6C30454C91
S3150200BC606108502716BF57289E6801013F90219F01
S3150200BC70051086BFD3DF79D71B0FEB3D5FEE22A1FE
S3150200BC80D4005A484BF80D516ECA28CE293C0DF104
S3150200BC903D09B6FC4045D3BA3F2DEAA2D76E42E72C
S3150200BCA0B998F24F4E9DAF087E1F52163665301573
S3150200BCB0BA3D2096B8060D6679085F54BC89392DBF
S3150200BCC0B0D7EB78AF03534BE8BDBCBEC3A6F87240
S3150200BCD0898E3ADC4ACA0F4F7ADFBFC7E8D4A96F0A
S3150200BCE0B74E629B672DCF0D9C2818974947593D41
S3150200BCF0263F5324C5F8EB1215EFC314CBBF6202DD
S3150200BD008E51B777D578B8206EF0455ABE4139754F
S3150200BD10655F9C6DEDAE7CD0B651FF729C6B771160
S3150200BD20A94D0DEFD9D1D2176A3E3F0718AFF227B8
S3150200BD30691052D719E53FFD2200A63C2CB7E32233
S3150200BD40A7C665CC634F2172F569D8F6BF0355AD18
S3150200BD50D1032B5A8B83968EC7E17A06E524FD43DF
S3150200BD6049A1D9C3FA7AD10E138FAC56634347CE93
S3150200BD70E7EF725160DDAD3D2CA6491409C73DBB04
S3150200BD80CF5D2205EBDD6D2A80EC52F445079C70EF
S3150200BD90BBF67808B5E10B4728B779C89601B673A2
S3150200BDA09A20E511D8B6A04293A60753407FE3B482
S3150200BDB09567332FD714A7AB99107673A7D0FBD606
S3150200BDC0C9CB7181C548DF5FC9293BF4B9B79D1D4F
S3150200BDD0758F514F4A8205D6C49D2F31BD72C0F26E
S3150200BDE0B045155A85AC241FAA05958E3208D6246D
S3150200BDF0EE20140CD1C14847A225FB065CE4FFC71E
S3150200BE00E695E32A9E73BA005A499C2DB3EE82BA8E
S3150200BE107CB92BF1FCC8EFCEE0D1B593AEAB2DB019
S3150200BE209B8D69139C0CC03950452C24C8BBBFADF1
S3150200BE30D98130D0EC0CC8BC92DFC8F5A666358431
S3150200BE404CCE5882D325CF78689D48318E6BAE157D
S3150200BE5087F02B9CAB1C85AA05FA4EF0975AA7C908
S3150200BE6032F83F6B07526B007F2FBF89B038C9513A
S3150200BE70A7E9DF0265BD972453E480789CC0FFFFE3
S3150200BE80928EF9CACE6745120DC5860C448B34DCF8
S3150200BE9051E694CCC9CB3713B93C3E644DF72264C4
S3150200BEA008CDE3BAC2701124B473C40A86ABF93F53
S3150200BEB035E41301EE1D91F0AFC4C6EB6050E74ABC
S3150200BEC00D00876C9612863F46729D739028BA7053
S3150200BED0C1370F86B9455CC33D7FBC4B11FFB59A8E
S3150200BEE0A1EB08CD1C92801C0CE661DC2F8BC202F2
S3150200BEF077E3F62868D0CDAA85069D14D501BF5FE3
S3150200BF00196BA809664F6929F59005ADAE29F75256
S3150200BF1040E62712EA2DB0EAAEA1C870035F8A2E68
S3150200BF20B78932919DC17D21E47B95F703539C0C21
S3150200BF3045C185E0201AC3A3500085D0711D72B099
S3150200BF40DAF20BAB0E39BA0AF37B8C63FEDF9F5231
S3150200BF5095498B38609E2BDF4902AD1B4FB327E014
S3150200BF60ED74FAB9C92FC97BF9D91A802EEF979FBA
S3150200BF703ADAAF79547D6983506B59BDFFB306E94E
S3150200BF80E0B83FDD372B6702E48508268BCAB24844
S3150200BF901C4CB382EC6B28A4748FF517261A7E9379
S3150200BFA0A5A22CABCB1F1D74F5A78C3929A79BEE36
S3150200BFB0DB49487A25A69CEBE144C57ECE29EB29CE
S3150200BFC0C8E236F71EA22C2317CB3F253D4261BF9E
S3150200BFD014EB39FAEA3C8008AFC75198DF0286F1C2
S3150200BFE04B41E349A0F30004F416159ECBF535FF49
S3150200BFF045AE8A64CF5B80EEF39E3AB92B3CD7F00E
S3150200C000C2A69220F20B7B09ACE1A2A7E74CE47B25
S3150200C010B7B8D1FA3ED91F419B7C5F0DD7A1341721
S3150200C02016DB27312392650D33D7A92115AB8BC4B5
S3150200C03025BB1AD6EAEAC2A60543CBC61C6C5C62CD
S3150200C040673AEB93EA0FC97FCBA4F153941230ED12
S3150200C0508737F5C8C921E6BCB9E7BE38132BCBFA38
S3150200C0608C42A89E8A7925304D77F4214DB94578C0
S3150200C07027B797786CF162BF2B52563CC0571867A8
S3150200C0801212629552A8D63C99A9EC3A92DEEC3F7E
S3150200C0902FC1E862005BAABDDE8A9896FC9DB9674D
S3150200C0A03610665228C0523F2D9BF378DEB8D93639
S3150200C0B0ECB947A871ED427FDE3FBD79D6D11C248B
S3150200C0C06BCEFB92EC4F706ABEE7C5FAB0C0334442
S3150200C0D0BEDC084C85AE4B729B8F9746C44CF2F180
S3150200C0E0C85F82626DFF0A4A015309619EFB17E926
S3150200C0F0F892A00294DF02C10B1966FAF5E209BFB3
S3150200C10037FEDCE0BE091168DE0D2A78C90C9A55A5
S3150200C110858371EAB2CD1D558C23EF315B86627F32
S3150200C1203D61737976A74A50138D0436FAFC189C42
S3150200C130DD9D8973B39D1529AAD0929F0B359FDC8D
S3150200C140D4198A87EE7EF526B1EF8756D52CAB0C2D
S3150200C1507BF17A2462D1805167245A4F345AC185C1
S3150200C1606930BA9D3D94414096CCEB43BAEEC0C3CA
S3150200C170AF9CEA269C9C748DC6CC771CEE95FAD9A8
S3150200C1800F348476D9A12014DDAA6CA24377214B01
S3150200C190CEB78A6424B4A647E3C9FB037A4F1DCB04
S3150200C1A019D000984231D9124F5937D39977C60020
S3150200C1B07BA43AB240513C5E95F35FE3542818449F
S3150200C1C012A0594331924F1B510915899D105C3EAD
S3150200C1D06A69E92D91FACE3920305F973FE4EA2069
S3150200C1E0AE2D137F2A579B23B16698A43030CF33E6
S3150200C1F059485F21D2731F25F6F4DE5140AA82AB5D
S3150200C200F6239A6FD591F15F68902DAC33D49E8157
S3150200C2102385C95F79AB83283DEB9355807245EF41
S3150200C220CB368F756A520C02BCDBD89EF8349877EF
S3150200C2306CA47CDCF9AAF2C874B0E1A3DC4C52A966
S3150200C2407738311546CCAA0289CC42F059EF31E94A
S3150200C250B64B128E9D9C582C9759C7AE8AE1C8AD33
S3150200C2600CC502560AFE2C45DF777864A0F7A08635
S3150200C2709F7C600E2764C4BBC911FBF125EA17AB8C
S3150200C2807B874B307B7DFB4C80DF78D328CC3365B4
S3150200C290B4A40F0A7943DBF65ADA01F7F95F64E3CD
S3150200C2A0A42B17F317F3D574F55EF7B1DAB52DCDD6
S3150200C2B0F565B016CF957FD785F0493FEA1F57142B
S3150200C2C03D2B2B262136331C81CAD96754E56FA82C
S3150200C2D0378C292B757C8B393B62ACE392086DDA7D
S3150200C2E08CD9E94745CCEB4A771AD205725A1753CD
S3150200C2F0D434B9D32244C0B0DCEA5DDD4BF2D9AD09
S3150200C3008CFF109FE6464F0745A459A004B2E90DDB
S3150200C3100FAD174BAAB45CE157C5791F52ECBBE1CE
S3150200C3201B0871D0B9F1332610998B017741FBC1F5
S3150200C33040E10F6CDC20EAA6FFC65443E7F361D660
S3150200C3407A40A3F1E672CB5EFCDA4F2223C893D081
S3150200C350C6A3E402FD2EC9DF19C30FF175C2C63AA0
S3150200C360F63AA25F0845386AA924DC9F3BCCCAF399
S3150200C3701D6679671C3F749ECE710EBD5FD9ECC0F7
S3150200C380F6EA79FEAD703E42A69131CAE06BF62717
S3150200C3900D25B3839E3672A06310B3114CC85D623D
S3150200C3A0BD1D52E8B5BAB1694EFB59221BA315A5AC
S3150200C3B02FC5CA2B97F36009CB54348DEC2FB5EDFC
S3150200C3C019C076C420272E389769E8E806E1EAFE06
S3150200C3D08393D0987F336398EFEB06AA0E48709446
S3150200C3E0D0C2C5D498688B03A650CE8A1DC591F3D8
S3150200C3F048292DAEB9D0423180CA247F1A5A4DDB64
S3150200C400A80E25598BBAAE21892EFE63EA859C9C1D
S3150200C410EC12940E91AF1BBE7BFEFB868AAA7B8F23
S3150200C4206C8B96EF9F7FB10F4EF66F707666A159B1
S3150200C4303DA5860DDD53B910960B5CCEE6E1485854
S3150200C440680C7812E7788B2D2B90C3AF2EC6D57960
S3150200C4502807E88952213A77B92001E140E68AC3E2
S3150200C4606D1A2B7B7123AE0943B1B1A55C00061D83
S3150200C470A2CDD17FB86B4C6DE7FFFC537696F56E75
S3150200C480A51ECEC1E8297C093BA5F543B9EC3C5C67
S3150200C490F28DC0061DA6C99C475489859A63BACFF8
S3150200C4A0D59FF00DE85A845ACA94EB5DBE7DE94CDD
S3150200C4B0489C708C38A4D03897D069A1D4CE3EC49B
S3150200C4C0C387E5F7FF49120A81E4D0004E0658E514
S3150200C4D09A38BFD84E1A13428E60D175EB28DEBB4E
S3150200C4E06911492851B8493336A5070DEC1A9B59EB
S3150200C4F00C893486D006E7797BFB7DB8A13D1419F9
S3150200C500088C4B8D61F6786A9BA15320DFEEB0173B
S3150200C510FA1F0B334BD8587C24DEAAAD7BDB53AE15
S3150200C520F5C07879A4A70535C9016D271B07F01256
S3150200C530708CC486C5BAB8E7A9FBD6719B1208539C
S3150200C54092B73D5AF9FB885D10B654739E8D400B27
S3150200C5506E5BA85B53326B8007A2584A033AE6DB4E
S3150200C5602CDFA1C9DDD93B17DF7258FE1E0F502BF7
S3150200C570C11839D42E58D658E03A67C98E27EDE647
S3150200C58019A39EB113CDE106236F166F51ADD040AC
S3150200C590BE6AAB1F93328E118E084DA0145EE33F26
S3150200C5A06662E1263560803053035B9E62AF2B479D
S3150200C5B047048D27900BAA3B27BF4396465F780C0C
S3150200C5C0137B838D1A6A3A7F0B803D5D3944E6F709
S3150200C5D0F6ED01C955D5A89539632C593078CD6841
S3150200C5E07E30512EEDFDD030A4625D3CBC31F04070
S3150200C5F0607AF0CF3E8BFC1945B50F13A23D189811
S3150200C600CD138FAEDDDE3156BF01CC9EB68E689C51
S3150200C6106F8944A6AD83BCF0E29F7A5F5F952DCA0F
S3150200C6204182F28D03B4A84E02D2CAF10A46ED2A1D
S3150200C63083EE8CA4055330465F1AF1494577219162
S3150200C64063A42C543009CE24A732EAC73DB1F5982B
S3150200C65098DB167ECCF8D5E347D9F8CB52BF0AACA5
S3150200C660ACE45EC8D038F308A164DAD08E4AF0751D
S3150200C6704B28E267AF2C22EDA47B7B1F79A3348281
S3150200C680678B01B7B0B8F64CBD731A9921A883C35C
S3150200C6907A0C32DF01BC27AB637077841B333DC152
S3150200C6A0998A07EB824A0D53A2B8243B9A25E65C87
S3150200C6B0B8A0AF45CC7A57B83770A08BE8E6CBCC9A
S3150200C6C0BF097812513C143D5F79CFF16261C8F51A
S3150200C6D0F257EE2619868C117835061C8524211709
S3150200C6E0CF7F06EC5D2BD1365745157991276D1212
S3150200C6F00A3A78FC5C8FE4D5AC9B17DFE8B6BD3608
S3150200C7005928A85B8817F52E4A0D1ED18C43BD8881
S3150200C71008F3CC430D61CB30CC7B9391370E9AE074
S3150200C7200C72B1255B135945E9A16D7C8336A41EB3
S3150200C730BEBDB91FAF89C1F955D15DCEFC013030FE
S3150200C74052BE57BC9EC9A7289D9ED1E89993FDB8B3
S3150200C750FF232496CB918190A342C747D748B9B20B
S3150200C760C444FBD72632F337086E5FB56787AE0D32
S3150200C770023A205BB3B3434A798CAF806E5A72E3B6
S3150200C780A3A75F70D17F7A0F1DB121C853259133BC
S3150200C790DF01E341C242ED66FD22421011CC6F0673
S3150200C7A08F1692C1413B7A30E05CB56E075DEB8E27
S3150200C7B05A920DAABF36C52FE8C6B6DC0F8381BED4
S3150200C7C052AF7B8245706C55B7D8E90273512B8EF6
S3150200C7D0E81487246922E5E3B560A94C77BD4FBD0D
S3150200C7E0A9ADECC599414B6F0644F42B02904BB9A7
S3150200C7F034B590FF7E23D4AB3A6DF8FA60A9007681
S3150200C800E32E32C2DAAB452F6A8AEFC81249AF610C
S3150200C8105E6EFB43FEA48FE5CF27D46F5DCCAFB52A
S3150200C820EB111E1E2893536A89EED1A53951DAF30C
S3150200C830886993FF7C454581C488E100ED2F623FFC
S3150200C8403D5A8BDB1538510FCF439414FE04FF0F6C
S3150200C850D7DD5C86D9C6CA53B7D11E53035B3831BE
S3150200C8609D03D1AC7CA246581787B01EACCDF54FBE
S3150200C870BCE9F29095B2E86799FA7A235E3B0944DD
S3150200C880B2B80887ED4B410D8CF7D8409E11304661
S3150200C890110E713CC59B1AA079DD1089252B6D48B6
S3150200C8A0E52403DBB3476C1EF2C8A9C4BC34216A73
S3150200C8B0372ECE8A1CFDF8FBBAA0119904E30A00B2
S3150200C8C09E9BC86B613A6E04BE0639F04254E6146A
S3150200C8D02ABE62E3549D014AC730C28DECDFCC68A2
S3150200C8E01C866BAF3F7EFB7CDCAE588C4E97374680
S3150200C8F0A441F0ABFB22EFB98A7180E956D985E1F2
S3150200C900A6A843B1FA781B2F512F5B30FBBFEE96D8
S3150200C910B8969588AD38F9D325DDD546C72DF5F0FD
S3150200C92095003ABB9082965701E1200A43B81AF75E
S3150200C93047ECF0248D6593F3D1EEE26EA80975CF2C
S3150200C940E1A32ADC353EC47DFF2A4FE316AFBDA61E
S3150200C950A64FE837CCE9A10A3130AD862E312E9AA0
S3150200C960A5300C130570FE64653DE2AADBE7EB0E0B
S3150200C97068D83508DF6FFF784F2616C09B242644F9
S3150200C98049219DDAD95F8D738CD5DAE8DD96CED54D
S3150200C99022492FB210DC7E1427EB1CAC0285728270
S3150200C9A0DF097BE33BEF8431C3D97D8865669685D3
S3150200C9B05553B04B319B0FC9B17920EFF88DE0C6C4
S3150200C9C02FC18C751620F77E18973E275C2A785A57
S3150200C9D094FD4E5E99C676353E7D231F05D82E0FF1
S3150200C9E0990AD5821DB84F04D9E307A9C518DFC134
S3150200C9F059634CCE1D37B35749BB01B2344570CA91
S3150200CA002EDD309C3F82797F0BBA87C8AA2D07D3C9
S3150200CA10EE62A5BF052926018B76EFC0023054CF00
S3150200CA209C7EEA4671CC3B2C3144E12052350CCC3B
S3150200CA304151B1090795650D365F9D201B62F59A36
S3150200CA40D3557761F7BC697C5F29E804EBD7F00719
S3150200CA507DF3502F2518DB10D7981717A3A951E994
S3150200CA601DA5AC22739A5A6FA279982E427C19F6AA
S3150200CA704736CA52D4DD4AA4CBAC4E4BC13F419B8A
S3150200CA80684FEF077DF84E3574B951AEC48FA2DEFA
S3150200CA9096FE4D74D373991DA84838870B68406279
S3150200CAA095DF67D17924D84E75D9C56022B5E3FEE4
S3150200CAB0B8B041EBFC2E35503C65F6A930AC08887F
S3150200CAC06D233905D2922D304BE23D48AD4758537E
S3150200CAD0E63234245690DD85EE9944FB5E7B5BD3C9
S3150200CAE0AF234D597592CB5606781FC3033F1810D4
S3150200CAF0E74ACC139B80CF304B5FAFF19408639B20
S3150200CB00C9FFA4E8F6A5DA7FF372E6AD32E9FB11B6
S3150200CB10026CD71641C67B301F0E35F60EFA6B9F96
S3150200CB200DB49C8D1B4C41157CFB3ECB3F02594CF0
S3150200CB30942A3CC699CB2F6C84E0C7C3E29041BAD3
S3150200CB40D97418A5AE5D540E303CF50D8B8B7B95D2
S3150200CB5098F0608E0A771C2ADE96573470A6C7BBF9
S3150200CB60C99BC9909A8FA42258AC3F8DDCC07D6BBD
S3150200CB70FD2BE4E66CCD975405D300F41B7D2F54B0
S3150200CB8036918D047FF45941321EE3390866AD2091
S3150200CB9050BE0584D51B1EF869BCDAF4564006F869
S3150200CBA075B971CED43DD2143948D2BBA815857455
S3150200CBB0552BB0AF478312777FA1A249C62ABA5036
S3150200CBC0F130D73A51250506827FA28A098E39F2BB
S3150200CBD024B0A189BB82796D4CD24D21844069FA79
S3150200CBE0C30123A36F96AB71431ADC5E5E5804B28F
S3150200CBF03CC79758EE160E9F3C48704EAEC0825BFD
S3150200CC00BEF9DD2B0E174A6297552DFA8D4F3F2539
S3150200CC100C137754409CE42502116B99E552C0002F
S3150200CC204A6CBB336E96CB330969117F042870595F
S3150200CC306744561E1CC48A82877321E6BD7D4170F5
S3150200CC408443ACFBAE271672076EBDB487E16770EC
S3150200CC5074FED1C703028F6E305AC8382FAAC69304
S3150200CC608AA7753D1F7D29768C30C88ED3F37E2B1D
S3150200CC70AB94EB71ECD78F82BD2A06C5363B7C801E
S3150200CC804141A931B84CB60C78634C5333FC303071
S3150200CC9061E841E55C5C63B928C7B2D9BEA9D9157A
S3150200CCA0CB5D77F3A33E234931FC0B44CDD93783C1
S3150200CCB0D78F31AFA12C9D7270202C77A4A440A0EF
S3150200CCC0BE49733AF02E00468814E3C0C67518486A
S3150200CCD0B43420E2B2299421653B28318AC92372F1
S3150200CCE0F97722340BD62034F765FEAFDE3AA2FA84
S3150200CCF04C76E05BD41E26780344162F1E0A1C448B
S3150200CD0095D3877A568EEA5A3D28A4BCA2C11378D7
S3150200CD10D93D86A191F062ED86FA68C2B8BCC7AE6B
S3150200CD204CAE1C6FB7D3E51077F1E0E4B66FBC2DBD
S3150200CD30936ABDA429BFE104E8F67A78D466195E3F
S3150200CD4060D026B45E5FDC0E678EDA53D6BF5354CC
S3150200CD5041F6A924EC1EDCE9238A57033B2687BF4A
S3150200CD6072BA1C36516CB445A17F4F31BF2A40A915
S3150200CD7050F48C8EDCF157E284BEA8234BD5BB1D42
S3150200CD803B71CB6DA3BF7721E4E37F8ADD4D9DCE58
S3150200CD90300E6276566413AB58990EB37B4F594BDD
S3150200CDA0DF291232EF0A1C5C8FDB79FABC1B0837CB
S3150200CDB0B3595FC21E8148608724839C65767A08D0
S3150200CDC0BBB58A7D3819E64A2EA34453AAF6DB8DF3
S3150200CDD078401BB4B4EA887D600D134A97EBB05EC7
S3150200CDE0033EBF171BD9001A83FB5B98447E116171
S3150200CDF0363196712A46E0FC4B9025D44834AC83F2
S3150200CE00643DA45BBE5A6875B2F261EB3309966E55
S3150200CE105249FFC9A80F3D546965F67A107572DF4B
S3150200CE20AAE6B023B629551318D5D1ADD7DBF0182B
S3150200CE30111FC1CF88789F979B751471F0E13287D5
S3150200CE40013ACA651AB8B579FE832EE2BC16C7F551
S3150200CE50C18509E819EB2BB4AE4A251437A69DEC19
S3150200CE6013A6901505EA725911788FDC20ACD40FFF
S3150200CE70A84F4DAC94D29A9A340436B3642D1BC093
S3150200CE80DB3B5F90959C7E4F0D22706241A02A810A
S3150200CE904E5B24F9FA895A9905EF7250CEC4ADFF5A
S3150200CEA073EB73AA0321BC2377DBC7B58CFA8240E6
S3150200CEB055C134C7F88686067EA5E7F6D9C8E6299F
S3150200CEC0CF9B63A708D37304059E58032679EECA3F
S3150200CED092C4DC4612424B2B4FA901E674EFA10223
S3150200CEE01A3404DEBF732F103E0DC27E0CD5A2B5D6
S3150200CEF06372C9A06EDD4BC64D73FFC15290E856F0
S3150200CF00BAFA2F2BF7C629494762A393A2CB8E35CD
S3150200CF1065FD68B262988FAF891CA068997E2F4121
S3150200CF20244575CD12F386572C0314CAFF8877332E
S3150200CF30E31E7F44281092F3ADCC1B231F07148BEC
S3150200CF40834734F24B7B814C836638372BCD82275D
S3150200CF50B64F69E49C60AC087C1DE15AB2495B6637
S3150200CF60631903B57C5F1F30456C19571ED2D2CAAE
S3150200CF706B797B7479762D3969DE890F6F51A350EF
S3150200CF803179C5BCFA30242F2944839A8C64501314
S3150200CF900BAC56ED53CCB376CD82D7F00498E8DFCE
S3150200CFA02757A9728A324D7C6EB971288553F80FBC
S3150200CFB0BBF1C360AB9F3EE1024434255359FDEEFB
S3150200CFC04B74B77570C3370A84440BA457A03B4110
S3150200CFD0436A5F4F1A2E4CBA1CD6E1AEA5A04B612E
S3150200CFE053DC058B1A53A1782B56D03A70F1BD6CDF
S3150200CFF0A32125C93048CF8EE72484FD03D3EBDA7B
S3150200D0006FC55E2EA482AD72A3D9EA5361CB20C747
S3150200D0106E632B517FC9B255B19002D45F5BE3B107
S3150200D020E20E533BF1CCD92F9417C3437DBA059D2B
S3150200D03026253293FFC8702438741916C8DE238356
S3150200D040539B568198705228B896F7475B47BD079F
S3150200D050548F2C5413B0C7D27EF8243BF423BD2D33
S3150200D060D601097BD7AF5165C3553F8B5ACC998CF4
S3150200D070A0D2DE3F25D71106360AB736FF9529ED2F
S3150200D08019268AD7549A691F11FA0753AFF56614FF
S3150200D090F20A6CED7DCC7F81FBA3A4C34EE46D0A3C
S3150200D0A00B7D92BC751407748AEAE773F39272E7F2
S3150200D0B0315A04CBD2376529DE4F27D33E65D01BC2
S3150200D0C06629BD76442C9A2FCF376B9A83F9FB15C6
S3150200D0D0993ABF8E93E7DF432B6ABD5381F0510D18
S3150200D0E0CDCB35AE40A3224138E3D7205DC1A63869
S3150200D0F043270B1E97A5DC37DC7FAB5B312285F815
S3150200D1006ECDDD840DF40C0D09D60B9564CE10960A
S3150200D110F2288CA9AEDCB4CE25E83782AA2D9AE392
S3150200D120BBB1FC6054398E11C645577FABB918EBBB
S3150200D13090C68757EE8A3A02A9AFF72DDA1227B7B9
S3150200D1403D015CEA257D59369A1C51B5E0DAB4A256
S3150200D15006FFFF2B2960C87A344250F55D371F98C7
S3150200D1602DA14EDA25D76B3FAC5860107B8D4D73DF
S3150200D1705F90C66F9E5740D92D930292F9F8666466
S3150200D180D0D660DA19CC7E7B0D695C693C37C278F1
S3150200D1906E904206662E25DDD22BE14A44441D9549
S3150200D1A05639740176AD35429BFA7CA7514AAE6D6B
S3150200D1B05086A3E754362682DB822D8FCDFFBB092C
S3150200D1C0BACAF51B66DCBE03F57589070DCB586234
S3150200D1D098F2899154422949E46EE3E223B4CAA043
S3150200D1E0A166F0CDB0E27C0E6F13F426A46B00B9F3
S3150200D1F03530E0579E36678D283C464FD9DFC8CB7F
S3150200D200F5DBEEF8BC8D1F0DA0137273AD9DAC83DA
S3150200D210982EF72EBAF8F69F5769EC43DD2E1E318B
S3150200D22075ABC5DE7D903A1DDC81D03E319316BAD0
S3150200D23080341B85AD9F3229CB2103033C01280193
S3150200D240E3FD1BA3441B0100161EE4C5C649065492
S3150200D25035773F333064F80A46E705F3D2FCACB2C1
S3150200D260A7DC56A229F4C016E8CF22C4D0C82C8D5A
S3150200D270CB3AA1057B4F2B076FA5F6ECE6B6FEA3CC
S3150200D280E2710AB9CC55C33C31913E904394B6E95A
S3150200D290CE37567ACB94A4B84492BABAA4D17CC8F3
S3150200D2A06875AE6B42AF1E6343AEF6AC28BDED8326
S3150200D2B0B47A5C7D8B7C3586442CEBB7694740C0DB
S3150200D2C03F58F6C2F57BB359C6BAE6C480C276B3F6
S3150200D2D00B9B1D6DDDD30E9744F90B4558959AB0FD
S3150200D2E023E2CD57FAACD04871E6AB7DE4260FB601
S3150200D2F0373A2F6297A1D1F1940396E97ECE08427E
S3150200D300DB3B6D3391412316EF3AA633C7EA9AF116
S3150200D3104E4542445DBA7F2C41E49547A07AA85D0A
S3150200D320F5B0E0A4E1513041BE8B573DFDD12D85CC
S3150200D330086128C372CE652B7322CEEAF4078C6588
S3150200D34040AB38EC04F833097664498D7969ABA7AA
S3150200D350C8ABB5FCDEAA21817294537BEF12DCA521
S3150200D3601A35455E0647FD07CD2B8D253D3C58C82F
S3150200D3703FB760AF4D9A021781376A41D6C90FFA95
S3150200D38023FBB338BA5F1E1CC3E7E89A5511423035
S3150200D390A582489429B281F2E45082372EAC138AD0
S3150200D3A0F448BA5409FA4A016C66B31B009731CBAA
S3150200D3B0B9ECFF4B526000333C23881A9911372986
S3150200D3C064D34E3D36841829FAAB4BDC05683C0320
S3150200D3D0C1EC96555EBF152C3B1D9BB52406C71B9B
S3150200D3E0C50E9FA15098DE3EEBB61ABCC3379DFB15
S3150200D3F040A2574D5314BE02F6E1A5F81534D7F4F0
S3150200D4008881CC0C30F464590068092D15234AE44E
S3150200D4109669867059C5085C6EFBAF460AB62DDF63
S3150200D42089FD56F8C1559157EFC9E012DD4E329685
S3150200D430970242F28D878B46BE73F5A476379A1908
S3150200D4402AE9918EF1BC7F1EA6E71708636BF1B538
S3150200D4502610353C23698C8001F2CE543B984A3221
S3150200D4604553484A0892C053BFAFCBF18114D4D278
S3150200D470E5746171B62D1D23985CA5E256767D0B87
S3150200D480F695A42AD85C953EEB951B10363DF973AA
S3150200D49086446F4F7933EFFA62E5158F5F73515603
S3150200D4A0A10DB45890F1A37F9E699D0562C83FA065
S3150200D4B0699E619AA1CF7023EB3D822F123BFEC477
S3150200D4C04E84F0A76F051B1D1FF66BE53146C61B82
S3150200D4D0A382536E10AB79D38D1640057EC5584D87
S3150200D4E0E4D8428462566256F67F26F6DE99E4B99D
S3150200D4F043082C747BCA7277B1F2A4E93F15A023C4
S3150200D5000650D0D5ECDFDF2C4086F31FD69C49DDD2
S3150200D510A0253606C39BCD29C33DD73D02D8E2518D
S3150200D52031923B207A70254A6AEDF6538A66B72A0B
S3150200D530A170D11D584242306101E23A4C140040BA
S3150200D540FC498E246D8921579624843C0907DD66A1
S3150200D5500A1A12A9426EACC7FD6224FB3832BB55C9
S3150200D560D3ACA74D66635B591D927A175CDC068BBA
S3150200D570940F36AAB6A5DF60AB67F63C86B2876E15
S3150200D5805C9EB3B436326319ED0712766F6AF93BC5
S3150200D590EBE034C54DA29FD120148C68333C916FC9
S3150200D5A0595B29CEC8FDBC69AE1B18FD17556E0B1B
S3150200D5B0B463B92B9F62229025460632E9BC09550F
S3150200D5C0DA133CF674DD8E574EDAD0A191505D28FF
S3150200D5D0083EFEB5A76FAA4BB39393E17C17E563AA
S3150200D5E0FD30B0C4AF35C9033D0C2B49C6767299DE
S3150200D5F0FC05E2DFC4C2CC473C3A62DD849BD2DC46
S3150200D600A2C7880259ABC23EEEB8A8CBA35135C415
S3150200D610165F11B21D6FA26550388CAB524F0F7652
S3150200D620CAB81D413B44433034E3D6A14B095B8063
S3150200D630193F350977F13EBF2B702206CB063F42D2
S3150200D640DD4578D877225A586289D433825F8AA117
S3150200D6507F2578ECB5C49866FF413E37A56F8EA745
S3150200D6601F98EF5089275676D68379755D34696699
S3150200D670A611AA1711EDB6628F125E985718DD7DB4
S3150200D680DDF626F6B8E58F68E46F3C942999ACD8A6
S3150200D690A29283A361F1F9B5F39AC8BE13DB992668
S3150200D6A074F005E43C84CF7DC032474A48D6906C7C
S3150200D6B0993256CAFD4321D5E1C65D91C328BEB350
S3150200D6C01B1927737E68396782641657B707512973
S3150200D6D0D0D277552EAB04FEAA9DBCD5A14F102001
S3150200D6E0865592AE700A9B69ABC74122DDA8BB4B39
S3150200D6F0BC2B61F176316ACA829B16E42A33BEA834
S3150200D700719E865B7BBF0F10B420AFB76A3BF31CDA
S3150200D710C61739519618D0065E59300F69E314ECD4
S3150200D720DF759A451A136D74CF140820EAC5659FF2
S3150200D7304017A369E1360584ADB4C82539D10E8BED
S3150200D7401D3636E9AFDB80001F97CBC9D0AAE58C20
S3150200D750294AD59FA9AA5611789BAF157024F7417D
S3150200D760AA490F42A8CCE81F2AC80C3C8F84A17292
S3150200D770549E7C87C260C538404155CE28E204508B
S3150200D780719D4203A11824045FFFF3AB51EA9D8900
S3150200D790BAD8C22F67A8939B5CBD6EBE97CB382CB6
S3150200D7A05D3B269784574D11476281206F4CE8589E
S3150200D7B093D76FE3B6B2B28D854D481D56827197E7
S3150200D7C0D7AB32864F022208A3EC1B6B7CBB01B39C
S3150200D7D07513EBC66D3F3955EBE4B69710280D91DC
S3150200D7E0A39E479D8D54D41ACFC530EF83843DD670
S3150200D7F00CCC612396B4D44CAC2684A400E590EEFE
S3150200D800EB4EC1187D1DF50A9EAEFC1EA0A47BA59B
S3150200D810948A30DCEE4B9F762ECB0336EB0EF1D19B
S3150200D8207812447E5ECE9940E921518A4F8EC91AFA
S3150200D830E02FFADB4495AE7DF90D43D60DAA20837F
S3150200D840B52F4A2C6582726655079CB93BB2E78CA6
S3150200D8507A0FF5C4EDD6C535C3509BEDD22E1E7E8A
S3150200D860A14D93E8165F3036687CB7CBBB005BD917
S3150200D8704978F1916A84BCDDB3D928BEAE00F77C43
S3150200D8803E1FD3855C28E15CE8BDB0982D97B63182
S3150200D8905BDEA6AC0607927D9F658A90F81073E65A
S3150200D8A03502DFEFA6C2FA502D79896BC2DD11A3CC
S3150200D8B0642651DAC6B4301B590815CF4C7BA70C27
S3150200D8C00894001BDF43E41DE0E636CC7A3A798EF3
S3150200D8D0ED6E587DA3B7FAF9E4F4E1BA92964F3A9F
S3150200D8E07E445FFF3EB0141C9152A814D17B64198A
S3150200D8F0AFD33410B26CB757FA6D9D0F44DB296370
S3150200D9009314576A583EF45EA6755638142078EF7B
S3150200D910E8A9FDAA309F64A2CBA8DF5C50EBD14CEC
S3150200D920B3C04D1DBA5A1146C01A0CC89DCC6DA67D
S3150200D93036A4381BF45CA097C6D7DB95BEF3EBA7DB
S3150200D940AB7D7E8DF6B8A07D76DAB5C353190FD4BA
S3150200D9509B9E1121736FAC1D6059B2FE2160CC03F0
S3150200D9604B4B67837E885F5A113DA170CF01638F4F
S3150200D970C4D00D3515B8CECF7EA4BCA4D49702F779
S3150200D98034144DE456B66936B943A6A0D328969EFA
S3150200D9906420C3E600CBC3B532EC2D7C8902539BCF
S3150200D9A00CC7D1D5E27AE34333E1A6ED063F7E38D2
S3150200D9B0C03AA199511D306711382636F8D85ABD9A
S3150200D9C0BEE9D54FCDE6216A5FE646300A17C6F1B3
S3150200D9D02435D2002A2A715855B7828C3CBDDB69A0
S3150200D9E057FF95A1F1F96B58E3B29966122941EFF7
S3150200D9F001138D704708D371BDB08211D0325432F3
S3150200DA00368B1E00071B37450B79F85E8D08DBA6A1
S3150200DA10E5370961DCF07852B86EA161D24903ACF0
S3150200DA207921E59037B0AF0E2F044837C1550596D8
S3150200DA3011AA0B82E6419A210C6D487338F7811CB4
S3150200DA4061C6025A67CC9A301DAE750F5E80405190
S3150200DA5030CC6226E3FB02EC6D3992EA1EDFEB2C38
S3150200DA60B35B43C54433AE44EE43A5BBB989F29CCE
S3150200DA704271C95A9D0E76F3AA60934FC6E5821D7E
S3150200DA808F67947F1B22D562BCE79A084585E20A16
S3150200DA90064D7F1CCFDE8D38B811480A5115AC38B9
S3150200DAA0E48C9271F68BB20E7227F400F3EA1F67CA
S3150200DAB0AA418C2A2AEB728F92323797D77FA129F5
S3150200DAC0A687B532ADC6EF1DA79551EF1ABE5BAF5D
S3150200DAD0ED157B9177128C142EDAE57AFBF79129F4
S3150200DAE06728DDF81B207D466B2EBDF772EE0679A0
S3150200DAF04EBF9A10D670D205A4A841B945FE5C8DD8
S3150200DB008742971C6718C24418C36B29569D5F74D7
S3150200DB10652E15D8D4803599CEE939583FB1E5B08E
S3150200DB20C02139D4282BFC518CA9E29517D18F1B21
S3150200DB3091626B2BE15E4E1C72B5247410E7305B6A
S3150200DB40C64A4F4CE89D6B6E58EB98D135A5BEB1CF
S3150200DB50E31B3E866836B01CBC3B19914AD70F5868
S3150200DB6069BC0024B59AE971BF5769CAF5115EFC12
S3150200DB70AA5787E4E85D73BBAD51F3540227E875F3
S3150200DB809120BF40F85F6C1E0D21DE80A05666B163
S3150200DB9055314531130975451BF0FBB9F22E8B261B
S3150200DBA00705C68A0E23567751E11D4BCE5FF2DF7B
S3150200DBB025401CE1C7C041D8879C7454C8B354257C
S3150200DBC0F90D8E905924292D88B00CF8105F7C6BC4
S3150200DBD05121E456DC546B73C499EFC6A520B6C234
S3150200DBE0426FA0C32C804C5FDA52077DF1C8659B59
S3150200DBF000E87EC738E31C88E3F9625BF014B5C31C
S3150200DC00480DC1BED55DED6687B210DC35FB6D7978
S3150200DC109DF27F5CCD6B17270549B2C7E8433D7F6E
S3150200DC207642C591A1F50403EBE4377F6BE054CD50
S3150200DC30CA6CE9F5875FC18CCE7D59D3B08B24B807
S3150200DC400C407460A0FF6A242153E4FB688ED83727
S3150200DC503250D7C048750986350D4A89EF139B4E57
S3150200DC6025D35357AC3CA825610D35154BDD462708
S3150200DC70B72195EEC8CB3FD0CA7286135A366EE8E4
S3150200DC80E2897D7E7F980E517C07478E637D5ACB53
S3150200DC9059C0A1206153B78DCCFDED8B4D1E9E540C
S3150200DCA09D173B50B7530108E3D33E0A939DA6DD69
S3150200DCB022A760CDF16E383DE64EAABD58AD17C813
S3150200DCC02A37E74F558DBE239B4E785AE5DC44131F
S3150200DCD04A0B0E4F3D4D6C9BD27BBE39B82558661A
S3150200DCE0E9FE8AFF91EEA8745F4FDC2790B7DAED62
S3150200DCF065CEDB7FA17654B6CDB12A5804DE6E79A5
S3150200DD00D05670E7DBBCA3565A325ED0876BB2138D
S3150200DD10A82135B7384D687767628D49DE7F5C7416
S3150200DD20B6009198D114E96BAD4FEF749A91FE95B6
S3150200DD30A208A3F6EC7B823A017BA409D3014E9694
S3150200DD4097C7A35B4F3CC471A9E77A56BDF41EBCC4
S3150200DD50BD9844D6B24C623FC84E1F2CD26410E422
S3150200DD60014038BAA5C5F92ECD749EFAF66DFDB6F8
S3150200DD707A26AFE4BC7882F10E99EFF1D0B35582E0
S3150200DD8093F2C590A38C755A952446D91027B7A24B
S3150200DD9003507DD5D2C6A83ACA87B4A0BF00D4E341
S3150200DDA0EC72EBB344E2BA2D94DC611D8B91E08CEC
S3150200DDB06630819A4636ED8DD3AAE8AF29A8E6D415
S3150200DDC03FD439F62780730ACCE1FF572F4A0F98C2
S3150200DDD0439883E10D0D6700FD15FB494A3F5C1030
S3150200DDE09CA6265163CA982644C597464B5DA7C78B
S3150200DDF0BFFF0FDF48F8FD155A7846AAEBB9682827
S3150200DE0014F7525B10D7685AF30E763E5842C7B5DE
S3150200DE1090B90AEEB952DC753F922B07C22714BF9E
S3150200DE20F0D9F06F2D0B4273061E859ECBF62CAFF2
S3150200DE30C43822C61339598F73F3FB9996B88ADA16
S3150200DE409EBC34EA2F63B53D2BD745808501846994
S3150200DE5051062FCFA2FA224CC62D226B65361A9492
S3150200DE60DEDA6203C8EB5E5AEDB1CCCF24460EB6BB
S3150200DE7095035CBD92C2DB59C98104DC1D9DA031AC
S3150200DE8040D9565DEACE733FC68D4E0AD1BFA7B7BB
S3150200DE9039B3C9447E0057BEFAAE57157F20C1601A
S3150200DEA0DB186226918805263D2B15615279EDE530
S3150200DEB0D1D7DD0E7D356249714C6BB9D0C88274FB
S3150200DEC0BED866A919F9592E7428B6AF3628079214
S3150200DED0A504E179855ECD5F4AA130C6AD01AD5A92
S3150200DEE0983F6675503D9161DA31321A362DC60D6C
S3150200DEF070022094325847FACE94953F5101D802C7
S3150200DF005C5DC031A1C2DB3DEF81FB4F0AA5503FEC
S3150200DF10BF20F43B0935E0B1D02CAAC61C8EAA9BC1
S3150200DF20407A23FA61982332D1354A00C25A73FBEA
S3150200DF30C307663A430FDE3199D528C5BF91857B63
S3150200DF400C05BBF5259ABE55BF3DDB33CD5A000DF8
S3150200DF50E235AC807CB31101EBEB886F6CD692484C
S3150200DF60CDFB0865B1AD0E77DD894E5EE0F95184D1
S3150200DF70373979BCFF0263C05C49A6569574225DA7
S3150200DF80FB0356A05C75A609B97150A081B6D3F100
S3150200DF903AFF92359A6507220EE481782969015F74
S3150200DFA04E37BA860EDDBE16B537272C4FCCCC5E61
S3150200DFB003B7CC2D0C9EB743F33DC44EBC08E033E9
S3150200DFC0C06675F040B8C10677F888A3C6A58876FC
S3150200DFD0ACB6B2DE146CA902F82A8C1B43F3C964F0
S3150200DFE0D6EEA154554328365C80029B7F9EEE698D
S3150200DFF040167D548A82FFCB680943B269A8933DD5
S3150200E0007269E23FCDB8B746E0EB7EFE862081E933
S3150200E0103754512FE76BBA4CE9FA6E518B16041D31
S3150200E020B92C98431039A15EE12E70F49C5C12491A
S3150200E0302DB3258B1FB720457EEF1F50263019338F
S3150200E0402BEBD2C897896D6502B0D3D5E43B2B6F13
S3150200E05080C8096AD933ECAFCCC4BCA8A4735F03E9
S3150200E0608B19624628B9C52239893D43FEC858CB69
S3150200E070507E8D6A2ECBA0895ABEFB095395CA796A
S3150200E08006C17FCD1666620CC6F90C12C641BB21CB
S3150200E0909BA5CDDE12AAB2EA348BA40A022DA7C131
S3150200E0A0683B7DE8274D5D21050B5A69E50831B4C9
S3150200E0B08BA337ADE80EB06C817353A3EED6DA5E4E
S3150200E0C02432DCB6D402263F9CF1CA5BB647B2C8FC
S3150200E0D052C6B2B1C39D7749E2E2ECD5BB80A189B3
S3150200E0E039E0C8CEA398F0134BC55ECEF90FDC9A81
S3150200E0F00D132F8C6B2A9C031595F8F0C707800227
S3150200E1006BB304AC1483967814BB9627A257AAF372
S3150200E11021DA079BB7BA3A881C39A03118E24BE5D7
S3150200E120F90532D838FBE75E8E6A4441CBFD8D5342
S3150200E130F9374943A9FDACA5788C3C268D90AF46AC
S3150200E140090DCA9B3C63D0619128F934F8D2C66E98
S3150200E150583B6F20425108FC1AA069C48AB07CA9B8
S3150200E16015EEE46064659F27B0F51270B668C01AB2
S3150200E1704AB1F5A9261EFA3672CE5A161519BE3BB3
S3150200E1806B06B4B587EF56064B8354CB40140E0E7E
S3150200E190BDFA2F0353EA5AD46CBE629EAEA351C097
S3150200E1A0AD580B518BFB0E566625DBFF3549746362
S3150200E1B0BB680B78896BBDC503EC3E5580321B6F7D
S3150200E1C0F5D7AE47D85F966EDF73FCF8BC28A3ADD1
S3150200E1D0FC37F0A65D6984EE09A9C238DBB47F6319
S3150200E1E0DC7B06F82DAC235B7B5280EE53B9D29AC8
S3150200E1F08D6DDEFAAA198FE8CF820E150417710EFD
S3150200E200DCDE95DDB9BBB979930A2359758AFB1809
S3150200E2105DF4E660698F161DB53CA91445A9853AD9
S3150200E220FDD0AC053708DC38DE6FE66DA5DF45C8E4
S3150200E2303A48402C00A552E132F6B4C763E1D2E96E
S3150200E240651BBCDC2E45F430409775C582276D856B
S3150200E250CCBE9CF9694513FA714EEAC073FC448838
S3150200E26069243F591A9A2D63FB93E587F5626CB1CF
S3150200E270713E5DCADEED99496D3ECC14E0C191B4A2
S3150200E280A8DBA8894711F508226206630EFB043350
S3150200E2903FBAAC87890635FBA361108C772419BD7A
S3150200E2A0208683D143AD5830D06376E5FD0F3C32EC
S3150200E2B010A62EA238DFC3059A4F99ACBD8AC7BDF8
S3150200E2C099DCE3EFA49F5426674086DE62D4D46BC2
S3150200E2D0880414868E6E1516F5F418FD7CE0EFFCA4
S3150200E2E0DCA0AFB6DE4CAB2AA750BBFE5F8D8669BB
S3150200E2F00C64CE546B3E74F0D49F9FBB8B095A813B
S3150200E300838C0C628658E0165A688AEA12B05FB2AB
S3150200E31071B96070B3CDA06EEADE16F189D394F2BC
S3150200E3200BE06FDA2B161D12898FCE87D7388B73C7
S3150200E3308DA87941E25826B66D3151F19C8C733025
S3150200E340C97572727F8C1249B99653F717BCDB04F2
S3150200E3504667F8D2D7A2E669C6AB3EF5999D40C696
S3150200E360D2252E33F6756160DDE740F50E37214082
S3150200E370A5D0F1A1F5D6100907B8065BCDAA344699
S3150200E38035F2446935E6396AE7F390DF4056CD96B1
S3150200E390EA25FADB0E763A6CC43CE35909EFF3241C
S3150200E3A0582E0D537E9E88429D9E04745796A11D3B
S3150200E3B02B35FE98A16ECDFBA63652CC50CDCBB1F5
S3150200E3C0E246983F3DC85E1F75CB8C32C323FB8E57
S3150200E3D0E96E87DD07A242AF96E7FA5DDCDAFB203B
S3150200E3E0519FBF066B241E24FE18DC558CE2640A7C
S3150200E3F0DDEB9933999EDFE352E6E2702343AC7973
S3150200E4000ECCE43AC37FFF35A9F7D82DA5A6139CF7
S3150200E410BFCAFD3E8C1FBB2DB5F7085E40321E9665
S3150200E420E5C9E6BB21A1C848456464597C5A41FC4A
S3150200E43015B628C1D7B224D212B9FB05C9C93560AF
S3150200E440AB9F427412A9D7429466535F8942D2D2D5
S3150200E4502C9B9342C5A233CA5CB9DDC7A6AD6F98A1
S3150200E4605D2D712F042C155A21693437B73C843936
S3150200E4704794C83807FB47A77E3045A231808DCB2B
S3150200E48068F0826D8E0F8167B47D28D2BC8FEB3E19
S3150200E490933EA001A3D3C7725A2698BD8CE8735443
S3150200E4A003B4215951AA2473A137DE6290AAC58406
S3150200E4B0E1961D0D00A51D42D942926A30868278E8
S3150200E4C0DA100D694A465E3C6107B15A47D87EE5C5
S3150200E4D04637D16F205E4371325602CD4E822F34BB
S3150200E4E07B1E79A81E28164B8133810BD501C1D11B
S3150200E4F02868EE76110FE6DE09643F389388B60C7B
S3150200E5004A48FFF665C58361D6F96B1E465A1D74E5
S3150200E51081A57777FCB30523D9D37464A27455D445
S3150200E520FFE00164DCE126196E663FAF498546DBF2
S3150200E530A50E4AF104CF7FD7470CBAA4F73FF23DA6
S3150200E540853CCE32E1DF103AA0CE17EA8A4E7FE052
S3150200E550FDC11F3A4615D52FF1C0F231FD225317E0
S3150200E560155D1E861DD0A11F3298597D945580CC0B
S3150200E5702055F137DA56461E2093054E74F7F69962
S3150200E58033CF756ABC633577AB94DFD100ACDC3828
S3150200E590E90D08D1DD2B712E62E2D5FD3EE9137F2E
S3150200E5A0E5019AEE18EDFC73B39C136308E9B10614
S3150200E5B0CD3EA0C567DA93A4328963ADC8CE778D06
S3150200E5C0444F861B706B421F011C91414C26C9EFBA
S3150200E5D0252CA217B8B7A3F147140FF36BDA7558B7
S3150200E5E090B0311D27F51A4E5225A191C8357EF1FC
S3150200E5F0769C5E5753816BB73E729B0D6F4083FAD2
S3150200E60038E4A73F1BBB760B9B93927FF9C1B808F0
S3150200E6106EAB44D4CB7167BE1780BB996364E522A7
S3150200E62055A972B71ED66D7B923DF350E8C1ADB7C0
S3150200E630CFD58C604FFA9879DB5BFC8DBD2D96ADFC
S3150200E6404F2F1DAFCE9B3E70C7D201ABF9AB3057F1
S3150200E650183B1440DC76FB1681B2CBA065BE6C86F5
S3150200E660FE6AFF9B659BFA5355548894E9C8146C5D
S3150200E670E5D4AE65665D3A84F15AD6BC3EB71B1840
S3150200E680501FC6C4E5938D395F131799427D848363
S3150200E690D7037D561F911BADD1AA77BED948777E87
S3150200E6A04AAF512E2EB4585401C391B660D541706B
S3150200E6B01EE7D7AD3F1B20858555331163E1C21690
S3150200E6C0B12808013D5EA52A4F44070CE69251ED9A
S3150200E6D0101D42742D4EC54264C8B5FD824C2B35C1
S3150200E6E06486768A4A00E913FF2B036C55B5B5CBCF
S3150200E6F03A7A2929B79171DFBB81EDAD2673FFC145
S3150200E700F503BE68BBE8AD717C466B80C584621EAC
S3150200E7107B605DE77B99F6C562D278B358D9678B81
S3150200E720708BCD816AD6883D89D74E20937A768BB7
S3150200E7302AAEA09FCBCA2F768748CE6DCCEB1F7729
S3150200E740B35FF08F15623034FD7C84D6CAFA66BD9B
S3150200E750481DC8A0BE6C3A6042DEAE06910CA9C541
S3150200E760B5C02CD2A23B5E724AC4FE01C7A00BE81A
S3150200E770940FD515CC1807D75B3BCF283BA2D96996
S3150200E7806ACAB5B2200E785DA9493220C9E9616725
S3150200E790EACD0C2272B882DABB785808CC5840ED22
S3150200E7A0331A40F9E043BB7B49BFF5E1A7A15DE01F
S3150200E7B0926073D46D7D4526F632CC7377B0DC77E2
S3150200E7C0CD5FDD9C96945D0AB4317B2A0719E2FC83
S3150200E7D0168057AA75DC7A4D24934787A676C20E11
S3150200E7E0EB4BDA1F5D9D6D6D8381B0E98AA5B1227F
S3150200E7F08B385CC171D095FD17050A85762381A9F0
S3150200E8005E337FBBBA4C3833B4CAE81A7368C9F6AA
S3150200E810C5924FCB1E74205E3EBCCD8CE53BA52D2A
S3150200E820F70D9769A2FEDD2DA842B33D31CEAEBEED
S3150200E830EEB72D845B63A3CBEF137F8120668CE852
S3150200E840C6D5764EAA38941B1A036F167E77508A5F
S3150200E85028A3B70FF1397B0676BD0F01A6C9251984
S3150200E860050974CC75B5F96D0F0302A97FB0A8AE80
S3150200E87043D163F46A768CF8607A783C6683B01585
S3150200E880A8A4678214B1EA08ACD002D09B40C1BDED
S3150200E890A6D9CCB545026666EC85DEFAC47D318220
S3150200E8A00DDFD76A4B93FE0274EAB7CF00F15CEF35
S3150200E8B0AC42CBA133768922E285F2CE540CCED479
S3150200E8C0556A148A048C403076FFB73E19FC5139DA
S3150200E8D063482F704C1BF885D50EA6C98FA3276CEB
S3150200E8E09027748BCB65B240A47B8F4AF439EDE650
S3150200E8F04D78B9F4B45A801EE0F6D057902FFDE653
S3150200E900D8398E3B2EEB604AFE44535D23626686FF
S3150200E9104968B9713FE9740D903228F6D4BEFA6D92
S3150200E920F370F9C59E242D3BDBCE2F8345889D735C
S3150200E93063F86BAEC9D638FAF7FE4FB7CA0DBC32CA
S3150200E9405EE4BC14887E93737F873B19C9002EBB95
S3150200E9506B50DCE090A8E3EC9F64DE36C0B7F3ECC4
S3150200E9601A9EDE980804465F8DF47B29167103B958
S3150200E9703468F0D4223BD1A9C6BD9646571597E115
S3150200E98035E8D591E8A4F82C670F110787FD936D3A
S3150200E99049B5387CD3094CDD866A73C24C6AB17CB0
S3150200E9A0092A25586EBD4920A26BD0177E48B52C80
S3150200E9B06B1950391C38D224308A9785819C65D7C9
S3150200E9C0F6A4D691287F6F7A49EF9A6A8DFD097D62
S3150200E9D00BB93D5BBE60EEF0D4BF9E512CB5214C07
S3150200E9E01D9445C5DFAA1160A279913FD239274607
S3150200E9F0CFDDD697311283FF8A14F253B5DE0713A1
S3150200EA00DA4D5F7B6837220DCA24517E1631FF0923
S3150200EA10DF45C7D98B15E40BE556F57E227D2B29FA
S3150200EA2038D1B6AF41E2A43AF505332ABF38C12C34
S3150200EA30C326E9A28F3F5848EBD24955A2B13A08FC
S3150200EA406CA387466EAAFC3264B084AB5CFB852D50
S3150200EA5014BCF389D21078490CCE157B44DC6A4784
S3150200EA607BFD44F876A32B12DDA253DD281B34541A
S3150200EA703FFC42DF5B9017AAF4F8D24DD992F50F0C
S3150200EA807DD38CE00F62031D54E5B4A2CD3202C2DF
S3150200EA907F185D1142FDD09ED979D47DBEB4AB2ECE
S3150200EAA04CEC682BF50BC7024F32C75C5A568F5097
S3150200EAB022A906E5C0C461D019AC455CDBAB18FBE4
S3150200EAC04A318003C109686CB9AECEC9F15666D720
S3150200EAD06A65E518F8155B1C34234C843228E72650
S3150200EAE03868192F776F343AC86ADAE21251D5D2EA
S3150200EAF0ED51E8B13103BDE96272C68EDD46079675
S3150200EB00D0C5F76E9F1B91052DFF37B656D7DCE9A8
S3150200EB10C4F087C98F344CECB7C7FBF38592D5CEC8
S3150200EB2087EAE19347350533949FFEC58089C10183
S3150200EB30C8D56F71696765CD86A095D1C3456081D9
S3150200EB408279CC66327F2B6E8F56C3F7682480CCCF
S3150200EB50B34C971982BAE99D6013B8B59C22B7AB3C
S3150200EB6062BABE6F7A01E24474B7DA5443A7C2C4EA
S3150200EB701A03AF4E3C4C5D8E178F8342D2236CB77D
S3150200EB80EAE4DC688F099A74CD6ECAB6F32CF8876C
S3150200EB90C2A0F4183E890F5857E5042607308905A6
S3150200EBA01D9CD156C26AAB6C60DEC12CA0E0DFDCD4
S3150200EBB05B57C551FF652603EBBE3A07F1320C2CB3
S3150200EBC006867BCD1420886AB57F74A4FE922AA598
S3150200EBD089ABA51F49A412DCCEA447B84BA92DD8F0
S3150200EBE04ECC1295CEED774D6EEB4FAF7CD111D157
S3150200EBF0A3A43AB342BA0B05306CB4EE3C4C51179F
S3150200EC00757DC21B8BDBBE549C18E27745E1C87743
S3150200EC1045C499FF6A6FE4A34353336DC8DF443199
S3150200EC20A916427C9E55963AEED22AF4370D551213
S3150200EC30F5FBA19804E0788BB24C89338207535DC9
S3150200EC400C8D493E4E4EC80252AABA806889934438
S3150200EC500E9485F2C4AF984CB64854A49BA74AEFCB
S3150200EC607FAE7AA510C57852940B4C2974D04DA567
S3150200EC70B6FF18DFB8465DF56683AE8DC5EC6FF05C
S3150200EC8065D19081665786585C1E904FA4FE1F0C74
S3150200EC9082B78421B76F0B2B88DB140191FF87E5BE
S3150200ECA042A18547360F13379F35580D5C50151212
S3150200ECB06BC428FCC713202A4E66EA89AFA1A0249A
S3150200ECC01F0E13A138B60044C319ED9664B7013A74
S3150200ECD0307232EDB00AE031B115CA8357880A5252
S3150200ECE0C7BECC5A87B9AA06BB0EDFF5839933C1D4
S3150200ECF0AC4C2C518F75F3C0E198B30B0A13F12C6F
S3150200ED00620C27AAF9EC3C6BEFEA2E51F3AC49539D
S3150200ED1049CBC11CD341C1208D689AA9070C18247E
S3150200ED20172D4BC6D1F95E5508BD733BBA70A7368F
S3150200ED300CBFAFA308EF4A62F24609B498FF3757F1
S3150200ED409D748133E14D5F67803AC1B64650757551
S3150200ED50B943ECA0012F55CC49084A85514B8FBFC8
S3150200ED6065C08C9AEC5BD436BF75249F8CCD78E84F
S3150200ED7004F7281611AB3E7DFADFD5C4CCED781D1B
S3150200ED8003684B3A7BB1E6512E6C55863F70586F3D
S3150200ED90BCCEF83B78933B6673AA32FD3C51FA8BA4
S3150200EDA0DD939B698EA3E452FC82176B03522C0EF1
S3150200EDB0B483AD6C816C81643E076469D9BDDCD0D5
S3150200EDC020C56401F79DD9131DB3DA3BD9F62FA1ED
S3150200EDD0FE2D659D0FD825078794BE9AF34F9C0199
S3150200EDE0433CCD82B850F460CAC0E521C35E4B01F4
S3150200EDF0A2BF19D7C969CB4FA0230075181C5F4E55
S3150200EE0080ACED559EDE061C7CF5C9824D6394B23C
S3150200EE1036459324E1FDCB1F5ADB8C41B34D9C9EB4
S3150200EE20FC194445D9F34000ADBBDD89FBA8BEF110
S3150200EE30CBAEAE61BC2CCB3B9D8D9B1FBBA7588F27
S3150200EE4086A61251DA7E5421D38659FD39E9FDDEB2
S3150200EE500C380A51892C27F4B91931BB07A42BB7F0
S3150200EE60F44D254A330A5563EE8A94084D86F4B06A
S3150200EE706F1CBA91EE19DC0758A1ACA6AECD757916
S3150200EE80BBD4624213610B337242CBF993BC68C1A5
S3150200EE9098DBCEC71F71B8AE7A8DAC34AA520E7FFC
S3150200EEA0BB557D7E09C1CE418A806DA2D71996F7E0
S3150200EEB06D159E1D9ED41FBB27DFA1DB6CC3D773C6
S3150200EEC07D77281FD94CB4266BE0B54B7E144F953F
S3150200EED04EBFA8CA49F66764A07045F0079213BFF1
S3150200EEE00151CE547B37157EB411B6083520C9229E
S3150200EEF0BE382D4CE4B00494B5D96F46594C349FB4
S3150200EF00716966826F777B18BD7EA5D4A50458F415
S3150200EF108C37DBBB8679FFE4242E860812339E9259
S3150200EF20D84353E08A78867AD8A63A3935900A3099
S3150200EF30CDB12BA13111502B22C293F077F61F7B54
S3150200EF40AD2BB8CAF8C10943375F28B02D8444AF48
S3150200EF50DFC8EF47901853879A9720F891E0749587
S3150200EF6079556169608D370E555A07837191FAD9C1
S3150200EF70DC9F006BD25ADB4B0EEF3DD62CAD2978C7
S3150200EF807738FD7549C58F072D8F872814BDDF8712
S3150200EF90A121941EDD364613A341732551C9174F8D
S3150200EFA0B86C29AD4B8DF95D8AA933B85B4B00E28B
S3150200EFB030334C2DEC5D774413E9AC7E0644A23A1D
S3150200EFC0A9008ED5E3302627540BC9ECD08F67F300
S3150200EFD0993504129B4501F09BB85837BC5F7226DF
S3150200EFE0AE19A773AAE42543A03918203FE1D4BF7E
S3150200EFF061F13D3EE2FFEFAEE31F5D6BF0045BB6EF
S3150200F000C0FB622BFB85E0521AED929EF8435D1817
S3150200F010C61947FEEA1E4AB04F3FF0A688BE9F4970
S3150200F020DD9B853C2F0D8B5DBAF24CA5EA79401229
S3150200F030E7261B00EB6524D7FDF77AC9FDBC4368BA
S3150200F04002CDEA552BB42405DB5353D746B38BCBFB
S3150200F050221E51AE4BB2FCFCEFE60AD5408DA4CB84
S3150200F0605DCBF7F4E5BAE32612FE458DDE3CDA8483
S3150200F070D2E244E418C242BD98357E1F789651A862
S3150200F080B2E216563FC94276E4F89545A7DA23233B
S3150200F090B4BE7A858B8C68DE6E32591C968EC43F5E
S3150200F0A0BAB8C915CA732E0B56C8D3BFDE84ACCB09
S3150200F0B044F25FB348C3241607AD9C5DCA8DF8B708
S3150200F0C0E8EBC2A24D570E3B843031A59125021DB5
S3150200F0D0720827D6AE4A2DCA20FD0B2F852BA18694
S3150200F0E048A77DAD39C4E656E6BABD4249FF04C714
S3150200F0F0791FDEB2E2AD215ED8FA5256F3B35DE96C
S3150200F100C1EB088F37B522087574388F4748F0511E
S3150200F1103CCBBE9CF4BC5DB255209FD94412AB9A3F
S3150200F120D6A5101C6C9E702C8303736293F2B7E112
S3150200F1302C8ACAEBFF79524B1413D4BF8A77FCDAB6
S3150200F1400F61729C1410EB7D7AEE66876AAF62CB12
S3150200F1500ECD535504ECCB66B5E40B0F380180583F
S3150200F160EAE22CF69F8EE608AD30C14B0A50AD346A
S3150200F1709CD40B3D49DB388DBE890A50983D5CA272
S3150200F180093BBAEE873F1F2FF9F2B80AD5092D2F90
S3150200F190DF2359C58D21B9ACB96C767326348F4AF3
S3150200F1A0F519F738D73BB14C4AB615E5758C84F795
S3150200F1B038904ADBBA0195A5501B753F3F310DC207
S3150200F1C0E82EAEC053E3A119C305FABA60751C7DD9
S3150200F1D0615EE5C6A0A0E1B37364D6C0189752E398
S3150200F1E086340CC2116B5441BDBD96D5CD7221B485
S3150200F1F040FCEE984345E093B50941B44753B19FAD
S3150200F20034AE660299D36B73B4B33493502D5385DF
S3150200F210736581604B11FD4675835C42305F5FCC3E
S3150200F2205CAB7FB8A2952241E9D67EF5889BC919C7
S3150200F23025C8F86D26CB935373D20AB31332EE5C0C
S3150200F240342E2DB5EB53E114C6EA93E26152652ED4
S3150200F250DBAC332103925A846B990079CB7509464C
S3150200F26080DD5A198DBB60078A81E6CD171A3E41A9
S3150200F27084A069EDA96D1557B1CCCA468F26BF2C5D
S3150200F280F2C53AC39BBE346B0F3AD4A05E27BF6762
S3150200F290BEEE9B08348EE6AD2EE779D44C13894236
S3150200F2A05454BA32C3F9620FE121B3E3D0E40462E3
S3150200F2B0951EFF287A63AA3B9EBD995BFDCF0C0B78
S3150200F2C071D0C8643EDC224D395F3BD68965B4FCF9
S3150200F2D061CFCB573F6AAE5C05FA3A95D2C2BAFE07
S3150200F2E0361437361AA00F1C92D67CBC497454E7E2
S3150200F2F0DF3DF7E6AABE9A0F297E8300A71CF04AD5
S3150200F30083C11B3F5D1BAB63AE3FC554E8E51EC11F
S3150200F310F43F4F2BC1060B6A727AB6E0800F543364
S3150200F320EFE307CDC38FF1158CF428B0630775326E
S3150200F3305F066A5540070206585B49C312D83BD599
S3150200F3408D505F869B6C7008CC58CC38F290B621F3
S3150200F35072FBCC1E99F742FC5F97CF3771ED69605D
S3150200F360742D6A82B26FEA25677062FD2400BFA01F
S3150200F3705A40C0BC5E0F6150DADD96EF262891F93D
S3150200F380BF0C70A5ED3BC47602A66CE1E849BAC291
S3150200F3909C15DB0AF8613C8259121E8C1641B29208
S3150200F3A01371BFC277E53F74FF3D343DABA27CF3D8
S3150200F3B017C6AB802D6A8C1ACAFFCCD435E0498EAB
S3150200F3C0B9D1A1BAEE6BB4484612B438411B99CCF6
S3150200F3D06BC29A6F529C3B24BDABCBB74D49EFB97A
S3150200F3E000ED82D03D43BA5FD01A94C955E3499CD9
S3150200F3F0848F4974DE4A73B95C3E6666D0FEC341A9
S3150200F400B310E7E8F8EDCF0E74E2550D4D40978440
S3150200F410532BADC4D963666C3457A9ADD9B02FEC62
S3150200F4203CF7B8CD20E11726F67D77DABF2DD83B1B
S3150200F4309E36980BCC77B17199360C8563840E1D76
S3150200F440F1D1E2485B94715A424B5B40D53D206F45
S3150200F4500945B21004C67E3246882AAC3072349C04
S3150200F4606AEBFF11FC29DE77744CE23FB2EFB97EFC
S3150200F47001BE51169FF4503EEA8D8521DC32A73E2D
S3150200F480F910B85BD77B3717F6F90E63712E302861
S3150200F490E0CE642B03A2D4C2BE92624B302008098E
S3150200F4A018DF2AA87A74CA5FA58E255CC3032A23AD
S3150200F4B0F10CCB6B2C3AF2866621442E0D8DAD3DB6
S3150200F4C02B8676AB3C93A804CC1359F1ED3C2BA3C7
S3150200F4D089BDF06F75BCB3CC635F17BCB7D6323447
S3150200F4E00232859B92BA1E0E9563942C6D7EC47E63
S3150200F4F0310236A3E74CBAFFD10FBAC50757214AE4
S3150200F5008743F3E61759C626E2BE87DD1B5643F04C
S3150200F510E8DADAB1D27DF12CD495617349CBE11DDB
S3150200F5202C085C1E4B823939FF3D9422B604C6D2A2
S3150200F530A0B3CF44CEBE8CBC78868097F34F255DB0
S3150200F540BFA61C3B4F61A30F506A938C0E2B086912
S3150200F550B6C5DAC135A0C9F934B6DFC4543EB76FB1
S3150200F56040C12B1D9B410540F082BEB9BDFE03A0E2
S3150200F57090AC443AAFC189208EFA5419919F49F84A
S3150200F58042AB40EF8A21BA1F3EF5C8FA489454AB03
S3150200F5904137A67B9AE8F681015E2B6C7D6CFD7481
S3150200F5A0426EC8A8CA3A2E3994017B3E04573E4F92
S3150200F5B07FAFDA08EE3E1DA8F1DEDC99ABC639C88C
S3150200F5C0D56177FF135D536CAF358A3EE934BD4C86
S3150200F5D016E887584481072EABB09AF2769C311909
S3150200F5E03BC10AD5E47FE125D554EBB3788373A7F3
S3150200F5F07C3C55A566D3691DBA0028F962CF260A56
S3150200F60017327E80D512AB01FD66D2F6E791489C91
S3150200F6101B7807039BA144073BE261601D8F388874
S3150200F6200ED54B35A3A63E12962DE34190188D11A9
S3150200F630485831D8C2E3EDB9D94532D87142AB1E2A
S3150200F64054A118C9E261394A9763AA04E1BF296144
S3150200F650CBFCA7A40800968F5894907D89C08B3F57
S3150200F660A991B2DC3EA49F70902702FDEBCB2A88BB
S3150200F670605711C40533AF89F473347DE392F465A0
S3150200F6802B5A5154DFC5B22CCA2AFD638C5D0AEB94
S3150200F690FF4E692E66C12BD23AB0CBF86EF3232702
S3150200F6A01F13C8F0EC29F0702E34C549AF92BC1A6C
S3150200F6B0D0FAE6B211D8EEFF294EC8FC8D8CA2EF25
S3150200F6C043C54CA418DFB511FC75A9428ABB7BBFA2
S3150200F6D058A3AD9677395C8C48AAEDCD6FC77FE209
S3150200F6E0A620BCF6D75F73196642C842D090ABE338
S3150200F6F07E54197F0F8E84EBB997A465D0A103259A
S3150200F7005F89DF911191EF0FB96E1CABA17C50B1ED
S3150200F710B387B6163E8F44BDAB917A2C7FFB553428
S3150200F720C1DE2A2F9E227975B7161C5BB8DCB56A34
S3150200F730A5277B3CE8FCC094BE1755731A1CB1A4DE
S3150200F740AAAF0EBAD0389249578BBA7A526EF4ECF7
S3150200F7507B64D18B478CA015EF6F705FA6C6F17ADA
S3150200F760D5303AF078FA4563A1E715105FF902DF62
S3150200F7706302B4A91DC40E790711EA33A10E3A4DEC
S3150200F780C9F83AE3E70BF754A4F0D8BDE9CBD39313
S3150200F790027317FD1B2C15DB75A8177F6DDCBD7D6B
S3150200F7A0FE6E428FCC711A3E62BDBA90E3A33CC88C
S3150200F7B033C8910267E3ED80C40079D3CC3880C8A0
S3150200F7C0A11FC31E23C05F2C4F8B03171791BAFECE
S3150200F7D081EFDEC9213712E534880D5DE7E4971C17
S3150200F7E0C63BDC237AAEAF68656E4502D1E422C41D
S3150200F7F0917BD4CAC14A4187DDFFB6A2BBE292150C
S3150200F8000F10C2F5BFD2D9751CE8263676B4D95B7D
S3150200F810DD2EA0BC36699689B377F0613D19410A9F
S3150200F8207154CE0042A297304CB8F8C7347742578B
S3150200F830E970B2013EA141F1A664E5B4FEADD10282
S3150200F84048BD83CE923DB24B86C4956624E762A13B
S3150200F8500796A83534631D13372AD1A06115523095
S3150200F86063B3AFA6AD4B7056B912F952A74A6CAF45
S3150200F870C87067D86C5F665E58CDC8A383AC354C3A
S3150200F8807E8AA510C0297A2B026C992799F4D19DFC
S3150200F89052174DE058B0B30C3E2CD07F96887E1F8F
S3150200F8A0B13E8BCB6842962FDA2A8F21A05BA97BC9
S3150200F8B0CAB90F338722F4CF07D9C6566D49DADAA9
S3150200F8C054EEBEF496C280530A8D896604274F9D74
S3150200F8D07A3FFF0A9987093D45BADA6762F39ED0F5
S3150200F8E09C661C7B5E45617739B4447E09FE6812CC
S3150200F8F0D77D085783A84FE33C9BAD315795CB3450
S3150200F90098EE8D7CC068906C9161CE4D015C68D595
S3150200F910FC9D1F498A52E469DF060C82292189C6A9
S3150200F920AADA7EFC8F5BF81368F556D9BA6C5900D1
S3150200F93047DAB1600A1917C3CD50DC87C70B76893F
S3150200F94079FAA2C1A45EA33145995CA2494C8D17EE
S3150200F95082F76AE4D1C4616CE35E09B84AE880784A
S3150200F960AB983D52CC93BE13C4D8D9C178B39D0E81
S3150200F970B133B3B2263636B88F236E67EB28D7BEBD
S3150200F980BDC1BC8E08B5C915AF66893EDB3EDF1325
S3150200F9905F2EE3C27628B49CE7A1EE42C0FD12CEEA
S3150200F9A03CF0C148622FC1466BC0E6272AFF018997
S3150200F9B0B184BDF02AA63E06E5A99BFE965D22AF5E
S3150200F9C00C937B132733B37C6A0851B58FDA774FD2
S3150200F9D01F3AE72DEE098C6A163A882C22AC860469
S3150200F9E036FF2436074CBB2375DC037A3C13EAC583
S3150200F9F0BD77AB8841A1022C5BA19F2209019BC85E
S3150200FA00BD8D906D474DAD4A4000000014FA0002CC
S3150200FA10000000000000000000000000008000005E
S3150200FA2002000000008000000300000000800000C9
S3150200FA3004000000008000000500000000800000B5
S3150200FA40070000000040000008000000004000001F
S3150200FA5009000000008000000B000000008000008A
S3150200FA600E000000008000000F0000000008011CCC
S3150200FA70000100000008011C010100000008011C31
S3150200FA80020100000008011C03010000000C011C19
S3150200FA90040100000000011C050100000000011C19
S3150200FAA0060100000400000007010000000C011717
S3150200FAB00C010000000001170E0100000000010009
S3150200FAC00802000000000100090200000000010017
S3150200FAD00A020000000001000B020000000C0117E0
S3150200FAE000030000000C011701030000000C0117BF
S3150200FAF002030000000C011703030000000C0117AB
S3150200FB0004030000000C011705030000000C011796
S3150200FB100603000000040117070300000004011792
S3150200FB20080300000000011307040000000001148E
S3150200FB30080400000000011409040000000C01067C
S3150200FB400A040000000C01060B040000000C01066A
S3150200FB500C040000000C01060D0400000400000065
S3150200FB600E0400000000011300050000000001134E
S3150200FB7001050000000401070B050000000401074F
S3150200FB800C05000004000000000600000008011C2D
S3150200FB90000800000008011C010800000008011C02
S3150200FBA0020800000008011C030800000008011CEE
S3150200FBB0040800000008011C0808000004000000F8
S3150200FBC009080000000001130E08000000000113DE
S3150200FBD00F080000000C0104020A0000000C0104D8
S3150200FBE0030A0000000C0104040A0000000C0104D0
S3150200FBF0050A000000000000060A0000000C0105CC
S3150200FC000E0A0000000C01050F0A0000000C011488
S3150200FC10010B0000030000001CFC000200060E049B
S3150200FC2007010000000000000100020008001000A9
S3150200FC30200000000800000054FD00020F00000032
S3150200FC4064FC0002030000004CFC00020000006895
S3150200FC50000000680000008000000080000800220A
S3150200FC600008002200000068000000680000009002
S3150200FC700001090D0000006800000068000000276E
S3150200FC800001020D0000006800000068400000024A
S3150200FC900001010D000000800000008000000090BD
S3150200FCA00001090800000080000000800000002713
S3150200FCB000010208000000800000008040000002EF
S3150200FCC00001010800000000000000000000009092
S3150200FCD001010905000000000000000000000027E5
S3150200FCE00100020500000000F84400004000000286
S3150200FCF00100010500000020000000200000009025
S3150200FD000101090400000020000000200000002775
S3150200FD100100020400000020000000203845000215
S3150200FD2001000104000000220000002200000090F1
S3150200FD300001090300000022000000220000002743
S3150200FD400000020300000022F807002238450002E4
S3150200FD500000010300000068000000680001000DB9
S3150200FD6000000068000000680001000D000000802D
S3150200FD7000000080000100080000008000000080F2
S3150200FD8000010008F8440000F844000001000005E4
S3150200FD90000000200000002001000004F8070022F5
S3150200FDA00008002200000003300C0022BE0D0022D3
S3150200FDB00000000302040304040400004275696C97
S3150200FDC07420776974682052656E65736173204189
S3150200FDD06476616E63656420466C657869626C65FB
S3150200FDE020536F667477617265205061636B616739
S3150200FDF0652076657273696F6E20362E352E300059
S3110200FE00362E352E3000000000000506EC
S3090200FE0CF8B500BF7E
S3090200FE10F8B500BF7A
S3090200FE149D4D0002F6
S3090200FE18754D00021A
S3090300A100FFFFFFFF56
S3090300A104FFFFFFFF52
S3090300A200FFFFFFFD57
S3090300A28000000000D1
S70502006DB9D2
