S00E0000626C696E6B792E737265638D
S3150200000000100022A932010295310102A532010235
S31502000010A5320102A5320102A5320102A532010270
S31502000020000000000000000000000000A5320102EE
S31502000030A532010200000000A5320102A53201022A
S3150200004000000000000000000000000000000000A8
S315020000500000000000000000000000000000000098
S315020000600000000000000000000000000000000088
S315020000700000000000000000000000000000000078
S315020000800000000000000000000000000000000068
S315020000900000000000000000000000000000000058
S315020000A00000000000000000000000000000000048
S315020000B00000000000000000000000000000000038
S315020000C00000000000000000000000000000000028
S315020000D00000000000000000000000000000000018
S315020000E00000000000000000000000000000000008
S315020000F000000000000000000000000000000000F8
S3150200010000000000000000000000000000000000E7
S3150200011000000000000000000000000000000000D7
S3150200012000000000000000000000000000000000C7
S3150200013000000000000000000000000000000000B7
S31502000140D8F81C00D9F81C4000194FF0000B4BEBF5
S315020001500B0B4FEA4B0B0BEBD07B13270BFB07FB6F
S3150200016020F00047B8E80F00B9E870044FF0010C20
S31502000170ECFB640BECFB651BECFB662BECFB6A3BB6
S3150200018099E8700098E80007ECFB684BECFB695BAA
S31502000190ECFB6A6B5F44704798E8FF00B9E8001D04
S315020001A0B0EB080071EB0A0172EB0B0273EB0C0366
S315020001B099E8000F74EB080475EB090576EB0A065D
S315020001C077EB0B0768EB080828F0250910EB090006
S315020001D051EB080152EB080253EB080354EB0804F7
S315020001E055EB080556EB080657EB080758F10008C9
S315020001F028F0250910EB0900704704B587B03CCA00
S31502000200B1E80144A2FB006BA3FB007CE2FB6A7B24
S31502000210C0B4A4FB0086E3FB6A8BA5FB0097E4FB54
S315020002206A9BE5FB6AB7E2FB6E8CE3FB6E9CE4FB22
S315020002306EBCE5FB6EC7B1E80144E2FB6096E3FBE8
S3150200024060B6E4FB60C6E5FB6067CDE902894FF064
S315020002500009E2FB6AB9E3FB6AC9E4FB6A69E5FBEA
S315020002606A794FF0000AE2FB6ECAE3FB6E6AE4FBB0
S315020002706E7AE5FB6E9A51F8048B4FF0000EE2FBA4
S3150200028068E6E3FB6876E4FB6896E5FB68A651F848
S315020002901C894FF00000E2FB6870E3FB6890E4FB08
S315020002A068A0E5FB686001B40A9A10323CCA51F8AC
S315020002B0048B4FF00000E2FB68B0CDF814B0E3FB0C
S315020002C068C0E4FB68E0E5FB680751F8048B4FF071
S315020002D0000BE2FB68CBCDF818C0E3FB68EBE4FB4E
S315020002E0680BE5FB68B751F8048B4FF0000CE2FB94
S315020002F068ECCDF81CE0E3FB680CE4FB68BCE5FBAC
S3150200030068AC51F8048B4FF0000EE2FB680E0890C1
S31502000310E3FB68BEE4FB68AEE5FB686EB1E801018B
S31502000320E2FB60B9CDF824B0E3FB609AE4FB60A679
S315020003305DF804BBE5FB60B6E2FB6897E3FB68A7E2
S31502000340E4FB68B7E5FB6867B1E80101E2FB60AC74
S31502000350E3FB60BCE4FB606CE5FB607CE2FB68BE31
S31502000360E3FB686EE4FB68E7E5FB687CDDE90745CD
S3150200037026234FF00008E3FB6C484FEA480848EA98
S31502000380D47824F0004C132408FB04F807BCE3FBE2
S315020003906508E3FB6918E3FB6A284FF0260918BCD7
S315020003A0E9FB6B38E9FB664860BCE9FB6E58E9FB82
S315020003B0676808EB0C0703B000BD00B585B0A0FB6B
S315020003C0009AA0FB01BC1BEB0B0B4FF0000EEEFBE1
S315020003D06EAB2DE900064FF00008E0FB628C58EB8D
S315020003E00808E1FB618BA0FB039AE1FB629C59EBD7
S315020003F00909EEFB6E9BCDE902894FF00009E0FB8D
S31502000400649AE1FB639C59EB0909E2FB629BCDF816
S315020004101090A0FB0598E1FB649AE2FB639C59EB02
S315020004200909EEFB6E9BCDF814904FF00009E1FB33
S315020004306598E2FB649CE0FB669A59EB0909E3FBCB
S31502000440639BCDF81890A0FB0709E1FB660AE2FB65
S31502000450650CE3FB64084041EEFB6E0BE1FB67981B
S31502000460E2FB669AE3FB65C95CEB0C0CE4FB64BC3D
S31502000470E2FB6798E3FB66A90022E4FB65A25AEB5E
S315020004800A0AEEFB6ECAE3FB6728E4FB669259EBA7
S315020004900909E5FB65A90023E4FB6738E5FB66323B
S315020004A05B41EEFB6E93E5FB678258EB0808E6FBC1
S315020004B06638AEFB0E45E6FB67426441EEFB6E48CC
S315020004C05241E7FB678252EB0E024FF02606E6FB2D
S315020004D0620E4FEA4E0E4EEAD07E20F000471325FA
S315020004E00EFB05FE03BCE6FB6B0EE6FB6C1E9B4693
S315020004F0A4463CBCE6FB6A2EE6FB693EE6FB6B4E77
S31502000500E6FB6C5E40BC4FF0260CECFB686E774453
S3150200051000BD2DE9004106F0B1F8DDF80080B8F122
S315020005200108CDF80080F6D101B00DF1040888E883
S31502000530FF0000BD08688A68CB680C694D698E6940
S31502000540CF69496870472DE9F14F9246FFF7F2FFEE
S3150200055020F0070047F08047FFB45FF000082DE95E
S3150200056004015146FFF7E6FF27F00047FFB45FF0AC
S315020005700109A8FB08AB4FF0000C2DE9001D2DE97F
S31502000580001EFFB4A8FB08672DE9C01D2DE9C01D9A
S315020005902DE9001EFE20002341091DF1A80252F892
S315020005A0211000F01F04E14001F00101CDE928010C
S315020005B05940D1F1000E4EF6BC42C2F20422126834
S315020005C012F0010F40F02C80684610A94FF0040B80
S315020005D090E83C0091E8C003724002EA0E0A96EAED
S315020005E00A0672407B4003EA0E0A97EA0A077B4034
S315020005F094EA080404EA0E0A98EA0A0894EA080445
S3150200060095EA090505EA0E0A99EA0A0995EA09052B
S315020006103CC0A1E8C003BBF1010BD9D100F0B7B8C9
S31502000620684610A941F29C12C2F200221268012AFF
S3150200063000F04780022A00F07880A0EE10EB90EDE1
S31502000640003F91ED005F02FF546106EF506102FF29
S31502000650562104FF564180ED003F81ED005F90ED8B
S31502000660043F91ED045F02FF546106EF506102FF01
S31502000670562104FF564180ED043F81ED045F90ED63
S31502000680083F91ED085F02FF546106EF506102FFD9
S31502000690562104FF564180ED083F81ED085F90ED3B
S315020006A00C3F91ED0C5F02FF546106EF506102FFB1
S315020006B0562104FF564180ED0C3F81ED0C5F00F0A0
S315020006C066B8EDEE10EA90ED003F91ED005F35FE63
S315020006D0036F33FE054F80ED007F81ED005F90EDE5
S315020006E0043F91ED045F35FE036F33FE054F80ED47
S315020006F0047F81ED045F90ED083F91ED085F35FEC2
S31502000700036F33FE054F80ED087F81ED085F90EDA4
S315020007100C3F91ED0C5F35FE036F33FE054F80ED06
S315020007200C7F81ED0C5F00F032B8EDEE10EA90ED31
S31502000730001F91ED003F33FE014F90ED047F31FE25
S31502000740032F80ED005F91ED041F81ED003F31FE26
S31502000750074F90ED083F37FE010F80ED045F91EDE4
S31502000760087F81ED041F37FE034F90ED0C1F33FE09
S31502000770076F80ED085F91ED0C3F81ED087F33FE38
S31502000780014F80ED0C5F31FE032F81ED0C3FE846F1
S315020007900DF12009FFF7D4FCFFB405F06FFFFFB49B
S315020007A00DF140080DF16009FFF7F6FCFFB405F004
S315020007B065FFFFB4694610AA05F052FF0DF18008E5
S315020007C088E8FF000DF14008E946FFF7E5FC0DF168
S315020007D0400888E8FF00DFF8D0E3DDF81CC04FF0E0
S315020007E0000BEEFB67CB4FEA4B0B0BEBDC7B1327C5
S315020007F00BFB07FB2CF00047BDE80017EEFB608BF6
S31502000800EEFB619BEEFB62ABEEFB63CB07BCEEFB42
S31502000810640BEEFB651BEEFB662B5F4401B087B4EF
S315020008202DE90017694610AA05F01AFF0DF1A00876
S3150200083088E8FF000DF1C0080DF1E009FFF780FC22
S315020008408DE8FF00694608AA05F00AFF0DF12008A7
S3150200085088E8FF000DF1C0080DF1E009FFF79CFCE6
S315020008608DE8FF00694618AA05F0FAFE8DE8FF003A
S31502000870E8460DF12009FFF763FC05F0FFFE0DF1D6
S31502000880C00888E8FF00E8460DF12009FFF784FC5E
S3150200089005F0F4FE8DE8FF00694640AA05F0E0FE89
S315020008A00DF1E00888E8FF0020B0DDE92823501E9C
S315020008B07FF572AE4EF6BC42C2F20422126812F004
S315020008C0020F00F00F80DDF8C8809DE8FF00A8E85F
S315020008D0FF000DF1200999E8FF00A8E8FF0033B0F8
S315020008E0BDE8F08F08A8FFC805F0C8FEFFB405F002
S315020008F0C5FE05F0C3FEFFB418A96A4605F0B0FEB0
S315020009008DE8FF00694608AA05F0AAFE0DF1200847
S3150200091088E8FF0005F0B2FEFFB4694608AA05F0B2
S315020009209FFE0DF1200888E8FF004FF00508FFF74B
S31502000930F0FD694608AA05F093FE0DF1200888E845
S31502000940FF005FF00A08FFF7E4FD694608AA05F012
S3150200095087FE8DE8FF005FF0140888B0FFF7D9FD27
S31502000960694608AA05F07CFE08B05FF00A08FFF7A0
S31502000970D0FD694608AA05F073FE0DF1200888E845
S31502000980FF005FF03208FFF7C4FD694608AA05F0CA
S3150200099067FE8DE8FF005FF0640888B0FFF7B9FDD7
S315020009A0694608AA05F05CFE08B05FF03208FFF758
S315020009B0B0FD694608AA05F053FE5FF00508FFF789
S315020009C0A8FD694610AA05F04BFE8DE8FF006946B0
S315020009D018AA05F045FE4FEAD7784FF0130908FB2F
S315020009E009F84FF0000A08F1130810EB080851EB5A
S315020009F00A0852EB0A0853EB0A0854EB0A0855EBAD
S31502000A000A0856EB0A0857EB0A085AEB0A0B4FEA92
S31502000A10D87848EA4B0808FB09F8DDF8289110EB6C
S31502000A200800C9F8000000204141C9F804104946EF
S31502000A3042414341444145414641474127F000472F
S31502000A408A60CB600C614D618E61CF614BB0BDE8AF
S31502000A50F08F00BFA0EE102B90ED003F91ED005FEE
S31502000A6002FF546106EF506102FF562104FF564110
S31502000A7080ED003F81ED005F90ED043F91ED045F54
S31502000A8002FF546106EF506102FF562104FF5641F0
S31502000A9080ED043F81ED045F90ED083F91ED085F24
S31502000AA002FF546106EF506102FF562104FF5641D0
S31502000AB080ED083F81ED085F90ED0C3F91ED0C5FF4
S31502000AC002FF546106EF506102FF562104FF5641B0
S31502000AD080ED0C3F81ED0C5F7047EDEE102A90ED34
S31502000AE0003F91ED005F35FE036F33FE054F80ED4B
S31502000AF0007F81ED005F90ED043F91ED045F35FECE
S31502000B00036F33FE054F80ED047F81ED045F90EDA8
S31502000B10083F91ED085F35FE036F33FE054F80ED0A
S31502000B20087F81ED085F90ED0C3F91ED0C5F35FE7D
S31502000B30036F33FE054F80ED0C7F81ED0C5F70472E
S31502000B40EDEE102A90ED001F91ED003F33FE014FAE
S31502000B5090ED047F31FE032F80ED005F91ED041FBF
S31502000B6081ED003F31FE074F90ED083F37FE010F42
S31502000B7080ED045F91ED087F81ED041F37FE034F80
S31502000B8090ED0C1F33FE076F80ED085F91ED0C3F71
S31502000B9081ED087F33FE014F80ED0C5F31FE032F9E
S31502000BA081ED0C3F7047000042DB0100B2F1000FFD
S31502000BB0B0F9003018BF4FEA0103A0F800307047C1
S31502000BC02DE9F04F40F2190EF8C9B2E8001FD3FA28
S31502000BD048F3D4FA49F4D5FA4AF5D6FA4BF6D7FAD7
S31502000BE04CF7F8C0BEF1010E7FF4EEAF38C9B2E899
S31502000BF00007D3FA48F3D4FA49F4D5FA4AF538C0CD
S31502000C00BDE8F08F2DE9F04F40F2190EF8C9B2E8AF
S31502000C10001F93FA48F394FA49F495FA4AF596FABC
S31502000C204BF697FA4CF7F8C0BEF1010E7FF4EEAF21
S31502000C3038C9B2E8000793FA48F394FA49F495FAE8
S31502000C404AF538C0BDE8F08F2DE9F04F40F2400E6C
S31502000C5051F8044B52F8046B51F8045B52F8047BCA
S31502000C60D3F804B053F808CB2CFB06FC40F804CBAF
S31502000C7024FB16FC40F804CB2BFB07FC40F804CB04
S31502000C8025FB17FC40F804CBBEF1010E7FF4E0AF62
S31502000C90BDE8F08F2DE9F04F40F2400E51F8044BBB
S31502000CA052F8046BD0F8005053F804CBD0F8047015
S31502000CB02CFB065C40F804CB24FB167B40F804BBF5
S31502000CC051F8044B52F8046BD0F8005053F804CB99
S31502000CD0D0F804702CFB065C40F804CB24FB167B90
S31502000CE040F804BBBEF1010E7FF4D8AFBDE8F08F29
S31502000CF02DE9F04F46F60809C0F601584FF2013ABF
S31502000D00C6F6A83ADDF824B040F2400E51F8044B7C
S31502000D1052F8046B5BF8045B53F804CB5BF8047B74
S31502000D202CFB065505FB0AF515FB389524FB1677B1
S31502000D3007FB0AF717FB3897C7EA254540F8045B15
S31502000D4051F8044B52F8046B5BF8045B53F804CB7E
S31502000D505BF8047B2CFB065505FB0AF515FB38955B
S31502000D6024FB167707FB0AF717FB3897C7EA2545D0
S31502000D7040F8045BBEF1010E7FF4C8AFBDE8F08F08
S31502000D802DE9F04F2DED088AC0F6015CB1EC0F4A51
S31502000D9000F5007E04EE10EA0BEE900AD0F8202051
S31502000DA0D0F82430D0F82840D0F82C50D0F8306053
S31502000DB0D0F83470D0F83880D0F83C9046F6080067
S31502000DC092FA03FED2FA03F394FA05FBD4FA05F576
S31502000DD096FA07F2D6FA07F798FA09F4D8FA09F951
S31502000DE09EFA0BF8DEFA0BFB92FA04F6D2FA04F438
S31502000DF015EE10AA3AFB05FE3AFB15F51EFB1C0E74
S31502000E0015FB1C05C5EA2E4ED3FA4EF593FA4EF3A0
S31502000E103AFB09FE3AFB19F91EFB1C0E19FB1C09CB
S31502000E20C9EA2E4ED7FA4EF997FA4EF798FA06F213
S31502000E30D8FA06F616EE10AA3AFB07FE3AFB17F7A1
S31502000E401EFB1C0E17FB1C07C7EA2E4ED3FA4EF7E3
S31502000E5093FA4EF316EE90AA3AFB04FE3AFB14F40A
S31502000E601EFB1C0E14FB1C04C4EA2E4EDBFA0EF803
S31502000E709BFA0EF417EE10AA3AFB09FE3AFB19F991
S31502000E801EFB1C0E19FB1C09C9EA2E4ED5FA4EF999
S31502000E9095FA4EF518EE10BA3BFB03FE3BFB13F335
S31502000EA01EFB1C0E13FB1C03C3EA2E4318EE90AA6C
S31502000EB019EE10BA3AFB04FE3AFB14F41EFB1C0EA2
S31502000EC014FB1C04C4EA2E443BFB05FE3BFB15F552
S31502000ED01EFB1C0E15FB1C05C5EA2E4519EE90AA33
S31502000EE01AEE10BA3AFB06FE3AFB16F61EFB1C0E6B
S31502000EF016FB1C06C6EA2E463BFB07FE3BFB17F714
S31502000F001EFB1C0E17FB1C07C7EA2E471AEE90AAF9
S31502000F101BEE10BA3AFB08FE3AFB18F81EFB1C0E33
S31502000F2018FB1C08C8EA2E483BFB09FE3BFB19F9D5
S31502000F301EFB1C0E19FB1C09C9EA2E4900EE102ADB
S31502000F4000EE903A01EE104A01EE905A02EE106A55
S31502000F5002EE907A03EE108A03EE909A1BEE900A46
S31502000F60D0F80020D0F80430D0F80840D0F80C5061
S31502000F70D0F81060D0F81470D0F81880D0F81C9011
S31502000F8046F6080092FA03FED2FA03F394FA05FB38
S31502000F90D4FA05F596FA07F2D6FA07F798FA09F49B
S31502000FA0D8FA09F99EFA0BF8DEFA0BFB92FA04F666
S31502000FB0D2FA04F415EE10AA3AFB05FE3AFB15F531
S31502000FC01EFB1C0E15FB1C05C5EA2E4ED3FA4EF56A
S31502000FD093FA4EF33AFB09FE3AFB19F91EFB1C0E75
S31502000FE019FB1C09C9EA2E4ED7FA4EF997FA4EF7A3
S31502000FF098FA06F2D8FA06F616EE10AA3AFB07FE99
S315020010003AFB17F71EFB1C0E17FB1C07C7EA2E4EF0
S31502001010D3FA4EF793FA4EF316EE90AA3AFB04FE73
S315020010203AFB14F41EFB1C0E14FB1C04C4EA2E4EDF
S31502001030DBFA0EF89BFA0EF417EE10AA3AFB09FE3B
S315020010403AFB19F91EFB1C0E19FB1C09C9EA2E4EA6
S31502001050D5FA4EF995FA4EF51BEE900A10EE90BAB5
S3150200106093FA4BFED3FA4BF3C0F804E0C0F82430EF
S3150200107011EE90BA95FA4BFED5FA4BF5C0F80CE094
S31502001080C0F82C5012EE90BA97FA4BFED7FA4BF7ED
S31502001090C0F814E0C0F8347013EE90BA99FA4BFE19
S315020010A0D9FA4BF9C0F81CE0C0F83C9011EE105A80
S315020010B094FA45FED4FA45FBC0F808E0C0F828B019
S315020010C012EE107A96FA47FED6FA47FBC0F810E0FF
S315020010D0C0F830B013EE109A98FA49FED8FA49FBD6
S315020010E0C0F818E0C0F838B010EE103A92FA43FE93
S315020010F0D2FA43FBC0F820B040F840EB14EE10EAF7
S31502001100B0EB0E0F7FF448AEA0F5007003EE100AA6
S31502001110D0F80020D0F84030D0F88040D0F8C05047
S31502001120D0F80061D0F84071D0F88081D0F8C09133
S31502001130B1EC060A46F608004AF6B87AC0F2130A75
S315020011403AFB02FE3AFB12F21EFB1C0E12FB1C02BB
S31502001150C2EA2E423AFB03FE3AFB13F31EFB1C0EB7
S3150200116013FB1C03C3EA2E433AFB04FE3AFB14F4B8
S315020011701EFB1C0E14FB1C04C4EA2E443AFB05FE9D
S315020011803AFB15F51EFB1C0E15FB1C05C5EA2E4582
S315020011903AFB06FE3AFB16F61EFB1C0E16FB1C0657
S315020011A0C6EA2E463AFB07FE3AFB17F71EFB1C0E53
S315020011B017FB1C07C7EA2E473AFB08FE3AFB18F84C
S315020011C01EFB1C0E18FB1C08C8EA2E483AFB09FE39
S315020011D03AFB19F91EFB1C0E19FB1C09C9EA2E491A
S315020011E092FA03FED2FA03F394FA05FBD4FA05F552
S315020011F096FA07F2D6FA07F798FA09F4D8FA09F92D
S315020012009EFA0BF8DEFA0BFB92FA04F6D2FA04F413
S3150200121010EE90AA3AFB05FE3AFB15F51EFB1C0ED4
S3150200122015FB1C05C5EA2E4ED3FA4EF593FA4EF37C
S315020012303AFB09FE3AFB19F91EFB1C0E19FB1C09A7
S31502001240C9EA2E4ED7FA4EF997FA4EF798FA06F2EF
S31502001250D8FA06F611EE90AA3AFB07FE3AFB17F702
S315020012601EFB1C0E17FB1C07C7EA2E4ED3FA4EF7BF
S3150200127093FA4EF312EE10AA3AFB04FE3AFB14F46A
S315020012801EFB1C0E14FB1C04C4EA2E4EDBFA0EF8DF
S315020012909BFA0EF412EE90AA3AFB09FE3AFB19F9F2
S315020012A01EFB1C0E19FB1C09C9EA2E4ED5FA4EF975
S315020012B095FA4EF5F1E802AB3AFB02FE3AFB12F260
S315020012C01EFB1C0E12FB1C02C2EA2E423BFB03FE55
S315020012D03BFB13F31EFB1C0E13FB1C03C3EA2E433C
S315020012E0F1E802AB3AFB04FE3AFB14F41EFB1C0EB9
S315020012F014FB1C04C4EA2E443BFB05FE3BFB15F51E
S315020013001EFB1C0E15FB1C05C5EA2E45F1E802ABB9
S315020013103AFB06FE3AFB16F61EFB1C0E16FB1C06D5
S31502001320C6EA2E463BFB07FE3BFB17F71EFB1C0ECF
S3150200133017FB1C07C7EA2E47F1E802AB3AFB08FE89
S315020013403AFB18F81EFB1C0E18FB1C08C8EA2E48AE
S315020013503BFB09FE3BFB19F91EFB1C0E19FB1C0984
S31502001360C9EA2E4913EE100AC0F80061C0F84071AE
S31502001370C0F88081C0F8C091C0F84030C0F8804003
S31502001380C0F8C05040F8042B00F13C0E07EE10EAFC
S3150200139003EE100AD0F80020D0F84030D0F8804092
S315020013A0D0F8C050D0F80061D0F84071D0F88081F2
S315020013B0D0F8C09146F6080051F804AB3AFB03FE9A
S315020013C03AFB13F31EFB1C0E13FB1C03C3EA2E4E41
S315020013D0D2FA4EF392FA4EF23AFB05FE3AFB15F5B5
S315020013E01EFB1C0E15FB1C05C5EA2E4ED4FA4EF545
S315020013F094FA4EF43AFB07FE3AFB17F71EFB1C0E55
S3150200140017FB1C07C7EA2E4ED6FA4EF796FA4EF689
S315020014103AFB09FE3AFB19F91EFB1C0E19FB1C09C5
S31502001420C9EA2E4ED8FA4EF998FA4EF8F1E802AB0E
S315020014303AFB04FE3AFB14F41EFB1C0E14FB1C04BE
S31502001440C4EA2E4ED2FA4EF492FA4EF23BFB05FE57
S315020014503BFB15F51EFB1C0E15FB1C05C5EA2E4EA5
S31502001460D3FA4EF593FA4EF33AFB08FE3AFB18F816
S315020014701EFB1C0E18FB1C08C8EA2E4ED6FA4EF8A6
S3150200148096FA4EF63BFB09FE3BFB19F91EFB1C0EB8
S3150200149019FB1C09C9EA2E4ED7FA4EF997FA4EF7EE
S315020014A0F1E802AB3AFB06FE3AFB16F61EFB1C0EF1
S315020014B016FB1C06C6EA2E4ED2FA4EF692FA4EF2E9
S315020014C03BFB07FE3BFB17F71EFB1C0E17FB1C071D
S315020014D0C7EA2E4ED3FA4EF793FA4EF3F1E802AB71
S315020014E03AFB08FE3AFB18F81EFB1C0E18FB1C08FA
S315020014F0C8EA2E4ED4FA4EF894FA4EF43BFB09FE95
S315020015003BFB19F91EFB1C0E19FB1C09C9EA2E4EE0
S31502001510D5FA4EF995FA4EF5F1E802AB3AFB02FE20
S315020015203AFB12F21EFB1C0E12FB1C02C2EA2E42F0
S315020015303BFB03FE3BFB13F31EFB1C0E13FB1C03C0
S31502001540C3EA2E43F1E802AB3AFB04FE3AFB14F47B
S315020015501EFB1C0E14FB1C04C4EA2E443BFB05FEB8
S315020015603BFB15F51EFB1C0E15FB1C05C5EA2E459D
S31502001570F1E802AB3AFB06FE3AFB16F61EFB1C0E20
S3150200158016FB1C06C6EA2E463BFB07FE3BFB17F77D
S315020015901EFB1C0E17FB1C07C7EA2E47F1E802AB1F
S315020015A03AFB08FE3AFB18F81EFB1C0E18FB1C0839
S315020015B0C8EA2E483BFB09FE3BFB19F91EFB1C0E33
S315020015C019FB1C09C9EA2E4913EE100AC0F800617C
S315020015D0C0F84071C0F88081C0F8C091C0F84030B0
S315020015E0C0F88040C0F8C05040F8042B17EE10EA4D
S315020015F0B0EB0E0F7FF4CCAEBDEC088ABDE8F08FDF
S315020016002DE9F04F2DED098AC0F6015CB1EC0F4AC7
S3150200161000F1200E0CEE10EA0BEE900AD0F8202014
S31502001620D0F86030D0F8A040D0F8E050D0F8206171
S31502001630D0F86071D0F8A081D0F8E09146F60800A3
S3150200164014EE10AA3AFB06FE3AFB16F61EFB1C0E19
S3150200165016FB1C06C6EA2E4ED2FA4EF692FA4EF247
S315020016603AFB07FE3AFB17F71EFB1C0E17FB1C077D
S31502001670C7EA2E4ED3FA4EF793FA4EF33AFB08FE1A
S315020016803AFB18F81EFB1C0E18FB1C08C8EA2E4E65
S31502001690D4FA4EF894FA4EF43AFB09FE3AFB19F9DB
S315020016A01EFB1C0E19FB1C09C9EA2E4ED5FA4EF971
S315020016B095FA4EF514EE90AA15EE10BA3AFB04FE10
S315020016C03AFB14F41EFB1C0E14FB1C04C4EA2E4E39
S315020016D0D2FA4EF492FA4EF23AFB05FE3AFB15F5B1
S315020016E01EFB1C0E15FB1C05C5EA2E4ED3FA4EF543
S315020016F093FA4EF33BFB08FE3BFB18F81EFB1C0E4F
S3150200170018FB1C08C8EA2E4ED6FA4EF896FA4EF682
S315020017103BFB09FE3BFB19F91EFB1C0E19FB1C09C0
S31502001720C9EA2E4ED7FA4EF997FA4EF715EE90AA57
S3150200173016EE10BA3AFB03FE3AFB13F31EFB1C0E1F
S3150200174013FB1C03C3EA2E4ED2FA4EF392FA4EF262
S315020017503BFB05FE3BFB15F51EFB1C0E15FB1C0594
S31502001760C5EA2E4ED4FA4EF594FA4EF416EE90AA27
S3150200177017EE10BA3AFB07FE3AFB17F71EFB1C0ED2
S3150200178017FB1C07C7EA2E4ED6FA4EF796FA4EF606
S315020017903BFB09FE3BFB19F91EFB1C0E19FB1C0940
S315020017A0C9EA2E4ED8FA4EF998FA4EF817EE90AAD2
S315020017B018EE10BA3AFB02FE3AFB12F21EFB1C0EA0
S315020017C012FB1C02C2EA2E423BFB03FE3BFB13F357
S315020017D01EFB1C0E13FB1C03C3EA2E4318EE90AA33
S315020017E019EE10BA3AFB04FE3AFB14F41EFB1C0E69
S315020017F014FB1C04C4EA2E443BFB05FE3BFB15F519
S315020018001EFB1C0E15FB1C05C5EA2E4519EE90AAF9
S315020018101AEE10BA3AFB06FE3AFB16F61EFB1C0E31
S3150200182016FB1C06C6EA2E463BFB07FE3BFB17F7DA
S315020018301EFB1C0E17FB1C07C7EA2E471AEE90AAC0
S315020018401BEE10BA3AFB08FE3AFB18F81EFB1C0EFA
S3150200185018FB1C08C8EA2E483BFB09FE3BFB19F99C
S315020018601EFB1C0E19FB1C09C9EA2E4900EE102AA2
S3150200187000EE903A01EE104A01EE905A02EE106A1C
S3150200188002EE907A03EE108A03EE909A1BEE900A0D
S31502001890D0F80020D0F84030D0F88040D0F8C050C0
S315020018A0D0F80061D0F84071D0F88081D0F8C091AC
S315020018B046F6080014EE10AA3AFB06FE3AFB16F6A6
S315020018C01EFB1C0E16FB1C06C6EA2E4ED2FA4EF65E
S315020018D092FA4EF23AFB07FE3AFB17F71EFB1C0E74
S315020018E017FB1C07C7EA2E4ED3FA4EF793FA4EF3AE
S315020018F03AFB08FE3AFB18F81EFB1C0E18FB1C08E6
S31502001900C8EA2E4ED4FA4EF894FA4EF43AFB09FE81
S315020019103AFB19F91EFB1C0E19FB1C09C9EA2E4ECD
S31502001920D5FA4EF995FA4EF514EE90AA15EE10BABE
S315020019303AFB04FE3AFB14F41EFB1C0E14FB1C04B9
S31502001940C4EA2E4ED2FA4EF492FA4EF23AFB05FE53
S315020019503AFB15F51EFB1C0E15FB1C05C5EA2E4EA1
S31502001960D3FA4EF593FA4EF33BFB08FE3BFB18F80F
S315020019701EFB1C0E18FB1C08C8EA2E4ED6FA4EF8A1
S3150200198096FA4EF63BFB09FE3BFB19F91EFB1C0EB3
S3150200199019FB1C09C9EA2E4ED7FA4EF997FA4EF7E9
S315020019A015EE90AA16EE10BA3AFB03FE3AFB13F3B3
S315020019B01EFB1C0E13FB1C03C3EA2E4ED2FA4EF379
S315020019C092FA4EF23BFB05FE3BFB15F51EFB1C0E87
S315020019D015FB1C05C5EA2E4ED4FA4EF594FA4EF4C2
S315020019E016EE90AA17EE10BA3AFB07FE3AFB17F765
S315020019F01EFB1C0E17FB1C07C7EA2E4ED6FA4EF725
S31502001A0096FA4EF63BFB09FE3BFB19F91EFB1C0E32
S31502001A1019FB1C09C9EA2E4ED8FA4EF998FA4EF865
S31502001A201BEE900A10EE90AA93FA4AFED3FA4AF3F4
S31502001A30C0F840E0C0F8603011EE90AA95FA4AFE6E
S31502001A40D5FA4AF5C0F8C0E0C0F8E05012EE90AA06
S31502001A5097FA4AFED7FA4AF7C0F840E1C0F8607131
S31502001A6013EE90AA99FA4AFED9FA4AF9C0F8C0E1E9
S31502001A70C0F8E09111EE105A94FA45FED4FA45FAEE
S31502001A80C0F880E0C0F8A0A012EE107A96FA47FEDF
S31502001A90D6FA47FAC0F800E1C0F820A113EE109A70
S31502001AA098FA49FED8FA49FAC0F880E1C0F8A0A12E
S31502001AB010EE103A92FA43FED2FA43FAC0F820A088
S31502001AC040F804EB1CEE10EAB0EB0E0F7FF4A4AD67
S31502001AD0A0F1200000F5007E06EE90EA0BEE900AD9
S31502001AE0D0F80020D0F80430D0F80840D0F80C50D6
S31502001AF0D0F81060D0F81470D0F81880D0F81C9086
S31502001B0046F6080051F804AB3AFB06FE3AFB16F617
S31502001B101EFB1C0E16FB1C06C6EA2E4ED2FA4EF60B
S31502001B2092FA4EF23AFB07FE3AFB17F71EFB1C0E21
S31502001B3017FB1C07C7EA2E4ED3FA4EF793FA4EF35B
S31502001B403AFB08FE3AFB18F81EFB1C0E18FB1C0893
S31502001B50C8EA2E4ED4FA4EF894FA4EF43AFB09FE2F
S31502001B603AFB19F91EFB1C0E19FB1C09C9EA2E4E7B
S31502001B70D5FA4EF995FA4EF5F1E802AB3AFB04FEB8
S31502001B803AFB14F41EFB1C0E14FB1C04C4EA2E4E74
S31502001B90D2FA4EF492FA4EF23AFB05FE3AFB15F5EC
S31502001BA01EFB1C0E15FB1C05C5EA2E4ED3FA4EF57E
S31502001BB093FA4EF33BFB08FE3BFB18F81EFB1C0E8A
S31502001BC018FB1C08C8EA2E4ED6FA4EF896FA4EF6BE
S31502001BD03BFB09FE3BFB19F91EFB1C0E19FB1C09FC
S31502001BE0C9EA2E4ED7FA4EF997FA4EF7F1E802AB4A
S31502001BF03AFB03FE3AFB13F31EFB1C0E13FB1C03FC
S31502001C00C3EA2E4ED2FA4EF392FA4EF23BFB05FE91
S31502001C103BFB15F51EFB1C0E15FB1C05C5EA2E4EDD
S31502001C20D4FA4EF594FA4EF4F1E802AB3AFB07FE0B
S31502001C303AFB17F71EFB1C0E17FB1C07C7EA2E4EB4
S31502001C40D6FA4EF796FA4EF63BFB09FE3BFB19F91E
S31502001C501EFB1C0E19FB1C09C9EA2E4ED8FA4EF9B8
S31502001C6098FA4EF81BEE900AC0F81060C0F814708D
S31502001C70C0F81880C0F81C90C0F80430C0F80840BC
S31502001C80C0F80C5040F8202B16EE90EAB0EB0E0F7F
S31502001C907FF424AFBDEC098ABDE8F08F2DE9FF4F32
S31502001CA046F6080B40F6015A4FF2013CC6F6A83C2E
S31502001CB040F20009DDF83440DDF838700DEE107A96
S31502001CC0DDF83C700DEE907A40F2000E08EE903A86
S31502001CD033F8025B13F8016BC5F3033747EA0616BE
S31502001CE0C5F30B05C6F30B06B5EB0A0F80F04E8063
S31502001CF022F8025B09F10109B9F1040F40F04680AE
S31502001D00A2F1080209EE103A09EE90EA0AEE106A0A
S31502001D101DEE908A51F8043BD2F8009054F804EB79
S31502001D203EFB13F515FB0AB5C3EA050548F8045B45
S31502001D3015FB39F613FB096623FB19F5C0F80450A7
S31502001D4040F8086BCEF1000E51F8043BD2F804902D
S31502001D503EFB13F515FB0AB5C3EA050548F8045B15
S31502001D6015FB39F613FB096623FB19F5C0F8045077
S31502001D7040F8086B0DEE908A19EE103A19EE90EAC9
S31502001D801AEE106A0EF1010E40F20009B6EB0A0FC6
S31502001D9080F04E80BEF1400F80F24A8022F8026B3C
S31502001DA009F10109B9F1040F40F04280A2F10802DB
S31502001DB009EE103A09EE90EA1DEE908A51F8043BBC
S31502001DC0D2F8009054F804EB3EFB13F515FB0AB566
S31502001DD0C3EA050548F8045B15FB39F613FB0966E9
S31502001DE023FB19F5C0F8045040F8086BCEF1000E3B
S31502001DF051F8043BD2F804903EFB13F515FB0AB5E5
S31502001E00C3EA050548F8045B15FB39F613FB0966B8
S31502001E1023FB19F5C0F8045040F8086B0DEE908AC2
S31502001E2019EE103A19EE90EA0EF1010E40F200098F
S31502001E3018EE907A07F1A80703F10308B8EB070F2B
S31502001E4040F32380BEF1400F80F21F8018EE903AD5
S31502001E5008EE10CA09EE100A09EE901A0AEE102AC6
S31502001E600AEE90EA184640F201011DEE102A04F02D
S31502001E7087FE18EE10CA19EE100A19EE901A1AEE1B
S31502001E80102A1AEE90EA18EE903ABEF1400FFFF6CB
S31502001E901FAFBDE8FF8F00BF2DE9FF4F46F6080BC7
S31502001EA040F6015A4FF2013CC6F6A83C40F2000940
S31502001EB0DDF83440DDF838700DEE107ADDF83C704E
S31502001EC00DEE907A40F2000E08EE903A33F8025B7D
S31502001ED013F8016BC5F3033747EA0616C5F30B057C
S31502001EE0C6F30B06B5EB0A0F80F0548022F8025BAC
S31502001EF009F10109B9F1040F40F04C80A2F1080280
S31502001F0009EE103A09EE90EA0AEE106A1DEE908A80
S31502001F1051F8043BD2F80090076854F804EB3EFBF4
S31502001F2013F515FB0AB5C3EA050548F8045B15FB6C
S31502001F30397513FB095740F8047BD0F8007023FB70
S31502001F40197740F8047BCEF1000E51F8043BD2F823
S31502001F50049007683EFB13F515FB0AB5C3EA0505AF
S31502001F6048F8045B15FB397513FB095740F8047BE7
S31502001F70D0F8007023FB197740F8047B0DEE908AA7
S31502001F8019EE103A19EE90EA1AEE106A0EF1010EE7
S31502001F9040F20009B6EB0A0F80F05480BEF1400F02
S31502001FA080F2508022F8026B09F10109B9F1040F9F
S31502001FB040F04880A2F1080209EE103A09EE90EAD2
S31502001FC01DEE908A51F8043BD2F80090076854F847
S31502001FD004EB3EFB13F515FB0AB5C3EA050548F803
S31502001FE0045B15FB397513FB095740F8047BD0F8DF
S31502001FF0007023FB197740F8047BCEF1000E51F8EE
S31502002000043BD2F8049007683EFB13F515FB0AB5AC
S31502002010C3EA050548F8045B15FB397513FB095736
S3150200202040F8047BD0F8007023FB197740F8047B54
S315020020300DEE908A19EE103A19EE90EA0EF1010EA3
S3150200204040F2000918EE907A07F1A80703F1030897
S31502002050B8EB070F40F32380BEF1400F80F21F80DA
S3150200206018EE903A08EE10CA09EE100A09EE901A16
S315020020700AEE102A0AEE90EA184640F201011DEE17
S31502002080102A04F07DFD18EE10CA19EE100A19EE98
S31502002090901A1AEE102A1AEE90EA18EE903ABEF14B
S315020020A0400FFFF613AFBDE8FF8F00BF2DE9FF4FCC
S315020020B046F6080B40F6015A4FF2013CC6F6A83C1A
S315020020C040F20009DDF83440DDF838700DEE107A82
S315020020D0DDF83C700DEE907A0EEE100A0EEE900AC6
S315020020E0DDF8400040F2000E08EE903A33F8025B4B
S315020020F013F8016BC5F3033747EA0616C5F30B055A
S31502002100C6F30B06B5EB0A0F80F06A8022F8025B73
S3150200211009F10109B9F1040F40F06280A2F1080247
S3150200212009EE103A09EE90EA0AEE106A1DEE908A5E
S3150200213051F8043BD2F8009050F8047B54F804EBB3
S315020021403EFB13F515FB0AB5C3EA050548F8045B21
S3150200215015FB397513FB095606FB0CF616FB2AB658
S3150200216050F8045B23FB195505FB0CF515FB2AB544
S31502002170C5EA26471EEE106A46F8047BCEF1000E2B
S3150200218051F8043BD2F804903EFB13F515FB0AB551
S31502002190C3EA050550F8047B48F8045B15FB39755C
S315020021A013FB095505FB0CF515FB2AB550F8047B04
S315020021B023FB197707FB0CF717FB2AB7C7EA254754
S315020021C046F8047B0EEE106A0DEE908A19EE103A6E
S315020021D019EE90EA1AEE106A0EF1010E40F20009AB
S315020021E0B6EB0A0F80F06A80BEF1400F80F266807D
S315020021F022F8026B09F10109B9F1040F40F05E8081
S31502002200A2F1080209EE103A09EE90EA1DEE908A52
S3150200221051F8043BD2F8009050F8047B54F804EBD2
S315020022203EFB13F515FB0AB5C3EA050548F8045B40
S3150200223015FB397513FB095606FB0CF616FB2AB677
S3150200224050F8045B23FB195505FB0CF515FB2AB563
S31502002250C5EA26471EEE106A46F8047BCEF1000E4A
S3150200226051F8043BD2F804903EFB13F515FB0AB570
S31502002270C3EA050550F8047B48F8045B15FB39757B
S3150200228013FB095505FB0CF515FB2AB550F8047B23
S3150200229023FB197707FB0CF717FB2AB7C7EA254773
S315020022A046F8047B0EEE106A0DEE908A19EE103A8D
S315020022B019EE90EA0EF1010E40F2000918EE907A3C
S315020022C007F1A80703F10308B8EB070F40F32380D1
S315020022D0BEF1400F80F21F8018EE903A08EE10CA47
S315020022E009EE100A09EE901A0AEE102A0AEE90EA90
S315020022F0184640F201011DEE102A04F041FC18EEC8
S3150200230010CA19EE100A19EE901A1AEE102A1AEECF
S3150200231090EA18EE903ABEF1400FFFF6E7AE1EEED7
S31502002320900ABDE8FF8F00BF2DE9FF4F46F6080B66
S3150200233040F6015A4FF2013CC6F6A83C40F20009AB
S31502002340DDF834700DEE107ADDF838700DEE907A05
S3150200235040F2000E08EE903A33F8025B13F8016B76
S31502002360C5F3033747EA0616C5F30B05C6F30B0694
S31502002370B5EB0A0F80F03A8022F8025B09F10109F7
S31502002380B9F1040F40F03280A2F1080209EE103AC8
S3150200239009EE90EA0AEE106A1DEE908A51F8043BA5
S315020023A0D2F8009051F8045BD2F8046058F804EBB6
S315020023B02EFB09F723FB19F440F8047B40F8044B83
S315020023C058F8047B27FB06FE25FB16F440F804EBBF
S315020023D040F8044B0DEE908A19EE103A19EE90EA87
S315020023E01AEE106A0EF1010E40F20009B6EB0A0F60
S315020023F080F03A80BEF1400F80F2368022F8026BFE
S3150200240009F10109B9F1040F40F02E80A2F1080288
S3150200241009EE103A09EE90EA1DEE908A51F8043B55
S31502002420D2F8009051F8045BD2F8046058F804EB35
S315020024302EFB09F723FB19F440F8047B40F8044B02
S3150200244058F8047B27FB06FE25FB16F440F804EB3E
S3150200245040F8044B0DEE908A19EE103A19EE90EA06
S315020024600EF1010E40F2000918EE907A07F1A80764
S3150200247003F10308B8EB070F40F32380BEF1400FC8
S3150200248080F21F8018EE903A08EE10CA09EE100A82
S3150200249009EE901A0AEE102A0AEE90EA184640F25F
S315020024A001011DEE102A04F06BFB18EE10CA19EE9C
S315020024B0100A19EE901A1AEE102A1AEE90EA18EE7F
S315020024C0903ABEF1400FFFF647AFBDE8FF8F00BF5F
S315020024D02DE9FF4F46F6080B40F6015A4FF2013C32
S315020024E0C6F6A83C40F20009DDF834700DEE107A0B
S315020024F0DDF838700DEE907A40F2000E08EE903A52
S3150200250033F8025B13F8016BC5F3033747EA061685
S31502002510C5F30B05C6F30B06B5EB0A0F80F0418037
S3150200252022F8025B09F10109B9F1040F40F0398082
S31502002530A2F1080209EE103A09EE90EA0AEE106AD2
S315020025401DEE908A51F8043BD2F8009051F8045BD4
S31502002550D2F80460D0F80070D0F804E058F8044BC2
S3150200256024FB097723FB19EEC0F804E040F8087B48
S3150200257058F8044B0768D0F804E024FB067725FBDD
S3150200258016EEC0F804E040F8087B0DEE908A19EECC
S31502002590103A19EE90EA1AEE106A0EF1010E40F2A6
S315020025A00009B6EB0A0F80F04180BEF1400F80F2BF
S315020025B03D8022F8026B09F10109B9F1040F40F0DE
S315020025C03580A2F1080209EE103A09EE90EA1DEEF4
S315020025D0908A51F8043BD2F8009051F8045BD2F885
S315020025E00460D0F80070D0F804E058F8044B24FBDD
S315020025F0097723FB19EEC0F804E040F8087B58F887
S31502002600044B0768D0F804E024FB067725FB16EE98
S31502002610C0F804E040F8087B0DEE908A19EE103AF5
S3150200262019EE90EA0EF1010E40F2000918EE907AC8
S3150200263007F1A80703F10308B8EB070F40F323805D
S31502002640BEF1400F80F21F8018EE903A08EE10CAD3
S3150200265009EE100A09EE901A0AEE102A0AEE90EA1C
S31502002660184640F201011DEE102A04F089FA18EE0E
S3150200267010CA19EE100A19EE901A1AEE102A1AEE5C
S3150200268090EA18EE903ABEF1400FFFF639AFBDE878
S31502002690FF8F00BF2DE9FF4F46F6080B40F6015AA1
S315020026A04FF2013CC6F6A83C40F20009DDF8347050
S315020026B00DEE107ADDF838700DEE907A0EEE100AF5
S315020026C00EEE900ADDF83C0040F2000E08EE903A5B
S315020026D033F8025B13F8016BC5F3033747EA0616B4
S315020026E0C5F30B05C6F30B06B5EB0A0F80F0568051
S315020026F022F8025B09F10109B9F1040F40F04E809C
S31502002700A2F1080209EE103A09EE90EA0AEE106A00
S315020027101DEE908A51F8043BD2F8009051F8045B02
S31502002720D2F80460D0F804E050F8087B58F8044B5D
S3150200273024FB097707FB0CF717FB2AB723FB19EED5
S315020027400EFB0CFE1EFB2ABECEEA27471EEE103AF1
S3150200275043F8047B58F8044BD0F804E050F8087BA1
S3150200276024FB067707FB0CF717FB2AB725FB16EEA9
S315020027700EFB0CFE1EFB2ABECEEA274743F8047B5D
S315020027800EEE103A0DEE908A19EE103A19EE90EA14
S315020027901AEE106A0EF1010E40F20009B6EB0A0FAC
S315020027A080F05680BEF1400F80F2528022F8026B12
S315020027B009F10109B9F1040F40F04A80A2F10802B9
S315020027C009EE103A09EE90EA1DEE908A51F8043BA2
S315020027D0D2F8009051F8045BD2F80460D0F804E015
S315020027E050F8087B58F8044B24FB097707FB0CF7D3
S315020027F017FB2AB723FB19EE0EFB0CFE1EFB2ABEA5
S31502002800CEEA27471EEE103A43F8047B58F8044BEB
S31502002810D0F804E050F8087B24FB067707FB0CF798
S3150200282017FB2AB725FB16EE0EFB0CFE1EFB2ABE75
S31502002830CEEA274743F8047B0EEE103A0DEE908A55
S3150200284019EE103A19EE90EA0EF1010E40F2000965
S3150200285018EE907A07F1A80703F10308B8EB070F01
S3150200286040F32380BEF1400F80F21F8018EE903AAB
S3150200287008EE10CA09EE100A09EE901A0AEE102A9C
S315020028800AEE90EA184640F201011DEE102A04F003
S3150200289077F918EE10CA19EE100A19EE901A1AEE06
S315020028A0102A1AEE90EA18EE903ABEF1400FFFF6A1
S315020028B00FAF1EEE900ABDE8FF8F00BF2DE9F04173
S315020028C0074690B000F500764FF0040E3C46E84607
S315020028D04EF001E007F14005C44620686168A2682F
S315020028E0E36808F11008ACE80F0010340FF00DC0D1
S315020028F0EC46384600244FF0040E024600234EF002
S3150200290001E05CF82310043342F8041B0FF007C8F9
S315020029100134042C00F110000CF1040CEBD1B54289
S315020029202F46D1D110B0BDE8F08100BF2DE9F04F9E
S3150200293046F6080AC0F601594FF2013BC6F6A83B15
S3150200294000F5806E53F804CB92F80260B2F8037079
S3150200295092F8058032F8064BC4F30335C4F30B0430
S3150200296045EA061544EA0544C7F30335C7F30B06E1
S3150200297045EA081546EA054551F8046B51F8047B09
S315020029803CFB14F818FB19A816FB38F816FB04884A
S3150200299040F8048B26FB14F840F8048BCCF1000CAB
S315020029A03CFB15F818FB19A817FB38F817FB058826
S315020029B040F8048B27FB15F840F8048BB0EB0E0F9A
S315020029C07FF4C0AFBDE8F08F2DE9F04F46F6080A56
S315020029D0C0F601594FF2013BC6F6A83B00F5806EE0
S315020029E053F804CB92F80260B2F8037092F80580AD
S315020029F032F8064BC4F30335C4F30B0445EA061555
S31502002A0044EA0544C7F30335C7F30B0645EA08153E
S31502002A1046EA054551F8048B06683CFB14F717FB9A
S31502002A2019A718FB376718FB047740F8047B06687A
S31502002A3028FB146740F8047BCCF1000C51F8048B98
S31502002A4006683CFB15F717FB19A718FB376718FB37
S31502002A50057740F8047B066828FB156740F8047B77
S31502002A60B0EB0E0F7FF4BCAFBDE8F08F2DE9F04F4F
S31502002A7046F6080AC0F601594FF2013BC6F6A83BD4
S31502002A80DDF8246000EE906A06F5806E53F804CBFA
S31502002A9092F80260B2F8037092F8058032F8064B9B
S31502002AA0C4F30335C4F30B0445EA061544EA0544A8
S31502002AB0C7F30335C7F30B0645EA081546EA05458B
S31502002AC001EE103A10EE903A51F8048B53F8046B6B
S31502002AD03CFB14F717FB19A718FB376718FB04779B
S31502002AE007FB0BF717FB39A753F8046B28FB146691
S31502002AF006FB0BF616FB39A6C6EA274640F8046B18
S31502002B00CCF1000C51F8048B53F8046B3CFB15F71F
S31502002B1017FB19A718FB376718FB057707FB0BF797
S31502002B2017FB39A753F8046B28FB156606FB0BF651
S31502002B3016FB39A6C6EA274640F8046B00EE903A21
S31502002B40B3EB0E0F11EE103A7FF4A0AFBDE8F08F93
S31502002B502DE9F04F44F6BF6A40F6015B40F21009D8
S31502002B6090E8FE0111FB0AFC11FB2AFE4FEAAC6C4F
S31502002B704FEAAE6E1CFB0BFC1EFB0BFECCEA0E4CA8
S31502002B80D1FA4CF112FB0AFC12FB2AFE4FEAAC6C9C
S31502002B904FEAAE6E1CFB0BFC1EFB0BFECCEA0E4C88
S31502002BA0D2FA4CF213FB0AFC13FB2AFE4FEAAC6C78
S31502002BB04FEAAE6E1CFB0BFC1EFB0BFECCEA0E4C68
S31502002BC0D3FA4CF314FB0AFC14FB2AFE4FEAAC6C54
S31502002BD04FEAAE6E1CFB0BFC1EFB0BFECCEA0E4C48
S31502002BE0D4FA4CF415FB0AFC15FB2AFE4FEAAC6C30
S31502002BF04FEAAE6E1CFB0BFC1EFB0BFECCEA0E4C28
S31502002C00D5FA4CF516FB0AFC16FB2AFE4FEAAC6C0B
S31502002C104FEAAE6E1CFB0BFC1EFB0BFECCEA0E4C07
S31502002C20D6FA4CF617FB0AFC17FB2AFE4FEAAC6CE7
S31502002C304FEAAE6E1CFB0BFC1EFB0BFECCEA0E4CE7
S31502002C40D7FA4CF718FB0AFC18FB2AFE4FEAAC6CC3
S31502002C504FEAAE6E1CFB0BFC1EFB0BFECCEA0E4CC7
S31502002C60D8FA4CF8A0E8FE01B9F101097FF478AF71
S31502002C70BDE8F08F2DE9F04F46F6080CC0F6015B71
S31502002C8044F6AC7AC9F2F47A40F2100990E8FE01F1
S31502002C903AFB01FE3AFB11F11EFB1BCE11FB1BC1D7
S31502002CA0C1EA2E413AFB02FE3AFB12F21EFB1BCE92
S31502002CB012FB1BC2C2EA2E423AFB03FE3AFB13F395
S31502002CC01EFB1BCE13FB1BC3C3EA2E433AFB04FEB9
S31502002CD03AFB14F41EFB1BCE14FB1BC4C4EA2E449F
S31502002CE03AFB05FE3AFB15F51EFB1BCE15FB1BC573
S31502002CF0C5EA2E453AFB06FE3AFB16F61EFB1BCE2E
S31502002D0016FB1BC6C6EA2E463AFB07FE3AFB17F728
S31502002D101EFB1BCE17FB1BC7C7EA2E473AFB08FE54
S31502002D203AFB18F81EFB1BCE18FB1BC8C8EA2E4836
S31502002D30A0E8FE01B9F101097FF4A8AFBDE8F08F62
S31502002D40704700BFAFF30080AFF30080AFF300809F
S31502002D50AFF30080AFF30080AFF30080AFF30080E3
S31502002D60AFF30080AFF30080AFF30080AFF30080D3
S31502002D70AFF30080AFF30080AFF30080AFF30080C3
S31502002D80000000000000000000000000000000003B
S31502002D90000000000000000000000000000000002B
S31502002DA0000000000000000000000000000000001B
S31502002DB0000000000000000000000000000000000B
S31502002DC000000000000000000000000000000000FB
S31502002DD000000000000000000000000000000000EB
S31502002DE000000000000000000000000000000000DB
S31502002DF000000000000000000000000000000000CB
S31502002E0000000000000000000000000000000000BA
S31502002E1000000000000000000000000000000000AA
S31502002E20000000000000000000000000000000009A
S31502002E30000000000000000000000000000000008A
S31502002E4003B32DE9F04122F00704001912F007023C
S31502002E500BD01C00C2F10805AC4200DD2C00A3EB2E
S31502002E600408230000F0ECF84346DA0804D098463A
S31502002E7000F066F808F0070313B1002200F0E0F84C
S31502002E80BDE8F081704700BFAFF30080AFF300806A
S31502002E90AFF30080AFF30080AFF30080AFF30080A2
S31502002EA0AFF30080AFF30080AFF30080AFF3008092
S31502002EB0AFF30080AFF30080AFF30080AFF3008082
S31502002EC000000000000000000000000000000000FA
S31502002ED000000000000000000000000000000000EA
S31502002EE000000000000000000000000000000000DA
S31502002EF000000000000000000000000000000000CA
S31502002F0000000000000000000000000000000000B9
S31502002F1000000000000000000000000000000000A9
S31502002F200000000000000000000000000000000099
S31502002F300000000000000000000000000000000089
S31502002F4051F8044B51F8045BD0E9006704F055339D
S31502002F5043EA530303F0333343EA930303F00F3395
S31502002F6043EA131303F0FF1363F30F2386EA1326D0
S31502002F7005F0553343EA530303F0333343EA93032D
S31502002F8003F00F3343EA131303F0FF1343EA132349
S31502002F9086EA034604F0AA3343EA430303F0CC333A
S31502002FA043EA830303F0F03343EA031303F0FF23F8
S31502002FB043EA032387EA134705F0AA3343EA4303A6
S31502002FC003F0CC3343EA830303F0F03343EA0313FB
S31502002FD003F0FF2343EA03236FF30F035F40E0E8A6
S31502002FE00267013AACD17047AFF30080AFF30080BD
S31502002FF0AFF30080AFF30080AFF30080AFF3008041
S3150200300000000000000000000000000000000000B8
S3150200301000000000000000000000000000000000A8
S315020030200000000000000000000000000000000098
S315020030300000000000000000000000000000000088
S315020030400024002530B46A4411F8015B02F8015BE2
S31502003050013BF9D130BCD0E9006704F0553343EAAD
S31502003060530303F0333343EA930303F00F3343EA84
S31502003070131303F0FF1363F30F2386EA132605F0F7
S31502003080553343EA530303F0333343EA930303F01E
S315020030900F3343EA131303F0FF1343EA132386EABB
S315020030A0034604F0AA3343EA430303F0CC3343EA6C
S315020030B0830303F0F03343EA031303F0FF2343EAE7
S315020030C0032387EA134705F0AA3343EA430303F0CF
S315020030D0CC3343EA830303F0F03343EA031303F0EA
S315020030E0FF2343EA03236FF30F035F40E0E802671F
S315020030F0704700BFAFF30080AFF30080AFF30080EC
S3150200310000000000000000000000000000000000B7
S3150200311000000000000000000000000000000000A7
S315020031200000000000000000000000000000000097
S315020031300000000000000000000000000000000087
S3150200314003B32DE9F04122F00704001912F0070239
S315020031500BD01C00C2F10805AC4200DD2C00A3EB2B
S315020031600408230000F0ECF84346DA0804D0984637
S3150200317000F066F808F0070313B1002200F0E0F849
S31502003180BDE8F081704700BFAFF30080AFF3008067
S31502003190AFF30080AFF30080AFF30080AFF300809F
S315020031A0AFF30080AFF30080AFF30080AFF300808F
S315020031B0AFF30080AFF30080AFF30080AFF300807F
S315020031C000000000000000000000000000000000F7
S315020031D000000000000000000000000000000000E7
S315020031E000000000000000000000000000000000D7
S315020031F000000000000000000000000000000000C7
S3150200320000000000000000000000000000000000B6
S3150200321000000000000000000000000000000000A6
S315020032200000000000000000000000000000000096
S315020032300000000000000000000000000000000086
S31502003240F0E80245230065F31F446FF30F0545EAD4
S31502003250134584EA142303F47F435C4084EA03247F
S3150200326084EA141303F0F0135C4084EA031484EA3C
S31502003270940303F00C335C4084EA830484EA540327
S3150200328003F022335C4084EA430485EA152303F4FF
S315020032907F435D4085EA032585EA151303F0F013A3
S315020032A05D4085EA031585EA950303F00C335D401C
S315020032B085EA830585EA550303F022335D4085EAF4
S315020032C0430541F8044B013A41F8045BB8D1704713
S315020032D0AFF30080AFF30080AFF30080AFF300805E
S315020032E0AFF30080AFF30080AFF30080AFF300804E
S315020032F0AFF30080AFF30080AFF30080AFF300803E
S3150200330000000000000000000000000000000000B5
S3150200331000000000000000000000000000000000A5
S315020033200000000000000000000000000000000095
S315020033300000000000000000000000000000000085
S31502003340F0E80245260065F31F446FF30F0545EAD0
S31502003350164584EA142606F47F46744084EA062457
S3150200336084EA141606F0F016744084EA061484EA17
S31502003370940606F00C36744084EA860484EA5406FF
S3150200338006F02236744084EA460485EA152606F4D7
S315020033907F46754085EA062585EA151606F0F0167B
S315020033A0754085EA061585EA950606F00C367540DF
S315020033B085EA860585EA550606F02236754085EACF
S315020033C0460530B46A4412F8014B013B01F8014B41
S315020033D0F9D102B0704700BFAFF30080AFF30080AF
S315020033E0AFF30080AFF30080AFF30080AFF300804D
S315020033F0AFF30080AFF30080AFF30080AFF300803D
S3150200340000000000000000000000000000000000B4
S3150200341000000000000000000000000000000000A4
S315020034200000000000000000000000000000000094
S315020034300000000000000000000000000000000084
S3150200344001000000000000000000000089000000EA
S31502003450000000008B0000800000000080800080D9
S31502003460010000008B000000010000000080000047
S3150200347001000000888000800100000082000080B8
S31502003480000000000B000000000000000A0000001F
S31502003490010000008280000000000000038000009E
S315020034A0010000008B800000010000000B0000807C
S315020034B0010000008A0000800100000081000080F7
S315020034C0000000008100008000000000080000806B
S315020034D0000000008300000000000000038000805E
S315020034E00100000088800080000000008800008043
S315020034F001000000008000000000000082800080C1
S31502003500FF000000AFF30080AFF30080AFF300804E
S31502003510AFF30080AFF30080AFF30080AFF300801B
S31502003520AFF30080AFF30080AFF30080AFF300800B
S31502003530AFF30080AFF30080AFF30080AFF30080FB
S31502003540AFF204112DE9F05F86B00591D0F8203074
S31502003550D0F84810D0F87050D0F898B0D0F8C0C063
S3150200356083EA010383EA050383EA0B0383EA0C0376
S31502003570D0F80C70D0F83410D0F85C50D0F884B083
S31502003580D0F8ACC087EA010787EA050787EA0B0786
S3150200359087EA0C0783EAF776D0F81440D0F83C1095
S315020035A0D0F86450D0F88CB0D0F8B4C0CDF8006032
S315020035B084EA010484EA050484EA0B0484EA0C041E
S315020035C083EA0406D0F81830D0F84010D0F86850D4
S315020035D0D0F890B0D0F8B8C0CDF80C6083EA0103F9
S315020035E083EA050383EA0B0383EA0C0387EA0302F1
S315020035F0D0F80070D0F82810D0F85050D0F878B033
S31502003600D0F8A0C087EA010787EA050787EA0B0711
S3150200361087EA0C0787EAF47AD0F81C40D0F84410FF
S31502003620D0F86C50D0F894B0D0F8BCC084EA01044B
S3150200363084EA050484EA0B0484EA0C0484EA070E8D
S31502003640D0F80870D0F83010D0F85850D0F880B0C2
S31502003650D0F8A8C087EA010787EA050787EA0B07B9
S3150200366087EA0C0787EAF476D0F82440D0F84C10A3
S31502003670D0F87450D0F89CB0D0F8C4C0CDF8106021
S3150200368084EA010484EA050484EA0B0484EA0C044D
S3150200369084EA0708D0F81070D0F83810D0F86050D5
S315020036A0D0F888B0D0F8B0C0CDF8048087EA010718
S315020036B087EA050787EA0B0787EA0C0787EAF479A0
S315020036C0D0F80440D0F82C10D0F85450D0F87CB082
S315020036D0D0F8A4C0CDF8089084EA010484EA05046F
S315020036E084EA0B0484EA0C0484EA070B83EAF47C7A
S315020036F0D0F81830D0F84840D0F85450D0F884604A
S31502003700D0F8B470C0F8541089EA03038CEA0404B2
S3150200371088EA05058BEA060682EA070725EA346186
S3150200372081EA3351C0F8541026EA755181EA7431A0
S31502003730C0F8841027EA362181EA7571C0F8B41000
S3150200374023EAF73181EAF651C0F8181024EA3371F8
S3150200375081EAF721D0F80830D0F83C40D0F868501A
S31502003760D0F89C60D0F8A470C0F848108AEA030327
S3150200377082EA040489EA05058EEA060688EA07074C
S3150200378025EA742181EA3331C0F8A41026EA3561AC
S3150200379081EA7401C0F8081027EA761181EA757188
S315020037A0C0F83C1023EAF75181EA3671C0F8681076
S315020037B024EAF30181EAB761DDF80080D0F824300B
S315020037C0D0F82840D0F85850D0F88C60D0F8B870AD
S315020037D0C0F89C108EEA030388EA04048AEA050507
S315020037E082EA060689EA070725EAF44181EAF351E5
S315020037F0C0F8281026EAF50181EAB451C0F858103B
S3150200380027EA365181EAF551C0F88C1023EAB7410E
S3150200381081EAB611C0F8B81024EA331181EAB75129
S31502003820D0F81430D0F84040D0F87050D0F8786014
S31502003830D0F8AC70C0F8241082EA030389EA0404C3
S315020038408CEA050588EA06068BEA070725EA34614B
S3150200385081EA3351C0F8781026EA750181EA74616B
S31502003860C0F8AC1027EA763181EAB531C0F81410F7
S3150200387023EAB77181EAF621C0F8401024EA3371CF
S3150200388081EAB761DDF80C90D0F80030046B456E22
S31502003890D0F89460D0F8C070C0F8701088EA0303BC
S315020038A08AEA040482EA050589EA06068CEA07071B
S315020038B026EA755181EA7451C0F8301027EA36714A
S315020038C081EA7541C0F8641023EA776181EA76518C
S315020038D0C0F8941024EAB35181EAF731C0F8C01057
S315020038E025EA040505990C6883EAB52384EA0301EF
S315020038F0DDF81020D0F81C30D0F84C40D0F85050EB
S31502003900D0F88060D0F8B070C0F8001089EA0303DE
S315020039108EEA040488EA05058AEA060682EA0707A9
S3150200392025EAF45181EAF341C0F8501026EA7551AE
S3150200393081EA3431C0F8801027EA362181EA7571AE
S31502003940C0F8B01023EA374181EA3661C0F81C108C
S3150200395024EA337181EA3731D0F80C30D0F8384096
S31502003960D0F86C50D0F89860D0F8A070C0F84C101F
S315020039708BEA030382EA040489EA05058CEA060651
S3150200398088EA070725EAB42181EA3331C0F8A01094
S3150200399026EAF55181EA7401C0F80C1027EA76117D
S315020039A081EA3571C0F8381023EA376181EA767107
S315020039B0C0F86C1024EAB30181EAB761DDF804802D
S315020039C0D0F82030D0F82C40D0F85C50D0F888607F
S315020039D0D0F8BC70C0F898108CEA030388EA040495
S315020039E08BEA050582EA060689EA070725EAF44113
S315020039F081EA3361C0F82C1026EAB50181EA7451D6
S31502003A00C0F85C1027EA765181EAF551C0F88810B1
S31502003A1023EA774181EAB611C0F8BC1024EA731191
S31502003A2081EAB751D0F81030D0F84440D0F874503B
S31502003A30D0F87C60D0F8A870C0F8201082EA0303A0
S31502003A4089EA04048EEA050588EA06068AEA070771
S31502003A5025EA346181EA7351C0F87C1026EA7501C1
S31502003A6081EA7461C0F8A81027EA363181EA753115
S31502003A70C0F8101023EAB77181EAB621C0F84410E3
S31502003A8024EA737181EAF761DDF80890D0F8043010
S31502003A90446B056ED0F89060D0F8C470C0F874100C
S31502003AA088EA03038BEA040482EA050589EA060624
S31502003AB08EEA070726EA755181EA3451C0F83410B6
S31502003AC027EA767181EAB541C0F8601023EA776188
S31502003AD081EAB651C0F8901024EAB35181EAF7316F
S31502003AE0C0F8C41025EAF47505994C6883EAF523F3
S31502003AF084EA030ED0F8C030D0F84810D0F89850B7
S31502003B00D0F824B0D0F874C0C0F804E083EA3133A8
S31502003B1083EAF54383EA3B1383EABC63D0F8347045
S31502003B20D0F88010D0F80850D0F85CB0D0F8ACC00D
S31502003B3087EA315787EAB51787EAFB0787EABC5750
S31502003B404FEAB32383EA7756D0F86040D0F8B01034
S31502003B50D0F83C50D0F888B0D0F814C0CDF8006048
S31502003B6084EA712484EAB57484EAFB2484EABC14E8
S31502003B7083EA7466D0F89430D0F81810D0F86C50F6
S31502003B80D0F8B8B0D0F844C0CDF80C6083EAB1439F
S31502003B9083EAF57383EABB4383EA7C0383EAB7527B
S31502003BA0D0F80070D0F85410D0F8A050D0F828B051
S31502003BB0D0F87CC087EAB17787EAF54787EAFB67E0
S31502003BC087EA3C3787EA346AD0F89040D0F81C106E
S31502003BD0D0F86850D0F8BCB0D0F840C084EAB144FE
S31502003BE084EA050484EAFB4484EA7C0484EA070E38
S31502003BF0D0F83070D0F88410D0F80C50D0F858B005
S31502003C00D0F8A8C087EA315787EAF51787EAFB0793
S31502003C1087EABC574FEA775787EAF476D0F8C4406A
S31502003C20D0F84C10D0F89C50D0F820B0D0F870C024
S31502003C30CDF8106084EA313484EAF54484EA3B1410
S31502003C4084EAFC6487EAB428D0F86470D0F8B41029
S31502003C50D0F83850D0F88CB0D0F810C0CDF8048027
S31502003C6087EA312787EAB57787EAFB2787EABC170F
S31502003C704FEA776787EA7429D0F80440D0F85010E3
S31502003C80D0F8A450D0F82CB0D0F878C0CDF808906F
S31502003C9084EAF17484EA355484EAFB6484EA7C3467
S31502003CA084EA070B83EAF47CD0F89430D0F84840D3
S31502003CB0D0F8A450D0F85C60D0F81470C0F8A41004
S31502003CC089EA03038CEAB45488EA35558BEA7666A8
S31502003CD082EAF77725EA346181EA3351C0F8A41003
S31502003CE026EA755181EA7431C0F85C1027EA36215A
S31502003CF081EA7571C0F8141023EAF73181EAF651A8
S31502003D00C0F8941024EA337181EAF721D0F83030F2
S31502003D10D0F8B040D0F86C50D0F82060D0F8787067
S31502003D20C0F848108AEA735382EAB40489EAF57540
S31502003D308EEAB63688EA773725EA742181EA333184
S31502003D40C0F8781026EA356181EA7401C0F83010AD
S31502003D5027EA761181EA7571C0F8B01023EAF751A5
S31502003D6081EA3671C0F86C1024EAF30181EAB76180
S31502003D70DDF80080D0F8C430D0F85440D0F80C50AA
S31502003D80D0F88860D0F84470C0F820108EEAB323C9
S31502003D9088EAB4748AEA357582EA361689EA7707BA
S31502003DA025EAF44181EAF351C0F8541026EAF501F6
S31502003DB081EAB451C0F80C1027EA365181EAF5516E
S31502003DC0C0F8881023EAB74181EAB611C0F8441058
S31502003DD024EA331181EAB751D0F86030D0F818409E
S31502003DE0D0F89850D0F82860D0F8AC70C0F8C4105B
S31502003DF082EA736389EAB4448CEA757588EAF666E0
S31502003E008BEA373725EA346181EA3351C0F8281044
S31502003E1026EA750181EA7461C0F8AC1027EA7631A8
S31502003E2081EAB531C0F8601023EAB77181EAF6215A
S31502003E30C0F8181024EA337181EAB761DDF80C90F4
S31502003E40D0F80030D0F88440C56BD0F8BC60476F1C
S31502003E50C0F8981088EA03038AEA742482EAF555C0
S31502003E6089EAF6468CEA371726EA755181EA7451D1
S31502003E70C0F8841027EA367181EA7541C0F83C1011
S31502003E8023EA776181EA7651C0F8BC1024EAB3517D
S31502003E9081EAF731C0F8741025EA040505998C68A1
S31502003EA083EAB52384EA0301DDF81020D0F89030C6
S31502003EB0D0F84C40D0F8A050D0F85860D0F8107026
S31502003EC0C0F8001089EA03038EEAB45488EAF5457D
S31502003ED08AEA366682EAF77725EAF45181EAF341FD
S31502003EE0C0F8A01026EA755181EA3431C0F858109C
S31502003EF027EA362181EA7571C0F8101023EA3741A4
S31502003F0081EA3661C0F8901024EA337181EA3731CA
S31502003F10D0F83430D0F8B440D0F86850D0F82460E5
S31502003F20D0F87C70C0F84C108BEAB35382EA740462
S31502003F3089EA05058CEAB63688EA373725EAB421D6
S31502003F4081EA3331C0F87C1026EAF55181EA740120
S31502003F50C0F8341027EA761181EA3571C0F8B41038
S31502003F6023EA376181EA7671C0F8681024EAB30160
S31502003F7081EAB761DDF80480D0F8C030D0F850404D
S31502003F80D0F80850D0F88C60D0F84070C0F82410F1
S31502003F908CEAB32388EAF4748BEA357582EA36161C
S31502003FA089EA770725EAF44181EA3361C0F85010BD
S31502003FB026EAB50181EA7451C0F8081027EA76515B
S31502003FC081EAF551C0F88C1023EA774181EAB611ED
S31502003FD0C0F8401024EA731181EAB751D0F8643070
S31502003FE0D0F81C40D0F89C50D0F82C60D0F8A870BD
S31502003FF0C0F8C01082EA736389EAB4448EEA757522
S3150200400088EAF6668AEAF72725EA346181EA735175
S31502004010C0F82C1026EA750181EA7461C0F8A8106E
S3150200402027EA363181EA7531C0F8641023EAB7719E
S3150200403081EAB621C0F81C1024EA737181EAF7619D
S31502004040DDF80890D0F80430D0F88040856BD0F8BF
S31502004050B860076FC0F89C1088EA03038BEAB424A1
S3150200406082EAF55589EAB6468EEA771726EA755147
S3150200407081EA3451C0F8801027EA767181EAB541A7
S31502004080C0F8381023EA776181EAB651C0F8B81051
S3150200409024EAB35181EAF731C0F8701025EAF475C3
S315020040A00599CC6883EAF52384EA030ED0F87430C6
S315020040B0D0F84810D0F82450D0F8C4B0D0F89CC03C
S315020040C0C0F804E083EA313383EAF54383EA3B131B
S315020040D083EABC63D0F88070D0F85810D0F830501C
S315020040E0D0F808B0D0F8ACC087EA315787EAB517DE
S315020040F087EAFB0787EABC574FEAB32383EA775678
S31502004100D0F83840D0F81010D0F8B050D0F88CB0B3
S31502004110D0F860C0CDF8006084EA712484EAB574F0
S3150200412084EAFB2484EABC1483EA7466D0F8BC30C1
S31502004130D0F89410D0F86850D0F844B0D0F81CC02B
S31502004140CDF80C6083EAB14383EAF57383EABB4395
S3150200415083EA7C0383EAB752D0F80070D0F8A41041
S31502004160D0F87C50D0F854B0D0F82CC087EAB1779A
S3150200417087EAF54787EAFB6787EA3C3787EA346AC4
S31502004180D0F8B840D0F89010D0F86C50D0F840B0C3
S31502004190D0F818C084EAB14484EA050484EAFB44F0
S315020041A084EA7C0484EA070ED0F88470D0F85C10A6
S315020041B0D0F83450D0F80CB0D0F8A8C087EA3157FE
S315020041C087EAF51787EAFB0787EABC574FEA77576C
S315020041D087EAF476D0F87040D0F84C10D0F8205028
S315020041E0D0F8C0B0D0F898C0CDF8106084EA313467
S315020041F084EAF54484EA3B1484EAFC6487EAB42838
S31502004200D0F83C70D0F81410D0F8B450D0F888B07A
S31502004210D0F864C0CDF8048087EA312787EAB577FB
S3150200422087EAFB2787EABC174FEA776787EA74298A
S31502004230D0F80440D0F8A010D0F87850D0F850B09A
S31502004240D0F828C0CDF8089084EAF17484EA35548F
S3150200425084EAFB6484EA7C3484EA070B83EAF47C0E
S31502004260D0F8BC30D0F84840D0F87850D0F8086082
S31502004270D0F86070C0F8781089EA03038CEAB45467
S3150200428088EA35558BEA766682EAF77725EA34615B
S3150200429081EA3351C0F8781026EA755181EA743101
S315020042A0C0F8081027EA362181EA7571C0F8601055
S315020042B023EAF73181EAF651C0F8BC1024EA3371D9
S315020042C081EAF721D0F88430D0F81040D0F868504F
S315020042D0D0F8C060D0F82870C0F848108AEA735344
S315020042E082EAB40489EAF5758EEAB63688EA773741
S315020042F025EA742181EA3331C0F8281026EA3561AD
S3150200430081EA7401C0F8841027EA761181EA757190
S31502004310C0F8101023EAF75181EA3671C0F8681026
S3150200432024EAF30181EAB761DDF80080D0F8703043
S31502004330D0F8A440D0F83450D0F88C60D0F81C7075
S31502004340C0F8C0108EEAB32388EAB4748AEA3575D7
S3150200435082EA361689EA770725EAF44181EAF351B9
S31502004360C0F8A41026EAF50181EAB451C0F8341067
S3150200437027EA365181EAF551C0F88C1023EAB74193
S3150200438081EAB611C0F81C1024EA331181EAB7514A
S31502004390D0F83830D0F89440D0F82450D0F8546091
S315020043A0D0F8AC70C0F8701082EA736389EAB4443C
S315020043B08CEA757588EAF6668BEA373725EA346140
S315020043C081EA3351C0F8541026EA750181EA746114
S315020043D0C0F8AC1027EA763181EAB531C0F8381058
S315020043E023EAB77181EAF621C0F8941024EA337100
S315020043F081EAB761DDF80C90D0F80030C46DD0F8D0
S31502004400B050066CD0F89C70C0F8241088EA0303FA
S315020044108AEA742482EAF55589EAF6468CEA37175F
S3150200442026EA755181EA7451C0F85C1027EA3671A2
S3150200443081EA7541C0F8B01023EA776181EA7651C4
S31502004440C0F8401024EAB35181EAF731C0F89C1053
S3150200445025EA040505990C6983EAB52384EA030172
S31502004460DDF81020D0F8B830D0F84C40D0F87C50A7
S31502004470D0F80C60D0F86470C0F8001089EA030323
S315020044808EEAB45488EAF5458AEA366682EAF7770E
S3150200449025EAF45181EAF341C0F87C1026EA755107
S315020044A081EA3431C0F80C1027EA362181EA7571A7
S315020044B0C0F8641023EA374181EA3661C0F8B810C1
S315020044C024EA337181EA3731D0F88030D0F81440CB
S315020044D0D0F86C50D0F8C460D0F82C70C0F84C10EC
S315020044E08BEAB35382EA740489EA05058CEAB63686
S315020044F088EA373725EAB42181EA3331C0F82C102D
S3150200450026EAF55181EA7401C0F8801027EA76118D
S3150200451081EA3571C0F8141023EA376181EA7671AF
S31502004520C0F86C1024EAB30181EAB761DDF80480B1
S31502004530D0F87430D0F8A040D0F83050D0F8886067
S31502004540D0F81870C0F8C4108CEAB32388EAF47461
S315020045508BEA357582EA361689EA770725EAF44147
S3150200456081EA3361C0F8A01026EAB50181EA7451E6
S31502004570C0F8301027EA765181EAF551C0F8881062
S3150200458023EA774181EAB611C0F8181024EA7311BA
S3150200459081EAB751D0F83C30D0F89040D0F820509C
S315020045A0D0F85060D0F8A870C0F8741082EA73632D
S315020045B089EAB4448EEA757588EAF6668AEAF727C6
S315020045C025EA346181EA7351C0F8501026EA750172
S315020045D081EA7461C0F8A81027EA363181EA75319A
S315020045E0C0F83C1023EAB77181EAB621C0F89010F0
S315020045F024EA737181EAF761DDF80890D0F8043095
S31502004600846DD0F8B450466CD0F89870C0F820107B
S3150200461088EA03038BEAB42482EAF55589EAB646A8
S315020046208EEA771726EA755181EA3451C0F8581096
S3150200463027EA767181EAB541C0F8B41023EA7761B8
S3150200464081EAB651C0F8441024EAB35181EAF7313F
S31502004650C0F8981025EAF47505994C6983EAF523A2
S3150200466084EA030ED0F89C30D0F84810D0F8C45033
S31502004670D0F870B0D0F820C0C0F804E083EA313335
S3150200468083EAF54383EA3B1383EABC63D0F85870A6
S31502004690D0F80C10D0F88450D0F830B0D0F8ACC0B6
S315020046A087EA315787EAB51787EAFB0787EABC57D5
S315020046B04FEAB32383EA7756D0F8B440D0F86410B1
S315020046C0D0F81050D0F888B0D0F838C0CDF80060D5
S315020046D084EA712484EAB57484EAFB2484EABC146D
S315020046E083EA7466D0F84030D0F8BC10D0F86C502B
S315020046F0D0F81CB0D0F890C0CDF80C6083EAB14374
S3150200470083EAF57383EABB4383EA7C0383EAB752FF
S31502004710D0F80070D0F87810D0F82C50D0F8A4B0A9
S31502004720D0F850C087EAB17787EAF54787EAFB6790
S3150200473087EA3C3787EA346AD0F84440D0F8B810A2
S31502004740D0F86850D0F818B0D0F894C084EAB144D2
S3150200475084EA050484EAFB4484EA7C0484EA070EBC
S31502004760D0F85C70D0F80810D0F88050D0F834B089
S31502004770D0F8A8C087EA315787EAF51787EAFB0718
S3150200478087EABC574FEA775787EAF476D0F898401B
S31502004790D0F84C10D0F8C050D0F874B0D0F824C07D
S315020047A0CDF8106084EA313484EAF54484EA3B1495
S315020047B084EAFC6487EAB428D0F8B070D0F86010B6
S315020047C0D0F81450D0F88CB0D0F83CC0CDF80480A4
S315020047D087EA312787EAB57787EAFB2787EABC1794
S315020047E04FEA776787EA7429D0F80440D0F87C103C
S315020047F0D0F82850D0F8A0B0D0F854C0CDF8089020
S3150200480084EAF17484EA355484EAFB6484EA7C34EB
S3150200481084EA070B83EAF47CD0F84030D0F84840AB
S31502004820D0F82850D0F83060D0F83870C0F8281088
S3150200483089EA03038CEAB45488EA35558BEA76662C
S3150200484082EAF77725EA346181EA33514FEAB17198
S31502004850C0F8281026EA755181EA74314FEA7121AF
S31502004860C0F8301027EA362181EA75714FEA7101E4
S31502004870C0F8381023EAF73181EAF6514FEAB1411E
S31502004880C0F8401024EA337181EAF7214FEAB151A8
S31502004890D0F85C30D0F86440D0F86C50D0F8746030
S315020048A0D0F85470C0F848108AEA735382EAB40406
S315020048B089EAF5758EEAB63688EA773725EA7421EB
S315020048C081EA33314FEA3151C0F8541026EA356194
S315020048D081EA74014FEA3171C0F85C1027EA761159
S315020048E081EA75714FEAF151C0F8641023EAF75173
S315020048F081EA3671C0F86C1024EAF30181EAB761E5
S315020049004FEA7171DDF80080D0F89830D0F878401F
S31502004910D0F88050D0F88860D0F89070C0F8741043
S315020049208EEAB32388EAB4748AEA357582EA3616C1
S3150200493089EA770725EAF44181EAF3514FEAF16100
S31502004940C0F8781026EAF50181EAB4514FEA3161DE
S31502004950C0F8801027EA365181EAF5514FEA311143
S31502004960C0F8881023EAB74181EAB6114FEAB1418D
S31502004970C0F8901024EA331181EAB7514FEAB131F7
S31502004980D0F8B430D0F8BC40D0F8C450D0F8A46007
S31502004990D0F8AC70C0F8981082EA736389EAB4441E
S315020049A08CEA757588EAF6668BEA373725EA34614A
S315020049B081EA33514FEA7131C0F8A41026EA750133
S315020049C081EA74614FEA3131C0F8AC1027EA7631D8
S315020049D081EAB5314FEAF171C0F8B41023EAB77132
S315020049E081EAF6214FEA7101C0F8BC1024EA33715C
S315020049F081EAB7614FEA7111DDF80C90D0F8003008
S31502004A00846805698669076AC0F8C41088EA0303E0
S31502004A108AEA742482EAF55589EAF6468CEA371759
S31502004A2026EA755181EA74514FEA7151C0F80810AD
S31502004A3027EA367181EA75414FEA7161C0F81010B2
S31502004A4023EA776181EA7651C0F8181024EAB35155
S31502004A5081EAF7314FEAB121C0F8201025EA0405B0
S31502004A6005998C6983EAB52384EA0301DDF81020EF
S31502004A70D0F84430D0F84C40D0F82C50D0F83460FE
S31502004A80D0F83C70C0F8001089EA03038EEAB454E9
S31502004A9088EAF5458AEA366682EAF77725EAF45124
S31502004AA081EAF3414FEAF171C0F82C1026EA7551FA
S31502004AB081EA34314FEAB121C0F8341027EA3621AF
S31502004AC081EA75714FEAB101C0F83C1023EA374119
S31502004AD081EA36614FEAB141C0F8441024EA3371E3
S31502004AE081EA37314FEAB151D0F85830D0F86040F8
S31502004AF0D0F86850D0F87060D0F85070C0F84C10FA
S31502004B008BEAB35382EA740489EA05058CEAB6365F
S31502004B1088EA373725EAB42181EA33314FEAF1418F
S31502004B20C0F8501026EAF55181EA74014FEA317154
S31502004B30C0F8581027EA761181EA35714FEAF15129
S31502004B40C0F8601023EA376181EA76714FEAF171A3
S31502004B50C0F8681024EAB30181EAB7614FEA7171BD
S31502004B60DDF80480D0F89C30D0F87C40D0F8845030
S31502004B70D0F88C60D0F89470C0F870108CEAB32329
S31502004B8088EAF4748BEA357582EA361689EA77077B
S31502004B9025EAF44181EA33614FEAF161C0F87C10FB
S31502004BA026EAB50181EA74514FEA7161C0F88410B0
S31502004BB027EA765181EAF5514FEA3111C0F88C1095
S31502004BC023EA774181EAB6114FEAF141C0F894101F
S31502004BD024EA731181EAB7514FEAB131D0F8B03005
S31502004BE0D0F8B840D0F8C050D0F8A060D0F8A8707D
S31502004BF0C0F89C1082EA736389EAB4448EEA75753A
S31502004C0088EAF6668AEAF72725EA346181EA735169
S31502004C104FEA3131C0F8A01026EA750181EA7461C3
S31502004C204FEAF121C0F8A81027EA363181EA753138
S31502004C304FEAF171C0F8B01023EAB77181EAB621E2
S31502004C404FEA7101C0F8B81024EA737181EAF7617C
S31502004C504FEA3111DDF80890D0F80430C46845698E
S31502004C60C669476AC0F8C01088EA03038BEAB4240F
S31502004C7082EAF55589EAB6468EEA771726EA75512B
S31502004C8081EA34514FEAB151C0F80C1027EA767125
S31502004C9081EAB5414FEA7161C0F8141023EA7761DF
S31502004CA081EAB651C0F81C1024EAB35181EAF73101
S31502004CB04FEAB121C0F8241025EAF4750599CC69AA
S31502004CC051F8207F0591FF2F83EAF52384EA030139
S31502004CD0C0F804107EF43AAC06B0BDE8F09F00BFFF
S31502004CE02DE9F04F82B00090FBF787FADDF80080DD
S31502004CF088E8FF0002B0BDE8F08F70472DE9F04F5B
S31502004D0090ED001F90ED043F0024002500260027A9
S31502004D105FF000085FF000095FF0000A5FF0000B29
S31502004D20A1FE224EB1FE226EC1FE228ED1FE22AE1F
S31502004D30A1FE224EB1FE226EC1FE228ED1FE22AE0F
S31502004D40A1FE224EB1FE226EC1FE228ED1FE22AEFF
S31502004D50A1FE224EB1FE226EC1FE228ED1FE22AEEF
S31502004D60A1FE224EB1FE226EC1FE228ED1FE22AEDF
S31502004D70A1FE224EB1FE226EC1FE228ED1FE22AECF
S31502004D80A1FE224EB1FE226EC1FE228ED1FE22AEBF
S31502004D90A1FE224EB1FE226EC1FE228ED1FE22AEAF
S31502004DA0A1FE224EB1FE226EC1FE228ED1FE22AE9F
S31502004DB0A1FE224EB1FE226EC1FE228ED1FE22AE8F
S31502004DC0A1FE224EB1FE226EC1FE228ED1FE22AE7F
S31502004DD0A1FE224EB1FE226EC1FE228ED1FE22AE6F
S31502004DE0A1FE224EB1FE226EC1FE228ED1FE22AE5F
S31502004DF0A1FE224EB1FE226EC1FE228ED1FE22AE4F
S31502004E00A1FE224EB1FE226EC1FE228ED1FE22AE3E
S31502004E10A1FE224EB1FE226EC1FE228ED1FE22AE2E
S31502004E203444444454440462BDE8F08F2DE9F04F03
S31502004E3090ED001F90ED043F00240025A1FE224EB6
S31502004E40A1FE224EA1FE224EA1FE224EA1FE224E1E
S31502004E50A1FE224EA1FE224EA1FE224EA1FE224E0E
S31502004E60A1FE224EA1FE224EA1FE224EA1FE224EFE
S31502004E70A1FE224EA1FE224EA1FE224EA1FE224EEE
S31502004E80A1FE224EA1FE224EA1FE224EA1FE224EDE
S31502004E90A1FE224EA1FE224EA1FE224EA1FE224ECE
S31502004EA0A1FE224EA1FE224EA1FE224EA1FE224EBE
S31502004EB0A1FE224EA1FE224EA1FE224EA1FE224EAE
S31502004EC0A1FE224EA1FE224EA1FE224EA1FE224E9E
S31502004ED0A1FE224EA1FE224EA1FE224EA1FE224E8E
S31502004EE0A1FE224EA1FE224EA1FE224EA1FE224E7E
S31502004EF0A1FE224EA1FE224EA1FE224EA1FE224E6E
S31502004F00A1FE224EA1FE224EA1FE224EA1FE224E5D
S31502004F10A1FE224EA1FE224EA1FE224EA1FE224E4D
S31502004F20A1FE224EA1FE224EA1FE224EA1FE224E3D
S31502004F30A1FE224EA1FE224EA1FE224E0462BDE831
S31502004F40F08F2DE9F04F90ED001F90ED043F90EDAC
S31502004F50085F90ED0C7F90ED101F90ED143F90EDE1
S31502004F60185F90ED1C7F90ED201F90ED243F90ED91
S31502004F70285F90ED2C7F90ED301F90ED343F90ED41
S31502004F80385F90ED3C7F90ED401F90ED443F90EDF1
S31502004F90485F90ED4C7F90ED501F90ED543F90EDA1
S31502004FA0585F90ED5C7F90ED601F90ED643F90ED51
S31502004FB0685F90ED6C7F90ED001F90ED043F90EDE1
S31502004FC0085F90ED0C7F90ED101F90ED143F90ED71
S31502004FD0185F90ED1C7F90ED201F90ED243F90ED21
S31502004FE0285F90ED2C7F90ED301F90ED343F90EDD1
S31502004FF0385F90ED3C7F90ED401F90ED443F90ED81
S31502005000485F90ED4C7F90ED501F90ED543F90ED30
S31502005010585F90ED5C7F90ED601F90ED643F90EDE0
S31502005020685F90ED6C7F90ED001F90ED043F90ED70
S31502005030085F90ED0C7F90ED101F90ED143F90ED00
S31502005040185F90ED1C7FBDE8F08F2DE9F04F90EDD3
S31502005050001F90ED043F21FE024E21FE026E21FE4C
S31502005060024E21FE026E21FE024E21FE026E21FE3C
S31502005070024E21FE026E21FE024E21FE026E21FE2C
S31502005080024E21FE026E21FE024E21FE026E21FE1C
S31502005090024E21FE026E21FE024E21FE026E21FE0C
S315020050A0024E21FE026E21FE024E21FE026E21FEFC
S315020050B0024E21FE026E21FE024E21FE026E21FEEC
S315020050C0024E21FE026E21FE024E21FE026E21FEDC
S315020050D0024E21FE026E21FE024E21FE026E21FECC
S315020050E0024E21FE026E21FE024E21FE026E21FEBC
S315020050F0024E21FE026E21FE024E21FE026E21FEAC
S31502005100024E21FE026E21FE024E21FE026E21FE9B
S31502005110024E21FE026E21FE024E21FE026E21FE8B
S31502005120024E21FE026E21FE024E21FE026E21FE7B
S31502005130024E21FE026E21FE024E21FE026E21FE6B
S31502005140024E21FE026E21FE024E21FE026E21FE5B
S31502005150024E21FE026E80ED105FBDE8F08F2DE952
S31502005160F04F0268436800240025002600275FF0FE
S3150200517000085FF000095FF0000A5FF0000BE2FB37
S315020051806345E2FB6367E2FB6389E2FB63ABE2FB37
S315020051906345E2FB6367E2FB6389E2FB63ABE2FB27
S315020051A06345E2FB6367E2FB6389E2FB63ABE2FB17
S315020051B06345E2FB6367E2FB6389E2FB63ABE2FB07
S315020051C06345E2FB6367E2FB6389E2FB63ABE2FBF7
S315020051D06345E2FB6367E2FB6389E2FB63ABE2FBE7
S315020051E06345E2FB6367E2FB6389E2FB63ABE2FBD7
S315020051F06345E2FB6367E2FB6389E2FB63ABE2FBC7
S315020052006345E2FB6367E2FB6389E2FB63ABE2FBB6
S315020052106345E2FB6367E2FB6389E2FB63ABE2FBA6
S315020052206345E2FB6367E2FB6389E2FB63ABE2FB96
S315020052306345E2FB6367E2FB6389E2FB63ABE2FB86
S315020052406345E2FB6367E2FB6389E2FB63ABE2FB76
S315020052506345E2FB6367E2FB6389E2FB63ABE2FB66
S315020052606345E2FB6367E2FB6389E2FB63ABE2FB56
S315020052706345E2FB6367E2FB6389E2FB63AB3444AB
S31502005280444454440462BDE8F08F2DE9F04F90ED9A
S31502005290001F046990ED083F056B90ED101F046D29
S315020052A090ED183F056F90ED201FD0F8904090EDDD
S315020052B0283FD0F8B05090ED301FD0F8D04090ED96
S315020052C0383FD0F8F05090ED401FD0F8104190EDE5
S315020052D0483FD0F8305190ED501FD0F8504190ED34
S315020052E0583FD0F8705190ED601FD0F8904190ED84
S315020052F0683FD0F8B05190ED001F046990ED083F69
S31502005300056B90ED101F046D90ED183F056F90ED43
S31502005310201FD0F8904090ED283FD0F8B05090ED85
S31502005320301FD0F8D04090ED383FD0F8F05090EDD5
S31502005330401FD0F8104190ED483FD0F8305190ED23
S31502005340501FD0F8504190ED583FD0F8705190ED73
S31502005350601FD0F8904190ED683FD0F8B05190EDC3
S31502005360001F046990ED083F056B90ED101F046D58
S3150200537090ED183F056F2C440464BDE8F08F2DE9CB
S31502005380F04F82B000908C469CE8FF00FBF715F8C0
S31502005390DDF8008088E8FF0002B0BDE8F08F2DE955
S315020053A0F04F90ED001F90ED043F00240025A0FE73
S315020053B0224EA0FE224EA0FE224EA0FE224EA0FEAD
S315020053C0224EA0FE224EA0FE224EA0FE224EA0FE9D
S315020053D0224EA0FE224EA0FE224EA0FE224EA0FE8D
S315020053E0224EA0FE224EA0FE224EA0FE224EA0FE7D
S315020053F0224EA0FE224EA0FE224EA0FE224EA0FE6D
S31502005400224EA0FE224EA0FE224EA0FE224EA0FE5C
S31502005410224EA0FE224EA0FE224EA0FE224EA0FE4C
S31502005420224EA0FE224EA0FE224EA0FE224EA0FE3C
S31502005430224EA0FE224EA0FE224EA0FE224EA0FE2C
S31502005440224EA0FE224EA0FE224EA0FE224EA0FE1C
S31502005450224EA0FE224EA0FE224EA0FE224EA0FE0C
S31502005460224EA0FE224EA0FE224EA0FE224EA0FEFC
S31502005470224EA0FE224EA0FE224EA0FE224EA0FEEC
S31502005480224EA0FE224EA0FE224EA0FE224EA0FEDC
S31502005490224EA0FE224EA0FE224EA0FE224EA0FECC
S315020054A0224EA0FE224EA0FE224EA0FE224E0462F4
S315020054B0BDE8F08F2DE9F04F2DED108BBDEC108B72
S315020054C02DED108BBDEC108B2DED108BBDEC108BE2
S315020054D02DED108BBDEC108B2DED108BBDEC108BD2
S315020054E02DED108BBDEC108B2DED108BBDEC108BC2
S315020054F02DED108BBDEC108B2DED108BBDEC108BB2
S315020055002DED108BBDEC108B2DED108BBDEC108BA1
S315020055102DED108BBDEC108B2DED108BBDEC108B91
S315020055202DED108BBDEC108B2DED108BBDEC108B81
S315020055302DED108BBDEC108B2DED108BBDEC108B71
S315020055402DED108BBDEC108B2DED108BBDEC108B61
S315020055502DED108BBDEC108B2DED108BBDEC108B51
S315020055602DED108BBDEC108B2DED108BBDEC108B41
S315020055702DED108BBDEC108B2DED108BBDEC108B31
S315020055802DED108BBDEC108B2DED108BBDEC108B21
S315020055902DED108BBDEC108B2DED108BBDEC108B11
S315020055A02DED108BBDEC108B2DED108BBDEC108B01
S315020055B02DED108BBDEC108BBDE8F08F2DE9F04F71
S315020055C02DE9F00FBDE8F00F2DE9F00FBDE8F00F61
S315020055D02DE9F00FBDE8F00F2DE9F00FBDE8F00F51
S315020055E02DE9F00FBDE8F00F2DE9F00FBDE8F00F41
S315020055F02DE9F00FBDE8F00F2DE9F00FBDE8F00F31
S315020056002DE9F00FBDE8F00F2DE9F00FBDE8F00F20
S315020056102DE9F00FBDE8F00F2DE9F00FBDE8F00F10
S315020056202DE9F00FBDE8F00F2DE9F00FBDE8F00F00
S315020056302DE9F00FBDE8F00F2DE9F00FBDE8F00FF0
S315020056402DE9F00FBDE8F00F2DE9F00FBDE8F00FE0
S315020056502DE9F00FBDE8F00F2DE9F00FBDE8F00FD0
S315020056602DE9F00FBDE8F00F2DE9F00FBDE8F00FC0
S315020056702DE9F00FBDE8F00F2DE9F00FBDE8F00FB0
S315020056802DE9F00FBDE8F00F2DE9F00FBDE8F00FA0
S315020056902DE9F00FBDE8F00F2DE9F00FBDE8F00F90
S315020056A02DE9F00FBDE8F00F2DE9F00FBDE8F00F80
S315020056B02DE9F00FBDE8F00F2DE9F00FBDE8F00F70
S315020056C0BDE8F08F2DE9F04F0DA393ED001F93ED8A
S315020056D0043FA1FE024EC0E9004593ED085FA5FE18
S315020056E0044EC0E9024521FE026E80ED047F21FED2
S315020056F0027E80ED087FBDE8F08F00BFAFF3008029
S315020057000100000002000000030000000400000087
S315020057100A00000064000000E803000010270000F1
S31502005720FFFFFFFFFFFFFFFFFFFFFFFFFFFFFFFF81
S3150200573070472DE9F04F82B00090FFF7F9FFDDF8D0
S31502005740008088E8FF0002B0BDE8F08F704700BF16
S31502005750100000222DE9F04F2DED108BEB460BF0D9
S315020057600C0CADEB0C0D84B0CDF800C08EB04FF230
S31502005770FF2C5FF824B00C9000F58071FBE806233D
S315020057805BE904455BE902674FF0080E91ED009F65
S3150200579019FE632EAEF1010E19EE625E91ED201F27
S315020057A011FE63EE91ED049F11EE621E90ED207FD5
S315020057B01FEE4C0E90ED00BF13EE4C4E16EF40E876
S315020057C01FFE65CE1AEF44281FEE64FE1AFF4448F8
S315020057D01DEE4CEE16FF40C81DFE676E12EF4EA878
S315020057E01DEE66DE12FF4E0817EE4CCEA0EC04BF8D
S315020057F014EF4C28A1EC043F14FF4CE881ED1CFF8A
S3150200580019FE632E80ED1C1F0FF03BC019EE62FEDF
S3150200581091ED201F11EE625E90ED20DF11FE630E08
S3150200582090ED00BF11EE4C4E13EE4CEE1CEF4428E9
S3150200583013FE650E1CFF44C813EE643E1AEF4E6853
S3150200584011EE4C2E1AFF4EE81DFE670E16EF42A809
S315020058501DEE66DEA0EC04BF11EE4CCE16FF42280A
S3150200586080ED1C3F1EEF4C28A1EC043F1EFF4CE8C6
S3150200587081ED1CFF0C984FF0040E00BFDBE9028499
S31502005880FBE80E2A90ED189F19EE62DE90ED1C3FA2
S3150200589019FE6AEE90ED107F1FEE4CCE90ED089F3A
S315020058A017EE62FE90ED141F17FE6AAE18EF4C4813
S315020058B01BEE4CEE18FF4CA88DED08BF15EE68DE08
S315020058C090ED009F18FF4E6815FE64AE18EF4EE885
S315020058D01BEE4CCE8DED007F11FE6A4E1EEF4C88FC
S315020058E013EE62BE1EFF4CC813FE6A2E90ED0CFF2D
S315020058F013EE4CAE5BE908571EEF4A2811EE621E04
S315020059001EFF4A6815EE4C0E90ED04FF13EE68BEBC
S315020059101EEF404813FE642E1EFF400813EE4CAEE7
S315020059208DED041F14FF4A0811EE653E14EF4AA8D6
S3150200593011FE674E5BE9064A15EE4C2E9DED08FFF9
S315020059401CFF424817EE641E1CEF42C817FE6A6E21
S3150200595080ED0C5F1FFE6A4E5BE902561FEE64FE87
S315020059605BE904A117EE4C0E9DED047F16FF40285D
S3150200597015EE4CEE16EF406817FE610E80ED08DF5D
S3150200598013EE65DE5BE90A3917EE6A5E9DED007F6E
S3150200599011EE4C4E16EF4E0813FE662E16FF4EE81B
S315020059A013EE4CCE10EF442880ED103F10FF440852
S315020059B080ED141F1BEE635E1EFF4C0880ED1C1F5C
S315020059C01BFE69AE1EEF4CC81BEE4C4E80ED18DF77
S315020059D018FF440880ED041F18EF44E8A0EC20FFEE
S315020059E00FF0B5C00C994FF0080E00BF91FC013FB5
S315020059F091FC213F91FC413FB1FC613FBBECB0BE43
S31502005A0016EF5A09AEF1010E18EF5AC91BEDA8BEE0
S31502005A1018FF4AEB1BED909E1FEE4CCE1BED88FE47
S31502005A2016FF4AAB14FF4C681BEE4C0E14EF4CA843
S31502005A3016FF4E4B1BED98DE16EF588912FF406893
S31502005A4015EE4C8E1BEDA0FE16EF484801ED085FE1
S31502005A5016FF484801ED045F12EF400891FC013F32
S31502005A601AEF5EE991FC213F1AFF4CAB91FC413FD4
S31502005A701BEE4CEEB1FC613F10EF4EC8BBECB0BE64
S31502005A8010FF4E0801ED1C1F16EF5A0901ED20DF2B
S31502005A900FF047C018EF5AA91BEDA8FE18FF4E8B50
S31502005AA01BED88DE19EE4CAE1BED909E16FF4EEBFB
S31502005AB014FF4A681FEE4C0E14EF4A4816FF4CAB11
S31502005AC012FF40E816EF58C912EF40681BEE4CCEA3
S31502005AD01BEDA0BE1EFF4C0801ED041F14EF5AA9D0
S31502005AE01BED989E14FF484B1EEF4C0815EE4CAE6C
S31502005AF001ED081F16EF4A4801ED105F16FF4A88AE
S31502005B0001ED0C9F0EB0DDF800C004B0E544BDEC1B
S31502005B10108BBDE8F04F7047000000000000000047
S31502005B20080400222DE9F04F2DED108B4FF2FF2CC9
S31502005B305FF814B000F58071FBE802234FF0100EF7
S31502005B4091ED001F11FE632EAEF1010E11EE62DE23
S31502005B5090ED00BF13EE4CCE91ED041F1AFF4CE8F8
S31502005B60A1EC04FF1AEF4CE811FE632EA0EC04FF31
S31502005B700FF015C011EE621E13EE4C0E90ED003FB3
S31502005B8012FF40E8A1EC04FF12EF40E8A0EC04FF8C
S31502005B90A0F580704FF00201FBE806235BE904459D
S31502005BA05BE902674FF0040E90ED203F13EE627E32
S31502005BB0AEF1010E13FE630E90ED303F13EE62FE60
S31502005BC090ED10BF13FE632E90ED00DF13EE4CEE48
S31502005BD090ED243F11EE4C6E1AFF4E0811EE669EB2
S31502005BE01CEF464811FE670E1CFF466811EE4C8EEE
S31502005BF01AEF4EE81FFE65AE16FF48C81FEE64FE9A
S31502005C0016EF48081BEE4CEE80ED30DF14FF4EC84F
S31502005C1080ED10DF13EE627E80ED201F14EF4EA89A
S31502005C20A0EC04BF0FF03BC013FE63EE90ED305FB5
S31502005C3015EE62DE90ED103F15FE630E90ED005FED
S31502005C4011EE4CCE1FEE4C6E12EF4CE81FFE658E27
S31502005C5014EF46081FEE64BE14FF464819EE4CAE1A
S31502005C6012FF4CC81DFE676E10FF4AE880ED10FF5A
S31502005C701DEE66FE10EF4A2817EE4CEEA0EC043F2E
S31502005C8014FF4EC880ED2CDF14EF4EE880ED1CFFAA
S31502005C9000F1C00001397FF47FAFA0F500704FF02C
S31502005CA0080EFBE8068A90ED0CFF1FFE6A6E5BE9A2
S31502005CB004711FEE683E90ED04FF17EE4C2EAEF116
S31502005CC0010E00BF1EEF420811EE677E90ED089F9F
S31502005CD019EE68BE1EFF42C819FE6AEE5BE902644F
S31502005CE01FEE4CAE90ED00FF11FE618E1EFF4A08BC
S31502005CF019EE4C6E1EEF4A281DEE665E12FF4688AE
S31502005D001DFE64CE12EF46681DEE4C4EFBE8068A77
S31502005D1010FF44C85BE9047110EF44A890ED1C3FE4
S31502005D2013FE6AEE80FC017F13EE683E80FC217F43
S31502005D301FEE4C2E80FC417F90ED14FFA0FC617F8C
S31502005D400FF041C090ED089F19EE687E5BE902955F
S31502005D5019FE6A8E1EFF424819EE4C6E90ED001F28
S31502005D6015FE658E10FF46A815EE695E10EF4668B1
S31502005D7019EE4C4E1EEF42E81FEE671E1AFF44C88C
S31502005D801FFE618E1AEF44A819EE4C0E16FF4088CC
S31502005D9016EF406880FC017F80FC217F80FC417FFA
S31502005DA0A0FC617FA0F500704FF0080E90ED0CFF8D
S31502005DB0BBECB05E1EEF54691BEDA81E1EFF40EB46
S31502005DC090ED043F1FEE4C6EAEF1010E12FF46C877
S31502005DD090ED08BF1AEF544912EF46681AFF402B9E
S31502005DE01BED909E13EE4C4E90ED003F12EF44A831
S31502005DF01CEF580912FF44481BED889E1CFF488B76
S31502005E001BEDA0FE19EE4C0E1BED983E16FF428BC3
S31502005E1014EF40C816EF5E6914FF40E819EE4C6EA7
S31502005E2090ED1C3F1AEF46889BED881E1AFF46A886
S31502005E30BBECB05E12EF546980FC019F12FF402B4F
S31502005E4080FC219F13EE4C6E80FC419F90ED143F27
S31502005E50A0FC619F0FF047C090ED08DF1CEF54894C
S31502005E6012FF46A81CFF40EB12EF46681FEE4C8E4F
S31502005E7090ED003F12EF48C81BEDA0FE12FF480846
S31502005E8016EF5EE91BED983E16FF422B1BED907E48
S31502005E9013EE4CEE1BED883E1AEF56491CEF4E8868
S31502005EA01AFF422B1CFF4EA813EE4C4E10EF44C8AD
S31502005EB010FF44E880FC019F80FC219F80FC419FEB
S31502005EC0A0FC619FBDEC108BBDE8F04F704700BF90
S31502005ED000080022AFF30080AFF30080AFF300802A
S31502005EE02DE9F04F2DED108B4FF2FF2C5FF820B00D
S31502005EF040F2607844F6980942F25F714FF0080E5C
S31502005F0090ED08FF1FEE687E1FFE698EAEF1010E50
S31502005F1019EE4C6E90ED0CFF1FEE689E90ED043F5D
S31502005F201FFE69CE90ED001F1DEE4C8E13FE69CE4C
S31502005F3016FF48A813EE68FE16EF48881DEE4CEED3
S31502005F4011EE687E9BED083F11FE694E9BED101F18
S31502005F5015EE4C6E9BED145F1AEF500916EF4EC804
S31502005F601AFF44AB9BED0C5F1BEE4C0E16FF4EA8C0
S31502005F701AEF52E91CFF48281AFF444B1CEF4888C7
S31502005F8015EE4CEE9BED04DF12FF4CAB1EFF4048B4
S31502005F9014FF4CCBBBEC187F14EF5649A0EC109FB4
S31502005FA01DEE4C4E00ED045F12EF562990ED087F70
S31502005FB01BEE4C2E1EEF40A817FE698E00ED083F21
S31502005FC017EE687E00ED0CBF0FF05FC019EE4C6E47
S31502005FD090ED0CFF1FEE68DE1FFE692E13EE4CCE0F
S31502005FE090ED043F13FE69EE90ED001F13EE689EDE
S31502005FF016FF4CA81FEE4C8E16EF4C2811EE687E4B
S315020060009BED085F11FE69CE9BED10FF1DEE4C6EF7
S315020060109BED14DF1AEF5EE916EF48081AFF4CAB48
S315020060209BED0CDF1BEE4CEE16FF486816EF54494B
S3150200603010FF428816FF4C6B10EF420817EE4C4ECB
S315020060409BED04DF18FF4CAB14FF4E6816FF4C2B7A
S31502006050BBEC18DF16EF5C69A0EC101F13EE4C6E5A
S3150200606000ED047F18EF5CC914EF4E6800ED0C7F5B
S315020060701BEE4CCE00ED08DFA0F500704FF0080EC7
S3150200608090FC017F90FC217F90FC417FB0FC617FF8
S31502006090AEF1010E16EF484815EE61EE1AEF4C0806
S315020060A011EE612EDBE904261AFF4CA81BEE62DE16
S315020060B096EF52221BFE66AE96EF5EE213EE4C0E92
S315020060C016FF48881FEE4C4EDBE902751BEE4CCEDE
S315020060D014EF406819FE652E00ED107F19EE677EFB
S315020060E014FF40E813EE4C6EFBE8062716FF4C0839
S315020060F01FFE674E16EF4C281FEE62FE90FC017FD4
S3150200610015EE4CEE90FC217F13EE614E00ED08FF7A
S3150200611011FE67EE90FC417F11EE621E96EF54422D
S315020061201FEE4C0EB0FC617F00ED141F15EE4C2ED7
S3150200613000ED1C3F0FF053C016EF482813EE614ED8
S315020061401AEF4CE81FEE610E96EF5442DBE9042784
S3150200615015EE4C2E1AFF4C4815EE62DE96EF5002F3
S3150200616015FE67AEDBE902591BEE4CCE16FF484818
S3150200617015EE65BEFBE8065811EE4CEE15FE696E8D
S3150200618012FF4E8819EE655E19FE680E12EF4E2852
S3150200619017EE4CAE00ED103F11EE4C4E1AFF4C2896
S315020061A013FE688E1AEF4CA81BEE61EE00ED085F37
S315020061B013EE655E96EF5EE219EE4C4E00ED045F5D
S315020061C01FEE4CAE00ED0CBFA0F500704FF00201C1
S315020061D0FBE806235BE904455BE902674FF0040E20
S315020061E090ED001FAEF1010E90ED105F10FF44C856
S315020061F090ED309F1DFE65AE90ED207F16FF48E8BC
S315020062001FFE672E10EF44081FEE66FE16EF488843
S3150200621013EE4CEE10FF482813EE625E10EF48882C
S315020062201DEE647EA0EC049F1BEE4C6E90ED001FEB
S3150200623013FE63AE16FF4E2813EE629E16EF4E68ED
S315020062401BEE4C4E80ED0C7F13FE63EE80ED1C5F61
S315020062501FEE4C8E80ED2C9F0FF03BC090ED10BFD1
S3150200626010FF4AE81FFE652E90ED209F1FEE645E2A
S3150200627090ED30FF18FF4EC81DEE667E10EF4A08FD
S315020062801DFE67AE18EF4EC81BEE4C6E10FF4CA8F3
S315020062901BFE638E10EF4C0813EE4C4EA0EC041F4F
S315020062A01BEE62FE14FF462813EE621E14EF4668CA
S315020062B013FE632E80ED0C7F19EE4CEE80ED1CFF73
S315020062C013EE4C0E80ED2C1F00F1C00001397FF455
S315020062D07FAFA0F5007000F58071FBE802234FF056
S315020062E0100E91ED005FAEF1010E00BF90ED00FFC2
S315020062F01EFF446817FE638E1EEF44E8A0EC04FFFF
S3150200630017EE627E91ED045F19EE4C6EA1EC047FEE
S315020063100FF015C090ED00FF1EFF448819EE627E55
S315020063201EEF440819FE638EA0EC041F19EE4C6E94
S31502006330A1EC047FBDEC108BBDE8F04F704700BFA7
S3150200634004B58AB03CCAB1E80144A2FB006BA3FBC8
S31502006350007CE2FB6A7BCDE90067A4FB0086E3FBD7
S315020063606A8BA5FB0097E2FB6E8CE4FB6A9BE5FB5E
S315020063706AB7E3FB6E9CE4FB6EBCE5FB6EC7B1E855
S315020063800144E2FB6096E3FB60B6CDE902894FF079
S315020063900009E4FB60C6E2FB6AB951F8048BE5FB2F
S315020063A06067E3FB6AC94FF00000E4FB6A69E5FB3C
S315020063B06A794FF0000AE2FB6ECAE3FB6E6AE4FBFF
S315020063C06E7AE5FB6E9A4FF0000EE2FB68E6E3FB9F
S315020063D06876E4FB6896E5FB68A651F81C89E2FB41
S315020063E06870E3FB68900A9AE4FB68A0E5FB6860C4
S315020063F010323CCA51F8048B09904FF00000E2FBC0
S3150200640068B0E3FB68C0E4FB68E0E5FB680751F8A7
S31502006410048BCDF810B04FF0000BE2FB68CBE3FB28
S3150200642068EBE4FB680BE5FB68B751F8048BCDF823
S3150200643014C04FF0000CE2FB68ECE3FB680CE4FBD3
S3150200644068BCE5FB68AC51F8048BCDF818E04FF058
S31502006450000EE2FB680EE3FB68BEE4FB68AEE5FBFA
S31502006460686E0790B1E80101E2FB60B9E3FB609A4E
S31502006470CDF820B0DDF824B0E2FB6897E4FB60A615
S31502006480E5FB60B6E3FB68A7E4FB68B7E5FB686774
S31502006490B1E80101E2FB60ACE3FB60BCE4FB606CCB
S315020064A0E2FB68BEE3FB686EE5FB607C2623E4FB49
S315020064B068E79DE80700E5FB687CDDE907454FF0E4
S315020064C00008E3FB6C484FEA480824F0004C48EA0F
S315020064D0D478132408FB04F8E3FB6508E3FB691888
S315020064E0E3FB6A284FF02609DDE90334E9FB6B3842
S315020064F0E9FB6648DDE90556E9FB6E58E9FB676884
S3150200650008EB0C070BB000BD00B585B0A0FB009AE6
S31502006510A0FB01BC1BEB0B0B4FF0000EEEFB6EABB0
S315020065202DE900064FF00008A0FB039AE0FB628CFF
S31502006530E1FB629C58EB0808E1FB618B59EB090908
S31502006540EEFB6E9BCDE902894FF00009E0FB649AEF
S31502006550E1FB639C59EB0909E2FB629BCDF81090C3
S31502006560A0FB0598E1FB649AE2FB639C59EB0909DF
S31502006570EEFB6E9BCDF814904FF00009E1FB659897
S31502006580E2FB649CE0FB669A59EB0909E3FB639B19
S31502006590CDF81890A0FB0709E1FB660AE2FB650C41
S315020065A0E3FB6408E1FB6798E2FB669A4041E3FB82
S315020065B065C9E2FB67985CEB0C0CE3FB66A900225B
S315020065C0EEFB6E0BE4FB65A2E3FB6728E4FB669237
S315020065D05AEB0A0AE4FB64BC59EB0909EEFB6ECAE4
S315020065E00023E5FB65A9E4FB6738E5FB6632E5FBBC
S315020065F06782AEFB0E455B41E6FB674258EB080835
S31502006600EEFB6E93E6FB66386441EEFB6E48524142
S31502006610E7FB67824FF0260652EB0E02E6FB620E9E
S3150200662013254FEA4E0E20F000474EEAD07E0EFBAF
S3150200663005FE03BCE6FB6B0EE6FB6C1E9B46A44600
S315020066403CBCE6FB6A2EE6FB693EE6FB6B4EE6FBCE
S315020066506C5E40BC4FF0260CECFB686E774400BDC6
S31502006660DFF814C0DCF800C0BCF1000F01D1F9F765
S31502006670C4BDFFF765BE0000A0110022DFF814C0FA
S31502006680DCF800C0BCF1000F01D1F9F796BEFFF7A6
S315020066903BBF0000A81100222DE9F04F82B0009006
S315020066A088469146F9F74CFDDDF8008088E8FF0040
S315020066B002B0BDE8F08F2DE9F04F82B00090884617
S315020066C09146F9F769FDDDF8008088E8FF0002B01F
S315020066D0BDE8F08F2DE9F04FC3B04090DDF800C160
S315020066E00CF12008E146F9F72BFD0DF1000C8CE8C0
S315020066F0FF00DDF800C1DCF8802000A9FFF7B0FF3B
S315020067000DF1000C8CE8FF00DDF800C10CF1200849
S31502006710E146F9F741FD0DF1200C8CE8FF00DDF8AA
S3150200672000C1DCF8842008A9FFF79AFF0DF1200CBE
S315020067308CE8FF00DDF800C1DCF888100CF160027D
S31502006740FFF78EFF0DF1400C8CE8FF00DDF800C16B
S315020067500CF140080CF14009F9F7F2FC0DF1600C5E
S315020067608CE8FF000DF100080DF12009F9F714FD80
S315020067700DF1800C8CE8FF000DF100080DF12009E7
S31502006780F9F7DEFC0DF1A00C8CE8FF000DF16008B4
S315020067900DF14009F9F7D4FC0DF1C00C8CE8FF00AD
S315020067A00DF160080DF14009F9F7F6FC0DF1E00C68
S315020067B08CE8FF00DDF800C1DCF88CC00DF1C00AE0
S315020067C00DF1E00B8AEA0B0909EA0C098AEA090AC1
S315020067D08BEA090BCDF800A0CDF820B020A9089AC3
S315020067E0FFF73EFFDDF800C18CE8FF0028A9009AFA
S315020067F0FFF736FFDDF800C10CF1200C8CE8FF0034
S3150200680030A938AAFFF72CFFDDF800C10CF1400CC5
S315020068108CE8FF0020A928AAFFF722FFDDF800C1B5
S315020068200CF1600C8CE8FF0043B0BDE8F08F2DE957
S31502006830F04F82B0009001928C469CE8FF00FFF771
S315020068401DFFDDF804C0BCF1010CCDF804C0F6D181
S31502006850DDF800C08CE8FF0002B0BDE8F08F00BF93
S315020068602DE9F04F0D46DBB06C46AA68EB6883460D
S315020068700868496808AF0FC428696969AA69EB699B
S315020068800FC49DF81F309DF8002003F07F0322F00D
S31502006890070243F04003694638468DF800208DF81A
S315020068A01F3000F079F92E4900200C46082335AA3C
S315020068B001E054F8040F013B42F8040FF9D1294CC8
S315020068C00120254608233DAA01E055F8040F013BA5
S315020068D042F8040FF9D10120082345AA01E054F831
S315020068E0040F013B42F8040FF9D1002008234DAAF8
S315020068F001E051F8040F013B42F8040FF9D10025DB
S315020069001EAE0DF1980888EA060A0DF1B8097C5701
S31502006910294684EAE472A2EBE4723046E41700F0F8
S315020069202BF904EA0A0383EA080236A87340013502
S31502006930CDE956235994CDF86091FFF7CBFE562D3B
S31502006940E5D158463EAA46A9FFF7A6FE3EAA46A9A3
S315020069500BF12000FFF7AFFE5BB0BDE8F08F00BF82
S3150200696018430102F842010230B50C460546A1B0B1
S315020069706846203100F0F8F86A46214610A8FEF76C
S31502006980AFF908A804F1600100F0EEF808AA18A809
S3150200699004F14001FEF7A4F9284610A900F0F8F820
S315020069A018A905F1200000F0F3F821B030BD00BFB0
S315020069B02DE9F0470C46D0B06F46A26AE36A064656
S315020069C0086A496A08AD0FC7206B616BA26BE36B5D
S315020069D0ADF104080FC7206E616EA26EE36E0FC59D
S315020069E0A26FE36F206F616F0FC5684600F0CCF8A7
S315020069F04FF0080E00234EF001E0424607AD52F872
S31502006A00041F0B430FF005C85F4208A81F4300F09E
S31502006A10BBF84FF0080E0023AC464EF001E02A46C2
S31502006A20FF1752F8041F0B430FF005C8A5EB080227
S31502006A30043A5D4292081D434FF00109DFF8ACE0CB
S31502006A400FA90132ED1717A801E05EF8049F58F866
S31502006A5004AF5CF8043F89EA0A0A89EA03030AEAF0
S31502006A60070A2B408AEA090A83EA0903013A41F82E
S31502006A7004AF40F8043FE8D118AA10A920A8FEF7EF
S31502006A802FF920A928A800F06FF818AA28A930A87B
S31502006A90FEF726F910AA28A938A8FEF721F92146F9
S31502006AA030AA40A8FEF71CF904F1400148A838AA0A
S31502006AB0FEF716F94FF0080E4EF001E03FA847A97F
S31502006AC050F8042F51F8043F3A402B4002600B6005
S31502006AD00FF00BC0304640A900F05AF848A906F15B
S31502006AE0200000F055F850B0BDE8F087F8420102E8
S31502006AF0012310B5034C2360F9F725FD002323601B
S31502006B0010BD00BFBCEC04222DE9F04398461546A1
S31502006B10B1B0389C07460E46DFF84490114610A8DD
S31502006B2004F00104FFF79CFE44F0020442462946A3
S31502006B3020A8C9F80040F9F706FD0023684610A907
S31502006B40C9F80030FFF734FF6946384600F010F8FE
S31502006B50304608A900F00CF831B0BDE8F08300BF5A
S31502006B60BCEC0422000000005FF800F01D2A0102BE
S31502006B705FF800F06D2801025FF800F02929010292
S31502006B805FF800F0899B00025FF800F09D27010282
S31502006B905FF800F0DD2901025FF800F0C12801026A
S31502006BA00080FFFFFF7F00004242424200000000D9
S31502006BB0C0F9FFFF7BC2FFFF13FDFFFF33E3FFFFB9
S31502006BC0D8FFFFFF76FEFFFF51FDFFFF96E5FFFFB1
S31502006BD026040000D528000028010000620B0000F0
S31502006BE08EFCFFFF16DEFFFF7EFAFFFFC9C9FFFF1D
S31502006BF03B0500007C330000C4050000C1380000DC
S31502006C007602000039180000C10000006C0700007F
S31502006C10E5FEFFFF1EF5FFFF380000002702000019
S31502006C201D030000A51E0000BFFBFFFF21D6FFFFCC
S31502006C30350500004133000068FAFFFFF1C8FFFF87
S31502006C40E1FDFFFF1FEBFFFF92050000D4360000B7
S31502006C502DFBFFFF84D0FFFFBBFFFFFF59FDFFFFA8
S31502006C60170200009214000041FEFFFFD0EEFFFF64
S31502006C70500300009B20000039020000E1150000CD
S31502006C8058FCFFFF03DCFFFF3EFEFFFFB3EEFFFFF4
S31502006C90D1F9FFFF22C3FFFFB5FAFFFFE6CBFFFFE5
S31502006CA035030000911F0000210121014B014B0118
S31502006CB0B4FFB4FFDBF9DBF91D0B1D0BBA0CBA0CE2
S31502006CC014FD14FD85C385C3110011004702470256
S31502006CD065066506EFFBEFFBA700A7006B166B16B2
S31502006CE0F13EF13EF9D7F9D7C8FDC8FD58FD58FD6A
S31502006CF0D302D3024C044C0429EA29EADBE5DBE59C
S31502006D00CD1BCD1B4C2A4C2AAD04AD04FFFBFFFB69
S31502006D10E4FBE4FB06FB06FB062E062E97D897D865
S31502006D208DD78DD704CF04CF81058105D0FFD0FF43
S31502006D30F402F402C6FEC6FE2D362D3628FE28FEC5
S31502006D40111D111DEDF3EDF365FD65FDE900E90089
S31502006D506BFB6BFBE9FEE9FE5BE65BE6F508F50815
S31502006D60E6D2E6D246F546F58A028A02B8FAB8FAB9
S31502006D70D0FCD0FC78027802FE18FE1804CC04CCB3
S31502006D80A0E0A0E04D184D18A6F9A6F9E4FDE4FD31
S31502006D9036FA36FAB505B5057BC17BC13DEB3DEB4F
S31502006DA004C704C72D382D3873067306FCF9FCF99F
S31502006DB0B803B8037EFD7EFD7B3F7B3FC9C4C9C4D1
S31502006DC09B249B2451E751E730FE30FE210021002F
S31502006DD0280528057AFA7AFA29EE29EE45014501AF
S31502006DE0C132C132A2C9A2C9AB03AB0384FC84FC83
S31502006DF0DD02DD020C010C011B241B24B4DDB4DD13
S31502006E002F1C2F1C4E0A4E0A03FC03FC53FC53FC98
S31502006E1020FC20FC81028102BED8BED8D2DBD2DBA6
S31502006E20DCD9DCD9A518A5180EFC0EFC9B059B0522
S31502006E3027032703C401C4012AD92AD92D372D379E
S31502006E40071F071F6111611130063006F4FAF4FAC2
S31502006E507701770129FB29FBE83CE83C53CE53CE68
S31502006E606B0E6B0E5CD05CD0F9FBF9FB93FF93FFC4
S31502006E70F4FCF4FC6D066D065CD85CD8CFFBCFFB48
S31502006E8002E202E2403F403F9E059E0533FE33FE8C
S31502006E90FE05FE0561FC61FC4B374B3746EE46EEBE
S31502006EA0FB3AFB3A5BDC5BDC27042704D4FDD4FD0A
S31502006EB032FB32FBA1FCA1FCDF28DF289FEA9FEA16
S31502006EC0B5D0B5D0D1DED1DE3F013F01F502F502E4
S31502006ED03102310221FD21FD440C440C1B1D1B1DF8
S31502006EE092159215BDE3BDE356FD56FD38FD38FDFC
S31502006EF0C905C90588028802C7E5C7E5A0E4A0E47A
S31502006F00F238F238EA18EA18F3FDF3FD9301930119
S31502006F1077047704D6FDD6FDD0EBD0EB7F0F7F0F3B
S31502006F20F32BF32BB3EAB3EA440444040204020447
S31502006F3065FB65FB76037603FD29FD297327732717
S31502006F40ABD2ABD211221122A9FCA9FC25FF25FF47
S31502006F50CB04CB048E038E0320DF20DF94F794F755
S31502006F602E2F2E2FFD22FD22B9F9B9F951FA51FA27
S31502006F703DFB3DFB7503750336C236C20EC80EC80D
S31502006F8021D121D107220722BC04BC040504050431
S31502006F9076FE76FE69FB69FB9A2E9A2E9127912739
S31502006FA0DAF0DAF0D2D2D2D2C0F9FFFF7BC2FFFF0B
S31502006FB013FDFFFF33E3FFFF51FDFFFF96E5FFFFE2
S31502006FC07602000039180000D8FFFFFF76FEFFFFA9
S31502006FD068FAFFFFF1C8FFFF500300009B20000084
S31502006FE026040000D528000028010000620B0000DC
S31502006FF08EFCFFFF16DEFFFF7EFAFFFFC9C9FFFF09
S315020070003B0500007C330000C4050000C1380000C7
S31502007010C10000006C070000E5FEFFFF1EF5FFFF42
S3150200702038000000270200001D030000A51E000014
S31502007030BFFBFFFF21D6FFFF3505000041330000ED
S31502007040E1FDFFFF1FEBFFFF92050000D4360000B3
S315020070502DFBFFFF84D0FFFFBBFFFFFF59FDFFFFA4
S31502007060170200009214000041FEFFFFD0EEFFFF60
S3150200707039020000E115000058FCFFFF03DCFFFFA8
S315020070803EFEFFFFB3EEFFFFD1F9FFFF22C3FFFF74
S31502007090B5FAFFFFE6CBFFFF35030000911F0000A4
S315020070A0210121014B014B01B4FFB4FFDBF9DBF9EE
S315020070B01D0B1D0BBA0CBA0C14FD14FD85C385C33A
S315020070C0110011004702470265066506EFFBEFFB5A
S315020070D0A700A7006B166B16F13EF13EF9D7F9D75A
S315020070E0C8FDC8FD58FD58FDD302D3024C044C041A
S315020070F029EA29EADBE5DBE5CD1BCD1B4C2A4C2A26
S31502007100AD04AD04FFFBFFFBE4FBE4FB06FB06FB61
S31502007110062E062E97D897D88DD78DD704CF04CFB3
S3150200712081058105D0FFD0FFF402F402C6FEC6FE39
S315020071302D362D3628FE28FE111D111DEDF3EDF319
S3150200714065FD65FDE900E9006BFB6BFBE9FEE9FE07
S315020071505BE65BE6F508F508E6D2E6D246F546F5C5
S315020071608A028A02B8FAB8FAD0FCD0FC780278020F
S31502007170FE18FE1804CC04CCA0E0A0E04D184D1871
S31502007180A6F9A6F9E4FDE4FD36FA36FAB505B50523
S315020071907BC17BC13DEB3DEB04C704C72D382D38BF
S315020071A073067306FCF9FCF9B803B8037EFD7EFD8F
S315020071B07B3F7B3FC9C4C9C49B249B2451E751E74B
S315020071C030FE30FE21002100280528057AFA7AFAD7
S315020071D029EE29EE45014501C132C132A2C9A2C931
S315020071E0AB03AB0384FC84FCDD02DD020C010C0163
S315020071F01B241B24B4DDB4DD2F1C2F1C4E0A4E0AA1
S3150200720003FC03FC53FC53FC20FC20FC810281029C
S31502007210BED8BED8D2DBD2DBDCD9DCD9A518A518FC
S315020072200EFC0EFC9B059B0527032703C401C40124
S315020072302AD92AD92D372D37071F071F6111611148
S3150200724030063006F4FAF4FA7701770129FB29FBB6
S31502007250E83CE83C53CE53CE6B0E6B0E5CD05CD052
S31502007260F9FBF9FB93FF93FFF4FCF4FC6D066D0644
S315020072705CD85CD8CFFBCFFB02E202E2403F403F44
S315020072809E059E0533FE33FEFE05FE0561FC61FC8E
S315020072904B374B3746EE46EEFB3AFB3A5BDC5BDCA2
S315020072A027042704D4FDD4FD32FB32FBA1FCA1FC4A
S315020072B0DF28DF289FEA9FEAB5D0B5D0D1DED1DE3E
S315020072C03F013F01F502F5023102310221FD21FDA6
S315020072D0440C440C1B1D1B1D92159215BDE3BDE308
S315020072E056FD56FD38FD38FDC905C90588028802D6
S315020072F0C7E5C7E5A0E4A0E4F238F238EA18EA18CE
S31502007300F3FDF3FD9301930177047704D6FDD6FDD1
S31502007310D0EBD0EB7F0F7F0FF32BF32BB3EAB3EA5D
S31502007320440444040204020465FB65FB7603760307
S31502007330FD29FD2973277327ABD2ABD21122112265
S31502007340A9FCA9FC25FF25FFCB04CB048E038E03E3
S3150200735020DF20DF94F794F72E2F2E2FFD22FD2219
S31502007360B9F9B9F951FA51FA3DFB3DFB75037503BB
S3150200737036C236C20EC80EC821D121D10722072233
S31502007380BC04BC040504050476FE76FE69FB69FBB3
S315020073909A2E9A2E91279127DAF0DAF0D2D2D2D209
S315020073A072FC72FC35FB35FBDB00DB00570357032F
S315020073B003DD03DDD2D0D2D06C086C08E020E020D9
S315020073C0970497048A018A01FBFBFBFB44FB44FBFF
S315020073D02E2D2E2D260F260F6FD86FD866D166D189
S315020073E08BFC8BFCC304C304AF05AF0547064706F7
S315020073F0F9DDF9DDDF2EDF2EF237F237CA3DCA3D5F
S3150200740078FD78FD37FA37FAC802C802AA02AA023C
S3150200741016E716E70EC70EC7601B601B391A391A24
S315020074208AFC8AFC9B049B04FEFBFEFBBCFBBCFBAA
S31502007430EFDDEFDD552D552D8DD88DD803D603D62C
S315020074402A022A0289FB89FB6DFE6DFE0D020D02E0
S315020074504D154D150DD40DD481F081F03014301434
S315020074609F039F0302FA02FACD01CD0162FA62FA84
S31502007470A523A52305C505C5BA11BA11B5C8B5C850
S31502007480DF02DF02CFFDCFFD0BFD0BFDC1FEC1FE0C
S31502007490431C431C6EEA6EEAE5E2E5E2BCF3BCF38A
S315020074A05F035F03CE04CE042C022C02D9FBD9FB68
S315020074B02F212F214B2F4B2F6115611521D721D754
S315020074C03CFE3CFED9FCD9FC65FA65FAF203F203EE
S315020074D09FEE9FEEF9E0F9E0D3C8D3C8D626D626AA
S315020074E093F993F90C030C036D006D00070407046E
S315020074F0C0C0C0C0FE1DFE1D31043104A427A4274E
S31502007500D704D70489FE89FE0C050C05D0F9D0F9FB
S31502007510A42FA42F95F195F1AD31AD3118C318C33F
S3150200752086058605D8FAD8FADFFFDFFFD001D0013B
S315020075305E365E363FCD3FCDBBFEBBFED711D711C1
S315020075407FFD7FFDE003E003AD03AD03FD03FD0315
S315020075505BE75BE7242624262E242E244227422795
S31502007560F4FEF4FE23FD23FD7C037C0355FC55FC4F
S31502007570B2F5B2F5D1E3D1E34C224C22E5DBE5DBF1
S3150200758088FD88FD300330034805480576FD76FD03
S31502007590B3E7B3E7601F601FFC33FC3302E702E781
S315020075A08202820248FC48FC040604068DF98DF923
S315020075B0AF18AF1865DB65DB373B373B85C085C047
S315020075C04BFA4BFACA05CA051C021C025A065A068F
S315020075D0D3C7D3C7FC38FC38C314C314853E853ED3
S315020075E0FA04FA041C041C040104010453FB53FBB1
S315020075F0FC30FC307328732869276927FAD1FAD13F
S31502007600170117019504950417FF17FF9B029B02AA
S31502007610BA0ABA0A1A2D1A2D0BF70BF7A519A519CC
S315020076203A013A010CFD0CFD300030007FFA7FFA78
S31502007630130C130CEFE2EFE2D801D801D3C9D3C978
S31502007640250625064C004C00B5FEB5FEDFFEDFFE24
S315020076507B3C7B3CEC02EC0246F346F3E3F4E3F4B8
S31502007660B4FBB4FB2DFD2DFDA802A8023802380298
S31502007670B4D5B4D533E433E4251A251AD715D7156C
S31502007680110411049BF99BF9B9FDB9FDEFFFEFFF58
S31502007690072807280FC10FC195E995E959FF59FF38
S315020076A02F060000DE3C0000CBFCFFFF6FE0FFFF71
S315020076B04B0500001A340000C7FDFFFF1FEAFFFF5B
S315020076C0C20100004D110000A8030000FD230000C6
S315020076D045000000A7020000BF01000030110000B3
S315020076E0E9FDFFFF6EEBFFFF1F020000E114000041
S315020076F0D30400007C2F00006EFAFFFF2CC9FFFFA7
S31502007700E3FCFFFF5BE1FFFFCBFAFFFFBFCCFFFF0E
S3150200771041040000DF2900003FFFFFFF94F8FFFF4E
S31502007720C8FFFFFFD9FDFFFF1B010000E20A0000B0
S3150200773082050000373600003CFAFFFF3FC7FFFF15
S31502007740C5FAFFFF84CCFFFFDAFBFFFF2BD7FFFF53
S3150200775072030000EA210000D8FEFFFF9EF4FFFF3D
S31502007760280000008A010000B0FCFFFF65DFFFFF72
S31502007770980500000F370000ED020000CD1C000046
S315020077808AFDFFFFC7E7FFFFAF0200006A1A00008B
S30D0200779040060000853D0000E1
S315020077A00348044B834202D0034B03B11847704788
S315020077B0F80B0022F80B002200000000064B0749D6
S315020077C0C91A891048BF0131491003D0044B0BB1C5
S315020077D001481847704700BFF80B0022F80B002239
S315020077E00000000010B5064C237843B9FFF7D8FF16
S315020077F0044B13B10448AFF300800123237010BD7C
S31502007800301000220000000084A2000308B5054BD8
S315020078101BB105490548AFF30080BDE80840FFF7F4
S31502007820CDBF00BF000000003410002284A2000376
S31502007830F0B51A4B1D6865BB06460F461446B4469C
S3150200784002204FF0080E3B685A0802F0553203F048
S3150200785055331A44831E22FA00F122FA03F303F087
S31502007860030301F0030104305B1A0CB9ACF80040C3
S31502007870BCF90010BEF1010E0B442CF8023BE9D113
S315020078800835B5F5807F07F1040706F11006D6D153
S31502007890F0BDBDE8F04001F045BC00BF601000221B
S315020078A02DE9F0419646ADF6486D02ACA4464FF07E
S315020078B00308DEF80C3005460F46106851689268D8
S315020078C00026ACE80F00DEF81000DEF81410DEF831
S315020078D01820DEF81C30ACE80F0021462046212293
S315020078E08DF8288002F0C6F900230AA91A4692A842
S315020078F000F0F2FF0AA90DF589600023012200F0CB
S31502007900EBFF0AA9002302220DF5C96000F0E4FF8D
S3150200791092A801F0BBFE33460DF6480292A912A8C0
S31502007920CDE9004600F036FB12A800F0F1FF424610
S3150200793001230AA912A800F0CFFF12A800F0E6FF61
S31502007940284612A900F060FF0DF6480292A901230B
S3150200795012A8CDE9004600F0E5FB12A800F0D8FF18
S31502007960012304220AA912A800F0B6FF12A800F009
S31502007970CDFF12A905F5C07000F046FF0DF64802CC
S3150200798092A9022312A80196009400F0CBFB12A83A
S3150200799000F0BEFF012305220AA912A800F09CFFEF
S315020079A012A800F0B3FF12A905F5407000F02CFFF3
S315020079B0384692A901F042FEA446BCE80F00C5F87B
S315020079C08004C5F88414C5F88824C5F88C34BCE84C
S315020079D00F00C5F89004C5F89414C5F89824C5F8A4
S315020079E09C340DF6486DBDE8F08100BF2DE9F04FDD
S315020079F01D460023174601240646ADF5905D83B069
S31502007A001A460DF5C1608946294600F065FF002336
S31502007A10012229460DF6080000F05EFF002302222D
S31502007A2029460DF6082000F057FF07F5906A0DF576
S31502007A30C16001F02BFE00230DF608420DF5C1616F
S31502007A4002A8CDE900A400F0A5FA02A800F060FFA2
S31502007A5023460322294602A800F03EFF02A800F0B0
S31502007A6059FF0022304602A900F030FDA3465FFA14
S31502007A7084F843460DF608420DF5C16102A8CDE928
S31502007A8000AB00F04FFB02A800F042FF012329469B
S31502007A9008F1030202A800F01FFF02A800F03AFF55
S31502007AA02246304602A900F011FD012C01D1022422
S31502007AB0DDE782AC394602A800F0D2FE0DF6084395
S31502007AC002AA20460DF5C16100F01AFF02A807F5C9
S31502007AD0C07100F0C5FE02AA0DF6086320460DF637
S31502007AE0080100F00FFF07F5407102A800F0B8FE8A
S31502007AF00DF580530DF6082102AA0DF5C160083373
S31502007B00009400F001FF0DF5C16000F001FF0123B2
S31502007B10062229460DF5C16000F0DEFE494602A89E
S31502007B2000F0FEFE0DF5C161084602AA00F0F4FE61
S31502007B300DF5C16000F0EEFE0DF5C16106F570703F
S31502007B4000F008FC0DF5905D03B0BDE8F08F00BFB4
S31502007B502DE9F04F1F460023914601258046ADF5DB
S31502007B60905D85B01A468A460DF5C260394600F028
S31502007B70B3FE0023012239460DF5016000F0ACFE8A
S31502007B800023022239460DF5216000F0A5FE09F513
S31502007B90906B0DF5C26001F079FD00230DF541628F
S31502007BA00DF5C26104A8CDE900B500F0F3F904A809
S31502007BB000F0AEFE2B460322394604A800F08CFEE6
S31502007BC004A800F0A7FE0022404604A900F09EFD8C
S31502007BD00446C617CDF80CA001215FFA85FA534672
S31502007BE00DF54162CDE900B104A80DF5C26100F0C0
S31502007BF099FA04A800F08CFE012339460AF1030221
S31502007C0004A800F069FE04A800F084FE2A46404655
S31502007C1004A900F07BFD012D44EA000446EAE07661
S31502007C2001D10225D8E784AD494604A8DDF80CA0A7
S31502007C3000F016FE0DF5416304AA28460DF5C26151
S31502007C4000F05EFE04A809F5C07100F009FE04AA60
S31502007C500DF5616328460DF5016100F053FE09F545
S31502007C60407104A800F0FCFD0DF580530DF521616D
S31502007C7004AA0DF5C2601033009500F045FE0DF51D
S31502007C80C26000F045FE0123062239460DF5C260A8
S31502007C9000F022FE514604A800F042FE0DF5C26134
S31502007CA0084604AA00F038FE0DF5C26000F032FE66
S31502007CB00DF5C26108F5707000F0C2FC044364421F
S31502007CC046EAE07060EB4000C00F0DF5905D05B02E
S31502007CD0BDE8F08F70B515460C460646ADF5006D4B
S31502007CE00022684600F056FC684600F00FFE2A465F
S31502007CF069460DF5806000F0D7FD2146012280A875
S31502007D0000F048FC80A800F001FE80A90DF5806015
S31502007D1005F5C07200F0CEFD2146022280A800F0D1
S31502007D2039FC80A800F0F2FD0DF5806305F540727E
S31502007D3080A9684600F0C4FD684600F0E9FD80A807
S31502007D4004F5707100F05EFB6A4680A9684600F091
S31502007D50E5FD684600F0DEFD6946304600F00CFEA1
S31502007D600DF5006D70BD00BFF8B50C4606464FF422
S31502007D7094671546FFF794FD31463A4604F590603E
S31502007D800BF0C2FB3A46314604F5126001F04CFF95
S31502007D902E6A696AAA6AEB6AC4F84069C4F8441989
S31502007DA0C4F84829C4F84C392E6B696BAA6BEB6B85
S31502007DB0C4F85069C4F85419C4F85829C4F85C398F
S31502007DC00020F8BD70B5A0B0EC469E4615460C469E
S31502007DD09A68596806461868DB68ACE80F00DEF850
S31502007DE01000DEF81410DEF81820DEF81C30ACE8BD
S31502007DF00F00294660464FF4946201F015FF4022B7
S31502007E0069460DEB020001F035FF2A466946304607
S31502007E1018ABFFF7EBFD0DF1400CBCE80F0020603C
S31502007E206160A260E360BCE80F002061002061612E
S31502007E30A261E36120B070BD70B514460E46A0B0D3
S31502007E4005466846FFF746FFD4F82009D4F82419F8
S31502007E50D4F82829D4F82C390DF1200CACE80F00FF
S31502007E60D4F83009D4F83419D4F83829D4F83C397E
S31502007E70ACE80F0069466046402201F0FBFE694607
S31502007E8018AB04F590623046FFF762FE034604F52E
S31502007E9014611C463246284601F0DAFCC4F101039D
S31502007EA02846202210A9DBB201F0F2FC002020B005
S31502007EB070BD00BF2DE9F04F0F461969ADF56F7D14
S31502007EC0039700244FF0040E0F460290D3F800B039
S31502007ED0D3F804A0D3F80890D3F80C805E699D69A4
S31502007EE0D8690DF1100CF89BCCF800B0002BE3B268
S31502007EF016BF194611461346BEF1010ECCF804A070
S31502007F00CCF80890CCF80C80CCF81070CCF8146041
S31502007F10CCF81850CCF81C008CF821108CF82030C4
S31502007F2004F101040CF1220CDDD1222426AD0DF15F
S31502007F307603284604A900930DF1320215AB01948B
S31502007F40039F0AF0F1FB012300263846CDE90035EE
S31502007F5007F5AA7207F5FF7307F1AA010AF0F6FB05
S31502007F60029B3C4607F52A7729461846C8220BF09B
S31502007F70CBFA034684F8A86084F8A960AA34A7421B
S31502007F8003F1C80305F1C805EED10DF56F7DBDE815
S31502007F90F08F00BF2DE9F04F2DED068B2DED04DBA2
S31502007FA05E4CADF6E41D256880460E4614461F4615
S31502007FB0DDF8349A002D76D1B9F1000F5AD1B0AD61
S31502007FC04A462846DDF8301A01F08EFB2A46012180
S31502007FD006A801F0D9FDDFF848A10DF5BC6B3146C4
S31502007FE05846CDE90154CDF800A006AB04AA0BF021
S31502007FF0D7FAB9F1000F4ED001233A462846DDF8EA
S31502008000301A01F071FB2A46012106A801F0BCFDD7
S3150200801004F5007302935846CDE900A506AB04AAFF
S3150200802006F500710BF000FBB9F1000F2BD03A46B2
S3150200803002232846DDF8301A01F056FB2A460121B2
S3150200804006A801F0A1FD04F580644046CDF80CB007
S315020080500195029406AB04AACDF800A006F580614C
S315020080600BF0B2FA0DF6E41DBDEC04DBBDEC068B9B
S31502008070BDE8F08F2B46B0AD3A462846DDF8301AF9
S3150200808001F032FBA2E73B4602222846DDF8301A0F
S3150200809001F02AFBD2E73B4601222846DDF8301AD8
S315020080A001F022FBAFE7B0AD3A462846DDF8303A9A
S315020080B0CDF8009006A9FFF7FDFE0195184D0DF5C6
S315020080C0BC673146384606AB04AA029400950BF00B
S315020080D067FA04F500730293E2AB01933846009502
S315020080E004AA0DF1C20306F500710BF09DFA0DF517
S315020080F08A6304F58064CDE90134404604AA0397F5
S3150200810000955BAB06F580610BF05EFA0DF6E41D99
S31502008110BDEC04DBBDEC068BBDE8F08FB8EC0422A7
S31502008120503C01022DE9F04F2DED068B2DED04DBBF
S31502008130564CADF6E41D256880460E4614461F468B
S31502008140DDF830AADDF8349A002D69D1B9F1000FB5
S3150200815050D1B0AD4A465146284601F0C5FA2A46E4
S31502008160012106A801F010FD0DF5BC6B31465846FB
S31502008170CDE9005406AB04AA0BF0EEF9B9F1000FF3
S3150200818047D001233A465146284601F0ADFA2A461F
S31502008190012106A801F0F8FC04F500730193584684
S315020081A0009506AB04AA06F500710BF0E5F9B9F1E4
S315020081B0000F27D03A4651460223284601F094FA88
S315020081C02A46012106A801F0DFFC04F58064404638
S315020081D0CDE90054CDF808B006AB04AA06F58061D5
S315020081E00BF02AFA0DF6E41DBDEC04DBBDEC068BA2
S315020081F0BDE8F08F2B46B0AD3A465146284601F00F
S3150200820073FAACE73B4651460222284601F06CFA65
S31502008210D6E73B4601225146284601F065FAB6E703
S31502008220B0AD53463A462846CDF8009006A9FFF768
S3150200823041FE00950DF5BC653146284606AB019414
S3150200824004AA0BF089F904F500730193E2AB0093DB
S3150200825028460DF1C20304AA06F500710BF08CF94B
S315020082600DF58A6304F5806400934046CDE9014525
S3150200827004AA5BAB06F580610BF0DEF90DF6E41D90
S31502008280BDEC04DBBDEC068BBDE8F08FB8EC042236
S3150200829038B501230F4A00F00F0C156803FA0CF3E8
S315020082A02B430D4913600B6873B10B68012B03D086
S315020082B0BDE838400BF0ACB904460BF081F9204614
S315020082C0BDE838400BF034B90449BDE838400BF03C
S315020082D083B900BF581000225C100022503A0102F6
S315020082E0F8B50123154A0746146800F00F008340CB
S315020082F02343134913600B6883B14FF48072114E06
S31502008300114DB91E346831F9023F9C42C8BF336031
S315020083102C689C42B8BF2B60013AF3D10B4B38460E
S315020083201B6823B9BDE8F84009490BF081B90BF087
S31502008330FFF83846BDE8F8400BF086B95010002227
S315020083404C100022040000220000002254100022D9
S31502008350503601022DE9F043294B83B01C68002CEC
S3150200836049D10D4640F6015C04304FF0080E2A460C
S315020083704EF001E00DF1FF3132F9026B0CEAE673C1
S3150200838033441BB21B0103F28163C3EB8316C3EBB7
S31502008390062303EB83031B0F01F8013F0FF015C001
S315020083A09DF801909DF800609DF803809DF80210EB
S315020083B09DF805709DF804209DF807E09DF80630AB
S315020083C0083446EA091641EA081142EA071243EA64
S315020083D00E13B4F5807F00F8046C00F8031C00F855
S315020083E0022C00F8013C05F1100500F10400BCD195
S315020083F003B0BDE8F08303B0BDE8F04301F034B842
S315020084006010002210B5304B1C68002C58D14FF07A
S31502008410200E0B4640F6015C4EF001E0043313F8E1
S31502008420042C103002F00F020CFB02F20832121179
S31502008430043320F8102C13F8082C12090CFB02F254
S315020084400832121120F80E2C13F8072C02F00F0234
S315020084500CFB02F20832121120F80C2C13F8072C2E
S3150200846012090CFB02F20832121120F80A2C13F838
S31502008470062C02F00F020CFB02F20832121120F84F
S31502008480082C13F8062C12090CFB02F20832121100
S3150200849020F8062C13F8052C02F00F020CFB02F250
S315020084A00832121120F8042C13F8052C12090CFBC1
S315020084B002F20832121120F8022C0FF051C010BD40
S315020084C0BDE8104000F0E4BF601000222DE9F04F35
S315020084D02E4B83B01D68002D53D1884640F60157B6
S315020084E040F2816402EB820300EB831628480831CE
S315020084F008F502784FF0040EEC464EF001E008391A
S31502008500AB4631F9023B07EAE37999441FFA89FA45
S315020085105AEA8F2B1AEB0402A2FB00924BF10003DC
S3150200852000FB0323C3F309032CF8023B0FF019C027
S315020085300023BDF802C0BDF80090BDF804B0BDF836
S3150200854006204FEA8C0E4EEA192E4FEA0B1A69F3F1
S3150200855007034AEA9C1A6EF30F234FEA821C08317C
S315020085604CEA1B1C92086AF3174332716CF31F63C1
S31502008570884506F1050646F8053CBBD103B0BDE8C1
S31502008580F08F03B0BDE8F04F00F05ABF6010002232
S31502008590B7AF130030B5294B1D68002D49D14FF0F6
S315020085A0400E40F6015C4EF001E002EB820301EB65
S315020085B08312537811781B0203F440730B430CFBAE
S315020085C003F303F5007308309B0A053220F8083CD2
S315020085D012F8033C12F8041C9B0103F4707343EA7D
S315020085E091030CFB03F303F500739B0A20F8063C88
S315020085F012F8023C12F8031C1B0103F47C7343EAD3
S3150200860011130CFB03F303F500739B0A20F8043CD9
S3150200861012F8013C12F8021C9B0043EA91130CFB70
S3150200862003F303F500739B0A20F8023C0FF03FC8E0
S3150200863030BDBDE8304000F035BE00BF60100022FC
S315020086402DE9F047304B82B01C68002C56D10D46FE
S31502008650264640F6015C4FF0080E2A464EF001E02F
S315020086600DF1FF3132F9027B0CEAE7733B441BB290
S315020086701B0103F28163C3EB8317C3EB072303EBEF
S3150200868083031B0F01F8013F0FF015C09DF805A0EB
S315020086909DF8047081789DF803909DF8023090F859
S315020086A001E09DF801809DF8002047EA0A1743EA97
S315020086B009134F409DF807909DF8061042EA0812EA
S315020086C083EA0E0390F8008090F803E041EA09116C
S315020086D082EA08023B4381EA0E0132430B43083425
S315020086E01343B4F5807F03F0FF0600F1040005F1A1
S315020086F01005B0D1304602B0BDE8F08702B0BDE841
S31502008700F04700F0BBBE00BF601000222DE9F04F1B
S315020087103B4B85B01C68002C6CD1A046894640F6BE
S31502008720015740F28164464602EB8203DFF8D4C069
S3150200873000EB8315083109F502794FF0040E4EF06D
S3150200874001E002A8083931F9023B07EAE37A9A44C2
S315020087501FFA8AF3CDE90036DDE9002352EA8F23B8
S31502008760CDE900231219A2FB0CA2019B43F10003DF
S315020087700CFB0323C3F3090320F8023B0FF01DC8C9
S31502008780BDF80AE0BDF808B0BDF80CA02A784FEA99
S315020087908E0343EA1B2382EA0B024FEA0A1BBDF849
S315020087A00E0048EA02024BEA9E1B95F8018095F8F4
S315020087B002E083EA08038BEA0E0B95F803804FEA80
S315020087C0801E4EEA1A1E8EEA080E95F8048043EAC7
S315020087D00B0388EA900043EA0E030831034313436E
S315020087E0894503F0FF0805F10505A6D1404605B007
S315020087F0BDE8F08F05B0BDE8F04F00F02BBE00BF1C
S3150200880060100022B7AF130070B5144B1D6805BB8C
S315020088100E46044608460AF0EBFE30460AF0E8FE2B
S315020088204FF0800E20462A464EF001E0B11C36F982
S31502008830225031F92230C5F3072444EA0314C3F364
S315020088400B13057044708370013203300FF011C8A8
S3150200885070BDBDE8704000F0A5BC00BF60100022EC
S31502008860104B1A68E2B910B54FF0800E0B468446DB
S3150200887011464EF001E0841C5A781878120202F46E
S31502008880706202432CF821209A785878120142EA43
S31502008890101224F82120033301310FF013C810BD42
S315020088A000F0C4BC60100022014B0AF071BE00BF8A
S315020088B0503C0102014B0AF093BE00BF503C01023C
S315020088C010B51C4682B0034B00940AF04DFE02B06E
S315020088D010BD00BF503C010230B594468E46044698
S315020088E01D46A1B0724668466346802100F08CFFA1
S315020088F02A4669462046FEF79BFF21B030BD00BFDF
S315020089000AF022BE0AF08CBE0AF00EBEFFF7C0BC09
S31502008910FFF7E6BC0AF06CBE0AF092BE0AF044BE4D
S315020089202DE9F843134B1B68FBB90E4699461F46C1
S31502008930A0F102084546002425F8027F327840F26B
S3150200894081612241284602F0010201340AF0F4FD57
S31502008950082CF1D109F10809B9F5807F08F1100850
S3150200896006F10106E6D1BDE8F883BDE8F84300F05A
S3150200897029BE00BF60100022184BD3F800C0BCF11C
S31502008980000F28D1F0B50C466546013800264FF097
S31502008990080E214632464EF001E000F8015F31F939
S315020089A0023B5B0003F28163C3EB8317C3EB07232E
S315020089B003EB8303C3F3007393403343DEB20670C3
S315020089C001320FF015C00CF1080CBCF5807F04F1E2
S315020089D01004DBD1F0BD00F099BD00BF601000228B
S315020089E010B540F6015C40F2816240F2FF334FF06F
S315020089F0400E124C2DED088BA0EE10CBA8EE104BBC
S31502008A00A2EE102BA4EE103B4EF001E0B9EC04AF3F
S31502008A10A1EF5A6006EF506126EF4A68AAEF566543
S31502008A2022EF466827FE096E06EF5461A8EC046F32
S31502008A300FF015C0BDEC088B10BD00BFB7AF130019
S31502008A40F0B5ADF5017D054668461446FFF7C8FF49
S31502008A504FF0400E6B464EF001E004EB840405EB4A
S31502008A6084100022B3F802C01E889F88D9884FEA74
S31502008A708C0545EA16253C0166F3070244EA9C1476
S31502008A8065F30F224FEA811C4CEA171C890864F32E
S31502008A90174201716CF31F620530083340F8052C4A
S31502008AA00FF021C80DF5017DF0BD00BF2DE9F04F95
S31502008AB0ADF5017D054668461446FFF791FF4FF076
S31502008AC0400E0020EC464EF001E004EB840405EB78
S31502008AD08411BCF802A0BCF80040BCF80470BCF8D3
S31502008AE006200B7991F8009091F801B04FEA8A06B8
S31502008AF091F8028083EA920389EA040946EA142677
S31502008B003C01CD7843EA090386EA0B0644EA9A1445
S31502008B109201334384EA080442EA171223436A4065
S31502008B2013430343D8B205310CF1080C0FF02FC8DA
S31502008B300DF5017DBDE8F08F10B540F6015C46F6F5
S31502008B4010020F234FF0400E114C2DED088BA0EEB4
S31502008B5010CBA8EE104BA2EE102BA4EE103B4EF05B
S31502008B6001E0B9EC04AFA1EF5A6006EF506126EFBF
S31502008B704A68A8EF566522EF466827FE096E06EF99
S31502008B805461A8EC046F0FF015C0BDEC088B10BD44
S31502008B90FB3A010010B5ADF5007D04466846FFF7C5
S31502008BA0CBFF4FF0800E6A464EF001E0601E518800
S31502008BB032F8043B43EA011300F8013F0FF009C8FB
S31502008BC00DF5007D10BD00BF10B5ADF5007D044664
S31502008BD06846FFF7B1FF4FF0800E00206A464EF05E
S31502008BE001E0611EB2F802C032F8043B11F8014FEF
S31502008BF043EA0C1363401843C0B20FF00DC80DF5DB
S31502008C00007D10BD10B5ADF5007D04466846FFF740
S31502008C1093FF4FF0100E6B464EF001E093FC805E20
S31502008C20B3FCA05E94EF562524EF5241A4EC884E85
S31502008C300FF00DC00DF5007D10BD00BF10B52DED76
S31502008C40048BADF5007D04466846FFF775FF0022EA
S31502008C504FF0100E6B46A2EE302B4EF001E093FC65
S31502008C60805EB3FCA05E94EF5685B4FC880E24EFBA
S31502008C70584104FF504122EF54210FF011C0002049
S31502008C80E6FE020F80B2003818BF01200DF5007D06
S31502008C90BDEC048B10BD00BF70B57C4D2DED108B65
S31502008CA095ED009F0125A6EE105B032502EB8202DD
S31502008CB0062300EB821040F60152AAEE105B744DB9
S31502008CC0A4EE102B95ED001F4FF0020CA2EE103B06
S31502008CD0B8B020EF466828EF422804248DED185FCD
S31502008CE0A4EE10CB8DED287F8DED243FA6EE104B22
S31502008CF028EF442820EF44488DED2C5F28EF4648A4
S31502008D0026EF4068634A4FF0100EAEEE102B8DED43
S31502008D10347F20EF4A688DED0C9F8DED14BF4EF027
S31502008D2001E08DED101F8DED1C3F8DED205F8DED69
S31502008D30307F8DED04FF9DED1C7F9DED203F2031A0
S31502008D40A1F1200595EC164F9DED0C1F95EC126FC7
S31502008D509DED243F40F2816495EC12EF95EC102FC5
S31502008D608DED083FA2EE104B9DED18DF8DED003F15
S31502008D70A1EF542002EF5C2124EF42289DED005F13
S31502008D80AAEF522522EF44289DED045F23FE052E0D
S31502008D90A1EF564004EF5C4126EF44480F239DEDB8
S31502008DA0007FAAEF5445A0EE103B04AB24EF4648E1
S31502008DB040F2FF3C93ED007FAAEE10CB25FE074E54
S31502008DC03F2204EF5A4102EF5A2104EF5001A1EF6C
S31502008DD05E60A8EE102B06EF5C6102EF5881A4EFED
S31502008DE05005BAFF522022EF50212EEF46089DED84
S31502008DF000FFAAEF500508AD93ED007F20EF4E0865
S31502008E0095ED00FF21FE070EA1EF5E6006EF5C61A5
S31502008E102EEF46689DED00FFAAEF56659DED04DF35
S31502008E2026EF4E6827FE0D6E00EF5A0106EF5A61D5
S31502008E309DED10BFA2EF588580EC0A6FB8FF566011
S31502008E4026EF58619DED289F80EC086F9DED2C7FE3
S31502008E5080EC062F9DED147F00EF5661BCFF544057
S31502008E60A6EF566524EF56419DED307F80EC064F06
S31502008E70BEFF50009DED347F80EC060F14300FF0DC
S31502008E80A7C038B0BDEC108B70BD00BF803D01029B
S31502008E90F03D0102B7AF130002EB820200EB821033
S31502008EA00322F0B59C4B2DED108B93ED009FAAEE9D
S31502008EB0102B01230022A6EE103BA2EE102B40F649
S31502008EC001530624954ED9B096ED001FA4EE103B31
S31502008ED04FF0020C8DED083FA2EE104B20EF4668D4
S31502008EE028EF422804258DED385FA4EE10CB8DEDD8
S31502008EF0487F8DED443FA6EE105B28EF442820EF15
S31502008F0044488DED4C5F28EF464820EF4668844B77
S31502008F104FF0100EACEE103B8DED547F20EF4A68F9
S31502008F208DED2C9F8DED34BF4EF001E08DED301F9F
S31502008F308DED3C3F8DED405F8DED507F8DED00DF79
S31502008F409DED3C5F2031A1F1200696EC146F9DED5C
S31502008F50405F9DED441F96EC142F9DED309F9DEDD5
S31502008F602C5F9DED48DF96EC14EF96EC104F90FCCB
S31502008F70080F90FC0C8F06468DED285F8DED241FA1
S31502008F809DED4C5F9DED501F8DED209F9DED549FF5
S31502008F9090FC04CF0F2290FC004FFF2396FC080F93
S31502008FA08DED1CDF8DED141FACEE102BA0EE103BE9
S31502008FB08DED0CDF8DED041F9DED38DFA1EF560020
S31502008FC000EF5C0140F2816526EF4068AAEE105B75
S31502008FD0AAEF56659DED001F26EF4A6840F2FF3460
S31502008FE027FE016EA8EE104B4FF03F0C06EF5861BC
S31502008FF08DED185FA4EE10CB06EF5441A2EF544557
S315020090008DED105FA1EF524004EF5C4122EF444820
S31502009010AAEF544524EF4A4825FE014E9DED0C3F2A
S3150200902004EF5841A1EF5E0004EF522100EF5C010C
S31502009030A4EF5225BAFF56602EEF400826EF526182
S315020090409DED043FAAEF500506EF52619DED1C3FD0
S3150200905020EF4A0802FF56619DED003F9DED28FF75
S3150200906021FE030EA1EF5E2002EF5C212EEF4228C5
S31502009070AAEF522522EF4A289DED00BF23FE0B2EB2
S3150200908000EF580102EF58219DED049F9DED24BF8C
S3150200909000EF58819DED10DFB8FF50000AFF58819E
S315020090A09DED08FF9DED20BF20EF5C012EEF58815C
S315020090B00AFF50019DED34BF28EF508128EF5681FB
S315020090C002EF5A61BCFF5440A6EF566524EF5641A3
S315020090D09DED047F04EF56419DED187FBEFF5220A1
S315020090E006FF54419DED141F28EF548100FF5221C3
S315020090F028EF526114AE0CAA8DED087F14300FF0E2
S31502009100E1C80020EAFE060F003818BF012059B058
S31502009110BDEC108BF0BD00BF803D0102F03D0102A7
S31502009120B7AF130000B54FF0030C4FF0550E2DEDFF
S31502009130108B1023A8EE30EBA4EE30CB91FD806E9F
S3150200914006EF58A19FFF566006EF586116EF4A6870
S315020091509EFF56C006EF54A10CEF54C11AFF4CA84D
S315020091609CFF56C09AFF56600CEF54C106EF54613D
S3150200917008311CFF46683AB190FC80DE90FCA0DE06
S315020091801AEF4CA816EF4E682AEF5A0126EF56211F
S31502009190013B80FC801EA0FCA01ECFD1BDEC108B33
S315020091A05DF804FB38B50D462DED108B04460846D6
S315020091B00AF01EFA28460AF01BFA40F6FF724FF032
S315020091C0200E1649164B91ED00BF93ED009F1549EF
S315020091D0154B91ED001FA2EE103B28462346A4EE46
S315020091E0102B4EF001E0B0EC047FBCFF56C006EF38
S315020091F054610CEF52C126EF5C61B8FF56E0B0FF36
S3150200920056C083EC0A6F83EC08EF83EC00CF0C3375
S315020092100FF017C8BDEC108B38BD00BF203E01020F
S31502009220103E0102003E010200F0FF0010B540F6BA
S31502009230FF734FF0200E184A184C92ED001F184A81
S315020092402DED0C8B92ED003F94ED009FA4EE103BAA
S315020092504EF001E00B4691FC00AF93FC02CFA8EF63
S315020092605AA5B0EF5CC591FC086F2AEF5CA126EF08
S315020092705A61B4FF56A00AEF54A106EF5461B0EF4B
S315020092805AA526EF5A610C31A0EC047F0FF01FC0DD
S31502009290BDEC0C8B10BD00BF103E0102203E010248
S315020092A0003E01022DE9F0475F4B2DED108B93ED49
S315020092B0007F5E4BACB093ED005F06238DED005F41
S315020092C0A4EE103B002626EF44488DED285FA4EE5F
S315020092D0106B022526EF44488DED1C5FA4EE105B51
S315020092E0042426EF44488DED205FA4EE104B26EFB2
S315020092F04468DFF840A18DED247F9AED007FDFF808
S31502009300389102EB82028DED047F01EB821199ED19
S31502009310007F0F22DFF82481A2EE102B03238DEDAE
S31502009320087F98ED007F424F8DED143F4FF03F0CC2
S31502009330A2EE103B4FF400724FF0100E8DED0C7F33
S3150200934097ED007F8DED183F40F601534EF001E098
S315020093508DED107FAEEE10CBA8EE102B9DED047FA7
S315020093609DED0C3F91FC064F9DED00BF9DED087FE4
S315020093709DED10DF0A4691FC060F91FC026F91FCEF
S315020093800A2F92FC0CAF9DED18DF04EF5CC1A8EF2B
S315020093905CC522EF5C2123EE633E28EF42289DED59
S315020093A01CDFB6FF522080EC1C2F9DED143F00EF10
S315020093B05221BEFF5440A6EF522524EF524125EE1C
S315020093C0635E28EF44489DED203FB6FF544080EC93
S315020093D0124F06EF5E41BCFF5000A4EF544520EF4A
S315020093E05441A2EF5AA5BAFF566025EE635E26EFF8
S315020093F05A6128EF444827EE637EB6FF54409DED3E
S31502009400243F28EF466880EC124FB6FF56609DED6A
S31502009410285F143180EC146F20300FF061C82CB035
S31502009420BDEC108BBDE8F087803D0102F03D0102E4
S31502009430B03D0102E03D0102D03D0102C03D010204
S31502009440034B1B68022B01D0FFF7FABAFFF724BCC5
S3150200945060100022034B1B68022B01D0FFF726BBCC
S31502009460FFF71ABD60100022034B1B68022B01D0C6
S31502009470FFF790BBFFF7C6BB60100022034B1B68C9
S31502009480022B01D0FFF7A0BBFFF7D8BB601000226A
S3150200949000B54FF00F0C08224FF0200E184B2DEDA1
S315020094A00C8B93ED00BF174BA2EE10CB93ED009FF2
S315020094B0154BA4EE102B93ED001F4EF001E040F683
S315020094C001530A4692FC006F06EF52C1BCFF56607A
S315020094D02DEE63DE27EE637E24EF4CC824EF46684A
S315020094E0BCFF5CC0BCFF566080EC1ACF043180EC36
S315020094F0186F10300FF01BC8BDEC0C8B5DF804FB27
S31502009500A03D0102903D0102703D010240F6015369
S3150200951010B52DED108BACEE103B274B46F6100C1A
S31502009520A8EE103B254B01224FF0200E93ED007F53
S31502009530234C84B094ED00FFAAEE10CB4EF001E06E
S31502009540A0EE102B8DED007F01380B46BBEC042FED
S31502009550A1EF526006EF5C6126EF4268A5EF566501
S315020095602AEF466827FE096E06EF50619BED004F13
S3150200957026EF5E69F9FE062FA1EF546006EF5C61E5
S3150200958026EF4468A5EF56652AEF466827FE096E60
S315020095909DED005F06EF506126EF5469F9FE06CF96
S315020095A002EB0C03103100F8013F0FF033C004B098
S315020095B0BDEC108B10BD00BFFB3A0100503D01020D
S315020095C0603D010210B540F2816200234FF0200E89
S315020095D0184C2DED088B94ED00BF174CA2EE102B04
S315020095E094ED009FA4EE103B4EF001E0013911F814
S315020095F0012F0346A6EE102B06EF5A0106EF58611D
S3150200960021FE840FFDEE10CA27FE840FFDEE102AFE
S31502009610EDEE10CA33FE050FEDEE102AABEC040F89
S3150200962033FE056F10308BED006F0FF021C0BDECDD
S31502009630088B10BD603D0102503D010238B504465B
S315020096400D46FFF7E1F805F5007104F5C070FFF766
S31502009650DBF805F5806104F54070BDE83840FFF798
S31502009660D3B800BF38B504460D46FFF7F9F805F53D
S31502009670C07104F50070FFF7F3F805F5407104F5C3
S315020096808060BDE83840FFF7EBB800BF10B504466E
S31502009690FFF73CF904F50070FFF738F904F580602E
S315020096A0BDE81040FFF732B9014B1860704700BFA2
S315020096B00800002299B100B541F001E0094A0138DB
S315020096C0136883EA433383EA534383EA431300F876
S315020096D0013F0FF00BC0136000205DF804FB002071
S315020096E0704700BF080000222DE9F047414C0546AD
S315020096F0266891460C4698468AB0002E62D03E4EA7
S31502009700B1EC047F3346B3EC041F91ED005F93ED99
S31502009710003F06FF506104FF524126EF546116EEE8
S31502009720103A36EE101B354F0B433A680DF1040A18
S31502009730002A08BF43F0010317EE102B134337EE3E
S31502009740102B134319D14FF0190E4EF001E02C4C99
S31502009750A5F10801F4E90267E1E902670FF007C023
S3150200976002232022514628468DF804908DF8058062
S3150200977009F052FF0AB0BDE8F087D4464FF0000E5A
S3150200978020686168A268E368043EACE80F002069BD
S315020097906169A269E369043CACE80F0022225146E2
S315020097A01848ADF824E000F0DBF94FF0080E4EF051
S315020097B001E054F8043F46F8043F0FF007C00123C6
S315020097C03B60C0E70868A268E368496801AE0FC655
S315020097D020696169A269E3690FC62222284601A9A6
S315020097E08DF824908DF8258000F0BAF90AB0BDE80C
S315020097F0F08700BF50110022681000226410002278
S31502009800801000228810002270B5964605460E4644
S315020098101C468AB010685168DEF80C3092680DF169
S31502009820040CACE80F00DEF81000DEF81410DEF8C7
S315020098301820DEF81C30ACE80F00212331462846FA
S3150200984001AA8DF8244000F0CDF90AB070BD00BF20
S3150200985070B50E4615460446B4B0684600F03AF9AD
S3150200986031466846202200F041F929464FF48862C3
S31502009870684600F03BF9684600F03EF96A46202148
S31502009880204600F067F9684600F068F934B070BD0A
S31502009890AAB100B542F001E05B42DBB20139013800
S315020098A010F801CF11F8012F8CEA02021A408CEA55
S315020098B0020C80F800C00FF00DC85DF804FB70477B
S315020098C030B54D1E83B08DF80720D0E93223002B28
S315020098D008BFAA42044615D001230DF1070109F07B
S315020098E09BFE4FF0800C01232A4620460DF107010C
S315020098F08DF807C009F090FE00220023C4E9322346
S3150200990003B030BD9DF80750012365F07F050DF1C8
S3150200991007018DF8075009F07FFEEDE72DE9F047C4
S315020099201D4688469146D0E93223A91843F1000321
S31502009930414573F10003044624D300260027DFF8CD
S3150200994060A04946A8EB0203204609F065FED4F85A
S31502009950C830DAF80020A3EB08010132A8EB0303B2
S315020099600D442046C4E932679944CAF8002009F03A
S31502009970E7FDD4E93223A91843F10003414573F107
S315020099800003DED22B464946204609F045FED4E9BD
S3150200999032325B1942F10002C4E93232BDE8F08785
S315020099A0541100228B422DE9F8430C461E4680468E
S315020099B0174613D3DFF878903946234600224046ED
S315020099C009F02AFED9F8005040460135361BC9F87F
S315020099D0005009F0B5FDB4422744EDD9013C86B9E1
S315020099E080253246404608A9012309F015FE0123C7
S315020099F02246404608A98DF8205009F00DFEBDE822
S31502009A00F883334600223946404609F005FEB44241
S31502009A10E6D19DF82040012364F07F043246404699
S31502009A2008A98DF8204009F0F7FDBDE8F88300BFCC
S31502009A30541100222DE9F0474FF0000AD2E93249CB
S31502009A40A14215469846A3EB04027AEB09030E4699
S31502009A5007460DD20B460146284609F0A9FDD5E96F
S31502009A6032329B1B62F10002C5E93232BDE8F08751
S31502009A7023460146284609F09BFDD5F8C8302744FF
S31502009A801B1BC5F8C830D5F8CC3063EB0903361B6F
S31502009A90C5F8CC30EAD0DFF83890D9F8002028464D
S31502009AA00132C9F8002009F04BFDB045444628BFF3
S31502009AB03446394623460022284609F079FDA8EBAA
S31502009AC00403361BC5E9323A2744E6D1BDE8F087DE
S31502009AD054110022C82210B50021044609F00CFDDB
S31502009AE000220023C4E9322310BD00BF8C46134670
S31502009AF088216246FFF712BF1F2310B582B0D0E954
S31502009B0032218DF80730A2F187030B43044615D0A4
S31502009B1001230DF1070109F07FFD4FF0800C0123AF
S31502009B20872220460DF107018DF807C009F074FD62
S31502009B3000220023C4E9322302B010BD4FF09F0C6D
S31502009B40012387220DF107018DF807C009F064FD94
S31502009B50EEE700BF8823FFF76DBF00BF704700BF67
S31502009B60F0B50D46164604461F2783B0C8220021CB
S31502009B7009F0C2FCA82133462A4620460097FFF781
S31502009B8011FF03B0F0BD00BF31B32DE9F041054628
S31502009B900C461646114FDFF8488008E02946152282
S31502009BA0304605F0DDFC013C05F1A80512D03B6804
S31502009BB0304601333B6009F0C3FCD8F80020002A86
S31502009BC0ECD12946A823304609F0F2FC013C05F106
S31502009BD0A805ECD1BDE8F081704700BF5411002200
S31502009BE0A4110022F0B5B5B004460D461646002172
S31502009BF0C82268461F4609F07FFC002200236846F9
S31502009C00CDE9322388213B463246FFF787FE684676
S31502009C101F228821FFF754FE88236A4629462046DA
S31502009C20FFF708FF35B0F0BD2DE970430D46164625
S31502009C304FF000084FF000090446B4B0C8220021D4
S31502009C40684609F059FC33462A4668468821CDE91A
S31502009C503289FFF763FE684606228821FFF730FE47
S31502009C60882320216A462046FFF7E4FE34B0BDE889
S31502009C70708300BF2DE970430D4616464FF000086B
S31502009C804FF000090446B4B0C8220021684609F024
S31502009C9033FC33462A4668464821CDE93289FFF726
S31502009CA03DFE684606224821FFF70AFE4823402168
S31502009CB06A462046FFF7BEFE34B0BDE8708300BF99
S31502009CC02DE9F84FA4B04FF0260C96465368176A52
S31502009CD09468D2680CFB02F615900A92DEF8100020
S31502009CE08A691E960292DEF8146000EBC00200EB4F
S31502009CF04208CDF86080DEF81C200CFB06F80D96B3
S31502009D000E691B9704960F6A16464D6A1497DEF87B
S31502009D10187019953A462546CDF874800CFB06F85C
S31502009D2007EBC70704EBC40402EB470A0B9505EBE6
S31502009D30440410930CFB03F51390CB6948691C92FB
S31502009D401296CDF85880CF68DEF8242006978F68E1
S31502009D500CFB02FC0597DEF800701A924A68089717
S31502009D601B9F01920A680A99CDF844C007EBC70CFB
S31502009D7007EB4C0C01EBC10E149F01EB4E0ECDF816
S31502009D8024C0AEFB07EC1999189EE1FB04ECA4FB78
S31502009D9007411893E6FB03EC199B059FE3FB05417C
S31502009DA0A046189B1E9D029CE5FB0381E6FB0481EF
S31502009DB01D9C049DE4FB0081EAFB0581169C189616
S31502009DC0069EE4FB0681099E019CE6FB0781119E25
S31502009DD0E6FB0481089E029CE6FB02810D9E0F9122
S31502009DE006EBC60106EB4101E1FB04EC129CEAFB21
S31502009DF000ECCDF8388028F07C48CDF8848004EB5E
S31502009E00C40804EB4808E8FB05EC069E099D1F9072
S31502009E10E5FB06ECDDE90E6756EA9F6740461A9DAA
S31502009E20CDE90E6705EBC508059F05EB4808E8FB7B
S31502009E3007EC089C019D0C92E5FB04EC109D0E9C20
S31502009E40E5FB02EC6A00149F17920F9A1EEB0404BC
S31502009E5046464CEB0209A046DDE9182524F07E4C65
S31502009E60A7FB0141E5FB02410246EAFB03412090C2
S31502009E700298CDF888C0E2FB00411F98099A1F9606
S31502009E80E2FB00413246049E58EA5F69E2FB064164
S31502009E90069E089AE6FB0241109E059AE2FB0641DF
S31502009EA00B9E019AE2FB0641A4460C9A0A9C049E6A
S31502009EB0E4FB02C1189CCDF88CC0A4FB07EC1E9CE7
S31502009EC0169AE5FB04EC1D9C059FE4FB03EC029C41
S31502009ED0EAFB04ECE2FB00EC099AE2FB06EC069EC6
S31502009EE0119AE2FB06EC089AE7FB02EC179A019F2D
S31502009EF0E7FB02ECDDE90B72E7FB02EC1EEB080E58
S31502009F004CEB0902CDF838E00F920A9ADDE90E8988
S31502009F1058EA9F692EF07C4C5200CDF878C019920F
S31502009F20209A149FCDE90E89A7FB02ECE5FB0AEC09
S31502009F30099AE2FB03EC1F9AE2FB04EC089A049CE2
S31502009F40E0FB02EC109AE4FB02EC0B9C019AE6FBA6
S31502009F5004EC0A9C059EE6FB04EC4446239E341957
S31502009F60A0460F9E24F07E4441EB0609139958EA57
S31502009F705F69E2FB01ECDDE90C16E6FB01EC159AE2
S31502009F80CDF838E0AAFB07E1D4601D9C099AE5FBEF
S31502009F9004E1169C119EE4FB03E1029CE2FB04E150
S31502009FA0E6FB00E1089A049EE6FB02E1069E179A8A
S31502009FB0E6FB02E1059E0B9AE6FB02E1019A199E77
S31502009FC0E2FB06E1139E0C9AE6FB02E11EEB080E8B
S31502009FD041EB0901CDF808E00391DDE9028958EA6F
S31502009FE09F691F9E159A2EF07C41A7FB06AE116152
S31502009FF0099A109EE5FB02AE089A0294E3FB02AEB2
S3150200A000E4FB06AE0B9C049EE0FB04AE0A9C059A9A
S3150200A010E6FB04AE069E139C0D99E6FB04AE44468F
S3150200A0200E9E490034190D9E0E94E2FB06AE159A59
S3150200A03024F07E4454611C9C019A4CEB090CE2FB11
S3150200A04004AE129C0C9ACDF83CC0E4FB02AEDDE9EC
S3150200A0500E89CDF850A0099A58EA5F69A2FB074C0F
S3150200A060169A1893E5FB024C119A049EE2FB034CE6
S3150200A070029B089ACDE90E89E3FB024C179B059ACF
S3150200A080E0FB034C0B9BE6FB034C069E199BE6FB8F
S3150200A090034C139BE2FB034C019B0C9AE3FB014C22
S3150200A0A01C9BE3FB024C14EB08080F9CCDF81880AE
S3150200A0B04CEB04040794DDE9062352EA9F63CDE9DB
S3150200A0C00623159B109A28F07C48C3F81880129B29
S3150200A0D0A7FB02C84FEA4309089B119AE5FB03C88E
S3150200A0E0A7FB033AE5FB023ADDE917240B9DE4FBE5
S3150200A0F0023AE4FB05C8029C059AE4FB053A0A9D6E
S3150200A100E4FB05C8199D139CE0FB053AE0FB04C875
S3150200A11004981A9DE0FB043A0D9CE6FB013AE0FB2B
S3150200A12004C81C98129CE6FB00C8E2FB003AE2FB5C
S3150200A13004C81B98019A149EE2FB093AE2FB00C886
S3150200A1400C9AE0FB023AE2FB05C8069A079DB41890
S3150200A150224619464EEB050352EA5F6315988918A3
S3150200A16024F07E44C4610C464AEB030554EA9F651B
S3150200A1701CEB040C624648EB050352EA5F63144685
S3150200A1801D4654EACF0521F07C4101622CF07E4146
S3150200A1904162A11845EB030449186441891844EB4E
S3150200A1A00304219BC9180A4644F1000352EA9F633D
S3150200A1B021F07C41016022998B181E9923F07E4280
S3150200A1C001EB5363C0E9012324B0BDE8F88F00BF59
S3150200A1D02DE9F84FA4B007B44EF6B44BC2F2042BE5
S3150200A1E0DBF800B00BF5FE7B01A309E0AFF30080BC
S3150200A1F00000000004000000080000000C0000003F
S3150200A20093ED00FF4EF6B443C2F204231B6803F239
S3150200A210F4532FEE43EF07BC4FF0260C1BED7F1FC6
S3150200A220964653681BED6B3F176A9468D26800FF27
S3150200A23052010CFB02F615900A921BED573FDEF80F
S3150200A24010008A691E9600FF52010292DEF814601F
S3150200A25000EBC0021BED433F00EB4208CDF86080E5
S3150200A260DEF81C2000FF52010CFB06F80D960E6963
S3150200A2701BED2F3F1B97049600FF52010F6A1646ED
S3150200A2804D6A8EFD2F1E1497DEF8187019951BED78
S3150200A2907B1F3A462546CDF874801BED673F0CFBC3
S3150200A2A006F807EBC70704EBC40400FF520102EBF2
S3150200A2B0470A0B9505EB44041BED533F10930CFB29
S3150200A2C003F5139000FF5201CB6948691C921BEDFE
S3150200A2D03F3F1296CDF8588000FF5201CF68DEF854
S3150200A2E0242006971BED2B3F8F680CFB02FC05977B
S3150200A2F000FF5201DEF800701A924A688EFD331E84
S3150200A30008971B9F01921BED771F0A680A99CDF8E1
S3150200A31044C01BED633F07EBC70C07EB4C0C01EB8C
S3150200A320C10E00FF5201149F01EB4E0E1BED4F3F73
S3150200A330CDF824C0AEFB07EC199900FF5201189E16
S3150200A340E1FB04ECA4FB07411BED3B3F1893E6FB44
S3150200A35003EC199B00FF5201059FE3FB0541A04652
S3150200A3601BED273F189B1E9D029C00FF5201E5FB39
S3150200A3700381E6FB04811D9C8EFD371E049DE4FBD2
S3150200A3800081EAFB05811BED731F169C18961BEDD7
S3150200A3905F3F069EE4FB0681099E00FF5201019C77
S3150200A3A0E6FB0781119E1BED4B3FE6FB0481089EEF
S3150200A3B0029C00FF5201E6FB02810D9E0F911BEDEE
S3150200A3C0373F06EBC60106EB4101E1FB04EC00FF59
S3150200A3D05201129CEAFB00ECCDF838801BED233FBC
S3150200A3E028F07C48CDF8848004EBC40800FF5201B3
S3150200A3F004EB4808E8FB05EC8EFD3B1E069E099D14
S3150200A4001F901BED6F1FE5FB06ECDDE90E6756EAB2
S3150200A4109F671BED5B3F40461A9DCDE90E6700FF25
S3150200A420520105EBC508059F05EB48081BED473FA2
S3150200A430E8FB07EC089C019D00FF52010C92E5FB2C
S3150200A44004EC109D1BED333F0E9CE5FB02EC00FF76
S3150200A45052016A00149F17921BED1F3F0F9A1EEBC3
S3150200A4600404464600FF52014CEB0209A046DDE910
S3150200A47018258EFD3F1E24F07E4CA7FB0141E5FB0D
S3150200A48002419BED011F0246EAFB034120909BED30
S3150200A490153F0298CDF888C0E2FB004100FF520149
S3150200A4A01F98099A1F969BED293FE2FB004132460F
S3150200A4B000FF5201049E58EA5F69E2FB06419BEDEA
S3150200A4C03D3F069E089AE6FB024100FF5201109E9E
S3150200A4D0059AE2FB06419BED513F0B9E019AE2FB78
S3150200A4E0064100FF5201A4460C9A0A9C8EFD431EA9
S3150200A4F0049EE4FB02C1189C9BED051FCDF88CC09F
S3150200A500A4FB07EC1E9C9BED193F169AE5FB04EC97
S3150200A51000FF52011D9C059FE4FB03EC9BED2D3FC2
S3150200A520029CEAFB04ECE2FB00EC00FF5201099AF2
S3150200A530E2FB06EC069E9BED413F119AE2FB06EC1E
S3150200A540089A00FF5201E7FB02EC179A019F9BED66
S3150200A550553FE7FB02ECDDE90B72E7FB02EC00FF7D
S3150200A56052011EEB080E4CEB09028EFD471ECDF87A
S3150200A57038E00F920A9A9BED091FDDE90E8958EA27
S3150200A5809F692EF07C4C9BED1D3F5200CDF878C0A2
S3150200A590199200FF5201209A149FCDE90E899BED74
S3150200A5A0313FA7FB02ECE5FB0AEC099A00FF5201D8
S3150200A5B0E2FB03EC1F9AE2FB04EC9BED453F089A93
S3150200A5C0049CE0FB02EC00FF5201109AE4FB02EC51
S3150200A5D09BED593F0B9C019AE6FB04EC00FF5201EE
S3150200A5E00A9C059EE6FB04EC8EFD4B1E4446239E0A
S3150200A5F034199BED0D1FA0460F9E24F07E449BED61
S3150200A600213F41EB0609139958EA5F6900FF52019F
S3150200A610E2FB01ECDDE90C16E6FB01EC9BED353FB6
S3150200A620159ACDF838E0AAFB07E100FF5201D46083
S3150200A6301D9C9BED493F099AE5FB04E1169C00FF30
S3150200A6405201119EE4FB03E1029C9BED5D3FE2FB9E
S3150200A65004E1E6FB00E1089A00FF5201049EE6FBD4
S3150200A66002E1069E8EFD4F1E179AE6FB02E1059E4B
S3150200A6709BED111F0B9AE6FB02E1019A9BED253F2A
S3150200A680199EE2FB06E100FF5201139E0C9AE6FBBD
S3150200A69002E19BED393F1EEB080E41EB0901CDF8B5
S3150200A6A008E000FF52010391DDE9028958EA9F6939
S3150200A6B09BED4D3F1F9E159A2EF07C4100FF5201E5
S3150200A6C0A7FB06AE1161099A9BED613F109EE5FB61
S3150200A6D002AE089A00FF52010294E3FB02AEE4FBCB
S3150200A6E006AE8EFD531E0B9C049E9EFD471EE0FB8E
S3150200A6F004AE0A9C059AA1EF5025E6FB04AE069E1F
S3150200A700139CA1FF50240D99E6FB04AE44469EFD20
S3150200A7103F5E0E9E4900341902FF54210D9E0E948F
S3150200A720E2FB06AE8EFD573E159A24F07E44546136
S3150200A7309EFD331E1C9C019A4CEB090C9EFD535E3A
S3150200A740E2FB04AE129C00FF54010C9ACDF83CC009
S3150200A750E4FB02AE8EFD6B1EDDE90E89CDF850A03C
S3150200A760099A9EFD4B1E58EA5F69A2FB074C169A90
S3150200A770A1EF50251893E5FB024C119AA1FF502434
S3150200A780049EE2FB034C029B9EFD2F5E089ACDE9D6
S3150200A7900E89E3FB024C02FF5421179B059A8EFD9C
S3150200A7A05B3EE0FB034C0B9BE6FB034C9EFD371E18
S3150200A7B0069E199BE6FB034C9EFD435E139BE2FB42
S3150200A7C0034C019B00FF54010C9AE3FB014C1C9BBA
S3150200A7D08EFD6F1EE3FB024C14EB08080F9C9EFDD8
S3150200A7E04F1ECDF818804CEB04040794A1EF5025B8
S3150200A7F0DDE9062352EA9F63CDE90623A1FF502431
S3150200A800159B109A9EFD335E28F07C48C3F818808B
S3150200A810129B02FF5421A7FB02C84FEA4309089B79
S3150200A8208EFD5F3E119AE5FB03C8A7FB033A9EFD28
S3150200A8303B1EE5FB023ADDE917240B9D9EFD475EB2
S3150200A840E4FB023AE4FB05C8029C00FF5401059AA8
S3150200A850E4FB053A0A9D8EFD731EE4FB05C8199DAD
S3150200A860139C9EFD531EE0FB053AE0FB04C8A1EFD4
S3150200A870502504981A9DE0FB043AA1FF50240D9C32
S3150200A880E6FB013AE0FB04C89EFD375E1C98129C6B
S3150200A890E6FB00C802FF5421E2FB003AE2FB04C8D1
S3150200A8A01B988EFD633E019A149EE2FB093A9EFDB9
S3150200A8B03F1EE2FB00C80C9AE0FB023A9EFD4B5E8D
S3150200A8C0E2FB05C8069A00FF5401079DB41822460A
S3150200A8D08EFD771E19464EEB050352EA5F639EFD17
S3150200A8E0431E1598891824F07E44A1EF5025C461B1
S3150200A8F00C464AEB0305A1FF502454EA9F651CEB64
S3150200A900040C62469EFD3B5E48EB050352EA5F631A
S3150200A910144602FF54211D4654EACF0521F07C411C
S3150200A9208EFD673E01622CF07E419EFD2F1E416226
S3150200A930A11845EB03049EFD4F5E49186441891830
S3150200A94000FF540144EB0304219BC9188EFD7B1EB4
S3150200A9500A4644F1000352EA9F639EFD577E21F0A8
S3150200A9607C41016022999EFD6B9E8B181E9923F0F5
S3150200A9707E421BED7F1F01EB5363C0E9012324B026
S3150200A980BDE8F88FAFF30080AFF30080AFF300802D
S3150200A9902DE9F84FA4B007B44EF6B44BC2F2042B1D
S3150200A9A0DBF800B00BF5FE7B01A309E0AFF30080F4
S3150200A9B00000000004000000080000000C00000077
S3150200A9C093ED00FF4EF6B443C2F204231B6803F272
S3150200A9D0F4532FEE43EF07BC4FF0260C9BED013FDD
S3150200A9E09646536800FF5601176A9468D26802FFBA
S3150200A9F058210CFB02F615900A9220EF5041DEF820
S3150200AA0010008A691E968BED655F0292DEF814606D
S3150200AA1000EBC00222EF52A100EB4208CDF86080A3
S3150200AA20DEF81C200EFD35BE0CFB06F80D961BED5E
S3150200AA306B1F0E691B9704969BED153F0F6A164610
S3150200AA404D6A00FF56011497DEF81870199502FF39
S3150200AA5058213A462546CDF87480B2EF50450CFB94
S3150200AA6006F807EBC70704EBC404B2FF504402EB37
S3150200AA70470A0B9505EB44040EFD595E10930CFB39
S3150200AA8003F5B2EF52A51390CB694869B2FF52A4FF
S3150200AA901C921296CDF858808EFD0BBECF68DEF85A
S3150200AAA0242006971BED571F8F680CFB02FC0597A7
S3150200AAB09BED293FDEF800701A924A6800FF5601A4
S3150200AAC008971B9F019202FF58210A680A99A2EF72
S3150200AAD05245CDF844C007EBC70C07EB4C0CA2FF5E
S3150200AAE0524401EBC10E149F01EB4E0E0EFD7D5E2C
S3150200AAF0CDF824C0AEFB07EC1999A1EF50A5189E1C
S3150200AB00E1FB04ECA4FB0741A1FF50A41893E6FB6A
S3150200AB1003EC199B0EFD19BE059FE3FB05411BEDD8
S3150200AB20431FA046189B1E9D9BED3D3F029CE5FBE5
S3150200AB300381E6FB048100FF56011D9C049DE4FB94
S3150200AB40008102FF5821EAFB0581169C1896B5EF93
S3150200AB505245069EE4FB0681099EB5FF5244019CBE
S3150200AB60E6FB0781119E0EFD3D5EE6FB0481089E13
S3150200AB70B4EF50A5029CE6FB02810D9EB4FF50A4E1
S3150200AB800F9106EBC60106EB41018EFD27BEE1FBE6
S3150200AB9004EC129CEAFB00EC1BED2F1FCDF838806B
S3150200ABA028F07C48CDF884809BED513F04EBC40825
S3150200ABB004EB4808E8FB05EC00FF5601069E099DDA
S3150200ABC01F9002FF5821E5FB06ECDDE90E67A9EFAF
S3150200ABD0504556EA9F6740461A9DA9FF5044CDE963
S3150200ABE00E6705EBC508059F0EFD615E05EB48087D
S3150200ABF0E8FB07EC089CA9EF52A5019D0C92E5FB28
S3150200AC0004ECA9FF52A4109D0E9CE5FB02EC8EFDFE
S3150200AC1003BE6A00149F9EFD5B7E17920F9A1EEB7F
S3150200AC2004049EFD6F9E46464CEB0209A0461BEDB0
S3150200AC307B1FDDE9182524F07E4CA7FB01419BED25
S3150200AC40053FE5FB02410246EAFB034100FF5601CE
S3150200AC5020900298CDF888C002FF5821E2FB0041FD
S3150200AC601F98099AA1EF52451F96E2FB0041A1FFE8
S3150200AC7052443246049E58EA5F690EFD715EE2FB5B
S3150200AC800641069E089A20EF50A1E6FB0241109E5D
S3150200AC90059A0EFD0DBEE2FB06410B9E019A1BEDC7
S3150200ACA0671FE2FB0641A4460C9A9BED193F0A9CDC
S3150200ACB0049EE4FB02C100FF5601189CCDF88CC02D
S3150200ACC002FF5821A4FB07EC1E9C169AB6EF5045CC
S3150200ACD0E5FB04EC1D9C059FB6FF5044E4FB03EC28
S3150200ACE0029CEAFB04EC8BED695FE2FB00EC099A3D
S3150200ACF0E2FB06ECB6EF52A5069E119AE2FB06ECC3
S3150200AD00B6FF52A4089AE7FB02EC0EFD31BE179A73
S3150200AD10019FE7FB02EC1BED531FDDE90B72E7FB1C
S3150200AD2002EC1EEB080E9BED2D3F4CEB0902CDF813
S3150200AD3038E00F9200FF56010A9ADDE90E8958EAB9
S3150200AD409F6902FF58212EF07C4C5200CDF878C044
S3150200AD50A5EF50451992209A149FA5FF5044CDE9BC
S3150200AD600E89A7FB02EC0EFD555EE5FB0AEC099A7D
S3150200AD70E2FB03ECA5EF52A51F9AE2FB04EC089A4C
S3150200AD80A5FF52A4049CE0FB02EC109A8EFD0FBEB6
S3150200AD90E4FB02EC0B9C019A1BED3F1FE6FB04EC65
S3150200ADA00A9C059E9BED413FE6FB04EC4446239E2E
S3150200ADB000FF56013419A04602FF58210F9E24F0C7
S3150200ADC07E4441EB0609B7EF5245139958EA5F698B
S3150200ADD0E2FB01ECB7FF5244DDE90C16E6FB01EC9F
S3150200ADE0159A0EFD795ECDF838E0AAFB07E1D4602C
S3150200ADF0B6EF50A51D9C099AE5FB04E1B6FF50A4E7
S3150200AE00169C119EE4FB03E10EFD15BE029CE2FBBD
S3150200AE1004E11BED2B1FE6FB00E1089A049E9BED65
S3150200AE20553FE6FB02E1069E179A00FF5601E6FB36
S3150200AE3002E1059E0B9A02FF5821E6FB02E1019A06
S3150200AE40199EA1EF5045E2FB06E1139E0C9AA1FF63
S3150200AE505044E6FB02E11EEB080E0EFD395E41EBA5
S3150200AE600901CDF808E00391A1EF52A5DDE90289B7
S3150200AE7058EA9F691F9EA1FF52A4159A2EF07C41A3
S3150200AE80A7FB06AE8EFD2BBE1161099A109E9EFD92
S3150200AE905F7EE5FB02AE089A02949EFD739EE3FB7B
S3150200AEA002AEE4FB06AE0B9C1BED771F049EE0FB95
S3150200AEB004AE9BED093F0A9C059AE6FB04AE00FF31
S3150200AEC05601069E139C0D9902FF5821E6FB04AE1D
S3150200AED044460E9EBFEF5045490034190D9EBFFFF2
S3150200AEE050440E94E2FB06AE159A0EFD495E24F01E
S3150200AEF07E4454611C9CBFEF52A5019A4CEB090C8F
S3150200AF00BFFF52A4E2FB04AE129C0C9A8EFD1BBE3E
S3150200AF10CDF83CC0E4FB02AEDDE90E891BED631FF2
S3150200AF20CDF850A0099A58EA5F699BED1D3FA2FB36
S3150200AF30074C169A189300FF5601E5FB024C119A2C
S3150200AF40049E02FF5821E2FB034C029BA3EF5045ED
S3150200AF50089ACDE90E89E3FB024CA3FF5044179BE6
S3150200AF60059AE0FB034C0EFD6D5E0B9BE6FB034C64
S3150200AF70069EA3EF52A5199BE6FB034C139BA3FF68
S3150200AF8052A4E2FB034C019B0C9A0EFD09BEE3FBA5
S3150200AF90014C1C9BE3FB024C1BED4F1F14EB0808F4
S3150200AFA00F9C9BED313FCDF818804CEB04040794BF
S3150200AFB000FF5601DDE9062352EA9F63CDE9062327
S3150200AFC002FF5821159B109A28F07C48B6EF52458D
S3150200AFD0C3F81880129BA7FB02C8B6FF52444FEA79
S3150200AFE04309089B119A8BED6D5FE5FB03C8A7FB2E
S3150200AFF0033AE5FB023AB5EF50A5DDE917240B9DAE
S3150200B000B5FF50A4E4FB023AE4FB05C8029C0EFD20
S3150200B0102DBE059AE4FB053A0A9D1BED3B1FE4FB98
S3150200B02005C8199D139C9BED453FE0FB053AE0FBE5
S3150200B03004C8049800FF56011A9DE0FB043A0D9CD1
S3150200B04002FF5821E6FB013AE0FB04C8A8EF52458D
S3150200B0501C98129CE6FB00C8A8FF5244E2FB003A89
S3150200B060E2FB04C81B980EFD515E019A149EE2FB98
S3150200B070093AA7EF50A5E2FB00C80C9AE0FB023A98
S3150200B080A7FF50A4E2FB05C8069A079D8EFD13BED4
S3150200B090B418224619461BED271F4EEB050352EA4A
S3150200B0A05F639BED593F1598891824F07E4400FF93
S3150200B0B05601C4610C464AEB030502FF582154EAC5
S3150200B0C09F651CEB040C6246BFEF524548EB050335
S3150200B0D052EA5F631446BFFF52441D4654EACF0547
S3150200B0E021F07C410EFD755E01622CF07E414162CB
S3150200B0F0BEEF50A5A11845EB0304BEFF50A44918A4
S3150200B100644189180EFD11BE44EB0304219BC91844
S3150200B1109EFD637E0A4644F1000352EA9F639EFD4A
S3150200B120779E21F07C41016022991BED731F8B18DB
S3150200B1301E9923F07E429BED0D3F01EB5363C0E95E
S3150200B140012324B0BDE8F88FAFF30080AFF300808F
S3150200B1502DE9F84FA4B007B44EF6B44BC2F2042B55
S3150200B160DBF800B00BF5FE7B01A309E0AFF300802C
S3150200B1700000000004000000080000000C000000AF
S3150200B18093ED00FF4EF6B443C2F204231B6803F2AA
S3150200B190F4532FEE43EF07BC4FF0260C00FF560187
S3150200B1A09646536802FF5821176A9468D268AEEF32
S3150200B1B050450CFB02F615900A92AEFF5044DEF89B
S3150200B1C010008A691E968BED795F0292DEF8146092
S3150200B1D000EBC002AEEF52A500EB4208CDF860804C
S3150200B1E0DEF81C20AEFF52A40CFB06F80D960EFDEF
S3150200B1F021BE0E691B9704961BED5F1F0F6A16464A
S3150200B2004D6A9BED213F1497DEF81870199500FFE1
S3150200B21056013A462546CDF8748002FF58210CFBAA
S3150200B22006F807EBC70704EBC404BCEF524502EB72
S3150200B230470A0B9505EB4404BCFF524410930CFBE2
S3150200B24003F50EFD455E1390CB694869BBEF50A529
S3150200B2501C921296CDF85880BBFF50A4CF68DEF838
S3150200B260242006978EFD1FBE8F680CFB02FC0597F5
S3150200B2701BED4B1FDEF800701A924A689BED353FB4
S3150200B28008971B9F019200FF56010A680A9902FF5E
S3150200B2905821CDF844C007EBC70C07EB4C0CADEFB9
S3150200B2A0524501EBC10E149F01EB4E0EADFF524407
S3150200B2B0CDF824C0AEFB07EC19990EFD695E189E07
S3150200B2C0E1FB04ECA4FB0741ACEF50A51893E6FBA7
S3150200B2D003EC199BACFF50A4059FE3FB05410EFD51
S3150200B2E005BEA046189B1E9D1BED371F029CE5FB63
S3150200B2F00381E6FB04819BED493F1D9C049DE4FB13
S3150200B300008100FF5601EAFB0581169C189602FF92
S3150200B3105821069EE4FB0681099EABEF5245019C2D
S3150200B320E6FB0781119EABFF5244E6FB0481089EB1
S3150200B3308BED715F029CE6FB02810D9EAAEF50A582
S3150200B3400F9106EBC60106EB4101AAFF50A4E1FBF1
S3150200B35004EC129CEAFB00EC0EFD29BECDF8388007
S3150200B36028F07C48CDF884801BED231F04EBC4082B
S3150200B37004EB4808E8FB05EC9BED5D3F069E099D44
S3150200B3801F9000FF5601E5FB06ECDDE90E6702FFA2
S3150200B390582156EA9F6740461A9DBCEF5045CDE9B3
S3150200B3A00E6705EBC508059FBCFF504405EB480830
S3150200B3B0E8FB07EC089C0EFD4D5E019D0C92E5FB39
S3150200B3C004ECBCEF52A5109D0E9CE5FB02ECBCFF03
S3150200B3D052A46A00149F8EFD17BE17920F9A1EEB97
S3150200B3E004049EFD677E46464CEB0209A0469EFD7E
S3150200B3F07B9EDDE9182524F07E4CA7FB01411BED5F
S3150200B4006F1FE5FB02410246EAFB03419BED113F3A
S3150200B41020900298CDF888C000FF5601E2FB004159
S3150200B4201F98099A02FF58211F96E2FB0041AEEFD0
S3150200B43052453246049E58EA5F69AEFF5244E2FB29
S3150200B4400641069E089A0EFD5D5EE6FB0241109ECF
S3150200B450059AADEF50A5E2FB06410B9E019AADFFA0
S3150200B46050A4E2FB0641A4460C9A8EFD07BE0A9C36
S3150200B470049EE4FB02C11BED5B1F189CCDF88CC039
S3150200B4809BED253FA4FB07EC1E9C169A00FF560176
S3150200B490E5FB04EC1D9C059F02FF5821E4FB03EC2F
S3150200B4A0029CEAFB04ECAAEF5045E2FB00EC099A87
S3150200B4B0E2FB06ECAAFF5044069E119AE2FB06EC5A
S3150200B4C08BED7D5F089AE7FB02ECAAEF52A5179A6D
S3150200B4D0019FE7FB02ECAAFF52A4DDE90B72E7FB30
S3150200B4E002EC1EEB080E0EFD1DBE4CEB0902CDF85A
S3150200B4F038E00F921BED471F0A9ADDE90E8958EADA
S3150200B5009F699BED393F2EF07C4C5200CDF878C0F6
S3150200B51000FF56011992209A149F02FF5821CDE985
S3150200B5200E89A7FB02ECB4EF5245E5FB0AEC099A39
S3150200B530E2FB03ECB4FF52441F9AE2FB04EC089AC6
S3150200B5400EFD415E049CE0FB02EC109AB3EF50A59F
S3150200B550E4FB02EC0B9C019AB3FF50A4E6FB04EC5D
S3150200B5600A9C059E8EFD23BEE6FB04EC4446239E02
S3150200B5701BED331F3419A0469BED4D3F0F9E24F061
S3150200B5807E4441EB060900FF5601139958EA5F69AA
S3150200B590E2FB01EC02FF5821DDE90C16E6FB01ECA9
S3150200B5A0159AA4EF5045CDF838E0AAFB07E1D4601E
S3150200B5B0A4FF50441D9C099AE5FB04E10EFD655E5D
S3150200B5C0169C119EE4FB03E1A4EF52A5029CE2FB4A
S3150200B5D004E1A4FF52A4E6FB00E1089A049E0EFDD4
S3150200B5E001BEE6FB02E1069E179A1BED1F1FE6FB54
S3150200B5F002E1059E0B9A9BED613FE6FB02E1019A91
S3150200B600199E00FF5601E2FB06E1139E0C9A02FF09
S3150200B6105821E6FB02E11EEB080EA7EF504541EB6F
S3150200B6200901CDF808E00391A7FF5044DDE902893C
S3150200B63058EA9F691F9E8BED755F159A2EF07C4125
S3150200B640A7FB06AEA7EF52A51161099A109EA7FFA6
S3150200B65052A4E5FB02AE089A02940EFD25BEE3FB58
S3150200B66002AEE4FB06AE0B9C9BED651F049EE0FB5F
S3150200B67004AE9BED693F0A9C059AE6FB04AE9BED80
S3150200B6806D5F069E139C0D999BED71BFE6FB04AEA2
S3150200B69044460E9E9BED75DF490034190D9E14EF4C
S3150200B6A052610E94E2FB06AE159A06FF506124F033
S3150200B6B07E4454611C9C0BED7F7F019A4CEB090C76
S3150200B6C01AEF5461E2FB04AE129C0C9A06FF526119
S3150200B6D0CDF83CC0E4FB02AEDDE90E890BED7B7FC3
S3150200B6E0CDF850A0099A58EA5F691CEF5A61A2FB8D
S3150200B6F0074C169A189306FF5461E5FB024C119A01
S3150200B700049E0BED777FE2FB034C029B10EF5C611C
S3150200B710089ACDE90E89E3FB024C06FF5A61179B94
S3150200B720059AE0FB034C0BED737F0B9BE6FB034C88
S3150200B730069E12EF5061199BE6FB034C139B06FF14
S3150200B7405C61E2FB034C019B0C9A0BED6F7FE3FB02
S3150200B750014C1C9BE3FB024C9BED791F14EB080882
S3150200B7600F9C9BED7D3FCDF818804CEB04040794AB
S3150200B7701EFD7D5EDDE9062352EA9F63CDE90623BF
S3150200B7801EFD79BE159B109A28F07C481EFD75DEBB
S3150200B790C3F81880129BA7FB02C814EF52614FEA46
S3150200B7A04309089B119A06FF5061E5FB03C8A7FBF4
S3150200B7B0033AE5FB023A0BED6B7FDDE917240B9D9D
S3150200B7C01AEF5461E4FB023AE4FB05C8029C06FF49
S3150200B7D05261059AE4FB053A0A9D0BED677FE4FB8D
S3150200B7E005C8199D139C1CEF5A61E0FB053AE0FB64
S3150200B7F004C8049806FF54611A9DE0FB043A0D9CA6
S3150200B8000BED637FE6FB013AE0FB04C810EF5C61D7
S3150200B8101C98129CE6FB00C806FF5A61E2FB003A3E
S3150200B820E2FB04C81B980BED5F7F019A149EE2FBB4
S3150200B830093A12EF5061E2FB00C80C9AE0FB023AA9
S3150200B84006FF5C61E2FB05C8069A079D0BED5B7F6E
S3150200B850B418224619461EFD711E4EEB050352EA26
S3150200B8605F631EFD6D3E1598891824F07E441EFD09
S3150200B870695EC4610C464AEB03051EFD65BE54EAC9
S3150200B8809F651CEB040C62461EFD61DE48EB050358
S3150200B89052EA5F63144614EF52611D4654EACF051D
S3150200B8A021F07C4106FF506101622CF07E4141622B
S3150200B8B00BED577FA11845EB03041AEF54614918A3
S3150200B8C06441891806FF526144EB0304219BC9189F
S3150200B8D00BED537F0A4644F1000352EA9F631CEFC5
S3150200B8E05A6121F07C410160229906FF54618B184E
S3150200B8F01E9923F07E420BED4F7F01EB5363C0E9A5
S3150200B900012324B0BDE8F88FAFF30080AFF30080C7
S3150200B9102DE9F84FA4B007B44EF6B44BC2F2042B8D
S3150200B920DBF800B00BF5FE7B01A309E0AFF3008064
S3150200B9300000000004000000080000000C000000E7
S3150200B94093ED00FF4EF6B443C2F204231B6803F2E2
S3150200B950F4532FEE43EF07BC4FF0260C10EF5C6159
S3150200B9609646536806FF5A61176A9468D2680BEDC9
S3150200B9704B7F0CFB02F615900A9212EF5061DEF82D
S3150200B98010008A691E9606FF5C610292DEF8146058
S3150200B99000EBC0020BED477F00EB4208CDF860805A
S3150200B9A0DEF81C201EFD5D1E0CFB06F80D961EFD24
S3150200B9B0593E0E691B9704961EFD555E0F6A164682
S3150200B9C04D6A1EFD51BE1497DEF8187019951EFDBC
S3150200B9D04DDE3A462546CDF8748014EF52610CFBD3
S3150200B9E006F807EBC70704EBC40406FF506102EB37
S3150200B9F0470A0B9505EB44040BED437F10930CFBB2
S3150200BA0003F51AEF54611390CB69486906FF526138
S3150200BA101C921296CDF858800BED3F7FCF68DEF868
S3150200BA20242006971CEF5A618F680CFB02FC0597CF
S3150200BA3006FF5461DEF800701A924A680BED3B7FEE
S3150200BA4008971B9F019210EF5C610A680A9906FF2C
S3150200BA505A61CDF844C007EBC70C07EB4C0C0BED53
S3150200BA60377F01EBC10E149F01EB4E0E12EF5061B0
S3150200BA70CDF824C0AEFB07EC199906FF5C61189E4F
S3150200BA80E1FB04ECA4FB07410BED337F1893E6FBC5
S3150200BA9003EC199B1EFD491E059FE3FB05411EFD96
S3150200BAA0453EA046189B1E9D1EFD415E029CE5FB7F
S3150200BAB00381E6FB04811EFD3DBE1D9C049DE4FB45
S3150200BAC000811EFD39DEEAFB0581169C189614EFED
S3150200BAD05261069EE4FB0681099E06FF5061019CA7
S3150200BAE0E6FB0781119E0BED2F7FE6FB0481089E84
S3150200BAF01AEF5461029CE6FB02810D9E06FF52611B
S3150200BB000F9106EBC60106EB41010BED2B7FE1FB24
S3150200BB1004EC129CEAFB00EC1CEF5A61CDF838806B
S3150200BB2028F07C48CDF8848006FF546104EBC408F3
S3150200BB3004EB4808E8FB05EC0BED277F069E099D02
S3150200BB401F9010EF5C61E5FB06ECDDE90E6706FF70
S3150200BB505A6156EA9F6740461A9D0BED237FCDE94F
S3150200BB600E6705EBC508059F12EF506105EB480805
S3150200BB70E8FB07EC089C06FF5C61019D0C92E5FB65
S3150200BB8004EC0BED1F7F109D0E9CE5FB02EC1EFDE7
S3150200BB90351E6A00149F1EFD313E17920F9A1EEB48
S3150200BBA004041EFD2D5E46464CEB0209A0461EFD10
S3150200BBB029BEDDE9182524F07E4CA7FB01411EFDB6
S3150200BBC025DEE5FB02410246EAFB034114EF526120
S3150200BBD020900298CDF888C006FF5061E2FB004132
S3150200BBE01F98099A8BED017F1F96E2FB00411AEF1F
S3150200BBF054613246049E58EA5F6906FF5261E2FBCF
S3150200BC000641069E089A8BED057FE6FB0241109ED1
S3150200BC10059A1CEF5A61E2FB06410B9E019A06FF4A
S3150200BC205461E2FB0641A4460C9A8BED097F0A9CFD
S3150200BC30049EE4FB02C110EF5C61189CCDF88CC037
S3150200BC4006FF5A61A4FB07EC1E9C169A8BED0D7F2C
S3150200BC50E5FB04EC1D9C059F12EF5061E4FB03EC2F
S3150200BC60029CEAFB04EC06FF5C61E2FB00EC099A2B
S3150200BC70E2FB06EC8BED117F069E119AE2FB06ECC7
S3150200BC801EFD211E089AE7FB02EC1EFD1D3E179AB9
S3150200BC90019FE7FB02EC1EFD195EDDE90B72E7FB75
S3150200BCA002EC1EEB080E1EFD15BE4CEB0902CDF88A
S3150200BCB038E00F921EFD11DE0A9ADDE90E8958EA76
S3150200BCC09F6914EF52612EF07C4C5200CDF878C079
S3150200BCD006FF50611992209A149F8BED157FCDE9CC
S3150200BCE00E89A7FB02EC1AEF5461E5FB0AEC099AEE
S3150200BCF0E2FB03EC06FF52611F9AE2FB04EC089A90
S3150200BD008BED197F049CE0FB02EC109A1CEF5A6142
S3150200BD10E4FB02EC0B9C019A06FF5461E6FB04EC81
S3150200BD200A9C059E8BED1D7FE6FB04EC4446239E92
S3150200BD3010EF5C613419A04606FF5A610F9E24F08B
S3150200BD407E4441EB06098BED217F139958EA5F6920
S3150200BD50E2FB01EC12EF5061DDE90C16E6FB01ECA9
S3150200BD60159A06FF5C61CDF838E0AAFB07E1D460BC
S3150200BD708BED257F1D9C099AE5FB04E11EFD0D1E38
S3150200BD80169C119EE4FB03E11EFD093E029CE2FBAA
S3150200BD9004E11EFD055EE6FB00E1089A049E1EFD17
S3150200BDA001BEE6FB02E1069E179A9EFD03DEE6FB56
S3150200BDB002E1059E0B9A14EF5261E6FB02E1019A3B
S3150200BDC0199E06FF5061E2FB06E1139E0C9A8BED6B
S3150200BDD0297FE6FB02E11EEB080E1AEF546141EBE6
S3150200BDE00901CDF808E0039106FF5261DDE90289F7
S3150200BDF058EA9F691F9E8BED2D7F159A2EF07C4186
S3150200BE00A7FB06AE1CEF5A611161099A109E06FF46
S3150200BE105461E5FB02AE089A02948BED317FE3FB97
S3150200BE2002AEE4FB06AE0B9C10EF5C61049EE0FBE7
S3150200BE3004AE06FF5A610A9C059AE6FB04AE8BED38
S3150200BE40357F069E139C0D9912EF5061E6FB04AEF8
S3150200BE5044460E9E06FF5C61490034190D9E8BED29
S3150200BE60397F0E94E2FB06AE159A9EFD071E24F05C
S3150200BE707E4454611C9C9EFD0B3E019A4CEB090CC0
S3150200BE809EFD0F5EE2FB04AE129C0C9A9EFD13BE53
S3150200BE90CDF83CC0E4FB02AEDDE90E899EFD17DE5D
S3150200BEA0CDF850A0099A58EA5F6914EF5261A2FBD5
S3150200BEB0074C169A189306FF5061E5FB024C119A3D
S3150200BEC0049E8BED3D7FE2FB034C029B1AEF54610D
S3150200BED0089ACDE90E89E3FB024C06FF5261179BD5
S3150200BEE0059AE0FB034C8BED417F0B9BE6FB034C73
S3150200BEF0069E1CEF5A61199BE6FB034C139B06FF39
S3150200BF005461E2FB034C019B0C9A8BED457FE3FBEC
S3150200BF10014C1C9BE3FB024C10EF5C6114EB08081E
S3150200BF200F9C06FF5A61CDF818804CEB0404079467
S3150200BF308BED497FDDE9062352EA9F63CDE90623AD
S3150200BF4012EF5061159B109A28F07C4806FF5C613F
S3150200BF50C3F81880129BA7FB02C88BED4D7F4FEAF0
S3150200BF604309089B119A9EFD1B1EE5FB03C8A7FB0E
S3150200BF70033AE5FB023A9EFD1F3EDDE917240B9DBF
S3150200BF809EFD235EE4FB023AE4FB05C8029C9EFD8D
S3150200BF9027BE059AE4FB053A0A9D9EFD2BDEE4FBCD
S3150200BFA005C8199D139C14EF5261E0FB053AE0FBAC
S3150200BFB004C8049806FF50611A9DE0FB043A0D9CE2
S3150200BFC08BED517FE6FB013AE0FB04C81AEF5461A0
S3150200BFD01C98129CE6FB00C806FF5261E2FB003A7F
S3150200BFE0E2FB04C81B988BED557F019A149EE2FB77
S3150200BFF0093A1CEF5A61E2FB00C80C9AE0FB023ACE
S3150200C00006FF5461E2FB05C8069A079D8BED597F30
S3150200C010B4182246194610EF5C614EEB050352EA4C
S3150200C0205F6306FF5A611598891824F07E448BEDEA
S3150200C0305D7FC4610C464AEB030512EF506154EA78
S3150200C0409F651CEB040C624606FF5C6148EB050328
S3150200C05052EA5F6314468BED617F1D4654EACF05B3
S3150200C06021F07C411BED1B1F01622CF07E414162D7
S3150200C0701BED7F3FA11845EB030402FF502149182F
S3150200C080644189180BED7F3F44EB0304219BC918D9
S3150200C0901BED171F0A4644F1000352EA9F639BED0C
S3150200C0A0013F21F07C410160229902FF50218B1849
S3150200C0B01E9923F07E428BED013F01EB5363C0E9EB
S3150200C0C0012324B0BDE8F88FAFF30080AFF3008000
S3150200C0D02DE9F84FA4B007B44EF6B44BC2F2042BC6
S3150200C0E0DBF800B00BF5FE7B01A309E0AFF300809D
S3150200C0F00000000004000000080000000C00000020
S3150200C10093ED00FF4EF6B443C2F204231B6803F21A
S3150200C110F4532FEE43EF07BC4FF0260C1BED7F1FA7
S3150200C12096465368176A9468D2681BED6B3F0CFB00
S3150200C13002F615900A92DEF810008A691E9600FF32
S3150200C14052010292DEF8146000EBC00200EB4208D4
S3150200C150CDF86080DEF81C201BED573F0CFB06F87D
S3150200C1600D960E691B9704960F6A00FF520116463A
S3150200C1704D6A1497DEF8187019951BED433F3A463F
S3150200C1802546CDF874800CFB06F807EBC70704EBCF
S3150200C190C40400FF520102EB470A0B9505EB440467
S3150200C1A010930CFB03F513901BED2F3FCB694869E7
S3150200C1B01C921296CDF85880CF6800FF5201DEF825
S3150200C1C0242006978F680CFB02FC05978EFD2F1E16
S3150200C1D0DEF800701A924A6808971B9F01921BEDBF
S3150200C1E07B1F0A680A99CDF844C007EBC70C07EB18
S3150200C1F04C0C01EBC10E1BED673F149F01EB4E0E7B
S3150200C200CDF824C0AEFB07EC1999189E00FF520127
S3150200C210E1FB04ECA4FB07411893E6FB03EC199B34
S3150200C220059F1BED533FE3FB0541A046189B1E9D50
S3150200C230029C00FF5201E5FB0381E6FB04811D9C83
S3150200C240049DE4FB0081EAFB05811BED3F3F169C42
S3150200C2501896069EE4FB0681099E019C00FF520188
S3150200C260E6FB0781119EE6FB0481089E029CE6FB23
S3150200C27002811BED2B3F0D9E0F9106EBC60106EBCD
S3150200C2804101E1FB04EC00FF5201129CEAFB00ECC7
S3150200C290CDF8388028F07C48CDF8848004EBC408B9
S3150200C2A08EFD331E04EB4808E8FB05EC069E099D4D
S3150200C2B01F90E5FB06EC1BED771FDDE90E6756EADC
S3150200C2C09F6740461A9DCDE90E6705EBC5081BED33
S3150200C2D0633F059F05EB4808E8FB07EC089C019DB8
S3150200C2E00C9200FF5201E5FB04EC109D0E9CE5FB4F
S3150200C2F002EC6A001BED4F3F149F17920F9A1EEB3A
S3150200C300040446464CEB020900FF5201A046DDE951
S3150200C310182524F07E4CA7FB0141E5FB02410246AB
S3150200C3201BED3B3FEAFB034120900298CDF888C003
S3150200C330E2FB00411F9800FF5201099A1F96E2FB99
S3150200C34000413246049E1BED273F58EA5F69E2FB35
S3150200C3500641069E089AE6FB0241109E00FF520124
S3150200C360059AE2FB06410B9E019AE2FB0641A446B0
S3150200C3708EFD371E0C9A0A9C049EE4FB02C1189C91
S3150200C380CDF88CC01BED731FA4FB07EC1E9C169AFE
S3150200C390E5FB04EC1D9C059F1BED5F3FE4FB03ECF4
S3150200C3A0029CEAFB04ECE2FB00EC099A00FF520154
S3150200C3B0E2FB06EC069E119AE2FB06EC089AE7FB04
S3150200C3C002EC1BED4B3F179A019FE7FB02ECDDE9FE
S3150200C3D00B72E7FB02EC1EEB080E00FF52014CEB60
S3150200C3E00902CDF838E00F920A9ADDE90E8958EA79
S3150200C3F09F691BED373F2EF07C4C5200CDF878C07A
S3150200C4001992209A00FF5201149FCDE90E89A7FBCB
S3150200C41002ECE5FB0AEC099AE2FB03EC1BED233F77
S3150200C4201F9AE2FB04EC089A049CE0FB02EC109AC9
S3150200C43000FF5201E4FB02EC0B9C019AE6FB04ECC2
S3150200C4400A9C059E8EFD3B1EE6FB04EC4446239E9B
S3150200C4503419A0460F9E1BED6F1F24F07E4441EB5C
S3150200C4600609139958EA5F69E2FB01EC1BED5B3F93
S3150200C470DDE90C16E6FB01EC159ACDF838E0AAFBCD
S3150200C48007E1D46000FF52011D9C099AE5FB04E115
S3150200C490169C119EE4FB03E11BED473F029CE2FB67
S3150200C4A004E1E6FB00E1089A049EE6FB02E100FFD6
S3150200C4B05201069E179AE6FB02E1059E0B9A1BEDB8
S3150200C4C0333FE6FB02E1019A199EE2FB06E1139E67
S3150200C4D00C9A00FF5201E6FB02E11EEB080E41EB4D
S3150200C4E00901CDF808E00391DDE902891BED1F3F42
S3150200C4F058EA9F691F9E159A2EF07C41A7FB06AE4D
S3150200C500116100FF5201099A109EE5FB02AE089ADC
S3150200C5100294E3FB02AE8EFD3F1EE4FB06AE0B9CCD
S3150200C520049EE0FB04AE0A9C9BED011F059AE6FB06
S3150200C53004AE069E139C0D99E6FB04AE9BED153FD9
S3150200C54044460E9E490034190D9E0E9400FF520178
S3150200C550E2FB06AE159A24F07E4454611C9C019AB5
S3150200C5609BED293F4CEB090CE2FB04AE129C0C9AA4
S3150200C570CDF83CC000FF5201E4FB02AEDDE90E89B4
S3150200C580CDF850A0099A58EA5F69A2FB074C9BEDC9
S3150200C5903D3F169A1893E5FB024C119A049EE2FB64
S3150200C5A0034C00FF5201029B089ACDE90E89E3FB78
S3150200C5B0024C179B059A9BED513FE0FB034C0B9BEC
S3150200C5C0E6FB034C069E199BE6FB034C00FF520159
S3150200C5D0139BE2FB034C019B0C9AE3FB014C8EFD81
S3150200C5E0431E1C9BE3FB024C14EB08080F9CCDF880
S3150200C5F018804CEB04049BED051F0794DDE9062326
S3150200C60052EA9F63CDE90623159B109A9BED193FCB
S3150200C61028F07C48C3F81880129BA7FB02C84FEA91
S3150200C6204309089B00FF5201119AE5FB03C8A7FBC9
S3150200C630033AE5FB023ADDE917249BED2D3F0B9DFC
S3150200C640E4FB023AE4FB05C8029C059AE4FB053AC0
S3150200C65000FF52010A9DE4FB05C8199D139CE0FBED
S3150200C660053AE0FB04C89BED413F04981A9DE0FBA6
S3150200C670043A0D9CE6FB013AE0FB04C800FF5201B6
S3150200C6801C98129CE6FB00C8E2FB003AE2FB04C8D7
S3150200C6901B989BED553F019A149EE2FB093AE2FB79
S3150200C6A000C80C9A00FF5201E0FB023AE2FB05C801
S3150200C6B0069A079DB41822468EFD471E19464EEB72
S3150200C6C0050352EA5F631598891824F07E449BEDB0
S3150200C6D0091FC4610C464AEB030554EA9F651CEB2D
S3150200C6E0040C62469BED1D3F48EB050352EA5F636D
S3150200C6F014461D4654EACF0500FF520121F07C4143
S3150200C70001622CF07E414162A11845EB03049BEDC8
S3150200C710313F49186441891844EB0304219BC91827
S3150200C72000FF52010A4644F1000352EA9F6321F0D8
S3150200C7307C41016022999BED453F8B181E9923F09F
S3150200C7407E4201EB5363C0E9012324B0BDE8F88FB2
S3150200C7502DE9F84FA4B007B44EF6B44BC2F2042B3F
S3150200C760DBF800B00BF5FE7B01A309E0AFF3008016
S3150200C7700000000004000000080000000C00000099
S3150200C78093ED00FF4EF6B443C2F204231B6803F294
S3150200C790F4532FEE43EF07BC4FF0260C00FF520175
S3150200C7A096465368176A9468D2689BED593F0CFB0C
S3150200C7B002F615900A92DEF810008A691E9600FFAC
S3150200C7C052010292DEF8146000EBC00200EB42084E
S3150200C7D0CDF86080DEF81C208EFD4B1E0CFB06F8A1
S3150200C7E00D960E691B9704969BED0D1F0F6A164652
S3150200C7F04D6A1497DEF8187019959BED213F3A465B
S3150200C8002546CDF874800CFB06F807EBC70704EB48
S3150200C810C40400FF520102EB470A0B9505EB4404E0
S3150200C82010930CFB03F59BED353F1390CB694869DA
S3150200C8301C921296CDF8588000FF5201CF68DEF89E
S3150200C840242006978F680CFB02FC05979BED493F57
S3150200C850DEF800701A924A6808971B9F019200FF41
S3150200C86052010A680A99CDF844C007EBC70C07EBD8
S3150200C8704C0C9BED5D3F01EBC10E149F01EB4E0E7E
S3150200C880CDF824C0AEFB07EC199900FF5201189EA1
S3150200C890E1FB04ECA4FB07411893E6FB03EC199BAE
S3150200C8A08EFD4F1E059FE3FB0541A046189B1E9D6C
S3150200C8B09BED111F029CE5FB0381E6FB04811D9C97
S3150200C8C0049DE4FB00819BED253FEAFB0581169C56
S3150200C8D01896069EE4FB0681099E00FF5201019C02
S3150200C8E0E6FB0781119EE6FB0481089E9BED393F1C
S3150200C8F0029CE6FB02810D9E0F9106EBC60106EB3A
S3150200C900410100FF5201E1FB04EC129CEAFB00EC40
S3150200C910CDF8388028F07C48CDF884809BED4D3FD9
S3150200C92004EBC40804EB4808E8FB05EC069E099DE7
S3150200C9301F9000FF5201E5FB06ECDDE90E6756EAA1
S3150200C9409F6740461A9D9BED613FCDE90E6705EB59
S3150200C950C508059F05EB4808E8FB07EC089C00FFA5
S3150200C9605201019D0C92E5FB04EC109D0E9CE5FB29
S3150200C97002EC8EFD531E6A00149F17920F9A1EEB4D
S3150200C98004049EFD471E46464CEB0209A046DDE91D
S3150200C990182524F07E4CA7FB0141A1EF5025E5FBAB
S3150200C9A002410246EAFB034120900298CDF888C074
S3150200C9B0A1FF5024E2FB00411F98099A1F96E2FB51
S3150200C9C000419EFD3F5E3246049E58EA5F69E2FBE5
S3150200C9D00641069E089A02FF5421E6FB0241109E7A
S3150200C9E0059AE2FB06410B9E019A8EFD573EE2FB3B
S3150200C9F00641A4460C9A0A9C049EE4FB02C19EFDD3
S3150200CA00331E189CCDF88CC0A4FB07EC1E9C169A0C
S3150200CA109EFD535EE5FB04EC1D9C059FE4FB03ECC7
S3150200CA20029CEAFB04EC00FF5401E2FB00EC099ACB
S3150200CA30E2FB06EC069E119AE2FB06EC8EFD6B1EED
S3150200CA40089AE7FB02EC179A019FE7FB02EC9EFDB0
S3150200CA504B1EDDE90B72E7FB02EC1EEB080E4CEBFC
S3150200CA600902CDF838E00F92A1EF50250A9ADDE9C6
S3150200CA700E8958EA9F692EF07C4C5200CDF878C098
S3150200CA80A1FF50241992209A149FCDE90E89A7FB83
S3150200CA9002EC9EFD2F5EE5FB0AEC099AE2FB03EC33
S3150200CAA01F9AE2FB04EC089A02FF5421049CE0FB65
S3150200CAB002EC109AE4FB02EC0B9C019A8EFD5B3EA3
S3150200CAC0E6FB04EC0A9C059EE6FB04EC4446239E28
S3150200CAD09EFD371E3419A0460F9E24F07E4441EB7C
S3150200CAE006099EFD435E139958EA5F69E2FB01EC73
S3150200CAF0DDE90C16E6FB01EC159A00FF5401CDF8B0
S3150200CB0038E0AAFB07E1D4601D9C099AE5FB04E123
S3150200CB108EFD6F1E169C119EE4FB03E1029CE2FB56
S3150200CB2004E19EFD4F1EE6FB00E1089A049EE6FB29
S3150200CB3002E1069E179AA1EF5025E6FB02E1059E49
S3150200CB400B9AE6FB02E1019A199EA1FF5024E2FB31
S3150200CB5006E1139E0C9AE6FB02E11EEB080E9EFD11
S3150200CB60335E41EB0901CDF808E00391DDE9028964
S3150200CB7058EA9F691F9E02FF5421159A2EF07C41A6
S3150200CB80A7FB06AE1161099A109E8EFD5F3EE5FB7C
S3150200CB9002AE089A0294E3FB02AEE4FB06AE0B9CDD
S3150200CBA09EFD3B1E049EE0FB04AE0A9C059AE6FB34
S3150200CBB004AE9EFD475E069E139C0D99E6FB04AEEF
S3150200CBC044460E9E00FF5401490034190D9E0E94F0
S3150200CBD0E2FB06AE159A8EFD731E24F07E44546166
S3150200CBE01C9C019A4CEB090C9EFD531EE2FB04AE03
S3150200CBF0129C0C9ACDF83CC0E4FB02AEDDE90E892C
S3150200CC00A1EF5025CDF850A0099A58EA5F69A2FB18
S3150200CC10074C169A1893A1FF5024E5FB024C119A71
S3150200CC20049EE2FB034C029B9EFD375E089ACDE909
S3150200CC300E89E3FB024C179B059AE0FB034C02FFAD
S3150200CC4054210B9BE6FB034C069E199BE6FB034C09
S3150200CC50139B8EFD633EE2FB034C019B0C9AE3FBA6
S3150200CC60014C1C9BE3FB024C9EFD3F1E14EB080885
S3150200CC700F9CCDF818804CEB040407949EFD4B5E86
S3150200CC80DDE9062352EA9F63CDE90623159B109A36
S3150200CC9028F07C4800FF5401C3F81880129BA7FBBA
S3150200CCA002C84FEA4309089B119A8EFD771EE5FBDF
S3150200CCB003C8A7FB033AE5FB023ADDE917240B9DFD
S3150200CCC09EFD431EE4FB023AE4FB05C8029C059A5C
S3150200CCD0E4FB053A0A9DA1EF5025E4FB05C8199D20
S3150200CCE0139CE0FB053AE0FB04C80498A1FF50241C
S3150200CCF01A9DE0FB043A0D9CE6FB013AE0FB04C8F0
S3150200CD009EFD3B5E1C98129CE6FB00C8E2FB003AC5
S3150200CD10E2FB04C81B9802FF5421019A149EE2FB0F
S3150200CD20093AE2FB00C80C9AE0FB023A8EFD673E26
S3150200CD30E2FB05C8069A079DB418224619469EFDCF
S3150200CD402F1E4EEB050352EA5F631598891824F0ED
S3150200CD507E449EFD4F5EC4610C464AEB030554EACF
S3150200CD609F651CEB040C624600FF540148EB050369
S3150200CD7052EA5F6314461D4654EACF0521F07C4110
S3150200CD808EFD7B1E01622CF07E414162A11845EBAD
S3150200CD9003049EFD577E49186441891844EB030437
S3150200CDA0219BC9189EFD6B9E0A4644F1000352EA76
S3150200CDB09F6321F07C41016022991BED7F1F8B1836
S3150200CDC01E9923F07E4201EB5363C0E9012324B08E
S3150200CDD0BDE8F88FAFF30080AFF30080AFF30080B9
S3150200CDE02DE9F84FA4B007B44EF6B44BC2F2042BA9
S3150200CDF0DBF800B00BF5FE7B01A309E0AFF3008080
S3150200CE000000000004000000080000000C00000002
S3150200CE1093ED00FF4EF6B443C2F204231B6803F2FD
S3150200CE20F4532FEE43EF07BC4FF0260C9BED013F68
S3150200CE3096465368176A9468D26800FF56010CFB3F
S3150200CE4002F615900A92DEF810008A691E9602FF13
S3150200CE5058210292DEF8146000EBC00200EB420891
S3150200CE60CDF86080DEF81C2020EF50410CFB06F85E
S3150200CE700D960E691B9704968BED655F0F6A164633
S3150200CE804D6A1497DEF81870199522EF52A13A46A8
S3150200CE902546CDF874800CFB06F807EBC70704EBB2
S3150200CEA0C4040EFD35BE02EB470A0B9505EB44049E
S3150200CEB010930CFB03F51BED6B1F1390CB694869AE
S3150200CEC01C921296CDF858809BED153FCF68DEF87E
S3150200CED0242006978F680CFB02FC059700FF56017B
S3150200CEE0DEF800701A924A6808971B9F019202FFA9
S3150200CEF058210A680A99CDF844C007EBC70C07EB1C
S3150200CF004C0CB2EF504501EBC10E149F01EB4E0ED5
S3150200CF10CDF824C0AEFB07EC1999B2FF5044189E17
S3150200CF20E1FB04ECA4FB07411893E6FB03EC199B17
S3150200CF300EFD595E059FE3FB0541A046189B1E9D0B
S3150200CF40B2EF52A5029CE5FB0381E6FB04811D9C20
S3150200CF50049DE4FB0081B2FF52A4EAFB0581169C04
S3150200CF601896069EE4FB0681099E8EFD0BBE019C69
S3150200CF70E6FB0781119EE6FB0481089E1BED571F07
S3150200CF80029CE6FB02810D9E0F9106EBC60106EBA3
S3150200CF9041019BED293FE1FB04EC129CEAFB00EC0C
S3150200CFA0CDF8388028F07C48CDF8848000FF560101
S3150200CFB004EBC40804EB4808E8FB05EC069E099D51
S3150200CFC01F9002FF5821E5FB06ECDDE90E6756EAE3
S3150200CFD09F6740461A9DA2EF5245CDE90E6705EBC3
S3150200CFE0C508059F05EB4808E8FB07EC089CA2FF6D
S3150200CFF05244019D0C92E5FB04EC109D0E9CE5FB50
S3150200D00002EC0EFD7D5E6A00149F17920F9A1EEBCC
S3150200D0100404A1EF50A546464CEB0209A046DDE901
S3150200D020182524F07E4CA7FB0141A1FF50A4E5FB85
S3150200D03002410246EAFB034120900298CDF888C0DD
S3150200D0400EFD19BEE2FB00411F98099A1F96E2FBEC
S3150200D05000411BED431F3246049E58EA5F69E2FB1C
S3150200D0600641069E089A9BED3D3FE6FB0241109E55
S3150200D070059AE2FB06410B9E019A00FF5601E2FB6E
S3150200D0800641A4460C9A0A9C049EE4FB02C102FFD6
S3150200D0905821189CCDF88CC0A4FB07EC1E9C169A4E
S3150200D0A0B5EF5245E5FB04EC1D9C059FE4FB03EC42
S3150200D0B0029CEAFB04ECB5FF5244E2FB00EC099A3F
S3150200D0C0E2FB06EC069E119AE2FB06EC0EFD3D5EC5
S3150200D0D0089AE7FB02EC179A019FE7FB02ECB4EF12
S3150200D0E050A5DDE90B72E7FB02EC1EEB080E4CEBDA
S3150200D0F00902CDF838E00F92B4FF50A40A9ADDE98E
S3150200D1000E8958EA9F692EF07C4C5200CDF878C001
S3150200D1108EFD27BE1992209A149FCDE90E89A7FB90
S3150200D12002EC1BED2F1FE5FB0AEC099AE2FB03EC6E
S3150200D1301F9AE2FB04EC089A9BED513F049CE0FB2C
S3150200D14002EC109AE4FB02EC0B9C019A00FF5601DA
S3150200D150E6FB04EC0A9C059EE6FB04EC4446239E91
S3150200D16002FF58213419A0460F9E24F07E4441EB5B
S3150200D1700609A9EF5045139958EA5F69E2FB01ECEB
S3150200D180DDE90C16E6FB01EC159AA9FF5044CDF831
S3150200D19038E0AAFB07E1D4601D9C099AE5FB04E18D
S3150200D1A00EFD615E169C119EE4FB03E1029CE2FB0E
S3150200D1B004E1A9EF52A5E6FB00E1089A049EE6FB0C
S3150200D1C002E1069E179AA9FF52A4E6FB02E1059E1A
S3150200D1D00B9AE6FB02E1019A199E8EFD03BEE2FB63
S3150200D1E006E1139E0C9AE6FB02E11EEB080E9EFD7B
S3150200D1F05B7E41EB0901CDF808E00391DDE9028986
S3150200D20058EA9F691F9E9EFD6F9E159A2EF07C41DD
S3150200D210A7FB06AE1161099A109E1BED7B1FE5FB6B
S3150200D22002AE089A0294E3FB02AEE4FB06AE0B9C46
S3150200D2309BED053F049EE0FB04AE0A9C059AE6FBC5
S3150200D24004AE00FF5601069E139C0D99E6FB04AE42
S3150200D25044460E9E02FF5821490034190D9E0E9433
S3150200D260E2FB06AE159AA1EF524524F07E445461C4
S3150200D2701C9C019A4CEB090CA1FF5244E2FB04AE42
S3150200D280129C0C9ACDF83CC0E4FB02AEDDE90E8995
S3150200D2900EFD715ECDF850A0099A58EA5F69A2FBAD
S3150200D2A0074C169A189320EF50A1E5FB024C119AEF
S3150200D2B0049EE2FB034C029B0EFD0DBE089ACDE9CD
S3150200D2C00E89E3FB024C179B059AE0FB034C1BED10
S3150200D2D0671F0B9BE6FB034C069E199BE6FB034C62
S3150200D2E0139B9BED193FE2FB034C019B0C9AE3FB5C
S3150200D2F0014C1C9BE3FB024C00FF560114EB080891
S3150200D3000F9CCDF818804CEB0404079402FF5821B9
S3150200D310DDE9062352EA9F63CDE90623159B109A9F
S3150200D32028F07C48B6EF5045C3F81880129BA7FB3D
S3150200D33002C84FEA4309089B119AB6FF5044E5FB1F
S3150200D34003C8A7FB033AE5FB023ADDE917240B9D66
S3150200D3508BED695FE4FB023AE4FB05C8029C059A81
S3150200D360E4FB053A0A9DB6EF52A5E4FB05C8199DF2
S3150200D370139CE0FB053AE0FB04C80498B6FF52A4EE
S3150200D3801A9DE0FB043A0D9CE6FB013AE0FB04C859
S3150200D3900EFD31BE1C98129CE6FB00C8E2FB003A69
S3150200D3A0E2FB04C81B981BED531F019A149EE2FB75
S3150200D3B0093AE2FB00C80C9AE0FB023A9BED2D3FCC
S3150200D3C0E2FB05C8069A079DB4182246194600FFD5
S3150200D3D056014EEB050352EA5F631598891824F04D
S3150200D3E07E4402FF5821C4610C464AEB030554EA07
S3150200D3F09F651CEB040C6246A5EF504548EB0503FE
S3150200D40052EA5F6314461D4654EACF0521F07C4179
S3150200D410A5FF504401622CF07E414162A11845EB02
S3150200D42003040EFD555E49186441891844EB030452
S3150200D430219BC918A5EF52A50A4644F1000352EAF8
S3150200D4409F6321F07C4101602299A5FF52A48B18AB
S3150200D4501E9923F07E4201EB5363C0E9012324B0F7
S3150200D460BDE8F88FAFF30080AFF30080AFF3008022
S3150200D4702DE9F84FA4B007B44EF6B44BC2F2042B12
S3150200D480DBF800B00BF5FE7B01A309E0AFF30080E9
S3150200D4900000000004000000080000000C0000006C
S3150200D4A093ED00FF4EF6B443C2F204231B6803F267
S3150200D4B0F4532FEE43EF07BC4FF0260C8EFD0FBE42
S3150200D4C096465368176A9468D2681BED3F1F0CFB99
S3150200D4D002F615900A92DEF810008A691E969BEDF6
S3150200D4E0413F0292DEF8146000EBC00200EB4208F4
S3150200D4F0CDF86080DEF81C2000FF56010CFB06F812
S3150200D5000D960E691B97049602FF58210F6A16465E
S3150200D5104D6A1497DEF818701995B7EF52453A46D8
S3150200D5202546CDF874800CFB06F807EBC70704EB1B
S3150200D530C404B7FF524402EB470A0B9505EB4404B9
S3150200D54010930CFB03F50EFD795E1390CB694869C7
S3150200D5501C921296CDF85880B6EF50A5CF68DEF829
S3150200D560242006978F680CFB02FC0597B6FF50A491
S3150200D570DEF800701A924A6808971B9F01920EFD08
S3150200D58015BE0A680A99CDF844C007EBC70C07EB2B
S3150200D5904C0C1BED2B1F01EBC10E149F01EB4E0E23
S3150200D5A0CDF824C0AEFB07EC19999BED553F189EAA
S3150200D5B0E1FB04ECA4FB07411893E6FB03EC199B81
S3150200D5C000FF5601059FE3FB0541A046189B1E9DE1
S3150200D5D002FF5821029CE5FB0381E6FB04811D9CA8
S3150200D5E0049DE4FB0081A1EF5045EAFB0581169CF0
S3150200D5F01896069EE4FB0681099EA1FF5044019CF3
S3150200D600E6FB0781119EE6FB0481089E0EFD395E4C
S3150200D610029CE6FB02810D9E0F9106EBC60106EB0C
S3150200D6204101A1EF52A5E1FB04EC129CEAFB00ECDE
S3150200D630CDF8388028F07C48CDF88480A1FF52A42A
S3150200D64004EBC40804EB4808E8FB05EC069E099DBA
S3150200D6501F908EFD2BBEE5FB06ECDDE90E6756EA52
S3150200D6609F6740461A9D9EFD5F7ECDE90E6705EBDC
S3150200D670C508059F05EB4808E8FB07EC089C9EFDDC
S3150200D680739E019D0C92E5FB04EC109D0E9CE5FB3E
S3150200D69002EC1BED771F6A00149F17920F9A1EEB7E
S3150200D6A004049BED093F46464CEB0209A046DDE920
S3150200D6B0182524F07E4CA7FB014100FF5601E5FB2D
S3150200D6C002410246EAFB034120900298CDF888C047
S3150200D6D002FF5821E2FB00411F98099A1F96E2FBBE
S3150200D6E00041BFEF50453246049E58EA5F69E2FBAD
S3150200D6F00641069E089ABFFF5044E6FB0241109E71
S3150200D700059AE2FB06410B9E019A0EFD495EE2FB7B
S3150200D7100641A4460C9A0A9C049EE4FB02C1BFEF92
S3150200D72052A5189CCDF88CC0A4FB07EC1E9C169A39
S3150200D730BFFF52A4E5FB04EC1D9C059FE4FB03EC32
S3150200D740029CEAFB04EC8EFD1BBEE2FB00EC099A8E
S3150200D750E2FB06EC069E119AE2FB06EC1BED631F4A
S3150200D760089AE7FB02EC179A019FE7FB02EC9BED96
S3150200D7701D3FDDE90B72E7FB02EC1EEB080E4CEBDC
S3150200D7800902CDF838E00F9200FF56010A9ADDE948
S3150200D7900E8958EA9F692EF07C4C5200CDF878C06B
S3150200D7A002FF58211992209A149FCDE90E89A7FBF0
S3150200D7B002ECA3EF5045E5FB0AEC099AE2FB03EC07
S3150200D7C01F9AE2FB04EC089AA3FF5044049CE0FB78
S3150200D7D002EC109AE4FB02EC0B9C019A0EFD6D5EC4
S3150200D7E0E6FB04EC0A9C059EE6FB04EC4446239EFB
S3150200D7F0A3EF52A53419A0460F9E24F07E4441EBB6
S3150200D8000609A3FF52A4139958EA5F69E2FB01ECE9
S3150200D810DDE90C16E6FB01EC159A0EFD09BECDF804
S3150200D82038E0AAFB07E1D4601D9C099AE5FB04E1F6
S3150200D8301BED4F1F169C119EE4FB03E1029CE2FBCB
S3150200D84004E19BED313FE6FB00E1089A049EE6FB0C
S3150200D85002E1069E179A00FF5601E6FB02E1059ECB
S3150200D8600B9AE6FB02E1019A199E02FF5821E2FB9E
S3150200D87006E1139E0C9AE6FB02E11EEB080EB6EFDA
S3150200D880524541EB0901CDF808E00391DDE9028931
S3150200D89058EA9F691F9EB6FF5244159A2EF07C41A4
S3150200D8A0A7FB06AE1161099A109E8BED6D5FE5FB33
S3150200D8B002AE089A0294E3FB02AEE4FB06AE0B9CB0
S3150200D8C0B5EF50A5049EE0FB04AE0A9C059AE6FB62
S3150200D8D004AEB5FF50A4069E139C0D99E6FB04AE5A
S3150200D8E044460E9E0EFD2DBE490034190D9E0E9421
S3150200D8F0E2FB06AE159A1BED3B1F24F07E445461F3
S3150200D9001C9C019A4CEB090C9BED453FE2FB04AED5
S3150200D910129C0C9ACDF83CC0E4FB02AEDDE90E89FE
S3150200D92000FF5601CDF850A0099A58EA5F69A2FB9A
S3150200D930074C169A189302FF5821E5FB024C119ADE
S3150200D940049EE2FB034C029BA8EF5245089ACDE9DE
S3150200D9500E89E3FB024C179B059AE0FB034CA8FFDA
S3150200D96052440B9BE6FB034C069E199BE6FB034CBB
S3150200D970139B0EFD515EE2FB034C019B0C9AE3FBEB
S3150200D980014C1C9BE3FB024CA7EF50A514EB0808C5
S3150200D9900F9CCDF818804CEB04040794A7FF50A403
S3150200D9A0DDE9062352EA9F63CDE90623159B109A09
S3150200D9B028F07C488EFD13BEC3F81880129BA7FB85
S3150200D9C002C84FEA4309089B119A1BED271FE5FB84
S3150200D9D003C8A7FB033AE5FB023ADDE917240B9DD0
S3150200D9E09BED593FE4FB023AE4FB05C8029C059A0B
S3150200D9F0E4FB053A0A9D00FF5601E4FB05C8199DA2
S3150200DA00139CE0FB053AE0FB04C8049802FF582188
S3150200DA101A9DE0FB043A0D9CE6FB013AE0FB04C8C2
S3150200DA20BFEF52451C98129CE6FB00C8E2FB003A87
S3150200DA30E2FB04C81B98BFFF5244019A149EE2FB04
S3150200DA40093AE2FB00C80C9AE0FB023A0EFD755E4B
S3150200DA50E2FB05C8069A079DB41822461946BEEF90
S3150200DA6050A54EEB050352EA5F631598891824F018
S3150200DA707E44BEFF50A4C4610C464AEB030554EA39
S3150200DA809F651CEB040C62460EFD11BE48EB0503B6
S3150200DA9052EA5F6314461D4654EACF0521F07C41E3
S3150200DAA09EFD637E01622CF07E414162A11845EB28
S3150200DAB003049EFD779E49186441891844EB0304CA
S3150200DAC0219BC9181BED731F0A4644F1000352EA53
S3150200DAD09F6321F07C41016022999BED0D3F8B18DB
S3150200DAE01E9923F07E4201EB5363C0E9012324B061
S3150200DAF0BDE8F88FAFF30080AFF30080AFF300808C
S3150200DB002DE9F84FA4B007B44EF6B44BC2F2042B7B
S3150200DB10DBF800B00BF5FE7B01A309E0AFF3008052
S3150200DB200000000004000000080000000C000000D5
S3150200DB3093ED00FF4EF6B443C2F204231B6803F2D0
S3150200DB40F4532FEE43EF07BC4FF0260C00FF5601AD
S3150200DB5096465368176A9468D26802FF58210CFBEE
S3150200DB6002F615900A92DEF810008A691E96AEEF4A
S3150200DB7050450292DEF8146000EBC00200EB420848
S3150200DB80CDF86080DEF81C20AEFF50440CFB06F890
S3150200DB900D960E691B9704968BED795F0F6A1646F2
S3150200DBA04D6A1497DEF818701995AEEF52A53A46EB
S3150200DBB02546CDF874800CFB06F807EBC70704EB85
S3150200DBC0C404AEFF52A402EB470A0B9505EB4404CC
S3150200DBD010930CFB03F50EFD21BE1390CB69486929
S3150200DBE01C921296CDF858801BED5F1FCF68DEF8A7
S3150200DBF0242006978F680CFB02FC05979BED213FBC
S3150200DC00DEF800701A924A6808971B9F019200FF7D
S3150200DC1056010A680A99CDF844C007EBC70C07EB10
S3150200DC204C0C02FF582101EBC10E149F01EB4E0E64
S3150200DC30CDF824C0AEFB07EC1999BCEF5245189EED
S3150200DC40E1FB04ECA4FB07411893E6FB03EC199BEA
S3150200DC50BCFF5244059FE3FB0541A046189B1E9D4F
S3150200DC600EFD455E029CE5FB0381E6FB04811D9CDD
S3150200DC70049DE4FB0081BBEF50A5EAFB0581169CDF
S3150200DC801896069EE4FB0681099EBBFF50A4019CE2
S3150200DC90E6FB0781119EE6FB0481089E8EFD1FBEF0
S3150200DCA0029CE6FB02810D9E0F9106EBC60106EB76
S3150200DCB041011BED4B1FE1FB04EC129CEAFB00EC5D
S3150200DCC0CDF8388028F07C48CDF884809BED353F2E
S3150200DCD004EBC40804EB4808E8FB05EC069E099D24
S3150200DCE01F9000FF5601E5FB06ECDDE90E6756EADA
S3150200DCF09F6740461A9D02FF5821CDE90E6705EB44
S3150200DD00C508059F05EB4808E8FB07EC089CADEF44
S3150200DD105245019D0C92E5FB04EC109D0E9CE5FB21
S3150200DD2002ECADFF52446A00149F17920F9A1EEB43
S3150200DD3004040EFD695E46464CEB0209A046DDE987
S3150200DD40182524F07E4CA7FB0141ACEF50A5E5FB5C
S3150200DD5002410246EAFB034120900298CDF888C0B0
S3150200DD60ACFF50A4E2FB00411F98099A1F96E2FB02
S3150200DD7000410EFD05BE3246049E58EA5F69E2FB8B
S3150200DD800641069E089A1BED371FE6FB0241109ECE
S3150200DD90059AE2FB06410B9E019A9BED493FE2FB87
S3150200DDA00641A4460C9A0A9C049EE4FB02C100FFAB
S3150200DDB05601189CCDF88CC0A4FB07EC1E9C169A43
S3150200DDC002FF5821E5FB04EC1D9C059FE4FB03ECD6
S3150200DDD0029CEAFB04ECABEF5245E2FB00EC099A2B
S3150200DDE0E2FB06EC069E119AE2FB06ECABFF5244FE
S3150200DDF0089AE7FB02EC179A019FE7FB02EC8BED10
S3150200DE00715FDDE90B72E7FB02EC1EEB080E4CEBD1
S3150200DE100902CDF838E00F92AAEF50A50A9ADDE979
S3150200DE200E8958EA9F692EF07C4C5200CDF878C0D4
S3150200DE30AAFF50A41992209A149FCDE90E89A7FB36
S3150200DE4002EC0EFD29BEE5FB0AEC099AE2FB03ECA5
S3150200DE501F9AE2FB04EC089A1BED231F049CE0FBCD
S3150200DE6002EC109AE4FB02EC0B9C019A9BED5D3FDF
S3150200DE70E6FB04EC0A9C059EE6FB04EC4446239E64
S3150200DE8000FF56013419A0460F9E24F07E4441EB52
S3150200DE90060902FF5821139958EA5F69E2FB01EC71
S3150200DEA0DDE90C16E6FB01EC159ABCEF5045CDF800
S3150200DEB038E0AAFB07E1D4601D9C099AE5FB04E160
S3150200DEC0BCFF5044169C119EE4FB03E1029CE2FB5C
S3150200DED004E10EFD4D5EE6FB00E1089A049EE6FBB8
S3150200DEE002E1069E179ABCEF52A5E6FB02E1059EE9
S3150200DEF00B9AE6FB02E1019A199EBCFF52A4E2FBD1
S3150200DF0006E1139E0C9AE6FB02E11EEB080E8EFD5D
S3150200DF1017BE41EB0901CDF808E00391DDE902895C
S3150200DF2058EA9F691F9E9EFD677E159A2EF07C41D8
S3150200DF30A7FB06AE1161099A109E9EFD7B9EE5FB2C
S3150200DF4002AE089A0294E3FB02AEE4FB06AE0B9C19
S3150200DF501BED6F1F049EE0FB04AE0A9C059AE6FBCE
S3150200DF6004AE9BED113F069E139C0D99E6FB04AE93
S3150200DF7044460E9E00FF5601490034190D9E0E942A
S3150200DF80E2FB06AE159A02FF582124F07E44546144
S3150200DF901C9C019A4CEB090CAEEF5245E2FB04AE17
S3150200DFA0129C0C9ACDF83CC0E4FB02AEDDE90E8968
S3150200DFB0AEFF5244CDF850A0099A58EA5F69A2FB17
S3150200DFC0074C169A18930EFD5D5EE5FB024C119AFC
S3150200DFD0049EE2FB034C029BADEF50A5089ACDE9E5
S3150200DFE00E89E3FB024C179B059AE0FB034CADFF3F
S3150200DFF050A40B9BE6FB034C069E199BE6FB034CC7
S3150200E000139B8EFD07BEE2FB034C019B0C9AE3FBBE
S3150200E010014C1C9BE3FB024C1BED5B1F14EB080837
S3150200E0200F9CCDF818804CEB040407949BED253F1A
S3150200E030DDE9062352EA9F63CDE90623159B109A72
S3150200E04028F07C4800FF5601C3F81880129BA7FBF4
S3150200E05002C84FEA4309089B119A02FF5821E5FBC1
S3150200E06003C8A7FB033AE5FB023ADDE917240B9D39
S3150200E070AAEF5045E4FB023AE4FB05C8029C059A66
S3150200E080E4FB053A0A9DAAFF5044E4FB05C8199D24
S3150200E090139CE0FB053AE0FB04C804988BED7D5F18
S3150200E0A01A9DE0FB043A0D9CE6FB013AE0FB04C82C
S3150200E0B0AAEF52A51C98129CE6FB00C8E2FB003AA6
S3150200E0C0E2FB04C81B98AAFF52A4019A149EE2FB23
S3150200E0D0093AE2FB00C80C9AE0FB023A0EFD1DBEAD
S3150200E0E0E2FB05C8069A079DB418224619461BED9F
S3150200E0F0471F4EEB050352EA5F631598891824F011
S3150200E1007E449BED393FC4610C464AEB030554EA53
S3150200E1109F651CEB040C624600FF560148EB0503A3
S3150200E12052EA5F6314461D4654EACF0521F07C414C
S3150200E13002FF582101622CF07E414162A11845EB93
S3150200E1400304B4EF524549186441891844EB0304A9
S3150200E150219BC918B4FF52440A4644F1000352EA0D
S3150200E1609F6321F07C41016022990EFD415E8B186E
S3150200E1701E9923F07E4201EB5363C0E9012324B0CA
S3150200E180BDE8F88FAFF30080AFF30080AFF30080F5
S3150200E1902DE9F84FA4B007B44EF6B44BC2F2042BE5
S3150200E1A0DBF800B00BF5FE7B01A309E0AFF30080BC
S3150200E1B00000000004000000080000000C0000003F
S3150200E1C093ED00FF4EF6B443C2F204231B6803F23A
S3150200E1D0F4532FEE43EF07BC4FF0260CB3EF50A5D6
S3150200E1E096465368176A9468D268B3FF50A40CFB2C
S3150200E1F002F615900A92DEF810008A691E968EFDC6
S3150200E20023BE0292DEF8146000EBC00200EB420865
S3150200E210CDF86080DEF81C201BED331F0CFB06F8E0
S3150200E2200D960E691B9704969BED4D3F0F6A164697
S3150200E2304D6A1497DEF81870199500FF56013A4692
S3150200E2402546CDF874800CFB06F807EBC70704EBEE
S3150200E250C40402FF582102EB470A0B9505EB44045E
S3150200E26010930CFB03F5A4EF50451390CB69486954
S3150200E2701C921296CDF85880A4FF5044CF68DEF85F
S3150200E280242006978F680CFB02FC05970EFD655E3F
S3150200E290DEF800701A924A6808971B9F0192A4EF53
S3150200E2A052A50A680A99CDF844C007EBC70C07EBDA
S3150200E2B04C0CA4FF52A401EBC10E149F01EB4E0EAF
S3150200E2C0CDF824C0AEFB07EC19990EFD01BE189ECF
S3150200E2D0E1FB04ECA4FB07411893E6FB03EC199B54
S3150200E2E01BED1F1F059FE3FB0541A046189B1E9DC4
S3150200E2F09BED613F029CE5FB0381E6FB04811D9CCD
S3150200E300049DE4FB008100FF5601EAFB0581169C91
S3150200E3101896069EE4FB0681099E02FF5821019C7F
S3150200E320E6FB0781119EE6FB0481089EA7EF504596
S3150200E330029CE6FB02810D9E0F9106EBC60106EBDF
S3150200E3404101A7FF5044E1FB04EC129CEAFB00ECFE
S3150200E350CDF8388028F07C48CDF884808BED755F47
S3150200E36004EBC40804EB4808E8FB05EC069E099D8D
S3150200E3701F90A7EF52A5E5FB06ECDDE90E6756EA0C
S3150200E3809F6740461A9DA7FF52A4CDE90E6705EB8B
S3150200E390C508059F05EB4808E8FB07EC089C0EFD3F
S3150200E3A025BE019D0C92E5FB04EC109D0E9CE5FB3F
S3150200E3B002EC9BED651F6A00149F17920F9A1EEBE3
S3150200E3C004049BED693F46464CEB0209A046DDE993
S3150200E3D0182524F07E4CA7FB01419BED6D5FE5FB02
S3150200E3E002410246EAFB034120900298CDF888C01A
S3150200E3F09BED71BFE2FB00411F98099A1F96E2FB53
S3150200E40000419BED75DF3246049E58EA5F69E2FBE6
S3150200E4100641069E089A14EF5261E6FB0241109EDF
S3150200E420059AE2FB06410B9E019A06FF5061E2FB4A
S3150200E4300641A4460C9A0A9C049EE4FB02C10BED1B
S3150200E4407F7F189CCDF88CC0A4FB07EC1E9C169A05
S3150200E4501AEF5461E5FB04EC1D9C059FE4FB03ECFB
S3150200E460029CEAFB04EC06FF5261E2FB00EC099A0D
S3150200E470E2FB06EC069E119AE2FB06EC0BED7B7FB5
S3150200E480089AE7FB02EC179A019FE7FB02EC1CEFE6
S3150200E4905A61DDE90B72E7FB02EC1EEB080E4CEB50
S3150200E4A00902CDF838E00F9206FF54610A9ADDE9B7
S3150200E4B00E8958EA9F692EF07C4C5200CDF878C03E
S3150200E4C00BED777F1992209A149FCDE90E89A7FB4F
S3150200E4D002EC10EF5C61E5FB0AEC099AE2FB03EC45
S3150200E4E01F9AE2FB04EC089A06FF5A61049CE0FBC1
S3150200E4F002EC109AE4FB02EC0B9C019A0BED737F83
S3150200E500E6FB04EC0A9C059EE6FB04EC4446239ECD
S3150200E51012EF50613419A0460F9E24F07E4441EB5F
S3150200E520060906FF5C61139958EA5F69E2FB01EC92
S3150200E530DDE90C16E6FB01EC159A0BED6F7FCDF8C3
S3150200E54038E0AAFB07E1D4601D9C099AE5FB04E1C9
S3150200E5509BED791F169C119EE4FB03E1029CE2FBF4
S3150200E56004E19BED7D3FE6FB00E1089A049EE6FB93
S3150200E57002E1069E179A1EFD7D5EE6FB02E1059EFE
S3150200E5800B9AE6FB02E1019A199E1EFD79BEE2FB99
S3150200E59006E1139E0C9AE6FB02E11EEB080E1EFD37
S3150200E5A075DE41EB0901CDF808E00391DDE9028948
S3150200E5B058EA9F691F9E14EF5261159A2EF07C410C
S3150200E5C0A7FB06AE1161099A109E06FF5061E5FB94
S3150200E5D002AE089A0294E3FB02AEE4FB06AE0B9C83
S3150200E5E00BED6B7F049EE0FB04AE0A9C059AE6FBEC
S3150200E5F004AE1AEF5461069E139C0D99E6FB04AE17
S3150200E60044460E9E06FF5261490034190D9E0E9431
S3150200E610E2FB06AE159A0BED677F24F07E44546149
S3150200E6201C9C019A4CEB090C1CEF5A61E2FB04AEEE
S3150200E630129C0C9ACDF83CC0E4FB02AEDDE90E89D1
S3150200E64006FF5461CDF850A0099A58EA5F69A2FB09
S3150200E650074C169A18930BED637FE5FB024C119A51
S3150200E660049EE2FB034C029B10EF5C61089ACDE923
S3150200E6700E89E3FB024C179B059AE0FB034C06FF4F
S3150200E6805A610B9BE6FB034C069E199BE6FB034C69
S3150200E690139B0BED5F7FE2FB034C019B0C9AE3FBA2
S3150200E6A0014C1C9BE3FB024C12EF506114EB080871
S3150200E6B00F9CCDF818804CEB0404079406FF5C61AE
S3150200E6C0DDE9062352EA9F63CDE90623159B109ADC
S3150200E6D028F07C480BED5B7FC3F81880129BA7FBE2
S3150200E6E002C84FEA4309089B119A1EFD711EE5FBFB
S3150200E6F003C8A7FB033AE5FB023ADDE917240B9DA3
S3150200E7001EFD6D3EE4FB023AE4FB05C8029C059A37
S3150200E710E4FB053A0A9D1EFD695EE4FB05C8199DE8
S3150200E720139CE0FB053AE0FB04C804981EFD65BE97
S3150200E7301A9DE0FB043A0D9CE6FB013AE0FB04C895
S3150200E7401EFD61DE1C98129CE6FB00C8E2FB003A45
S3150200E750E2FB04C81B9814EF5261019A149EE2FB75
S3150200E760093AE2FB00C80C9AE0FB023A06FF506146
S3150200E770E2FB05C8069A079DB418224619460BED18
S3150200E780577F4EEB050352EA5F631598891824F00A
S3150200E7907E441AEF5461C4610C464AEB030554EAFF
S3150200E7A09F651CEB040C624606FF526148EB0503AB
S3150200E7B052EA5F6314461D4654EACF0521F07C41B6
S3150200E7C00BED537F01622CF07E414162A11845EBAD
S3150200E7D003041CEF5A6149186441891844EB030487
S3150200E7E0219BC91806FF54610A4644F1000352EA06
S3150200E7F09F6321F07C41016022990BED4F7F8B18BC
S3150200E8001E9923F07E4201EB5363C0E9012324B033
S3150200E810BDE8F88FAFF30080AFF30080AFF300805E
S3150200E8202DE9F84FA4B007B44EF6B44BC2F2042B4E
S3150200E830DBF800B00BF5FE7B01A309E0AFF3008025
S3150200E8400000000004000000080000000C000000A8
S3150200E85093ED00FF4EF6B443C2F204231B6803F2A3
S3150200E860F4532FEE43EF07BC4FF0260C10EF5C611A
S3150200E87096465368176A9468D26806FF5A610CFB7B
S3150200E88002F615900A92DEF810008A691E960BEDC2
S3150200E8904B7F0292DEF8146000EBC00200EB4208E6
S3150200E8A0CDF86080DEF81C2012EF50610CFB06F8F2
S3150200E8B00D960E691B97049606FF5C610F6A164653
S3150200E8C04D6A1497DEF8187019950BED477F3A4694
S3150200E8D02546CDF874800CFB06F807EBC70704EB58
S3150200E8E0C4041EFD5D1E02EB470A0B9505EB4404AC
S3150200E8F010930CFB03F51EFD593E1390CB69486934
S3150200E9001C921296CDF858801EFD555ECF68DEF831
S3150200E910242006978F680CFB02FC05971EFD51BE4C
S3150200E920DEF800701A924A6808971B9F01921EFD34
S3150200E9304DDE0A680A99CDF844C007EBC70C07EB0F
S3150200E9404C0C14EF526101EBC10E149F01EB4E0EFB
S3150200E950CDF824C0AEFB07EC199906FF5061189E4C
S3150200E960E1FB04ECA4FB07411893E6FB03EC199BBD
S3150200E9700BED437F059FE3FB0541A046189B1E9DB9
S3150200E9801AEF5461029CE5FB0381E6FB04811D9CA0
S3150200E990049DE4FB008106FF5261EAFB0581169C99
S3150200E9A01896069EE4FB0681099E0BED3F7F019CAD
S3150200E9B0E6FB0781119EE6FB0481089E1CEF5A6165
S3150200E9C0029CE6FB02810D9E0F9106EBC60106EB49
S3150200E9D0410106FF5461E1FB04EC129CEAFB00ECE8
S3150200E9E0CDF8388028F07C48CDF884800BED3B7F4B
S3150200E9F004EBC40804EB4808E8FB05EC069E099DF7
S3150200EA001F9010EF5C61E5FB06ECDDE90E6756EA46
S3150200EA109F6740461A9D06FF5A61CDE90E6705EBD0
S3150200EA20C508059F05EB4808E8FB07EC089C0BEDBB
S3150200EA30377F019D0C92E5FB04EC109D0E9CE5FBD5
S3150200EA4002EC12EF50616A00149F17920F9A1EEBA6
S3150200EA50040406FF5C6146464CEB0209A046DDE96A
S3150200EA60182524F07E4CA7FB01410BED337FE5FB15
S3150200EA7002410246EAFB034120900298CDF888C083
S3150200EA801EFD491EE2FB00411F98099A1F96E2FBF2
S3150200EA9000411EFD453E3246049E58EA5F69E2FB8E
S3150200EAA00641069E089A1EFD415EE6FB0241109E45
S3150200EAB0059AE2FB06410B9E019A1EFD3DBEE2FB54
S3150200EAC00641A4460C9A0A9C049EE4FB02C11EFD62
S3150200EAD039DE189CCDF88CC0A4FB07EC1E9C169A56
S3150200EAE014EF5261E5FB04EC1D9C059FE4FB03EC6D
S3150200EAF0029CEAFB04EC06FF5061E2FB00EC099A79
S3150200EB00E2FB06EC069E119AE2FB06EC0BED2F7F6A
S3150200EB10089AE7FB02EC179A019FE7FB02EC1AEF51
S3150200EB205461DDE90B72E7FB02EC1EEB080E4CEBBF
S3150200EB300902CDF838E00F9206FF52610A9ADDE922
S3150200EB400E8958EA9F692EF07C4C5200CDF878C0A7
S3150200EB500BED2B7F1992209A149FCDE90E89A7FB04
S3150200EB6002EC1CEF5A61E5FB0AEC099AE2FB03ECA4
S3150200EB701F9AE2FB04EC089A06FF5461049CE0FB30
S3150200EB8002EC109AE4FB02EC0B9C019A0BED277F38
S3150200EB90E6FB04EC0A9C059EE6FB04EC4446239E37
S3150200EBA010EF5C613419A0460F9E24F07E4441EBBF
S3150200EBB0060906FF5A61139958EA5F69E2FB01ECFE
S3150200EBC0DDE90C16E6FB01EC159A0BED237FCDF879
S3150200EBD038E0AAFB07E1D4601D9C099AE5FB04E133
S3150200EBE012EF5061169C119EE4FB03E1029CE2FBCC
S3150200EBF004E106FF5C61E6FB00E1089A049EE6FB7F
S3150200EC0002E1069E179A0BED1F7FE6FB02E1059EC7
S3150200EC100B9AE6FB02E1019A199E1EFD351EE2FBE6
S3150200EC2006E1139E0C9AE6FB02E11EEB080E1EFDA0
S3150200EC30313E41EB0901CDF808E00391DDE9028995
S3150200EC4058EA9F691F9E1EFD2D5E159A2EF07C4185
S3150200EC50A7FB06AE1161099A109E1EFD29BEE5FBB1
S3150200EC6002AE089A0294E3FB02AEE4FB06AE0B9CEC
S3150200EC701EFD25DE049EE0FB04AE0A9C059AE6FB19
S3150200EC8004AE14EF5261069E139C0D99E6FB04AE88
S3150200EC9044460E9E06FF5061490034190D9E0E949D
S3150200ECA0E2FB06AE159A8BED017F24F07E44546199
S3150200ECB01C9C019A4CEB090C1AEF5461E2FB04AE60
S3150200ECC0129C0C9ACDF83CC0E4FB02AEDDE90E893B
S3150200ECD006FF5261CDF850A0099A58EA5F69A2FB75
S3150200ECE0074C169A18938BED057FE5FB024C119A99
S3150200ECF0049EE2FB034C029B1CEF5A61089ACDE983
S3150200ED000E89E3FB024C179B059AE0FB034C06FFB8
S3150200ED1054610B9BE6FB034C069E199BE6FB034CD8
S3150200ED20139B8BED097FE2FB034C019B0C9AE3FBE1
S3150200ED30014C1C9BE3FB024C10EF5C6114EB0808D0
S3150200ED400F9CCDF818804CEB0404079406FF5A6119
S3150200ED50DDE9062352EA9F63CDE90623159B109A45
S3150200ED6028F07C488BED0D7FC3F81880129BA7FB19
S3150200ED7002C84FEA4309089B119A12EF5061E5FB5C
S3150200ED8003C8A7FB033AE5FB023ADDE917240B9D0C
S3150200ED9006FF5C61E4FB023AE4FB05C8029C059AA5
S3150200EDA0E4FB053A0A9D8BED117FE4FB05C8199D2C
S3150200EDB0139CE0FB053AE0FB04C804981EFD211EE5
S3150200EDC01A9DE0FB043A0D9CE6FB013AE0FB04C8FF
S3150200EDD01EFD1D3E1C98129CE6FB00C8E2FB003A93
S3150200EDE0E2FB04C81B981EFD195E019A149EE2FB03
S3150200EDF0093AE2FB00C80C9AE0FB023A1EFD15BE78
S3150200EE00E2FB05C8069A079DB418224619461EFD5E
S3150200EE1011DE4EEB050352EA5F631598891824F05A
S3150200EE207E4414EF5261C4610C464AEB030554EA70
S3150200EE309F651CEB040C624606FF506148EB050316
S3150200EE4052EA5F6314461D4654EACF0521F07C411F
S3150200EE508BED157F01622CF07E414162A11845EBD4
S3150200EE6003041AEF546149186441891844EB0304F8
S3150200EE70219BC91806FF52610A4644F1000352EA71
S3150200EE809F6321F07C41016022998BED197F8B18DB
S3150200EE901E9923F07E4201EB5363C0E9012324B09D
S3150200EEA0BDE8F88FAFF30080AFF30080AFF30080C8
S3150200EEB02DE9F84FA4B007B44EF6B44BC2F2042BB8
S3150200EEC0DBF800B00BF5FE7B01A309E0AFF300808F
S3150200EED00000000004000000080000000C00000012
S3150200EEE093ED00FF4EF6B443C2F204231B6803F20D
S3150200EEF0F4532FEE43EF07BC4FF0260C1CEF5A617A
S3150200EF0096465368176A9468D26806FF54610CFBEA
S3150200EF1002F615900A92DEF810008A691E968BEDAB
S3150200EF201D7F0292DEF8146000EBC00200EB42087D
S3150200EF30CDF86080DEF81C2010EF5C610CFB06F851
S3150200EF400D960E691B97049606FF5A610F6A1646BE
S3150200EF504D6A1497DEF8187019958BED217F3A46A3
S3150200EF602546CDF874800CFB06F807EBC70704EBC1
S3150200EF70C40412EF506102EB470A0B9505EB4404F9
S3150200EF8010930CFB03F506FF5C611390CB6948698D
S3150200EF901C921296CDF858808BED257FCF68DEF84D
S3150200EFA0242006978F680CFB02FC05971EFD0D1E9A
S3150200EFB0DEF800701A924A6808971B9F01921EFD9E
S3150200EFC0093E0A680A99CDF844C007EBC70C07EB5D
S3150200EFD04C0C1EFD055E01EBC10E149F01EB4E0E9D
S3150200EFE0CDF824C0AEFB07EC19991EFD01BE189E92
S3150200EFF0E1FB04ECA4FB07411893E6FB03EC199B27
S3150200F0009EFD03DE059FE3FB0541A046189B1E9D60
S3150200F01014EF5261029CE5FB0381E6FB04811D9C11
S3150200F020049DE4FB008106FF5061EAFB0581169C04
S3150200F0301896069EE4FB0681099E8BED297F019CAC
S3150200F040E6FB0781119EE6FB0481089E1AEF5461D6
S3150200F050029CE6FB02810D9E0F9106EBC60106EBB2
S3150200F060410106FF5261E1FB04EC129CEAFB00EC53
S3150200F070CDF8388028F07C48CDF884808BED2D7F42
S3150200F08004EBC40804EB4808E8FB05EC069E099D60
S3150200F0901F901CEF5A61E5FB06ECDDE90E6756EAA6
S3150200F0A09F6740461A9D06FF5461CDE90E6705EB40
S3150200F0B0C508059F05EB4808E8FB07EC089C8BEDA5
S3150200F0C0317F019D0C92E5FB04EC109D0E9CE5FB45
S3150200F0D002EC10EF5C616A00149F17920F9A1EEB06
S3150200F0E0040406FF5A6146464CEB0209A046DDE9D6
S3150200F0F0182524F07E4CA7FB01418BED357FE5FBFD
S3150200F10002410246EAFB034120900298CDF888C0EC
S3150200F11012EF5061E2FB00411F98099A1F96E2FB2B
S3150200F120004106FF5C613246049E58EA5F69E2FBD3
S3150200F1300641069E089A8BED397FE6FB0241109E38
S3150200F140059AE2FB06410B9E019A9EFD071EE2FB13
S3150200F1500641A4460C9A0A9C049EE4FB02C19EFD4B
S3150200F1600B3E189CCDF88CC0A4FB07EC1E9C169A8D
S3150200F1709EFD0F5EE5FB04EC1D9C059FE4FB03EC84
S3150200F180029CEAFB04EC9EFD13BEE2FB00EC099A2C
S3150200F190E2FB06EC069E119AE2FB06EC9EFD17DEEA
S3150200F1A0089AE7FB02EC179A019FE7FB02EC14EFC1
S3150200F1B05261DDE90B72E7FB02EC1EEB080E4CEB2B
S3150200F1C00902CDF838E00F9206FF50610A9ADDE98E
S3150200F1D00E8958EA9F692EF07C4C5200CDF878C011
S3150200F1E08BED3D7F1992209A149FCDE90E89A7FBDC
S3150200F1F002EC1AEF5461E5FB0AEC099AE2FB03EC16
S3150200F2001F9AE2FB04EC089A06FF5261049CE0FB9B
S3150200F21002EC109AE4FB02EC0B9C019A8BED417F07
S3150200F220E6FB04EC0A9C059EE6FB04EC4446239EA0
S3150200F2301CEF5A613419A0460F9E24F07E4441EB1E
S3150200F240060906FF5461139958EA5F69E2FB01EC6D
S3150200F250DDE90C16E6FB01EC159A8BED457FCDF840
S3150200F26038E0AAFB07E1D4601D9C099AE5FB04E19C
S3150200F27010EF5C61169C119EE4FB03E1029CE2FB2B
S3150200F28004E106FF5A61E6FB00E1089A049EE6FBEA
S3150200F29002E1069E179A8BED497FE6FB02E1059E87
S3150200F2A00B9AE6FB02E1019A199E12EF5061E2FB0C
S3150200F2B006E1139E0C9AE6FB02E11EEB080E06FF20
S3150200F2C05C6141EB0901CDF808E00391DDE90289B1
S3150200F2D058EA9F691F9E8BED4D7F159A2EF07C4151
S3150200F2E0A7FB06AE1161099A109E9EFD1B1EE5FB49
S3150200F2F002AE089A0294E3FB02AEE4FB06AE0B9C56
S3150200F3009EFD1F3E049EE0FB04AE0A9C059AE6FBA8
S3150200F31004AE9EFD235E069E139C0D99E6FB04AE8B
S3150200F32044460E9E9EFD27BE490034190D9E0E943C
S3150200F330E2FB06AE159A9EFD2BDE24F07E44546156
S3150200F3401C9C019A4CEB090C14EF5261E2FB04AED1
S3150200F350129C0C9ACDF83CC0E4FB02AEDDE90E89A4
S3150200F36006FF5061CDF850A0099A58EA5F69A2FBE0
S3150200F370074C169A18938BED517FE5FB024C119AB6
S3150200F380049EE2FB034C029B1AEF5461089ACDE9F4
S3150200F3900E89E3FB024C179B059AE0FB034C06FF22
S3150200F3A052610B9BE6FB034C069E199BE6FB034C44
S3150200F3B0139B8BED557FE2FB034C019B0C9AE3FBFF
S3150200F3C0014C1C9BE3FB024C1CEF5A6114EB080830
S3150200F3D00F9CCDF818804CEB0404079406FF546189
S3150200F3E0DDE9062352EA9F63CDE90623159B109AAF
S3150200F3F028F07C488BED597FC3F81880129BA7FB37
S3150200F40002C84FEA4309089B119A10EF5C61E5FBBB
S3150200F41003C8A7FB033AE5FB023ADDE917240B9D75
S3150200F42006FF5A61E4FB023AE4FB05C8029C059A10
S3150200F430E4FB053A0A9D8BED5D7FE4FB05C8199D49
S3150200F440139CE0FB053AE0FB04C8049812EF5061F6
S3150200F4501A9DE0FB043A0D9CE6FB013AE0FB04C868
S3150200F46006FF5C611C98129CE6FB00C8E2FB003AB0
S3150200F470E2FB04C81B988BED617F019A149EE2FBA6
S3150200F480093AE2FB00C80C9AE0FB023A1BED1B1F8D
S3150200F490E2FB05C8069A079DB418224619461BEDDB
S3150200F4A07F3F4EEB050352EA5F631598891824F0F5
S3150200F4B07E4402FF5021C4610C464AEB030554EA1E
S3150200F4C09F651CEB040C62460BED7F3F48EB050380
S3150200F4D052EA5F6314461D4654EACF0521F07C4189
S3150200F4E01BED171F01622CF07E414162A11845EB0C
S3150200F4F003049BED013F49186441891844EB030458
S3150200F500219BC91802FF50210A4644F1000352EA20
S3150200F5109F6321F07C41016022998BED013F8B189C
S3150200F5201E9923F07E4201EB5363C0E9012324B006
S3150200F530BDE8F88F80ED009F80ED04BF80ED08DF07
S3150200F54080ED0CFF704790ED009F90ED04BF90EDAB
S3150200F55008DF90ED0CFF704700000000000000007D
S3150200F56070B5F0E80245230065F31F446FF30F05FB
S3150200F57045EA134584EA142385EA152603F47F43F4
S3150200F58006F47F465C40754084EA032485EA062534
S3150200F59084EA141385EA151603F0F01306F0F01642
S3150200F5A05C40754084EA031485EA061584EA9403EE
S3150200F5B085EA950603F00C3306F00C365C4075407E
S3150200F5C084EA830485EA860584EA540385EA5506B5
S3150200F5D003F0223306F022365C40754084EA430487
S3150200F5E085EA460541F8044B013A41F8045BB8D175
S3150200F5F070BD00BF00000000000000000000000017
S3150200F6002DE9F04F2DED108B00F5FE7A00F2F45B3A
S3150200F6101AED7F1F1AED6B3F00FF52011AED573F9D
S3150200F62000FF52011AED433F00FF52011AED2F3F30
S3150200F63000FF52018BED2F1F1AED7B1F1AED673F5C
S3150200F64000FF52011AED533F00FF52011AED3F3FF0
S3150200F65000FF52011AED2B3F00FF52018BED331FC3
S3150200F6601AED771F1AED633F00FF52011AED4F3F65
S3150200F67000FF52011AED3B3F00FF52011AED273FF0
S3150200F68000FF52018BED371F1AED731F1AED5F3F14
S3150200F69000FF52011AED4B3F00FF52011AED373FB0
S3150200F6A000FF52011AED233F00FF52018BED3B1F73
S3150200F6B01AED6F1F1AED5B3F00FF52011AED473F2D
S3150200F6C000FF52011AED333F00FF52011AED1F3FB0
S3150200F6D000FF52018BED3F1F9AED011F9AED153F78
S3150200F6E000FF52019AED293F00FF52019AED3D3F7C
S3150200F6F000FF52019AED513F00FF52018BED431F6D
S3150200F7009AED051F9AED193F00FF52019AED2D3F22
S3150200F71000FF52019AED413F00FF52019AED553F1B
S3150200F72000FF52018BED471F9AED091F9AED1D3F0F
S3150200F73000FF52019AED313F00FF52019AED453F1B
S3150200F74000FF52019AED593F00FF52018BED4B1F0C
S3150200F7509AED0D1F9AED213F00FF52019AED353FBA
S3150200F76000FF52019AED493F00FF52019AED5D3FBB
S3150200F77000FF52018BED4F1F9AED111F9AED253FA7
S3150200F78000FF52019AED393F00FF52019AED4D3FBB
S3150200F79000FF52019AED613F00FF52018BED531FAC
S3150200F7A09BED471FA1EF5025A1FF50249BED3F5F24
S3150200F7B002FF54218BED573F9BED331F9BED535FA9
S3150200F7C000FF54018BED6B1F9BED4B1FA1EF5025E4
S3150200F7D0A1FF50249BED2F5F02FF54218BED5B3F6F
S3150200F7E09BED371F9BED435F00FF54018BED6F1FAF
S3150200F7F09BED4F1FA1EF5025A1FF50249BED335FD8
S3150200F80002FF54218BED5F3F9BED3B1F9BED475F54
S3150200F81000FF54018BED731F9BED531FA1EF502583
S3150200F820A1FF50249BED375F02FF54218BED633F0E
S3150200F8309BED3F1F9BED4B5F00FF54018BED771F46
S3150200F8409BED431FA1EF5025A1FF50249BED3B5F8B
S3150200F85002FF54218BED673F9BED2F1F9BED4F5F00
S3150200F86000FF54018BED7B1F9BED57DF9BED6BFF7A
S3150200F8701AED7F1F9AED013F00FF5C0102FF5E2138
S3150200F88020EF50418AED655F22EF52610BED357F25
S3150200F8901AED6B1F9AED153F00FF5C0102FF5E2118
S3150200F8A0B2EF5045B2FF50440BED595FB2EF5265CD
S3150200F8B0B2FF52648BED0B7F1AED571F9AED293F6B
S3150200F8C000FF5C0102FF5E21A2EF5245A2FF5244F5
S3150200F8D00BED7D5FA1EF5065A1FF50640BED197F23
S3150200F8E01AED431F9AED3D3F00FF5C0102FF5E21C8
S3150200F8F0B5EF5245B5FF52440BED3D5FB4EF50658F
S3150200F900B4FF50648BED277F1AED2F1F9AED513FFE
S3150200F91000FF5C0102FF5E21A9EF5045A9FF50449A
S3150200F9200BED615FA9EF5265A9FF52648BED037F70
S3150200F9309BED5BDF9BED6FFF1AED7B1F9AED053F9B
S3150200F94000FF5C0102FF5E21A1EF5245A1FF524476
S3150200F9500BED715F20EF50610BED0D7F1AED671F06
S3150200F9609AED193F00FF5C0102FF5E21B6EF50459A
S3150200F970B6FF50448AED695FB6EF5265B6FF526430
S3150200F9800BED317F1AED531F9AED2D3F00FF5C01FF
S3150200F99002FF5E21A5EF5045A5FF50440BED555FD2
S3150200F9A0A5EF5265A5FF52648BED0F7F1AED3F1F3F
S3150200F9B09AED413F00FF5C0102FF5E21B7EF52451F
S3150200F9C0B7FF52440BED795FB6EF5065B6FF506450
S3150200F9D00BED157F1AED2B1F9AED553F00FF5C01CB
S3150200F9E002FF5E21A1EF5045A1FF50440BED395FA6
S3150200F9F0A1EF5265A1FF52648BED2B7F9BED5FDF7A
S3150200FA009BED73FF1AED771F9AED093F00FF5C012C
S3150200FA1002FF5E21BFEF5045BFFF50440BED495F29
S3150200FA20BFEF5265BFFF52648BED1B7F1AED631F5A
S3150200FA309AED1D3F00FF5C0102FF5E21A3EF5045D8
S3150200FA40A3FF50440BED6D5FA3EF5265A3FF526413
S3150200FA500BED097F1AED4F1F9AED313F00FF5C0156
S3150200FA6002FF5E21B6EF5245B6FF52448AED6D5F44
S3150200FA70B5EF5065B5FF50640BED2D7F1AED3B1FB8
S3150200FA809AED453F00FF5C0102FF5E21A8EF524559
S3150200FA90A8FF52440BED515FA7EF5065A7FF5064D4
S3150200FAA08BED137F1AED271F9AED593F00FF5C017C
S3150200FAB002FF5E21BFEF5245BFFF52440BED755F59
S3150200FAC0BEEF5065BEFF50640BED117F9BED63DF09
S3150200FAD09BED77FF1AED731F9AED0D3F00FF5C0158
S3150200FAE002FF5E21AEEF5045AEFF50448AED795FCC
S3150200FAF0AEEF5265AEFF52640BED217F1AED5F1F2A
S3150200FB009AED213F00FF5C0102FF5E21BCEF5245E8
S3150200FB10BCFF52440BED455FBBEF5065BBFF506423
S3150200FB208BED1F7F1AED4B1F9AED353F00FF5C01EF
S3150200FB3002FF5E21ADEF5245ADFF52440BED695F08
S3150200FB40ACEF5065ACFF50640BED057F1AED371F25
S3150200FB509AED493F00FF5C0102FF5E21ABEF524581
S3150200FB60ABFF52448AED715FAAEF5065AAFF50645B
S3150200FB700BED297F1AED231F9AED5D3F00FF5C0115
S3150200FB8002FF5E21BCEF5045BCFF50440BED4D5FBA
S3150200FB90BCEF5265BCFF52648BED177F9BED67DFAE
S3150200FBA09BED7BFF1AED6F1F9AED113F00FF5C0183
S3150200FBB002FF5E21AEEF5245AEFF52440BED5D5F92
S3150200FBC0ADEF5065ADFF50648BED077F1AED5B1FFD
S3150200FBD09AED253F00FF5C0102FF5E21AAEF504528
S3150200FBE0AAFF50448AED7D5FAAEF5265AAFF5264CE
S3150200FBF00BED1D7F1AED471F9AED393F00FF5C01A1
S3150200FC0002FF5E21B4EF5245B4FF52440BED415F51
S3150200FC10B3EF5065B3FF50648BED237F1AED331FAC
S3150200FC209AED4D3F00FF5C0102FF5E21A4EF5045B5
S3150200FC30A4FF50440BED655FA4EF5265A4FF526426
S3150200FC400BED017F1AED1F1F9AED613F00FF5C016C
S3150200FC5002FF5E21A7EF5045A7FF50448AED755F6C
S3150200FC60A7EF5265A7FF52640BED257F9AED651F3C
S3150200FC709AED693F9AED6D5F9AED717F9AED759FE8
S3150200FC8014EF52A10AFF50A10AED7FBF16EF54A14D
S3150200FC900AFF52A10AED7BBF18EF56A10AFF54A133
S3150200FCA00AED77BF10EF58A10AFF56A10AED73BFFE
S3150200FCB012EF50A10AFF58A10AED6FBF9AED791F04
S3150200FCC09AED7D3F1BED7D5F1BED797F1BED759FE9
S3150200FCD014EF52A10AFF50A10AED6BBF16EF54A111
S3150200FCE00AFF52A10AED67BF18EF56A10AFF54A1F7
S3150200FCF00AED63BF10EF58A10AFF56A10AED5FBFD6
S3150200FD0012EF50A10AFF58A10AED5BBF1BED711F4E
S3150200FD101BED6D3F1BED695F1BED657F1BED619F63
S3150200FD2014EF52A10AFF50A10AED57BF16EF54A1D4
S3150200FD300AFF52A10AED53BF18EF56A10AFF54A1BA
S3150200FD400AED4FBF10EF58A10AFF56A10AED4BBFAD
S3150200FD5012EF50A10AFF58A10AED47BF1BED5D1F26
S3150200FD601BED593F1BED555F1BED517F1BED4D9F63
S3150200FD7014EF52A10AFF50A10AED43BF16EF54A198
S3150200FD800AFF52A10AED3FBF18EF56A10AFF54A17E
S3150200FD900AED3BBF10EF58A10AFF56A10AED37BF85
S3150200FDA012EF50A10AFF58A10AED33BF1BED491FFE
S3150200FDB01BED453F1BED415F1BED3D7F1BED399F63
S3150200FDC014EF52A10AFF50A10AED2FBF16EF54A15C
S3150200FDD00AFF52A10AED2BBF18EF56A10AFF54A142
S3150200FDE00AED27BF10EF58A10AFF56A10AED23BF5D
S3150200FDF012EF50A10AFF58A10AED1FBF1BED351FD6
S3150200FE001BED313F1BED2D5F1BED297F1BED259F62
S3150200FE1014EF52A10AFF50A18AED01BF16EF54A1B9
S3150200FE200AFF52A18AED05BF18EF56A10AFF54A197
S3150200FE308AED09BF10EF58A10AFF56A18AED0DBF40
S3150200FE4012EF50A10AFF58A18AED11BF1BED211F27
S3150200FE501BED1D3F1BED195F1BED157F1BED119F62
S3150200FE6014EF52A10AFF50A18AED15BF16EF54A155
S3150200FE700AFF52A18AED19BF18EF56A10AFF54A133
S3150200FE808AED1DBF10EF58A10AFF56A18AED21BFC8
S3150200FE9012EF50A10AFF58A18AED25BF1BED0D1FD7
S3150200FEA01BED093F1BED055F1BED017F9BED039FDC
S3150200FEB014EF52A10AFF50A18AED29BF16EF54A1F1
S3150200FEC00AFF52A18AED2DBF18EF56A10AFF54A1CF
S3150200FED08AED31BF10EF58A10AFF56A18AED35BF50
S3150200FEE012EF50A10AFF58A18AED39BF9BED071FF9
S3150200FEF09BED0B3F9BED0F5F9BED137F9BED179FDA
S3150200FF0014EF52A10AFF50A18AED3DBF16EF54A18C
S3150200FF100AFF52A18AED41BF18EF56A10AFF54A16A
S3150200FF208AED45BF10EF58A10AFF56A18AED49BFD7
S3150200FF3012EF50A10AFF58A18AED4DBF9BED1B1F80
S3150200FF409BED1F3F9BED235F9BED277F9BED2B9F39
S3150200FF5014EF52A10AFF50A18AED51BF16EF54A128
S3150200FF600AFF52A18AED55BF18EF56A10AFF54A106
S3150200FF708AED59BF10EF58A10AFF56A18AED5DBF5F
S3150200FF8012EF50A10AFF58A18AED61BF1AED1B1F9D
S3150200FF901AED7F3F02FF50210AED7F3F1AED171F30
S3150200FFA09AED013F02FF50218AED013FBDEC108B15
S3150200FFB0BDE8F08F2DE9F04F4FF02608D1E908434E
S3150200FFC0A1B00B9308FB03F304EBC40500934B6942
S3150200FFD004EB450901938F694B464FF0000A3A46F6
S3150200FFE0D1F81CC00894CDF84890DC18D1F80490DA
S3150200FFF04AEB0A0B07EBC7070D6802EB470711909E
S31502010000059288680A690694CDF81CB0CC68CB467D
S3150201001008FB0CF18E46049515466246019BCDF806
S315020100200CB008FB03F8A300A3FB0B3BECFB0E3B56
S31502010030F9194AEB0A069218E0FB003B1792019A5C
S31502010040CDF830C04AEB0A0C92184AEB0A0ACDF8EF
S3150201005064A09A46CDF860C0F4460E9202956A00F3
S31502010060049D1092E2FB05ABCDE91CAB019B059AFF
S315020100709B000F9353000A930C9BA5FB05BA9B00A9
S315020100801393089BCDF824E05B000D930B9BDDF8DF
S3150201009008E05B001493019B4FEA4909E3FB08BAA6
S315020100A0009BA3FB0038ECFB0E389C46DDF80CE006
S315020100B0E9FB05C8AEFB0939E7FB02391F46CDF854
S315020100C054C04FEA400CECFB0579029D1A97A5FB39
S315020100D00173019A05FB06331BEB070BA2FB0171A8
S315020100E043EB0A03DDF818A002FB0611A0FB0A6A1C
S315020100F01BEB060B079E159A00FB06AA4AEB030A9F
S31502010100009BDDF814C0A3FB0E36DDF824E0EEFBFE
S315020101100436DB1876411BEB03034AEB0606D719B5
S3150201012041EB08014FEA936A23F07C48009BCDF824
S315020101305480A3FB0538EEFB0C38DDF80CB04FEA10
S31502010140400CEBFB0C389B46049D4FEA440CECFB3E
S3150201015005B8069ACDF86CB0A4FB023BDDF81CE0AB
S315020101604AEA861A04FB0EBBFB18DDF808C04BEB04
S31502010170010B13EB0A0323F07E411691ACFB021726
S315020101800CFB0E771A9A4BEB966B5E0E009B51187F
S3150201019047EB0907A3FB0439DDF824C0019A46EAB5
S315020101A0CB16ECFB0239DB1849EB0909CB184FEAEE
S315020101B0440C47EB09079B1923F07C4E4FEA936ADD
S315020101C0A4FB0C31DDF84890089E47EB5B67E9FB1F
S315020101D00631DDF840B0DDF80C90EBFB0031CDF8CD
S315020101E024E0DDF83CE00A9AEEFB0931E2FB053137
S315020101F01093ACFB0036009DDDF814C01291E5FBAD
S315020102000C361946EBFB09160591A4FB0E310F9626
S315020102100B9EDDF84CE0E6FB0531029D1646E5FB39
S315020102200531E2FB0031E9FB0E319946049A0D9B39
S31502010230DDF800E0E3FB02911391A4FB0B318B463F
S315020102400899CDF82C90EEFB013B0E990293A1FB86
S31502010250052ECDF820B0CDF878E0069B1A92019AC8
S31502010260DDF81CE0A2FB0312A4FB0696019C4AEAF6
S31502010270871A04FB0E251B9C1F966118119E45EBDE
S31502010280080511EB0A014FEA516821F07E4145EB5F
S315020102909765F160ACFB03170CFB0E77DDF830C0F6
S315020102A01C9CACFB03A26118009B1D9C0CFB0E223D
S315020102B0DDF838C047EB0407A3FB0CB411EB0B01C5
S315020102C0B346DDF864E048EAC51803FB0E44049B15
S315020102D044EB070411EB080144EB55648D0E21F042
S315020102E07C413161ACFB0317059EDDF85CE07118B8
S315020102F00F9E45EA841546EB070611EB0A0142EB0E
S315020103000602ACFB00A8A0FB0E67491900984FEA4A
S31502010310516521F07E4142EB9462CBF81410A0FBA9
S315020103200E14DDF860C045EAC21500FB0C441098B4
S31502010330DDF820C04118129844EB0004491944EB38
S315020103405264029A0B9812EB0A054CEB080CDDF883
S3150201035028A0DDF80C80EAFB085CF2469E46A3FB68
S315020103600A23AA184FEA916545EA84154CEB030C58
S3150201037021F07C4152194CEB946CCBF81810510EBA
S31502010380139C41EACC11411844EB5C64DDF868C068
S31502010390DDE91E051CEB090340EB05059B190D98CA
S315020103A045EB0705E8FB0035149822F07E42EEFB89
S315020103B00035CBF81C208A0E42EA84129B1845EBC3
S315020103C094625C0E44EAC21421F07C41520E23F07F
S315020103D07E43CBF82010CBF82430D100E3001B1961
S315020103E041EA547142EB0101DB1849411B1942EB07
S315020103F001021599DDF824E05B1842F10002990E1B
S3150201040041EA8211169A23F07C430A4422F07E4184
S315020104100EEB5262CBE90031CBF8082021B0BDE8E0
S31502010420F08F00BF2DE9F04F8046131E18BF01233E
S31502010430D8E90176D8E90354D8F814908FB0D8F8E0
S3150201044018A00068CDF80090C446D8E907B9D8F8D3
S315020104502480CDF80890D1F800905B42CDF804A033
S31502010460CDF80C80DA4309EA030A00EA020802EA35
S3150201047009094AEA080A1840D1F8048040EA090043
S31502010480086007EA020908EA03001F4002EA0808AF
S3150201049047EA08074F60D1F808808F6840EA0900E9
S315020104A005901F4002EA080006EA020847EA080721
S315020104B00697D1F80C80CF681E4006431F4002EA18
S315020104C0080005EA020847EA08070797D1F81080EB
S315020104D00F691D4005431F4002EA080004EA0208AB
S315020104E047EA08071C4044EA0008CDF810A04C6907
S315020104F008974F69DDF8009002EA07001C4009EAF5
S3150201050002073C43DDF804A08F69099403EA090452
S31502010510D1F8189004431F4002EA09000AEA0209C7
S3150201052047EA09070A9703EA0A07D1F81CA0074313
S3150201053002EA0A090AEA03000BEA020A40EA0A0087
S315020105400B9003EA0B0040EA0900D1F820B0D1F87A
S3150201055020A00090029802EA0B090AEA030A00EABD
S31502010560020B4AEA0B0ACDF830A003EA000A4AEA6C
S3150201057009090398D1F824A000EA020B0AEA030A40
S315020105800340486A4AEA0B0A02401343009ACDF82D
S3150201059034A00DF1100EC1E90265C1E90484C1E975
S315020105A007298F614B62BEE80F00ACE80F00BEE877
S315020105B00F00ACE80F009EE803008CE803000FB0C1
S315020105C0BDE8F08F2DE9F04F90F8F73291B004466D
S315020105D00191032B00F2B782DFE813F0EE00E0008F
S315020105E011000400019B00F5157200F50B714C30E8
S315020105F09847042384F8F73211B0BDE8F08FD4F896
S31502010600B852D4F89462D0F87C22D0F8A412D0F869
S3150201061080320395D0F8A802D4F8C0520D96D4F8C8
S31502010620C86202900595D4F89C52CDE908610F92F1
S315020106305118029AD4F8ACC2D4F884B2D4F8BC7276
S315020106400695D4F8C452D4F8B0E2D4F888A2C4F814
S31502010650B4119918D4F8B402D4F88C92D4F89082D1
S3150201066004970795D4F89872D4F8A0520E93C4F859
S31502010670B8110BEB0C01039BC4F8BC110AEB0E017A
S31502010680C4F8C01109EB0001C4F8C41108EB030157
S315020106900D9EC4F8C81104990C9005987118C4F8F6
S315020106A0CC113918DDE90623C4F8D011D118089AFC
S315020106B0C4F8D411A918C4F8D81104F19C0004F5A0
S315020106C0DA71CDF828C0CDF82CE0FFF773FC069855
S315020106D00F9A06F1006102F1006200F100660998C3
S315020106E00E9B263A121AC4F8DC2103F18063029AA0
S315020106F0DDF828C00BF1006B023BDDF82CE09B1AFA
S31502010700ABF1020B0AF1806AC4F8E031AAF1020ADE
S31502010710ABEB0C0309F10069DDF830C0C4F8E43132
S31502010720A9F10209AAEB0E03C4F8E83108F18068BF
S31502010730A9EB0C03DDF80CC0A8F10208C4F8EC31F0
S31502010740A8EB0C03C4F8F031049B059807F1806706
S315020107500239089AC91A05F18065079B023F3F1AB9
S31502010760023E023DF61AAD1AC4F8F87104F5337762
S315020107703846C4F8F411C4E97F6504F5EE71FFF752
S3150201078019FC019B3A4604F1240104F1C40098477D
S31502010790032384F8F73211B0BDE8F08F019B00F50F
S315020107A08A7200F59E7100F529709847022384F832
S315020107B0F73211B0BDE8F08FB0F9F43290F8F66273
S315020107C0C3F3CC020244157903F007031D4105F078
S315020107D001056E40324600F19C014C30FFF722FEC4
S315020107E0324604F1C40104F17400FFF71BFEA06F47
S315020107F084F8F652D4F88450E26C616FD4F88860BA
S3150201080002900395D4F88C50236D09910E925118DA
S31502010810029AD4F87CE0D4F854B0676E0496069531
S31502010820D4F89060D4F89450D4F88000D4F858A043
S31502010830C4F8EC109918D4F898C0D4F85C90D4F89E
S31502010840608005970796A76EE66E0895256F0D934C
S31502010850039AC4F8F0100BEB0E01C4F8F4100AEB7C
S315020108600001C4F8F81009EB0201C4F8FC1004995E
S31502010870DDE905324144C4F800119918C4F804119E
S315020108800799089A7918C4F80811B118C4F80C1115
S31502010890614669180B90C4F8101104F50B7004F146
S315020108A0EC01CDF828E0CDF830C0FFF783FB0E9AB4
S315020108B009980D9B02F10062263A121A03F180632E
S315020108C00298DDF828E00BF1006B023B1B1AABF133
S315020108D0020B0B980AF1806AC4F81831AAF1020ACE
S315020108E0ABEB0E03C4F81C3109F10069AAEB000354
S315020108F00398A9F10209C4F8203108F18068A9EB2D
S3150201090000030498DDF814C0A8F10208C4F82431E2
S31502010910A8EB00030CF10061C4F82831069B0239E9
S31502010920C91A07F18067079B023FFF1A06F10066A3
S31502010930089B023EF61A05F180650C9B023DED1AF3
S31502010940C4F81421C4F82C11C4F83071C4F8346106
S31502010950C4F8385104F58A7104F51570FFF72AFBBC
S31502010960D4F83032D4F8582203F18063023B9B1A41
S31502010970C4F89031D4F83432D4F85C2203F100631E
S31502010980023B9B1AC4F89431D4F83832D4F8602267
S3150201099003F18063023B9B1AC4F89831D4F83C32C6
S315020109A0D4F8642203F10063023B9B1AC4F89C311A
S315020109B0D4F84032D4F8682203F18063023B9B1AD1
S315020109C0C4F8A031D4F84432D4F86C2203F100639E
S315020109D0023B9B1AC4F8A431D4F84832D4F87022E7
S315020109E003F18063023B9B1AC4F8A831D4F84C3256
S315020109F0D4F8742203F10063023B9B1AC4F8AC31AA
S31502010A00D4F85032D4F8782203F18063023B9B1A60
S31502010A10C4F8B031D4F82C32D4F8542203F100636D
S31502010A20D4F89C60263B9B1AD4F8C4A0C4F88C3136
S31502010A3006F10063263BA3EB0A03D4E92850C4F866
S31502010A40643105F18063023BD4E93298A3EB0903D1
S31502010A50C4F8683100F10063D4F8A810023B40449F
S31502010A60A3EB0803C4F84401C4F86C31D4F8D000EE
S31502010A7001F18063023B1B1AC4F87031D4F8AC3021
S31502010A800144D4F8D4C0C4F8481103F10063D4F880
S31502010A90AC10023B6144A3EB0C0CD4F8B0304D44CC
S31502010AA01846D4E939B7C4F84051C4F84C11D4F800
S31502010AB0D85003F18061D4F8B43002392844491B75
S31502010AC01D465644C4F83C61C4F85001D4F8DC60B2
S31502010AD003F10060D4F8B83002383544861B184653
S31502010AE0C4F8545103F18065D4F8E030D4F8BCE07F
S31502010AF01844023DED1AC4F85801D4F8C0300EF17B
S31502010B0000600238DE44A0EB0B0B03F18060023871
S31502010B10C4F85CE1C01B03EB070EC4F860E104F103
S31502010B20EC02C4E95DC1C4E961B0019BC4E95F6538
S31502010B3004F5B27104F51F709847012384F8F73260
S31502010B4011B0BDE8F08FD0F88C316A4AD0E964065B
S31502010B50A3FB02834FEA986141EA83119B0EE0FBF4
S31502010B6002131F46D4E967034FEA516C4CEAC71CCC
S31502010B707F0EE6FB02C7BE46D4F898514FEA9C6740
S31502010B8047EA8E174FEA9E6EE5FB027E7D0E45EA27
S31502010B90CE154FEA5E6EE0FB025E4FEA956949EABF
S31502010BA08E194FEA9E6EE3FB029ED4F8A4614FEAC8
S31502010BB0596040EACE104FEA5E6EE6FB020EF2463D
S31502010BC0D4F8603227F07E47C4F8D8724FEA906EA5
S31502010BD01F44D4F8A8314EEA8A1E4FEA9A66E3FB0D
S31502010BE002E6D4F8643225F07C454FEA5E6AC4F81F
S31502010BF0DC524AEAC61A1D44730ED4F8AC6129F0D6
S31502010C007E49E6FB02A3D4F86862C4F8E09209EBD6
S31502010C10060BD4F8B0614FEA9A6949EA83199B0E29
S31502010C20E6FB02931E46D4F86C3220F07C40C4F8EF
S31502010C30E40218444FEA596343EAC61329F07E4691
S31502010C4003EBC30903EB490328F07C48984421F0DE
S31502010C507E4101EB98612CF07C4C0CEB5163D4F88C
S31502010C6058C221F07E418C44C4F8D012D4F85C12E9
S31502010C702AF07C4203EB010AD4F87412C4F8EC227E
S31502010C801144D4F87822C4F8F062C4F8D432164476
S31502010C90D4F87032D4F854222EF07E4E28F07C48D5
S31502010CA073444244C4F8E8E2C4F808C2C4F8042210
S31502010CB0C4F8CC8204F50172C4E983A7C4E98703A7
S31502010CC0C4E98916019BC4E9855B04F5C67104F181
S31502010CD0740098470022B4F8F43284F8F722013BF3
S31502010CE01BB29342A4F8F432BCBF012384F8F83252
S31502010CF082E400BF42DB010070B51B4B86461B68CE
S31502010D00012B26D0022B06D0184A7346BDE8704045
S31502010D101146174818474FF43F73164C1648226876
S31502010D2003FB020191F8F81282F0010541B103FBBE
S31502010D30050393F8F832002BE6D12A4685F0010520
S31502010D404FF43F73714603FB0200FFF73BFC25603C
S31502010D5070BD094890F8F832002BD5D17146BDE82D
S31502010D607040FFF72FBC00BF5C110022303E01022A
S31502010D70000000205811002228000020094B1868A3
S31502010D8078B1094A012892F8F932B3FA83F34FEAA4
S31502010D90531305D092F8F525002A53EA13907047AA
S31502010DA0184670475C110022280000202DE9F04701
S31502010DB001F014FA2A4A1388002B4FD000254FF06E
S31502010DC0010A5768274EDFF8A890274C07EB43081C
S31502010DD0EFF310828AF31088336823B9402189F828
S31502010DE0143089F8141033680133336082F31088A2
S31502010DF0A8EB070EAEF1020E4FEA5E0E0EF1010EE0
S31502010E0039464EF001E0194831F8022B130A1B014B
S31502010E1053FA82F254F8223003402B4343F004037F
S31502010E2044F822300FF011C0EFF310828AF31088D2
S31502010E30336813B13368013B3360336823B98021C8
S31502010E4089F8143089F8141082F310884FF47A71F4
S31502010E50642085F0010502F059F9B9E7FEE700BF02
S31502010E60DCC7010220ED042200084040FE3FFEFFDE
S31502010E70000D4040022800D070470249024801F0A5
S31502010E80EBBF00BF38C40102D4EC042230B5EFF344
S31502010E900A84002585F30A886D468D468047AD464C
S31502010EA084F30A8830BD00BF70B54FF0640EE4B01A
S31502010EB06D4603464EF001E0ADF1040263AE53F80E
S31502010EC0041B42F8041F0FF007C04FF0010E55F83C
S31502010ED0044FF4462B46724603E0013A43F80419DD
S31502010EE012D053F8041C6046A1420CF1FF3CF4D81F
S31502010EF0B5424DF820400EF1010EE8D1DDE931038C
S31502010F001844400864B070BD0020B5424DF8204037
S31502010F100EF1010EDBD1F1E72DE9F0478A46244FA6
S31502010F201546BC461C46DAF80820DAF80C3081462A
S31502010F3008684968089EACE80F00DAF81000DAF88A
S31502010F401410DAF81820DAF81C3007F1600EACE852
S31502010F500F0028686968AA68EB68DFF85880ACE870
S31502010F600F0028696969AA69EB69ACE80F000FCC21
S31502010F70ACE80F0094E80F008CE80F003068716846
S31502010F80B268F368AEE80F003069B2697169F36954
S31502010F90AEE80F0098E80300C7F88000A7F88410AE
S31502010FA048463946BDE8F0478622F8F73DBE00BFFE
S31502010FB000150020583E01022DE9F0410C46154666
S31502010FC0DFF888809AB006464146224602A8F6F71D
S31502010FD033FFD4F86009D4F86419D4F86829D4F82F
S31502010FE06C390DF1480CACE80F00D4F87009D4F84D
S31502010FF07419D4F87829D4F87C39134FACE80F0068
S315020110009DF8483008F5886823F007038DF84830C3
S315020110109DF86730424603F07F0343F040030AA876
S3150201102012A98DF867303D6002F0AAFA002304F591
S3150201103018643B60304643460AAA02A90094FFF7A8
S315020110406BFF1AB0BDE8F0819C110022A8150020A1
S3150201105010B50D4CADF5286D21460DF59060F8F7EA
S3150201106001FB68460DF59061F8F7E8FA4FF49062D4
S315020110702146684602F030FA003818BF0120404284
S315020110800DF5286D10BD00BF081A0020F0B5ABB0F2
S315020110900746FFF7DDFF00283AD1044640211AA888
S315020110A0F8F708FB1C4A1AAB02A91C48F6F78AFE96
S315020110B001230DF1480C00930DF1880EBEE80F00D5
S315020110C0ACE80F009DF84830154E23F007038DF862
S315020110D048309EE80F008CE80F009DF867C0114D5D
S315020110E00CF07F0C334610480AA912AA4CF0400CA8
S315020110F02F608DF867C002F02BFA00960A4B0B4857
S315020111000AAA02A92C60FFF707FF20462BB0F0BD01
S315020111104FF0FF34F9E700BF081A0020A815002096
S31502011120A81E00209C110022E81900208815002023
S31502011130202370B50446A0B00DEB030060212A4AB4
S31502011140F8F750FD214608AA04F51A60F6F70CFED7
S31502011150EC460DF1600EBEE80F00C4F86009C4F852
S315020111606419C4F86829C4F86C39BEE80F00C4F8DA
S315020111707009C4F87419D4F86009D4F86419C4F86A
S315020111807829C4F87C39D4F86829D4F86C39174E11
S31502011190ACE80F00D4F87419D4F87C39D4F8700984
S315020111A0D4F8782904F51865ACE80F009DF80020FB
S315020111B09DF81F30316803F07F0322F0070243F0E6
S315020111C040038DF800208DF81F3029B16946284663
S315020111D001F098FC20B070BD69462846044A02F027
S315020111E003FA20B070BD00BFC81E0020AC11002258
S315020111F0B841010200B52021ADF6446D0E48F8F75B
S3150201120059FA6846FFF794FF0C4B0DF51A614FF434
S315020112109462184602F078F90DF5186E00F5946C91
S31502011220BEE80F00ACE80F009EE80F008CE80F0045
S315020112300DF6446D5DF804FBC81E0020081A002055
S3150201124030B50D460446ADF6446D6846FFF770FFAC
S315020112502A4669462046FFF7AFFE0DF6446D30BDBC
S315020112602DE9F041184D194E4FF4806405EB8017B4
S3150201127006EB801858B101281AD04FF0FF324146C9
S31502011280384602F089F9013CF7D1BDE8F0814FF009
S31502011290FF323146284602F077F9013CF5D04FF08C
S315020112A0FF323146284602F06FF9013CEFD1ECE7F5
S315020112B0403640354FF0FF323146284602F088F972
S315020112C0013CF7D1BDE8F08180110020C010002059
S315020112D0002170B5184D84B00DF1040C8646A5FBAC
S315020112E00023DB0803EB8304A0EB44003030BEF19C
S315020112F0090F0A460CF8010B01F101011846EDD856
S3150201130001AB991841F6FE7C00260C480C4D531C84
S3150201131000E0214602684C1E624508D8026891F92E
S3150201132000E0511C0160016805F802E06E54013BC0
S31502011330EFD104B070BD00BFCDCCCCCCA8EC042259
S31502011340A8CC04222DE9F04190F90030002B7BD084
S3150201135041F6FE764FF0000C3C4C3D4D2268B242FE
S3150201136006D82268571C27602768AB5405F807C0C0
S3150201137010F9013F002BF1D1202641F6FE7C002710
S31502011380344B334D2268624505D82268501C2060D1
S315020113902068AE542F5413F9016F002EF2D14FF487
S315020113A0C87303FB01F7DFF8B880202508EB0700B5
S315020113B0FFF77AFDFFF78CFF41F6FE70264B2449B3
S315020113C02268824209D8226802F1010CC4F800C0DF
S315020113D0D4F800C08D5401F80C6013F9015F002D99
S315020113E0EED107F5C8704044FFF75EFDFFF770FFC7
S315020113F0202641F6FE70194B15492268824209D808
S31502011400226802F1010CC4F800C0D4F800C08E545F
S3150201141001F80C5013F9016F002EEED107F5487051
S315020114204044FFF741FDFFF753FF41F6FE73226881
S315020114309A4207D80A202268054B511C216021686D
S3150201144098545E54BDE8F081004C95E7A8EC04225D
S31502011450A8CC0422603E0102683E0102703E0102EE
S31502011460B0110022F8B590F900300E461146002B54
S315020114707ED041F6FE7C4FF0000E3E4C3E4F256873
S31502011480654506D825686A1C226022687B5507F8DD
S3150201149002E010F9013F002BF1D12022304602F081
S315020114A01BF800284FD03A2341F6FE704FF0000C8C
S315020114B0324A314D2168814206D821684F1C276084
S315020114C027686B5405F807C012F9013F002BF1D1C9
S315020114D041F6FE701D462022DFF8A8C0264F711E76
S315020114E0266811F8013F86420DD826681B0906F1C6
S315020114F0010EC4F800E01CF90330D4F800E0BB5534
S3150201150007F80E500B78266803F00F03864208D8B7
S3150201151026681CF903E0731C2360236807F806E0BA
S31502011520FD54013ADCD141F6FE7322689A4208D88B
S315020115300A2500202268104B511C216021689D5406
S3150201154058540120F8BD3A2341F6FE7684460C4AE8
S31502011550094D2168B14206D821684F1C27602768C8
S315020115606B5405F807C012F9013F002BF1D1F8BD02
S31502011570004C92E7A8EC0422A8CC0422803E010288
S31502011580783E0102E04001022DE9F04F00272DEDE0
S31502011590108BBA469FEDB6AB9FEDB7BB9FEDB88BED
S315020115A09FEDB99B3C46A1B0A0EE104BA2EE107B7B
S315020115B04FF0040E9FEDB64B9FEDB75B80EF54C023
S315020115C000FF5A0102FF58214EF001E0B44AB54B21
S315020115D024EF546100FF56E1B0EF566506FF5261F2
S315020115E0A2EC04FF24EF4C48A3EC047F0FF011C0D8
S315020115F04FF00009CDE90447A94BB9F1000F18BF15
S315020116009B46C9F10003A74A0293A74B08BF93461B
S3150201161000269846A54F0393C4463C46DFF880E26E
S31502011620A04DBEE80F00ACE80F00BEE80F00ACE823
S315020116300F00BEE80F00ACE80F009EE80F008CE831
S315020116400F000FCD0FC40FCD0FC40FCD0FC495E8F8
S315020116500F0084E80F00029A002E00F0FC80012E92
S3150201166000F0FE803946404601F096FFB9F1000FBF
S3150201167000F0D980402240468A4901F02DFF0346F7
S31502011680402238465946002B5AEA0A9A01F024FFAB
S31502011690013600285AEA0A9A032E08F1400807F190
S315020116A04007B9D1DDE90447A4F1C344804BA4F54F
S315020116B0910407F1FE47A4F2476407F5940707F57B
S315020116C0F8479C4207F115077FF46EAF002102220B
S315020116D07848012302600A46CDF818A09246764858
S315020116E0DFF8288203607548029201607449CDF8D9
S315020116F01C900B6073490B6073490B6073490B6055
S3150201170073490B607349002405910598F7F7CCFFDD
S31502011710FFF770FD7048FFF70BFD2046FFF7B6FC99
S31502011720224605466C4908A8FFF746FC214610A841
S31502011730FFF786FD202269480DEB020101F0CCFE7E
S31502011740031E18BF0123002D53EA03932022029997
S315020117500DEB02001944029110A901F0BDFE98F8A1
S315020117600030224683F05A0300285AEA0A9A5A4955
S3150201177018A888F80030FFF71FFC98F800304FF4DC
S31502011780986283F05A0388F80030002C00F0C0807A
S315020117905349544801F0A0FE202283465249534838
S315020117A001F09AFE4FF48C6205465149404601F01A
S315020117B093FE20224F490490484801F08DFE2022D3
S315020117C00DEB020381464C49184601F085FE10AB2A
S315020117D0202207464949184601F07EFE18AB20220F
S315020117E006464749184601F077FE2B1E18BF01230C
S315020117F0BBF1000F53EA0393049A002A53EA0393B7
S31502011800B9F1000F53EA0393002F53EA0393002E13
S3150201181053EA0393002853EA0393022C9A4400F0F5
S31502011820C980022471E740221D49404601F054FE57
S315020118300346402259463846002B5AEA0A9A01F0D3
S315020118404BFE013600285AEA0A9A032E0DD008F1F8
S3150201185040084037E0E61549134801F095FE05E7D1
S315020118602849294801F0B4FE00E74FF00109C3E611
S31502011870265941312659413126594131265941319B
S315020118801828182718281827182818271828182753
S315020118900000000001000000020000000300000039
S315020118A0801000204010002080110020C01000206E
S315020118B0909B77E35C100022541000224C10002208
S315020118C060100022AC110022A0110022A8110022F0
S315020118D0A0CC0422011000D9E81E002088150020A0
S315020118E0800B0020081A0020600B0020C81E002071
S315020118F000070020E0060020C0060020A006002006
S315020119008006002000110020C0110020A815002029
S315020119101E4C1F4D1F49204801F0F6FD0FCD0FC485
S3150201192095E80F0084E80F004FF48C6241461B488C
S3150201193001F0EAFD1A4BDFF874B01D46BBE80F0051
S315020119400FC59BE80F00DFF868E00DF1200985E875
S315020119500F00B9E80F00AEE80F0099E80F00114F2A
S315020119600DF1400C079C8EE80F00BCE80F000FC773
S315020119709CE80F000C4D18AE87E80F000FCE0FC57D
S3150201198096E80F0085E80F00BFE600BF600B002056
S31502011990C81E0020081A0020800B00200007002024
S315020119A0E0060020A00600208006002088150020FF
S315020119B0C00600200599C84B01F51E4137319942EF
S315020119C07FF4A1AE0025C54BDFF87C931D60C44BA5
S315020119D057461D60C34B029A1D60C34BD4191D6045
S315020119E0C24B09F1600A1D60C14BDFF860831D60BD
S315020119F0C04BC14E1D60C14B1D604B46A1461C46E4
S31502011A002246BF49BF4801F0EFFD4FF0000B01230B
S31502011A100027C8F800B03146B94ABB4800932346AD
S31502011A2001F096FD20223146B648C8F8007001F051
S31502011A3053FD0BF1010BB84255EA0595BBF1030FB4
S31502011A40E5D120345445DBD1069B4C464B442B440D
S31502011A501946652641F6FE7EAC4A04931368DFF801
S31502011A60BCC20B44AA491360AA480268724508D847
S31502011A7003460268501C186018680CF802600CF8DC
S31502011A80007011F9016F002EEED14FF02008069871
S31502011A90FFF71EFCB64641F6FE7C46469E4A9F4B22
S31502011AA09C4F3968614506D83968481C38603868E0
S31502011AB05E5403F800E012F9016F002EF0D1B04630
S31502011AC02046FFF705FC202641F6FE7CC646944ACF
S31502011AD0924B904C2168614506D82168481C2060CA
S31502011AE020685E5403F800E012F9016F002EF0D16E
S31502011AF02846FFF7EDFB41F6FE7386490A689A42CC
S31502011B0007D80A200B68854AD05401330B600B684B
S31502011B10D6540222012371499FED5BEB9FED5CFBDB
S31502011B200A606F4A9FED5CCB9FED5DDB136000227D
S31502011B309FED5DAB9FED5EBB9FED5F8B9FED609B66
S31502011B404FF003096749DFF8F8A10A60664ADFF830
S31502011B5000821360654A734E1360654A1360654AD3
S31502011B601360664A1360704AD2F8FC3043F0807300
S31502011B70C2F8FC30DAF8003043F00103CAF800304B
S31502011B80A9F103073D464FF0040E9FED4F4B9FED22
S31502011B90505B80EF54004EF001E0A6FB052323F0D3
S31502011BA0010404EB5304614B2C1B03EB8412604BBF
S31502011BB003EB841324EF546126EF5E2926EF5A695B
S31502011BC002FF5C2106FF5861A3EC043F24EF404863
S31502011BD0A2EC047F0FF013C0BFF34F8FBFF36F8FD9
S31502011BE00023CAF80430BFF34F8FBFF36F8F20462D
S31502011BF0FFF736FBBFF34F8FBFF36F8F642303FBF0
S31502011C0004740135DAF80430A94548F82430BAD10A
S31502011C1009F10109B9F1670FB2D14648F7F744FD57
S31502011C20FFF7E8FA4448FFF783FA4448F7F73CFD21
S31502011C300220FFF72BFAD946414DA9F10306B24616
S31502011C40404B4B440293374B0298A3FB0A2323F0E2
S31502011C50010404EB5304AAEB0404F7F725FDBFF3D1
S31502011C604F8FBFF36F8F00276F60BFF34F8FBFF3A5
S31502011C706F8F2046FFF70AFAE21CBFF34F8FBFF3BD
S31502011C806F8F4FF0640B65E0B979379EB979379E4C
S31502011C90B979379EB979379E4030201040302010ED
S31502011CA04030201040302010157C4A7F157C4A7F37
S31502011CB0157C4A7F157C4A7F98BADCFE98BADCFE0F
S31502011CC098BADCFE98BADCFE0000000001000000B2
S31502011CD00200000003000000B90105D95C100022D0
S31502011CE0541000224C10002260100022AC11002276
S31502011CF0A0110022A811002240060020A0CC042235
S31502011D00584101026006002020060020ACEC0422A4
S31502011D10D03E0102A8EC0422EC3E0102A8CC042228
S31502011D20F83E0102ABAAAAAA00ED00E0C01000200B
S31502011D3080110020012000D9E81E0020013000D9BF
S31502011D40001000E0FE3F00D9F84001029C1100227A
S31502011D50B01100220BFB0262696848F82210BFF338
S31502011D604F8FBFF36F8F6F60BFF34F8FBFF36F8FCD
S31502011D70D149224618A8FFF71FF9A21DBFF34F8FBB
S31502011D80BFF36F8F0BFB0262696848F82210BFF33B
S31502011D904F8FBFF36F8F6F60BFF34F8FBFF36F8F9D
S31502011DA0214618A8FFF74CFA0934BFF34F8FBFF348
S31502011DB06F8F0BFB04646B680AF1010AD14548F87F
S31502011DC024307FF440AF09F10109B9F1670F7FF4BD
S31502011DD034AFBA4B39461F60B94BBA481F60BA4B8A
S31502011DE0DFF82C931F60B94B9FED9FEB9FEDA0FB94
S31502011DF01F60B74B9FEDA0CB9FEDA1DB1F60B54BDB
S31502011E009FEDA1AB9FEDA2BB1F60B34B9FEDA28BD2
S31502011E109FEDA39B1F60B14BDFF8F8821F60FFF7AE
S31502011E2091FA0321AE48FFF78DFA0621AD48FFF775
S31502011E3089FA0921AC48FFF785FA2E68D9F8FCA080
S31502011E404FF0FF3E4AF0807AC9F8FCA0D5F800A00F
S31502011E501E232AF0010AC5F800A0D9F804514FF051
S31502011E60080C45F00F053F203E213D22C9F80451D9
S31502011E70DFF8A4929D4DCB46C5F820ECD5F804EEC9
S31502011E80DFF898A22EF0010EC5F804EED5F804EE9D
S31502011E904EF0010EC5F804EEC5F800C4C5F80434C7
S31502011EA0C5F80804C5F80C34C5F81014C5F814347D
S31502011EB0C5F81824C5F81C34039C4FF0040E2346BA
S31502011EC09FED792B9FED7A3B80EF54004EF001E0B6
S31502011ED0AAF1400A22EF526126EF5E4926EF5A69BC
S31502011EE004FF5C4106FF5861A3EC045F22EF402820
S31502011EF0AAEC047F0FF013C04FF0FF33C5F8203C64
S31502011F00D5F8042E42F00202C5F8042ED5F8042EA5
S31502011F1042F00402C5F8042EBFF34F8FBFF36F8F51
S31502011F203846C5F8008CFFF79BF9BFF34F8FBFF315
S31502011F306F8F4FF0FF33C5F8203CEA6F0137CBF8BC
S31502011F40002069682A68032F92B242EA0142CBF85D
S31502011F500420E968AA6804F1400492B242EA014205
S31502011F60CBF8082069692A690AF1400A92B242EA63
S31502011F700142CBF80C20E969AA690BF1140B92B262
S31502011F8042EA01424BF8042C97D1C5F8203C584B42
S31502011F901E60BFF34F8FBFF36F8F002641F6FE75AA
S31502011FA03746B246534C6523534A54480168A942FF
S31502011FB006D806460168481C3060306863542754C7
S31502011FC012F9013F002BF0D15046FFF781F9202388
S31502011FD04B4A4A4E3168A94205D83168481C3060DD
S31502011FE030686354275412F9013F002BF1D1D9F815
S31502011FF00000800AFFF76CF92023424A3F4E3168FE
S31502012000A94205D83168481C3060306863542754A8
S3150201201012F9013F002BF1D1D9F80400800AFFF72A
S3150201202057F92023384A354E3168A94205D8316815
S31502012030481C306030686354275412F9013F002B63
S31502012040F1D1D9F80800800AFFF742F920232F4A75
S315020120502A4E3168A94263D83168481C306030681B
S31502012060635427545CE000BFB979379EB979379E2C
S31502012070B979379EB979379E403020104030201009
S315020120804030201040302010157C4A7F157C4A7F53
S31502012090157C4A7F157C4A7F98BADCFE98BADCFE2B
S315020120A098BADCFE98BADCFE0000000001000000CE
S315020120B00200000003000000E81E00205C1000225E
S315020120C054100022043F01024C100022601000222B
S315020120D0AC110022A0110022A8110022A0CC0422D8
S315020120E0143F0102243F0102303F0102003000E0A9
S315020120F0001000E0A8CC0422643F0102A8EC0422ED
S315020121003C3F0102443F01024C3F0102543F01029E
S3150201211000ED00E0FF0000806011002200110020A6
S3150201212012F9013F002B93D14FF02008D9F80C0088
S31502012130800AFFF7CDF8244B24480268AA4206D842
S315020121400268511C0160016804F80280675413F9A0
S31502012150018FB8F1000FEFD1D9F81000800AFFF70D
S31502012160B7F81A4A1368AB4208D810460A2113680F
S315020121705A1C02600268E15404F802800AF1010A5B
S31502012180BAF1030F09F114097FF40DAF0499104A4C
S315020121900029104B41F6FE7508BF1346002465223D
S315020121A00D490A4F3868A84205D83868461C3E6070
S315020121B03E680A548C5513F9012F002AF1D121B038
S315020121C0BDEC108BBDE8F08F5C3F0102A8EC042246
S315020121D0903E0102B03E0102A8CC04222DE9F04F45
S315020121E08548864A99B0904207D2013A121A22F0DC
S315020121F007028349083201F087F9BFF34F8FBFF314
S315020122006F8F3D2341F6FE7500277E4A7E4C12787A
S315020122107E487F4A2168A94205D821684E1C26605C
S3150201222026684354875512F9013F002BF2D13D2509
S3150201223041F6FE76774A75482168B14205D821688A
S315020122404F1C276027684554C35512F9015F002DBB
S31502012250F2D16E464FF0700B4FF06A0ADFF8108228
S315020122606D4FB8E80F000FC698E80F0086E80F0019
S3150201227069466A4A08A88DF800B08DF81FA001F0D8
S31502012280B3F9674A08A96748FFF7ECF8EC468146B5
S315020122900FCFACE80F004FF058038DF8003097E8E6
S315020122A00F0086E80F004FF06B0269468DF81F207A
S315020122B008A85A4A01F098F95B4A08A95B48FFF750
S315020122C0D1F8EC46A8F1100E8144BEE80F00ACE845
S315020122D00F0098E80F0086E80F006946524A08A8DF
S315020122E08DF800B08DF81FA001F07EF9504A08A9B9
S315020122F05048FFF7B7F8EC46A7F1100E00EB0908B4
S31502012300BEE80F00ACE80F004FF058038DF800301D
S3150201231097E80F0086E80F004FF06B0269468DF8C9
S315020123201F2008A83E4A01F05FF908A9404A42481F
S31502012330FFF798F83D2641F6FE77404B3349804434
S315020123402268BA4205D82268501C206020688E5441
S315020123500D5413F9016F002EF2D13246384910A8F5
S31502012360F7F762FC374A10A93748FFF77BF80322D1
S315020123703649804410A8F7F757FC354A10A9354863
S31502012380FFF770F8344A404410601268DFF8E4C07F
S31502012390002A324B4FF00A0541F6FE7718BF634613
S315020123A01A492268BA4205D82268501C2060206860
S315020123B08D540E5413F9015F002DF2D12848294993
S315020123C0FEF764FD41F6FE764823274A0F48216847
S315020123D0B14205D821684F1C276027684354C55569
S315020123E012F9013F002BF2D1BFF34F8F01221F4B8E
S315020123F01A6019B0BDE8F08F00000000606B0000A2
S315020124004000000200000000A8EC0422A8CC04222D
S31502012410B43F0102EC3F010298400102B8410102B8
S315020124201842010210400102F84101021C40010258
S31502012430D841010228400102344001024040010212
S31502012440B03F0102984101026C400102784001024B
S31502012450784101027C400102ACEC0422803F010278
S31502012460891501028081002088400102B0EC042214
S31502012470BC400102743F010230B500250F4A011D1D
S3150201248002F500744FF0190E00234EF001E0081F09
S3150201249050F823C042F833C051F823C044F833C080
S315020124A002330FF00BC80135042D02F1040201F1CA
S315020124B0C80104F10404E5D130BD00BFC08100208A
S315020124C030B500250F4A011D02F500744FF0190EB1
S315020124D000234EF001E0081F52F823C040F813C052
S315020124E054F823C041F813C004330FF00BC8013569
S315020124F0042D02F1040204F1040401F1C801E5D13B
S3150201250030BD00BFC081002008B50D48FEF7F4FBBF
S315020125100C48FEF7F1FB0C48FEF7EEFB0B48FEF703
S31502012520EBFB0B48FEF7E8FB0A48FEF7E5FB0A4818
S31502012530FEF7E2FBBDE808400848FEF7DDBB00BF37
S31502012540D1C0000251C70002E1CD000271D40002DE
S3150201255001DB000291E1000221E80002B1EE000274
S315020125602DE9F04F83B00190FFF786FF2F4A1368DA
S3150201257004331360FEF702FCE0B92D4C2D4DA04643
S315020125802D4E05F1600955F8042F56F8043F4046D1
S31502012590C4E96422C4E96622C4E96833C4E96A3338
S315020125A0FDF72EF8A945EED1019803B0BDE8F04F2B
S315020125B0FFF786BF214B1E4CDFF878B0054620484F
S315020125C01C601D4FFCF7B6FFDFF878A0DFF87890A4
S315020125D0DFF878800BF1600603E0FFF795FFB3455C
S315020125E01BD05BF8042F57F8043F012DC4E964227E
S315020125F0C4E96622C4E96833C4E96A33EDD15046B7
S31502012600FEF77AFB4846FEF777FB4046FEF774FB78
S315020126100F48FEF771FBB345E3D10948FCF793FF77
S31502012620019803B0BDE8F04FFFF74ABF54110022EB
S31502012630C08100209442010234420102B4EC042218
S3150201264080810020D1A1000291A9000251B10002AC
S3150201265011B900022DE9F04F14468A461F46064675
S31502012660636887B00393A3684FF448720493E368DF
S3150201267000210593236802AD029300F03DFF574501
S3150201268028BF06F5487825D3A9463446AB462046E7
S31502012690534600225BF8041BC83400F0BDFF4445D3
S315020126A0F5D13046FFF75CFF06ABA3EB050EAEF1A3
S315020126B0040E4FEA9E0E0EF1010E4EF001E0D9F81C
S315020126C00030534449F8043B0FF007C8A7EB0A0749
S315020126D0BA45D9D94FF01F0880240DF118090AF11C
S315020126E0FF3A8DF806808DF80740AFB930460123CF
S315020126F03A460DF1060100F08FFF043530460123FB
S3150201270052460DF1070100F087FF4D4506F1C80655
S31502012710E7D107B0BDE8F08F3B4600223046296873
S3150201272000F07AFFE2E700BF70B50E4615461C4679
S3150201273084B0089BA82103936A46099BCDE90065EB
S315020127400294FFF787FF04B070BD00BF2DE9F04385
S3150201275085B00C9CCDE90001CDE90223DDF8349068
S31502012760C4B104F1FF3809F548774846FFF7F8FE88
S315020127706E464D46346828462146A8230022C835AE
S3150201278000F016FFA834BD4246F8044BF2D1B8F167
S315020127900108EAD205B0BDE8F08300BF2DE9F04198
S315020127A00227002688B000F11C01A1EB000EAEF152
S315020127B0040E4FEA9E0E0EF1010E05464EF001E0A1
S315020127C0C4690368E21702F013029B1824F000445D
S315020127D046EB0602C461036055F8043F9B1846F1B5
S315020127E000022B600FF009C0012F01D00127DCE79F
S315020127F00225041FA1EB040EAEF1040E4FEA9E0E52
S315020128000EF1010EADF10400A446804627461323BC
S3150201281000264EF001E057F8042FD21846F10003C4
S3150201282048F8042FDE170FF00BC0A1EB040EAEF130
S31502012830040E4FEA9E0E0EF1010E4EF001E0079EC6
S3150201284026F000430793F6175CF8042F50F8043F6D
S31502012850534033405340CCF800300FF00BC8012DE2
S3150201286001D00125C6E708B0BDE8F08110B588B0F0
S31502012870EE468C460446BCE80F00AEE80F009CE823
S315020128800F008EE80F006846FFF788FF4FF0080E2B
S3150201289020464EF001E0ADF1040252F8043F043045
S315020128A04FEA132C1C0C190E00F803CC00F8024C4B
S315020128B000F8011C00F8043C0FF011C808B010BD65
S315020128C04FF0000C624630B501384FEADC0EBEF11C
S315020128D01F0F11F80E300CF007040EF1010510D08E
S315020128E04D5D0CF1030C43EA0523E34003F00703B4
S315020128F01344DA1C22F007041B1BD20800F8013F1D
S31502012900E3E7E34003F007031344DA1C22F007046A
S315020129100CF1030C1B1BBCF5817F00F8013F4FEA4A
S31502012920D202D2D130BD00BF2DE9F04F84464FF01D
S3150201293000088246284B83B001EB4101019203EB69
S31502012940C11900204FF0040E4946064605460446C3
S3150201295002464EF001E0019B013080EA030BCBF106
S31502012960000343EA0B030F68DB0F013B03EA070B84
S315020129704F6842EA0B0203EA070B8F6844EA0B042B
S3150201298003EA070B45EA0B05D1F80CB0603103EAFD
S315020129900B031E430FF021C808F10408B8F1180F02
S315020129A0CCE90024CCE9025609F110090CF1100C0C
S315020129B0C7D1019ADAF8001053421343DB43DAF81E
S315020129C02020DB0F19431A43CAF80010CAF8202047
S315020129D003B0BDE8F08F00BF3843010210B588B0DD
S315020129E0EE468C460446BCE80F00AEE80F009CE8B2
S315020129F00F008EE80F006846FFF7D0FEEC46BCE8F2
S31502012A000F0020606160A260E360BCE80F002061F4
S31502012A106161A261E36108B010BD00BF30B50D4628
S31502012A20A1B00446684600F0A3FD694608A800F075
S31502012A309FFD08A9084600F09BFD08AA29461046F3
S31502012A4000F0DAFD08AA6946684600F0D5FD694636
S31502012A5010A800F08DFD08A9084610AA00F0CCFDC9
S31502012A6008A910A8052200F07BFD08AA104610A9A4
S31502012A7000F0C2FD08A910A80A2200F071FD10A9F2
S31502012A80084608AA00F0B8FD10A918A8142200F0F9
S31502012A9067FD10AA104618A900F0AEFD10A9084656
S31502012AA00A2200F05DFD08AA104610A900F0A4FD55
S31502012AB008A910A8322200F053FD10A9084608AA57
S31502012AC000F09AFD10A918A8642200F049FD10AA87
S31502012AD0104618A900F090FD10A90846322200F00E
S31502012AE03FFD08AA104610A900F086FD08A908466E
S31502012AF0052200F035FD6A46204608A900F07CFD54
S31502012B0021B030BD2DE9F04F0D46F5B0AA68EB684C
S31502012B100190086849681AAC0FC4EB6928696969AA
S31502012B20AA695C4E0FC49DF86830376823F0070323
S31502012B308DF868309DF8873003F07F0343F0400338
S31502012B408DF887300FB1544B5F680DF188094846FD
S31502012B501AA9FFF7B5FE336833B1504A4E4B5B688B
S31502012B6011680B44DB1B13604D4800210446082300
S31502012B704FAA01E054F8041F013B42F8041FF9D1A0
S31502012B80484C01212546082357AA01E055F8041F9E
S31502012B90013B42F8041FF9D1012108235FAA01E092
S31502012BA054F8041F013B42F8041FF9D100210823FE
S31502012BB067AA01E050F8041F013B42F8041FF9D14C
S31502012BC0002438AF0DF5807A8AEA0703DFF8C88058
S31502012BD0009319F90420D6F800B0D5176A402146A8
S31502012BE03846521BBBF1000F01D0D8F804B0FFF7EB
S31502012BF09BFE009B316805EA0302739548AB82EAA4
S31502012C000A057A4050A872937095719239B1264B92
S31502012C10D8F8042019680A44A2EB0B021A6032683A
S31502012C200AB1D8F804B000F0EBFC326801343AB1CB
S31502012C301E48D8F8042001680A44A2EB0B0303607C
S31502012C40562CC6D134680CB1134B5C6858AA60A9DC
S31502012C5002A800F0B1FC58AA60A90AA800F0D4FCA7
S31502012C600AA912A8FFF7DAFE02A9084612AA00F07B
S31502012C70C3FC019802A9FFF7F9FD336833B10C4A87
S31502012C80054B5B6811680B441B1B136075B0BDE8ED
S31502012C90F08F00BFD0EC0422001000E0C4EC042245
S31502012CA018430102F8420102CCEC0422C8EC0422C8
S31502012CB0C0EC042208B5FEF779F8002008BD00BF72
S31502012CC02DE9F84F0388DBB14FF0000A80464FF039
S31502012CD00109DFF8D4B00024314D4FEACA07D8F80A
S31502012CE0043035F8022BD919898891420AD0013468
S31502012CF0032CF4D1B8F800300AF1010A5345EAD897
S31502012D00BDE8F88FDB5909FA04F603F0B853B3F1BB
S31502012D10807F244BF6B293F84C2C12D0324230D13A
S31502012D2004F120021BF81230DB09E0D01BF8123045
S31502012D30012123F08003C8200BF8123000F0E6F9D6
S31502012D40D5E7324210D004F120021BF81230DB091A
S31502012D50CDD11BF81230012143F08003C8200BF8B4
S31502012D60123000F0D3F9C2E7012000F071FA0D4BDF
S31502012D70012093F84C2C324383F84C2C00F038FA9C
S31502012D80E1E7012000F064FA064B012093F84C2C8E
S31502012D9022EA060283F84C2C00F02AFAC0E700BFA9
S31502012DA044C6010200E0014000202040F8B5064673
S31502012DB0FFF786FFEFF31082012383F31088234F77
S31502012DC03B681BB9402022490B7508753B680133E4
S31502012DD03B6082F31088338800211BB31D4D08E046
S31502012DE01B01134445F82340328801318BB29A42C2
S31502012DF018D9736853F8314003EBC1029288E00394
S31502012E004FEA1223D2B2EBD502EB031055F820E0BA
S31502012E1024F4803C2EF4803E45F820E01B0145F85F
S31502012E2020C0DEE7EFF31082012383F310883B68AB
S31502012E3013B13B68013B3B603B681BB980200449E7
S31502012E400B75087582F31088F8BD00BF20ED0422C8
S31502012E50000D40400008404008B5034B0360084698
S31502012E60FFF7A4FF002008BD54524F501E4A92F8A4
S31502012E70263092F82420DBB202F00F02A2F10801F9
S31502012E8003292BD8DFE801F020160C021749184A4C
S31502012E9051F82330A2FB03231B09164A136070471C
S31502012EA01249134A51F82330A2FB0323114ADB08C4
S31502012EB0136070470D490E4A51F82330A2FB0323D2
S31502012EC00C4A9B08136070470849094A51F8233096
S31502012ED0A2FB0323074A5B0813607047034951F8B3
S31502012EE02330D340D9E700BF00E0014000100022A1
S31502012EF0ABAAAAAA30ED0422704700BF0000000067
S31502012F00F8B54AF2035001234B494C4AA1F8FA0398
S31502012F10938093889BB2002BFBD101244FF400408E
S31502012F209FED416B9FED427B454B4649C3E9071134
S31502012F305961148083ED007F1861FFF797FF09221B
S31502012F4006213D4B83F8501A83F8A22093F8002CF0
S31502012F501AB993F8013C980760D0374C94F8003CB3
S31502012F60002B50D00022344B83F8012C83F8002C1D
S31502012F700023314A82F8323092F83C301907FBD5E8
S31502012F8045F6017040F2111100232B4C1085A2F86F
S31502012F904C1082F82A3094F83C309B06FBD5042269
S31502012FA001250526254B284F1A77276284F82450D6
S31502012FB084F82660FFF75AFF2946962000F0A6F804
S31502012FC0002384F824302762FFF750FF2946962012
S31502012FD000F09CF884F82660FFF748FF4AF2015296
S31502012FE01A4B1A80BFF35F8F1D72BFF35F8F4FF4C7
S31502012FF025421A8084F8305084F8525084F853508E
S31502013000A4F8FA23F8BD0121C82084F8001C00F0B7
S315020130107DF894F8003C012BFBD1A3E74FF47A70BB
S31502013020FFF76AFFA4E700BF006CDC0200127A0018
S3150201303000800000002D310100E0014000C1014085
S315020130400010002200389C1C32231231002000405D
S3150201305038B50025284C0121C82084F8285000F0F3
S3150201306055F884F8245094F82430002BFBD194F8B7
S315020130702430214943F0020384F8243091F82430A4
S31502013080C3F340009B07F9D41B4A81F8220092F848
S31502013090223003F0FF00002BF9D192F84030164995
S315020130A060F3C71382F8403091F84030DB09FBD157
S315020130B091F84200104A63F3C71081F8420092F870
S315020130C04230DB09FBD192F844000B4963F3C71086
S315020130D082F8440091F84430C3F3C014DB09F9D1F4
S315020130E0012000F0B5F8054B012083F84C4CBDE8F0
S315020130F0384000F07DB800BF0020204000E00140CA
S31502013100A0F101000028FBD1704700BF1E4B1F4AE8
S315020131101B6800FB01F1934213D302F1854202F5CA
S31502013120071203F5742302F6834203F23F23A2FB3D
S3150201313003239B0CA3FB01314FF0FF30E1B1FFF7F3
S31502013140DFBF4FF47A7210B4114C4FF0FF30B4FB6B
S31502013150F3F3A1FB02C434B9BCFBF3F080B15DF811
S31502013160044BFFF7CDBFB1FBF3F1A1FB0212002A1B
S31502013170F5D1084620B1F2E71846002BDFD1704798
S315020131805DF8044B704700BF30ED042200127A004D
S3150201319000CA9A3B70B500240D4B0E4EB3F80021BE
S315020131A0B3F82051ADB2154025FA04F3DB0704D575
S315020131B056F82430E0B203B198470134102CF3D10A
S315020131C0034AA2F81051B2F820311D42FBD170BD5B
S315020131D000C00040E0EC0422034B1A8812B1034BF3
S315020131E0C3F80023704700BFCCC7010200C00040EC
S315020131F0EFF31081012383F31088124B33F8102069
S3150201320092B22AB133F81020013A92B223F8102071
S3150201321033F810309BB293B910B40B4A0B4CB2F887
S31502013220FA3334F810009BB243F4254323EA000330
S31502013230A2F8FA3381F310885DF8044B704781F3E3
S315020132401088704724ED042200E00140D0C7010234
S3150201325030B4EFF31081012383F310880E4A32F85A
S3150201326010309BB26BB90D4C0D4DB4F8FA3335F8EB
S3150201327010C09BB243EA0C0343F425439BB2A4F864
S31502013280FA3332F8103001339BB222F8103081F34F
S31502013290108830BC704700BF24ED042200E00140D3
S315020132A0D0C7010200BE704708B500F035F8FFF736
S315020132B001FDFEE7F8B5174F05463E68A6B17C68E3
S315020132C006EB460604EB860602E00C34B4420BD04A
S315020132D0637AAB42F9D1D4E900020021121A0C3405
S315020132E000F00AF9B442F3D1BE6896B1FC6804EB68
S315020132F0061602E01034A6420BD0637BAB42F9D12B
S31502013300D4E90002A168121A103400F0FDF8A642AF
S31502013310F3D1F8BD4CC60102F8B5644A644B5A6151
S31502013320BFF34F8FBFF36F8F1B6803F47002B2F5C1
S31502013330801F00F0928013F4600F7AD05D4A136801
S3150201334043F004031360BFF34F8FBFF36F8F4FF444
S315020133507002594B564C0020C4F88820A360FDF731
S3150201336089FD0025FFF7CCFD4AF202514FF42542B1
S31502013370524B0120A3F8FA1383F8B05AA3F8FA23A1
S31502013380FDF778FD4E4B83F30A884A4B1A6892077A
S3150201339003D5A268B2F1007F63D00020FFF78AFF4E
S315020133A0FFF764FDFFF754FE0320FFF751FF0023E9
S315020133B04FF00C0E1C464EF001E0424903F10C029D
S315020133C021F8224001330FF007C80320FFF710FF4F
S315020133D00320FFF73DFF3C4B03205C609C60DC60F1
S315020133E01C61FFF705FF0120FFF764FFBFF34F8F53
S315020133F0BFF36F8F2E4BC3F85042BFF34F8FBFF30C
S315020134006F8F324B324D5B1B002B4FEAA30606DD53
S31502013410002455F8043B01349847A642F9DC022000
S31502013420FDF728FDFFF7D8FEBDE8F840002000F0C1
S3150201343051B8204A136843F004031360BFF34F8F58
S31502013440BFF36F8F4FF0E022936843F480339360AA
S31502013450BFF34F8FBFF36F8F79E719077FF46EAF13
S3150201346069E701211A695869C2F3C302093201FAED
S3150201347002F300260027DB0843F007C0AFF3008002
S31502013480E5E802670FF005C0C0F3C303093301FA89
S3150201349003F34FF00052DB0843F007C0AFF300809D
S315020134A0E2E802670FF005C077E700BF01020E00EE
S315020134B000ED00E000E001E00000000200E0014052
S315020134C0000C0022000D40400040204048C8010285
S315020134D044C80102704700BF0139024410B5904247
S315020134E001D1002005E0037811F8014FA34201D072
S315020134F0181B10BD0130F2E702440346934200D184
S31502013500704703F8011BF9E70A44431E914200D1B1
S31502013510704710B511F8014B914203F8014FF9D1E9
S3150201352010BD0000000000005FF800F0B10C0000C1
S315020135305FF800F07D2800005FF800F06D0B0000D7
S315020135405FF800F0013500005FF800F0090C000099
S315020135505FF800F0C96A00005FF800F0E922000096
S315020135605FF800F0EF6700005FF800F02D2A000017
S315020135705FF800F03F5300005FF800F0912400006D
S315020135805FF800F0B16A00005FF800F0150A00006A
S315020135905FF800F0ED2800005FF800F0010B000073
S315020135A05FF800F05D1C00005FF800F0810B00007F
S315020135B05FF800F0013100005FF800F05966000083
S315020135C05FF800F0155700005FF800F06D2000006B
S315020135D05FF800F09B0A00005FF800F0C1150000D9
S315020135E05FF800F0892900005FF800F00705000086
S315020135F05FF800F0112B00005FF800F0A14C00000B
S315020136005FF800F0956600005FF800F0776600004B
S315020136105FF800F0E55A00005FF800F0012E0000A5
S315020136205FF800F0550C00005FF800F0591E00002B
S315020136305FF800F0410D00005FF800F0552600002A
S315020136405FF800F0C50B00005FF800F0A15E000014
S31502013650B8AF1300B8AF13004B3A0A7BB8AF1300E9
S31502013660A97413034B3A0A7B9C1B9939B8AF130011
S3150201367078F0C9BEA9741303A6928DCF4B3A0A7B81
S31502013680EFE91E6E9C1B9939318DD434B8AF130004
S315020136904B3A0A7BB8AF1300A97413034B3A0A7B60
S315020136A09C1B9939A0E82F9133704D11E6587CAFD6
S315020136B0E28719B4DBE36D6B4B3BFD23309A2BC9D1
S315020136C09943919F1D8FBB79D078DDC0C40F3368B2
S315020136D00D6205BAE751D710F1CBA4A18DDDBF4129
S315020136E055B3E4628BF76D6A3B05BC73A4AD2EA19B
S315020136F02BD160159B214B2FB8AE20573740BD63A6
S3150201370078F0C9BE1D8FBB795A713ED4D078DDC01F
S3150201371065E09A22C40F33689576FA479C19B3E796
S31502013720AE2CBB7E4F00FC3328FB3ECD4E0C601FF8
S31502013730373ED71129EC01E77CB8A1C902F2B5C21D
S31502013740000A7E99327BBE53098FBC6C5C5976FDA9
S3150201375050F67D9A6D7CAE230A890A77B0111AADAD
S315020137606F69A5997BC3120C3279D801318BEEE2CE
S31502013770C7EFD2498FBF4575A974130378F0C9BE45
S31502013780EFE91E6E1D8FBB79705C4E055A713ED4F0
S3150201379006B6C12901F95A61382EA78216E83636CC
S315020137A0AD381F6A5E43947803DBE09494862AD788
S315020137B072382243705C4E053FD15F22B6C7DBD613
S315020137C022494947476D7323FF12098AC6F76A914F
S315020137D079E18CD8D72055ADD53A03D674214D154A
S315020137E024318170103A0D5491AD2F946212112237
S315020137F0A6928DCF02F2B5C2BB8628F1000A7E9946
S31502013800E28FB1FB327BBE53C13FC31517E09EEE79
S31502013810A4B6B9917603D348808904C56C8AF86047
S31502013820E37BB5C8CDA0D526705B5B5C2CD06D6CF5
S315020138308DE27E8EB3EB0799BC76F861588DD24E36
S31502013840B015E6506F63F3A3A785363BFB4665DBEE
S3150201385016E284402617D3477053C314E19DFB3801
S315020138607609853E07AB50E74B3A0A7BA9741303E7
S315020138709C1B993978F0C9BEA6928DCFEFE91E6ECF
S31502013880318DD43447713FC7F1C7D8FDF3B2E9216F
S31502013890993DDFA9DAF5834CE19FE18AF8699EF445
S315020138A001FB40B35A713ED465E09A229576FA47F6
S315020138B0C1372BCE1AB6C036F8731C8E9C1E7234D3
S315020138C08CE8308469B1FD1DD355A4A755B8A3AFC1
S315020138D0D168AD312CCD9471976018C3C40E40BF27
S315020138E0EFE91E6E705C4E0506B6C1293FD15F2215
S315020138F0CBB1F85EB6C7DBD65F345792FA587BBCBA
S31502013900AC4669A7EFE64573D80A73283A15EC0265
S31502013910B8B1F951FA50E374A3C403CFBB8628F1B7
S31502013920E28FB1FBC13FC315383366CF9E00F867FC
S315020139309C18C03E52D803CE975F251A835E336424
S3150201394078EFD61568C406A8AA6A95691AB00E4117
S315020139506AAA587F0A844B2A9C1B9939A6928DCF53
S31502013960318DD43402F2B5C22CD06D6CBB8628F1EE
S31502013970270D55AE55BA890153C9C6E7261D853DA0
S31502013980F8740F37CE8DCC9C99466A9A2528F67F14
S31502013990C5079B2006B6C129CBB1F85E5F345792A3
S315020139A02DC03DDDEC06A691D814F1C19941AB4D6E
S315020139B02438260FD80B66D17BC5F85DB5D9F1B788
S315020139C02BDBDEAE2804CABD993ED2521BA690A7B6
S315020139D0318DD4342CD06D6C270D55AE8DE27E8E91
S315020139E0E565D343B3EB0799F0D33CE9F4A86B88B9
S315020139F00D5B601BF965D250FC390E47C7EEDFA09D
S31502013A004E0F391AFA4EFD222064EA18270D55AED9
S31502013A10E565D343F0D33CE9F3B1F678DDCD8BE628
S31502013A20732AD805F4A1C6E95A7324263DE741A7AC
S31502013A300006B2F588214C22EEEFD063233DE55B09
S31502013A401E7DA5986C8DD15B000000000000000070
S31502013A50B6C5F58465E466C6588BECFCD0722BCBF1
S31502013A605B6D72301216E191890F3641DAF2AA5173
S31502013A70D52F92934679D70EFF0D4A3DFB493ED685
S31502013A8091A3B1FAA78EC12BE4704486112CC316F9
S31502013A900D5E3916243274192EAB4E01122152D4FF
S31502013AA0AE2AD52CD440B5CB1C9A2CBC8ED527FA7E
S31502013AB00E4E0987CD9FE27DFB4299373277F2AFEF
S31502013AC0140897544E14F866929C0C5CA9722DB197
S31502013AD074205A6C242DB5CC9D0D4FFCEEEDEA11E6
S31502013AE0741D817151EA19AF4589079EA0E9223AEF
S31502013AF0A1DCCBA50B79DAE71E7F8BEA40C03CEA53
S31502013B00AF27FC3163FF079816EDF582D53BF67EAA
S31502013B10215979D6B3F492891F704E0465E73FC1E4
S31502013B20C9CC993040C4088E0B723549B5D159704A
S31502013B300E56A1CECF8441AC948351DCA5A689024F
S31502013B40BB85354887317CB1F2BC67BBD71AA3B7AF
S31502013B5001F68166B1098265F870439325205E38C4
S31502013B604D19B7B301F49B143CFA4A31A2CBA86DA5
S31502013B7068BE54B215F9596ED43ECF795C54B7B0CA
S31502013B805F2EA59CE92E9EF7364E07A129EB0E3E26
S31502013B90D43FC222AA65D61C2F9D04C4588FB8A051
S31502013BA0881D807E4B3824293B08956EBA928CDC9F
S31502013BB092A2BE518BF58718AB5D3ED55799363A1F
S31502013BC0C22EA0DD02EDF675DFB6B6B8CBBC69A191
S31502013BD0EC10242BB9A4A2BD6D807AC76C8905B8F5
S31502013BE065E18DCBE7493FC9E0A4A0D7588AF953CD
S31502013BF0B99DFD1E0F3DE64E9C1F65DD098CE371E5
S31502013C0040C8D431E28BE55754BE55A519BD65D5D9
S31502013C10C32422443DF0CC97742240BE1AAE28EF4B
S31502013C20B2F76B8451E8335D984C1C90364C214FA8
S31502013C303187223F10345B5EF49DFA45AC4942A2BC
S31502013C40BA8FB3E10B750E44327DA4A500000000C4
S31502013C502EAB4E01122152D4AE2AD52CD440B5CB6D
S31502013C60CD9FE27DFB4299373277F2AF1408975422
S31502013C7074205A6C242DB5CC9D0D4FFCEEEDEA1144
S31502013C80A0E9223AA1DCCBA50B79DAE71E7F8BEA02
S31502013C9016EDF582D53BF67E215979D6B3F4928992
S31502013CA040C4088E0B723549B5D159700E56A1CE54
S31502013CB0BB85354887317CB1F2BC67BBD71AA3B73E
S31502013CC025205E384D19B7B301F49B143CFA4A31EB
S31502013CD0D43ECF795C54B7B05F2EA59CE92E9EF7F0
S31502013CE0AA65D61C2F9D04C4588FB8A0881D807E54
S31502013CF092A2BE518BF58718AB5D3ED55799363ADE
S31502013D00CBBC69A1EC10242BB9A4A2BD6D807AC7E4
S31502013D10E0A4A0D7588AF953B99DFD1E0F3DE64E80
S31502013D20E28BE55754BE55A519BD65D5C324224478
S31502013D30B2F76B8451E8335D984C1C90364C214F97
S31502013D40AC4942A2BA8FB3E10B750E44327DA4A5EA
S31502013D50100000002000000040000000800000006A
S31502013D60010000000200000004000000080000003B
S31502013D700000000001000000020000000300000034
S31502013D8000000000080000001000000018000000FA
S31502013D9002000000060000000A0000000E000000FA
S31502013DA00000000004000000080000000C000000F2
S31502013DB004000000090000000E00000013000000CC
S31502013DC003000000080000000D00000012000000C0
S31502013DD002000000070000000C00000011000000B4
S31502013DE001000000060000000B00000010000000A8
S31502013DF000000000050000000A0000000F0000009C
S31502013E000200000005000000080000000B0000008F
S31502013E100100000004000000070000000A00000083
S31502013E200000000003000000060000000900000077
S31502013E300100000000000000000000000000000078
S31502013E400000000000000000000000000000000069
S31502013E5000000000000000005C2E2F2F5E5C0000B7
S31502013E6020786F723D00000020767073656C3D000C
S31502013E702073636865643D003A204F4B0A000000D7
S31502013E803A204641494C0A2020676F7420200000DF
S31502013E90657870444920434F52524543544E455327
S31502013EA053204741544520504153530A0000000014
S31502013EB0657870444920434F52524543544E455307
S31502013EC0532047415445204641494C0A000000000F
S31502013ED0657870444920636F72726563746E6573A7
S31502013EE073206D6963726F2D6D6D3D002066756C71
S31502013EF06C2D6D6D3D000000206C6F772D6D6D3D53
S31502013F00000000006578704449206D6963726F3163
S31502013F1030323400657870444920656E636170738E
S31502013F20000000006578704449207761726D0000D7
S31502013F30657870444920636F6C640000206379637D
S31502013F403D00000020696E73743D000020737461A8
S31502013F506C6C3D002066653D000000002062653DF7
S31502013F6000000000657870444920706D75206D6F00
S31502013F7064653D000A4B4154204641494C0A0A00F8
S31502013F800A4B415420414C4C2050415353202D2D74
S31502013F902073747265616D7320412B4220766572BE
S31502013FA06966696564206F6E20626F6172640A0ACE
S31502013FB0000000003D3D3D20454B2D5241384D311B
S31502013FC0206861726E6573733A204B4154202B202F
S31502013FD04457542F504D5520284954434D2F44548C
S31502013FE0434D29203D3D3D0A0A0000003D3D204B3F
S31502013FF041543A2058323535313920285246432028
S31502014000373734382073362E3129203D3D0A0000D8
S31502014010616C6963655F706B00000000626F625FCD
S31502014020706B2020000000004B28612C42292020C1
S31502014030000000004B28622C4129202000000000CC
S315020140403D3D204B41543A20534841332D323536BA
S31502014050207669612061736D204B656363616B2D07
S315020140606631363030203D3D0A0000007368613307
S3150201407028222229202020006162630073686133AD
S3150201408028226162632229004841524E4553532038
S31502014090444F4E450A0000005DAB087E624A8A4BD8
S315020140A079E17F8B83800EE66F3BB1292618B6FD37
S315020140B01C2F8B27FF88E0EB0000000077076D0AB3
S315020140C07318A57D3C16C17251B26645DF4C2F8726
S315020140D0EBC0992AB177FBA51DB92C2A0000000075
S315020140E03031323334353637383961626364656665
S315020140F000000000000000000000000000000000B7
S3150201410000000000000000000000000000000000A6
S315020141100000000000000000010000000000000095
S315020141200000000000000000000000000000000086
S315020141300000000000000000ECFFFFFFFFFFFFFF91
S31502014140FFFFFFFFFFFFFFFFFFFFFFFFFFFFFFFF76
S31502014150FFFFFFFFFFFFFF7FA546E36BF0527C9D4A
S315020141603B16154B82465EDD62144C0AC1FC5A1897
S31502014170506A2244BA449AC43A985DA74FE225B2DC
S31502014180045C172D6BD390BD855F086E3E9D525B15
S3150201419046BFE24511431532A7FFC6F8BF1ED766D1
S315020141A051C14756A061D662F580FF4DE43B49FAFB
S315020141B082D80A4B80F8434A090000000000000039
S315020141C000000000000000000000000000000000E6
S315020141D000000000000000004A5D9D5BA4CE2DE1B7
S315020141E0728E3BF480350F25E07E21C947D19E337D
S315020141F076F09B3C1E161742DE9EDB7D7B7DC1B4AB
S31502014200D35B61C2ECE435373F8343C85B78674DC4
S31502014210ADFC7E146F882B4F8520F0098930A75497
S31502014220748B7DDCB43EF75A0DBF3A0D26381AF46B
S31502014230EBA4A98EAA9B4E6A000000008900000029
S315020142408B000080808000808B00000000800000CF
S3150201425088800080820000800B0000000A000000B6
S3150201426082800000038000008B8000000B0000802A
S315020142708A000080810000808100008008000080A1
S31502014280830000000380008088800080880000800F
S315020142900080000082800080010000000000000012
S315020142A00000000000000000010000000100000003
S315020142B001000000010000000000000000000000F3
S315020142C001000000000000000100000001000000E2
S315020142D001000000010000000000000000000000D3
S315020142E000000000000000000100000000000000C4
S315020142F001000000000000000100000000000000B3
S3150201430000000000000000000000000000000000A4
S315020143100000000000000000000000000000000094
S315020143200000000000000000000000000000000084
S3150201433000000000000000003E9140D70539109DA3
S31502014340B3BE40D1059F39FD098A8F683484C1A560
S315020143506712F898922FFD44853B8CF5C693BC2FC4
S31502014360190E8CFBC62D93CFC2423D6498480B278A
S3150201437065BAD4333A9DCF0768AA7A870512C9ABC3
S315020143809EC4AACC23E8D9268C5943DDCB7D1B5A80
S31502014390A8650C9F687B116FA8D5B44260A5998A5E
S315020143A0F6AC604E0C812B8FAA376EB16B239EE061
S315020143B05525C969A695B56BD7713C93FCE724923D
S315020143C0B5F50F7A969D469F0207D6E1659AA65ADA
S315020143D02E2E7DA83F060C595F7A9BA5B3A8FA43F8
S315020143E078CF9A5DDD6BC136316A3D0B84A00F50E1
S315020143F0730BA53EB1F51A7065D2FCA4E81F61568E
S315020144007DBAC1E5FD53D33BBDD64B211AF33181AA
S3150201441062DA5B558715B92A3097EE4CA8B025AFFB
S315020144208A4B86E830845A023267019F02501BC1C9
S31502014430F4F8809A1B4E167A89D8D00D3F93AE14A2
S3150201444062DA351C222394584CDBF28C45E570D195
S31502014450C6B4B912AF26285ABF1868050A05FE95D1
S31502014460A9FA605671897E327350A006CDE3E8C37C
S315020144709AA445744C3F93279F09FC8EB951732820
S315020144803825FD7DF4C6656765920AFB3D8D34CA02
S315020144902787E52103910E6809FF76C4E9FB135AC2
S315020144A072C15C7B45399E6E94442B10F9DCDB5D4F
S315020144B02B3E5563BF0C9D7FD93492F3ED5DA7E286
S315020144C0F958B5E180763D96FB233C6EAC41272C2B
S315020144D0C3010E32A124903A8F3EDD046659B759C3
S315020144E02C7088E27703B36C23C3D95E669C33B121
S315020144F02FE5BC6160E715091A91A2C9D9F5C1E791
S31502014500D7A7CC8B7871A3B8322AB60E1912646377
S31502014510954ECC2E5C7C9026F32D3E55CA51C87E13
S31502014520B37848A6CB8412A7E7D1883219E4B5E657
S3150201453083889A5AEC10F24CF621902DA5042D325D
S315020145409CBFC675339FC1B9090BD242433A7A5809
S3150201455061FE64AAF81C3B14ABCA8A967D7C869FCF
S31502014560292709278E25545F750918EA4BD3A7D047
S31502014570E1264137A346B5215D0EF304317D3A5159
S31502014580FA6B18B631F9907E2F1AF3F432A6338DEF
S3150201459082791A416BBCB56F85E503D66E0B2A7E0D
S315020145A017AE6B5BF2AAAE406C0D4E1F6CC1604E2C
S315020145B090F9D44FBC7AE650AC3DC637B96EAB9191
S315020145C0B1075B767035ED6DC7FB0A49271FE68891
S315020145D0BE229775A798044F438388A258F84FA91C
S315020145E03CED135356D40ECEFA34BFB5CF3D5CF52E
S315020145F071B3EAC9A53C650A8F2185D1457A0A4973
S31502014600359304467837159AF6E131CC09EA60000A
S3150201461065E96EF87715047EF3675BCE96A4B266FA
S31502014620969756BDD89254FFD02C594A29EC3C5044
S31502014630B2AC1308654369561B659D679F1B850AC4
S31502014640F242330361CB08E1A3308BE87FF501D651
S3150201465014D72DEDCA3A1F3731AD16C8BE0F28ED54
S31502014660E3EFE6D85B59D952F523C6F67217E70F7F
S315020146703C291E050B031443ADBCF0FB5E0060D55D
S315020146805E0C87D12E0FB78EA0E684D033901F2001
S3150201469070667BCEE15A3A4C62A97B17929EFE9FC7
S315020146A0E1CAE50D1DE7AE984410832D94AEF43FA1
S315020146B0C83A53582EE14D7183641BF94931435B64
S315020146C062BF2C5A65DCB5ADB32728631284FA871B
S315020146D0D8F849AB915E8960186CF80CEDF2ECE9F9
S315020146E0D4DF350712066DB4E76BB90498A09DBCF9
S315020146F06BC26DD92FE6E273D55C700A46441EB3CE
S3150201470092E3155055669C8014759D5DD66CA5ED98
S3150201471096AF4A01AE4E2E097655C8BF74242A6059
S3150201472007442291A5FCB809FDE97962B8D2C32CE6
S3150201473016C0B4D3437CEC6545530B093DF8CC7ED8
S3150201474054B68F77D6DB7B9A0B99076E10EAEE5D2C
S31502014750A2EBAF3895EA617D5E51AA4954635BEDDE
S315020147603A82C60B9FC465A8C4D1425BE91F0C8578
S31502014770B915D3036F6DD7301D9C2F630EDDCC2E79
S315020147801531897696B6D051587A63A86BB7DF523E
S3150201479039EF0EA0497DD36DC7E406211744446C57
S315020147A0697F8D9280D653FB263F4D69A49E73B4D1
S315020147B0B04B862E1197C610DE5FBE7D27C4936469
S315020147C0A27EAD19AD4F5D2690453046C8DF000E7B
S315020147D009FE66EDAB1CE62505C85883A02AA60C80
S315020147E04742207AE34A3D6ADCED113BA6D3647463
S315020147F0EF060855AF9BBF03046658CC28E1133F69
S315020148007E7459B4EC73586FF56812CCED3DB6A0BF
S315020148102CE2864563786D56C295DD97847B43FF0C
S31502014820A7B54EAA304E746C8BE8853C615D0C9E31
S315020148307381755F1EC7D92FB8EC714E2F0BE72115
S31502014840E377A440B9DD56E6804F1DCECE5665BF4D
S315020148507E7B5D53C43BFC05DDDEAF52AEB3B824AD
S31502014860CF303BED8C6395349581BEA983BCA433CD
S31502014870041F655C4767373794529D0A0BEE3F5119
S31502014880665ADF0F5CE7988FCE07E1BF888661D44F
S31502014890ED2C38717E0AA03FE45E2F77206714B1B2
S315020148A0CE9A0796B194F8E84A82AC004D22F84AAC
S315020148B0C46CCDF7D953170034DB3D962D23693CE1
S315020148C0583897B4DA87DE1D85F291A0F9D1D7AAB5
S315020148D0B6ED48A02FFEB512441EFE49A6584D64F8
S315020148E07E77AD31A2AEFC21D2D07F885A1C44021A
S315020148F0F311C58371AA0149454E24C49DD2F23DE5
S315020149000ADED893740E022B4D210C827E06C86CE8
S315020149100AB9EA6F16793741F0F81A8C54B7B10819
S31502014920B49962247C7A0FCE39D9061EF9B060F7A2
S3150201493013126D727B88BB41D8497C566C80679293
S315020149406A1E79CACC046D064B39CCE345569FA63D
S31502014950D28C78A086B6955CD2F739AAE080D9972F
S315020149601CB5C6524238D035AA55CD0793F4437DBC
S3150201497062C38AB7CF36BD5654A9140DC119C52AC9
S3150201498090FAB594B474F4EA5A7AF8A98283AFE636
S3150201499094E09B87B16DEA0DABE5447354BF66AAF9
S315020149A009431B8F885812DA2F4B56FDB3D2875E05
S315020149B0DDB1835488782C5B7A79A8D674EBBA1563
S315020149C03217C4FAF15CF57EC5058B3C5A1F0029E4
S315020149D0FBCCEA5287CCD70ACF0834796213155237
S315020149E0943D961903170FEB66943D88FAB233A8E4
S315020149F0783C0075A77F3A09BED7163AE67D10E5DF
S31502014A00CF32F39ADCFF77A37F670B4418BFD570C9
S31502014A100314A3A4192B256A8612A9604460E9B876
S31502014A20DED3787704D83F7F2D5E8ABF311ED067E9
S31502014A303E657BC2068A037BF39069D3D519D99E5B
S31502014A40F2B94EDBBBAE13523591B94C05EA08C732
S31502014A50560E26727FD5DE58773D41E9AD9DE77840
S31502014A607DE62997D5F957F2E6A77AE30E91DB5946
S31502014A709C039EBB5B1BA16A8BD40F5B26536DDA2B
S31502014A8088A9BF9331826089287ED56132C98AD7C6
S31502014A9043815C3A2D94F279E98DC8B6252FDA97CE
S31502014AA06901F2ACEAA71B25E4B44EEF874FB409BC
S31502014AB0A57D6ABC1BAB907D318E7D08F8920636C8
S31502014AC0F76371D237C6DCF46359EA6520E6A42599
S31502014AD0D960C15A2EF79B655B8CE35EB0B9AF9A7A
S31502014AE0C7131A074E2D9DBF0A2933E96D6EEE8E45
S31502014AF0179710AE17AB3B1CB0B7CAC716B29A1CB2
S31502014B00CCC3BB0774D3657DD5584A5050477452FE
S31502014B1090291A136B60F209BE464374447DE8403C
S31502014B20252BB515D4DA481D3E603BA1188A3A7C7D
S31502014B30F7BDCD2FC128B74EAE91667C594C237E67
S31502014B40C8B4850A3D9D8864E7FA4A350CC9E2DA9A
S31502014B501D9E6A0C071E870A8989BC4B99B50133CA
S31502014B606042DD5B3AAE6B733C9ED519E2AD610DD7
S31502014B7064D485260F30E73EB9FFAEA3190057E785
S31502014B80E358FF6A6746356725A08AB6BA4BA7B4CA
S31502014B90FD15D389E1E61B341AAD0C4EB3A9EE9C81
S31502014BA05AA7F2F86D808FBE8D02ABB7465CABDDBC
S31502014BB085D70C6BA992A216A22D29D64CAE4623F5
S31502014BC028AE2D0E67F4E48C9E6FDFCC942D3D4A00
S31502014BD028BC759F7C145143B7D67D9EE455D2F508
S31502014BE0AC1E0B615C111680CA87E1925D97993CF6
S31502014BF0C22591976257811318751E844779FA4324
S31502014C00D7469C6359FAC6E5742B05E31D5E06A1D8
S31502014C103090B8CFA2C6477DE0D6F08E14D0DA3FE7
S31502014C203C6F54919A743E9D5781BB261062EC717A
S31502014C3080ECC9348DF58C142A4224115EBFB272FE
S31502014C40B53AA398330CFAA166B652FA0161CB942E
S31502014C50D553AFAF003B862CB86A09DB064E2181DC
S31502014C60354FE40CC9B6A821F52A9E402AC124650E
S31502014C7081A4FC8EA4B56501766A84A074A490F120
S31502014C80C07C2FCD84F9EF128F2BAA5806295E69B3
S31502014C90B8C8FEBFD9671B59C24CB22895D19A7FB3
S31502014CA081C1356365546B7F3672C04F6EB6B86685
S31502014CB083AD807300783A132A79E7152193C48567
S31502014CC0C9DDCDBDA2894CC662D7A3ADA83D1E9D45
S31502014CD02CF8673012DBB75BBE62CAC667F461099C
S31502014CE0EE521921D621EC047047D59B7760231821
S31502014CF0D2E0F0586DCA0D747BED0F81E461A0FC20
S31502014D00EB4C9ACF74540D5F85FD704F24081F0A30
S31502014D1096EE95B751B7626C76AA3567B6D06D83B2
S31502014D20C91E53D3DFFF3FB6384F372A3B89F1F409
S31502014D306E894F0C4E1C593FEB6FF235FAD97F142F
S31502014D405B50B61872025F088FA57F7B3816DF4368
S31502014D50116091D6E4E87B310BAFF0D3F50BB75076
S31502014D60F7712EE38AF4EA4F34BD5BA5D34EE860B0
S31502014D70EDD1503F9B48ED00E51A26ED2AC70639CB
S31502014D80F700E188D98FB69A970136F39A05E9F5C4
S31502014D90476D2BBF78DC530E7A877179BF2908B923
S31502014DA031E6176D6344445E936827182EC5054D97
S31502014DB0F54A4A5A9A2D6327CE60B25451F01FD151
S31502014DC07052F9728EC36DD838C17C260DCD1F6023
S31502014DD0CD0CE9296491672BDBFFEA87D18582A98C
S31502014DE064A8D0D8BBFBB4A5F76326027FF258B6F6
S31502014DF082E29CD9222BBC3B580A3C5852C917B9AC
S31502014E00F3C6E40FB8F93F650C3CDFBCD7A70D9B8F
S31502014E100ED654ABB6EEA0432AC2E1CDB15410ADC3
S31502014E20DF32EB4802E9A8C4EAC0CDAC337B3E5F70
S31502014E303E9679FC13473672B5E0203506939613F2
S31502014E40FE03EA887CCF7F43BC59C9D30BC4D4F78E
S31502014E50D9DE93F8D15491692675B2B4755C5D3188
S31502014E60A5DA36022D84CBCC8EEE5F34A3C8F022AE
S31502014E70EDDB397D615A977328706EA3EB7F487813
S31502014E8034CED81D00133F5F89C4304B2DB14F93E9
S31502014E902B0A7F394D246C053462C257A2FB501D81
S31502014EA08B67B0DE3A82D47BF58A53A66EDCB0C23A
S31502014EB03EA71D35C6EE655610B2BF4309E03EDB7D
S31502014EC0C20A8020870172496786BD73615DAB267E
S31502014ED0384920ABC209B220ECBC018C43EE2B82CD
S31502014EE03BC7FBC025B50C53E93F95C134905148E8
S31502014EF05B0F9AE061C25C26A739ED224F4ED5F0CF
S31502014F000A1508561EE9AAA275E8DAEDE9B221F4F4
S31502014F1092E97D6B1D53BC3171F980A94D133DDFB9
S31502014F20A7221A22D1B84F7AD8D6AA3520D4F73D6C
S31502014F305E121A6ACCED142A4ECECF5207EE48DF24
S31502014F40B708EC06F3FAFFC3C45954B92A0B710523
S31502014F508DA33E96FA251D163C437804578C1A23D7
S31502014F609D4381C20E27B5B79F07D9E3EA99AADB0A
S31502014F70D9032B6C25F5032C7DA4537B75180F7968
S31502014F8079580CCF30017B30F9F77E25773D903188
S31502014F90AFBB96BDBD689469CFFEDAF4462F1FBD3D
S31502014FA0F7D67FA41401EF7C7FB3474ADAFD1FD3FC
S31502014FB085579073A41952524819A96AE63DDDD85C
S31502014FC0CCD2C02FC26450482FEAFD346624489BD6
S31502014FD03A2E4A6C4E1C3E29E11251924B136E3700
S31502014FE0A05DA1DCB578377011311C46AF8945B099
S31502014FF02328037F445C605B897CC420598065B9A0
S31502015000CC8F3B920C10F0E777EFE20265250100A7
S31502015010EEB3AEA8CE6DA7244CF0E7F0C6FEE93B8F
S315020150206249E3759E576A861AE61D1E16EF4255B8
S31502015030D5BD5ACCF4FE122F40C7C0DFB222450AB3
S3150201504007A4C9407F6ED01068F6CF784114CFC647
S315020150509037A418257B605E1818DF6C8F1DB35834
S31502015060A25862C34FA7CF356E1DE6664FFFB3E165
S31502015070F7D5CD6CABAC675014CF96A51C432CA0CB
S3150201508000E4D3AE402DC4E3DB260F2E802645D2A3
S315020150906870459E13331F20519D03086B7F52FD95
S315020150A006007C016449B118A8A4252EB00E22D5AA
S315020150B07503466288BA7C398C0B0C96A67548DA5A
S315020150C0202F0EEF76D0685BD48F0B3DCF51FB07B5
S315020150D0D492E3A023168D42911495C82049F26217
S315020150E0A20C633FC807F005B8D4C9F5D245BB6F18
S315020150F045227AB56D9F6116FD08A301444A4F0800
S31502015100ACCAA576C31922A87DBCD14346DEB8DE58
S31502015110C638BD602D59811D384C2AECBED733D80D
S31502015120ED20CC0A8362912C8175DF92AA473AE976
S31502015130814A3C33A3672D70A1C8892F9A364A3A10
S315020151400DE88D7C1D7A136315A0ED788A00ACBC3F
S315020151503FB083B4A5B3B82CA1901BCBCB17E436D1
S315020151604E79117FAADDB33307C65B880808513F22
S315020151700D02A8E6C01D14244D9C47CF8C13DAF606
S3150201518049F8A50E3C45633EAAF92C6548E93E124B
S315020151906DC7EF5D925D742E5A6C1EB2C31681699C
S315020151A0BCE017BAC3A699B5A2400E07522CEB91E1
S315020151B0DC60FE841CB8C25924F26C03DEAD52884F
S315020151C090B3FFA3B292CF0DBF4BA6BF7159785AC6
S315020151D0FD244A6C36FE055F9DEEEF3F773CF7599B
S315020151E09D98CFC189EFF1B35F542EE042FB5DE397
S315020151F07CB4A1470B1266577D1583BDCC5D929196
S315020152009480CC225320A13CE4D6903F187FE52816
S315020152107B762EDECE14471AFFB7B6B80FBA20DB5D
S31502015220A11F5177B6C332B7892DF099C0512BA967
S31502015230F1A59C48AD75384FBCDDD0A918B1BC9813
S315020152402B80B408349E44EE04B1A6B82692088790
S315020152505D91C7459A345F68F1CC745CF8AC419BA9
S3150201526051522608813173B647B1AD11ED2AC9995A
S315020152700FB4EC340DD7477AF5A443CCCBC4A06066
S31502015280A9BE7736CA665C77EDF5F82F75A17AA1C4
S31502015290C0FD010E02D9DE1197181AC116396885A9
S315020152A008D006E5EFA4692D01BD64F67813AF397E
S315020152B0C6171536312194656DB6D3B490CFACC0FD
S315020152C0602E7361E59D05A7BAB0C670781F3D03CE
S315020152D0E446D926CD614158A27CD272A0B1F2BB75
S315020152E004C7DEFB593C39BF1EB862E2CEBB8DE96B
S315020152F089B529300BBDEE023757934D7A104520F9
S315020153002183E49BD8608367E40731E0DED6A0B946
S31502015310FEFEDD17E98F0245501A71A08976C12674
S31502015320201B1EDA3BA8ECFAA7175FDFD01EBF5679
S3150201533080F93BD49FBD881F86657273033C8F3A01
S315020153400BD5AEF2B4E7550436A1E2DFA2E234365A
S315020153500AC3956D127590105FAC0DA6568736611C
S3150201536057DCABEB6A2FE0177D0FCE4C2D3F197F31
S31502015370F0DCEC89774A2320E8C5857B9FB66587F1
S31502015380B2BA68D18B67F06F9B0F331D7CE7703A17
S315020153907C8EAFB0516D5F3A52B27871B60DD2764C
S315020153A060D11ED5F9341C077011E4B3204A2AF6DE
S315020153B066E3FF3C3582D67CB6FA87D85BA4E10B5D
S315020153C06E3B40BA326A842A00606EE9121092D9A3
S315020153D04309DC3B86C83828F3F4AC6860CD65A680
S315020153E0D3E3D73C182DD942D92560339D38595775
S315020153F0FFD82C2B3B25F03E3050464ACFB06BD11D
S31502015400AB77C515416B49FA9D41ABF48AAECF82A2
S315020154101228A806A6B8DC21FA84708A2C43424BCC
S3150201542045E5B9DFE3198A895DE4589C21009FBEEF
S31502015430D1EB6DA1CE77F11FCB7E44DB72C1F83B76
S31502015440BD2D28C61FC4CF5FFE15AA75C0FFAC804D
S31502015450F9A9E124E8C97007FDB5B5459AD961CF25
S3150201546024793A1BE9840986893E3E30190930E7D7
S315020154701E0B5041FD64F239CBF89E3E8A365A60C4
S31502015480154750A522C0E9E38F24245FB0483D5554
S31502015490E5267664CD16F413ACFD6E9ADD9F0242C3
S315020154A04149A534BECE12B97BF3BD87B9640F64F7
S315020154B0B4CA9885D3A471418C4CC999AA5827FAC2
S315020154C007B800B06F6F00239253DAADDD91D2FBBC
S315020154D0ABD14B57FA1482507F72636DD308140312
S315020154E033B5C7D7EF9A376A4BE2AECCC58FE1A97E
S315020154F0D3BE8F4F91352F331E52D7EE2A4D243FFD
S3150201550015962E4328903A8ED4169C2E77BA64E1CC
S31502015510D898EB47FA87C13B0CC286EA1501476D5B
S3150201552025D1466CCBB78A998801663AB53278D7C6
S3150201553003BA6F90CE810D45023945D82A4DAEF890
S315020155401D2DDBE88E0518701EC1D2C75F99B3AA5D
S3150201555079CACC24236DB153B5E0CAB2664D26236E
S315020155607665CAEB33EDBA7DC84AD2F0D6BE0E03D2
S31502015570105563F7787F882A4F2D015CE7B9232AF4
S31502015580EAF2E1CA5146970CCA705D677332B62FC9
S31502015590F50344860B25A70B21649C02FD180DBB5E
S315020155A0028F298921142DBC960E258BE6F8478395
S315020155B0C9712D03E82F9F7B9C6DF886935863DD95
S315020155C0A4853AE176916961577DAA4E9511512ECC
S315020155D0FBBD60FB571BC23280079E31CD2378D8B3
S315020155E0C5757789C1CFC4EFF7B30A9A12FB54483E
S315020155F071C33872419DC4126937E8FF33B5500948
S31502015600D16B1D8E1D1C862110E5021338D822F09E
S31502015610B4CA91630C2009254295798317A0B3096F
S315020156203FEED5AA8FD06D629F1470EBEEBC00BA25
S31502015630C944A4A046B22114C7A7248C8E3AA44A0F
S31502015640F55EF0D840F5C104DCB93E0B0C5EBAAD8D
S31502015650E39CA4484450B52AEC5D0F6F2627D22E4F
S315020156602408D55E41EE249815D468947CEC7B809F
S315020156703FE221B5E1BA9370FA3A5D1C63AC07DCED
S315020156806C8CDFF971516158B0E2739DD879A072C1
S315020156905DE1EAB4CEF40173412C72D659E709648D
S315020156A09B72BF72CFE174A669E5213CEB240ABC69
S315020156B023CBBA4ED2670139F69A7B2BBDB831D5C7
S315020156C0515BFC37350905506D5493C525CF2F2300
S315020156D0490FB42B1465A320ED41D97852D8CC6E6B
S315020156E043782FD283AE5422B7CDBF7B2ED022C5AB
S315020156F0E2E4F0BF51331E68454F03839DB5648BC7
S31502015700FB0EA21FF2718B2FE45065BA95942469A0
S315020157102B47D5458EF99E53755220A6A1B67B6EAF
S31502015720838E3C41D7214FAAB25C8FE855D1566F81
S31502015730E15B34A64B5DE22D3F74AE1C96D874D064
S31502015740ED631CEEF5186DF829EDF4E75BC5BD971F
S3150201575008B13A6679D2BA4CCD1FD7A02490D1802E
S31502015760F88A28FB0AC225C519643A5F4B97A3B189
S31502015770337200E2EFBC7F7D69CBCF0717B927ED04
S3150201578088F7D422D3EDF929658A1F74F08FBFB841
S315020157905250D30ABBCD467C0DB6EC70166BE39A1A
S315020157A0F8A50FFE4968A5EB755554E78560C8FD56
S315020157B0210B0355E9D65C39EE2A3AACBFA15A133D
S315020157C0312EC7296A4D5CC9DE520002E2F3C608D0
S315020157D08B6EB0200C55027901286B266A1EEFFAF0
S315020157E0169F73D5C4686C862C76031BBC2F8AF66A
S315020157F08D5AB7875E4375599490C2F3C55D7CCDC8
S31502015800AB05912A9AA281C758301C42361DC68021
S31502015810D7D4D8DC96D19C4F68377B6AD897921930
S31502015820637AD11A2458D0D0170C1C5CAD9C02BAEB
S3150201583007037A3884D0CD7C13D45E43288DC342C4
S31502015840C9CC783260F350BDEF03DA791AAB07BBE4
S3150201585055338CBEAE9795265324700A4C0EA1B9C8
S31502015860DE1B7DD56658A20FF7DA27CDB5D9B9FF6A
S31502015870FD332C4945292C57BE30CDD645C77FC7A6
S31502015880FBAEBAE3D3E8DFE40CDA5DAA30882CA2D8
S3150201589080CA5BC09854987F858CB217D63B0AD3CF
S315020158A0EA3B7739B777D3C5BF5C6A1E8CE7C6C6B2
S315020158B0C4B72A8BF7B8610D0045D90D5803FC29E7
S315020158C093ECBB6FA47AD2ECF8A7E2C25F150A1376
S315020158D0D5A106B71A156B41B036C1E9EFD7A8565D
S315020158E0204BE458CDE507BDABE0571BDA2FE6AFF7
S315020158F0D2E87742F72A1A19BB037A289993DFCF9E
S31502015900E027CBF2C87833CA88CECCED8F62DCFAB7
S315020159108F98BEE0BC56CA732185CCCA30CBEF0B39
S315020159201A977265405B44F4AD027D4C8D678181A5
S315020159302EBB30C9E48B167E78586474837240E8B4
S315020159404A5B7FD2591C09EC2ECC3976E4724D2F73
S31502015950161D51D43DB6D96785496FAB5B0950D542
S315020159601AAFBF4F5BCDF40440750C2AD12E8E9D22
S31502015970862221B2044EC22B149AE02F0BB6D40909
S315020159807E74B1DBAFF084C36EFDB57889EAE25865
S315020159900A9BE0B577F59E51A9CC2411D9D7631894
S315020159A08E708AB84581C07AF53170850973CD2B1F
S315020159B0E5FAB88A6E7A336216CAFF067FF1CE4BD2
S315020159C06AE12A69DBE106DEB0424F612D705307B7
S315020159D0D012925BB441605F73123A1B4E32ABD165
S315020159E040530581F17C94186E198CA967955D3B2C
S315020159F0681E2E802504A07F05278C027415537D0F
S31502015A00FE750DDB697D3180DD8D8CEFE8ACFF30F3
S31502015A1098E9C3B67BE99D7EBCBA500BD4EB1684DA
S31502015A20EE8B2028267208156DC3C1B9AF8F14A358
S31502015A305D7D2DD3ACDA070D8C31657D0EC0413209
S31502015A40E76DE8D0DCE5BEE6268CC0FBC22D8B11E4
S31502015A50C33D60FCA7040D68EBA35A694A41C2F92A
S31502015A60218FA6054C2CA4DA3E96937F98236C7C53
S31502015A70E354390CD38C0E2129BA6B3FAB757340B3
S31502015A802E481E99D8B6C39EE9925FE5820EC89941
S31502015A90E10A0CFBB6137C302C5F7AD2DA3CD6FBD8
S31502015AA0D706A18ABCC40FF030A4648E1A5CFB53DC
S31502015AB0852E1A0CE5ABEA04E7B58ACB21107524CB
S31502015AC0EB10505C494423FCA110564E7B711E5FBC
S31502015AD0D50C71C2185FDA449E9829C78062D446F2
S31502015AE0DDA56853D0FB934B895A76D1813FDF639B
S31502015AF023A2A0B964BDCE34EB4CF38A8702275E9A
S31502015B00AED646B909040B901285BDDAF7EB1265DA
S31502015B10818F258869B7D9614BD9B74913A7C5A61C
S31502015B204694EB2358D1F3A334484877D2FB1604A3
S31502015B302F81702C6F5ED46931143CC54BF716CE9A
S31502015B40DEED7220CE25972BE73EB2B56FC3B9B80B
S31502015B5008C95C0B450E2E7EFB0E464F432BE69F74
S31502015B60D60736A6D403D3DE24DAA0B70E2152F025
S31502015B70935B5400BE7D7E2330B40167ED7535011A
S31502015B8010FD0B9FE6941023227FE483150F3275D5
S31502015B90E35511B199A6AF711DB653399B6FCE6507
S31502015BA0E641A1AFEA3958C6FE59F7A9FD5F430F8F
S31502015BB08EC2B1C2E9421102D6503B471C3C42EAAF
S31502015BC010EF383B1F7AE85195BEC9B25FBF849B7D
S31502015BD01C9AF878BC1F73008018F84818C730E47D
S31502015BE019C1CE5E220C96BFE315BA6B83E0DAB613
S31502015BF00858E147336F4D4CC91F7DC1CFECF718E9
S31502015C00143C4051A6F5756CDF0CEEF72B71DEDB09
S31502015C10227AE4A7AADD3F1970198F98FCDD0C2FB1
S31502015C201BF5B9B02762916BBE769177C4B6C76E82
S31502015C30A89F8FA80095BF386F87E8373CC9D21F46
S31502015C402C46D1185A1EF6A27612243982F58050B4
S31502015C5069490DBF9EB96F6AEB550856BBC1466AC3
S31502015C609DF093F838BB1624C1AC718F37111DD73D
S31502015C70EA9618A31469F775C623E4B6B522B1EEFE
S31502015C808EFF86F210709D938C5DCF1D832AA9909B
S31502015C9010EBC5429FDA6F13D1BD05A3B1DF4CF9F3
S31502015CA0082CF89F9D4B360F8A58BBC3A5D8872A65
S31502015CB0BADCE80B51832102BBA05F30BD4F7A0EDD
S31502015CC0AD63C654E04C9D824838E32F83C321F469
S31502015CD0424CF61B0DC85A7984347CFC6E706EB345
S31502015CE061CFC1C3B4C9DF73E5C71C78C9791DEB9E
S31502015CF05C67AF7DDB9A4570B32BB49149DB911B8F
S31502015D00CADC024B23962657DC788C1FE59EDF9F61
S31502015D10D31FE28C8462E15F417C074DAE0A79E2D0
S31502015D20A36974DB7082938BA216BD8ADC32B66ECE
S31502015D30724B06AAEC14087289531195C7295C3174
S31502015D40CE742F8607E5E0D73274928521764A0C06
S31502015D50E4A1254A986CDE7210A36ABF53B59AAEC6
S31502015D601B6E6D80A9500A053951FFAD0374BB92B2
S31502015D708B61BE4576D294032C352868D95726986D
S31502015D802ED4A81C303080480DA0CD9FEC998E9759
S31502015D908E3477F08599B65647E22CD5FE3725879C
S31502015DA01050606FDBBB3FFB8B9F344B319E202132
S31502015DB03943961DB762910148343CE5418650D478
S31502015DC006D6EC54955CBC49E03A31A40CB9BD2621
S31502015DD03073B9DE78C9E125F4ED7E855122574D3E
S31502015DE0C5939EE1DD4E72E33570790B0E42718ADF
S31502015DF043E7AB8736833C3BA44535B2256439F587
S31502015E0096B2FB987EA2A71586DD6F63BC526CAB78
S31502015E10EE349341A895D97975DD9511A68E8ACD71
S31502015E202FA8D91DA8D804A5B67958A381CA0D549D
S31502015E308A6AC879A316DD60D3F2D0CBD101065F97
S31502015E407FBB32612F416E7387DE8D2332446083BD
S31502015E503C75C0F572523A1E1D6556ADB772318B4D
S31502015E6017D7AB3F7A1B5801E4F64D42F64DC92DC1
S31502015E704F28292C5D6E37309CA55981A78D91D269
S31502015E80F313073FD91CDC6B9065CD4A937A5F56B3
S31502015E9028C1B44CECACDA53815AE949DB54A2E786
S31502015EA073ADB008D0D5925107FC0AD0B1E5204DA9
S31502015EB0385FF22C01F8555D7C931180841E65CA08
S31502015EC0281AF46E6EC4B0C6528D3F5FA71B02B785
S31502015ED0FDB9D7EA99FF9D114D1DB3F4CBDFEA4314
S31502015EE092881411743F50C6173B0D06C568EEFE23
S31502015EF0C80A4ADDB393923244FC79B730DA2B0EE3
S31502015F00F86D0F42B76D66F5862219F5D970758E51
S31502015F1006F2483F6EF0C75F9478AFD2A44B104F9A
S31502015F200C598DF5DD60D5E25C3B89430E315E9CF1
S31502015F307D48FE3FAE8D0B5AFEAB3E53BD23FB6839
S31502015F408F3EF56DBC5BA67C4A7DA60143F032C944
S31502015F50F6397C670B97344D1A9694E14F21594EC7
S31502015F604FCD710DC77DBE492DF2503BD2CF009365
S31502015F70327291FC46D4894708B27C5D2D85792817
S31502015F80E7F27D6870DDDEB891786821ABFF0BDC44
S31502015F9035AA7D6743C0442B8EB74E07AB871C1AC1
S31502015FA067F4DA998ED1C6FA67904F48CDBBAC3EFB
S31502015FB0E4A4B92BEF2EC560F18BFD3BBC895D0BC9
S31502015FC01A55F3C937926BB0F52830D5B0164C0E77
S31502015FD0ABCACF2C319CBC10116DAE7CC2C52B70E5
S31502015FE0AB8CA4549B69C744B22E49BA5640BCEF46
S31502015FF06D67B6D94872D7705BA0C23E4BE88AAAD2
S31502016000E08117EDF49E6998D1858E70E413457986
S3150201601013F476A9D35B75630EEC6F9F5094616599
S315020160208D51C646A97E2EEE5C9BE067F3C133977E
S315020160309584946363AC0F2E137EEDB87D96D4914D
S315020160407A8176D70A2F25746425850DE08209E4C3
S31502016050E53CA5163861B83264CD48E4BEF7E77966
S31502016060D0867808673AC86A2EDBE4A0D9D49FF8AD
S31502016070414F5A735C217941C367DE3217EDA8B1EC
S3150201608048491B461894B43CD2BCCF764343BD8ED5
S315020160900880181E873EEE0F6B5CF8F52A0CF84154
S315020160A09467FA04C3847268AD1BBAA399DF458962
S315020160B0165DEBFFF92A1D0DDF1E6232A18ADAA9EE
S315020160C079652259A122B83093C19AA77B19044056
S315020160D0761D531897D7AC166AC62BE5285DF15B78
S315020160E08E1AF07018E3472CDD8BC206BCAF192459
S315020160F03A176B25EBDE252D943A0C68F1809FA2A7
S31502016100E6E7E91A157EF7717379014858F100112C
S31502016110DD8DB316B3A44A05B87C26198D46C8DFB0
S31502016120AF4DE5669C78280B17EC6E662A1DEB2AA5
S3150201613060A77DABA61046133FB2597CC25EF5CA73
S31502016140F2044D153EEDAE99F44141E1721D4468EA
S31502016150A2A03239134503143C8C02DCE03014D977
S3150201616071C71752A855B90EFAA1992CEDE1094B3F
S315020161703C746ABDF21A88423DAD5CAB9AC6FE7B9F
S31502016180ADCFB24CD38C3EC2A2D637FB4BD15D68A2
S31502016190187A671544D6D60AB5EC7B419E431A781E
S315020161A066020ED18C93C54A24AC92061185A35D73
S315020161B03312E3ADA265B0119F7E92472889147905
S315020161C077A80A37EFD6DA3303271211FA248F1F7B
S315020161D09295DF2A2FAC655246B3FC9A30DD5F40B9
S315020161E0543FE628443D72D9AEAA655FF01DC094BC
S315020161F009084CE13ADCE44317A538A9F1C712BCF8
S31502016200E1B28031AB2830474A25CDFB1E57783F94
S315020162100FF9F66F4234E574A3C6C2ADC37A6FEACB
S31502016220947C71E9F628E9D0F5EA45D6EA79D3E212
S31502016230BEFB1FC58587DD4698885C37BE0198700F
S315020162404883FDE3B5DA064B14072327ED0C88755F
S31502016250424C2FDD8F46092B96CB01B7EE49C797E4
S31502016260C369A3B6D438F483D92C409A8B2B966290
S315020162707BDF889850C776692AA0FF826594975B6F
S3150201628049F5A8FE516A09DA9BAF775F375163A0D8
S31502016290761E1D2061DECF1BA2596A2490544A4AFA
S315020162A090DD7FE8DEBD3ED6FA71230D677C43D9C8
S315020162B0D68E0FD30873E869674A6DD01108423D3D
S315020162C0E3FFE0908504FCBEDE7B48BDB7C670F8ED
S315020162D028FA9A3116732A6EABA8943E8C772496C5
S315020162E0EC8BA7E9CEF3D60A4F3C740D81C78A948B
S315020162F0CCFCECAA357962769F9AD5D624ACA856FF
S3150201630006F096303E75DBC899524C8FE6417F47BF
S315020163101461C8F61C858D58FEB0F68DC78E1351D1
S315020163201BF575E589DA9753B9F17A711D7A200958
S3150201633050D6202BBAFD022115F5D177E7652ACD74
S31502016340F160AA8F87918954E506BCDABC3BB7B1E5
S31502016350FBC97CA9CB784865A1E65C0505E49E9656
S3150201636029AD511268A7BC3615A47DAA17F51A3AAA
S31502016370BAB2EC29DB25D70AA99516F1ED2DC47C13
S31502016380CC6A2EBF115AD917A35F106B614A758B5E
S31502016390DFB5B75BBA7CDB255EC2B6E998E9B0B078
S315020163A09D5A135C062070058E78D44E926F208119
S315020163B06B74713AF7B82C784274C6D6D0E351841D
S315020163C061A6B0E9AFEF99E95FD3FCF31062A38549
S315020163D0F1B01410364C3C5E57244E83B16742DC51
S315020163E0C51BCE70B54475B6D75ED1F70B7AF01AD6
S315020163F05036A071FBCFEF4A856F059B0CBCC7FED9
S31502016400D7FFF5E768527D53FAAE124362C6AF77FC
S31502016410D99F3902535F674F1E17150436362DC3AE
S315020164203B48988911EF2BCD105194D0AD6E0A8756
S315020164306165A8A272BBCC0B9BD2DF941513F597AB
S315020164406A4C3F315D98556110504508073FA1EBF3
S3150201645022D3D2B808266B679375530F0D7B712130
S315020164604C061E130B694E919FE02A75AE87B61B29
S315020164706E3C429BA7F30B42472B5B1C65BA3881E4
S31502016480801B1B31ECB67186B03531BCB10CFF7B7A
S31502016490E0F10C9CFA2F5D740934374364317A15A5
S315020164A0D981AAF4EEB7B8FA0648A6F5E6FE93B084
S315020164B0B6A77F705436772E81F95D4EE10262AA44
S315020164C0F5E1155017590DA26C1DE2BAD375A21842
S315020164D0530260018A614305C1234C97F4BDEA0D5B
S315020164E09346CE9D250A6FAA2CBA9AA2B82C2004ED
S315020164F00D96072D3643144BC013C11CB33E265DC0
S315020165008430C216B8BEDECCD0559080F5F5EB06C6
S31502016510AE3B389614ACC6758098F006F60FC1E408
S3150201652011384ADDA9D1005C4F7458A6A6EAE7459F
S31502016530EE63E9528DDFCA53374A6E183F345B82E6
S315020165406561CBF824D87A76DA4B987B292EB10984
S315020165504DCB4C21FF4D6D03EC2C2453F737B84735
S31502016560F21242C08CC46D25C528D9E1FBFB22E299
S31502016570072C8AAD5B29EA485E71C5573F1C9B29E8
S31502016580906D686B9E92CB96B35A23476480043012
S31502016590E19F4DA4245C432C3F83F8807CC9070606
S315020165A05BEC25CA7815850E6FBB1E160B45F75493
S315020165B00EF8DEA09247CB7B5936C72BD0E38784F0
S315020165C0DF7999054584AF4BBF6FADDC5A977CD114
S315020165D0B696FCDE0B9F3657C2245204A0D0EC1CA1
S315020165E05239E5691B1B7F7581F68952927A5B776F
S315020165F04861731620C66C1B988663750199A9F1C9
S31502016600D360AAEEBED13D3588A49B4C33719484E6
S3150201661011E3AD43686EFA63AD6984BF9EB7F6E1D5
S31502016620353166E2041080151B1874AF3083499A1E
S315020166303C679B044F50A23BFD21037676E86C9A98
S31502016640D83AB69E10B5E27F9205C88AAED4E70063
S315020166503A726FBB7A6BD873B65ABA6D60B5520B82
S31502016660ABEDB1BB0F4F13A935A6049B0D52A93051
S31502016670DBE57379F3B81368CA63CD19B36B9EF57B
S315020166803968D02192150C67B6CA50215B566DB096
S31502016690A3124F109D19FB2075A71BB6AEBFC712D9
S315020166A0FDBF63E21F624EB8CF0D845CC3A5470BE3
S315020166B03486AFCC0BBE837E20C1996DEE3D9461CB
S315020166C0E09F0B462E1F10868D59E88E51F1B26B53
S315020166D0CC75C4FC8962B776D38D73C501E7DADB63
S315020166E0EE1B6FB235F6C6F9F45EF142806AE961D4
S315020166F0D8A460AF1FD1A13A74CC6C72FA6DFD14A5
S3150201670065B9532FFE4C083BB4C8A252F5E43AF3DD
S315020167106A16400D7AB0AA5925AC5E924CECBC774A
S31502016720387713608471481851F4A9FE3743375BF1
S3150201673046AAE6C88EE765187A1F6EB6C7B7C4CCF5
S315020167407E2F0CF5257E15441CAF3E71FC6DF03E85
S31502016750F763DA5267442F58CB9C521CE9547C9654
S31502016760FB35C6649226F63065191278F4AF4727CF
S315020167705C6FF6EA18840317E44C3220D37B31C6E8
S31502016780C48B48A4E84210A864135A4E8BF11EB278
S31502016790C98DA2CD4B1C2A0C47041F6FD0C74DD2FF
S315020167A059C087DB3E9E26B28FD2B2FB72025BD103
S315020167B07748F6C6D18B557C4569BD694881C4EDDA
S315020167C0228D1CBE7D906D0DABC55CD512D23BC62A
S315020167D083DC14A3309B6A5A3D4696D32415ECD02A
S315020167E0F0245AC38A62BB12A45FBC1C793A0CA577
S315020167F0C3AFFB0ACAA50404D643A70A07401F8CE6
S31502016800E85E265BCBD0BACCDED28F666B044B57E1
S315020168103396DDCAFD5B3946D16F412A1B9EBC62A6
S315020168208B5950E328F7C6B567695D3DD83F3404F5
S3150201683098EEF8E7167552399C9A5D1A2DDB7F118F
S315020168402A5C00D1BC45779CEA6FD554F1BED4EFE0
S3150201685016D022E8299A5776172AC0497E8EB6455E
S315020168607FA3A9BCA251CD231B4C22EC115FD63EBC
S31502016870B1BD059EDC84A343F234B45213B53C3355
S31502016880E180DE93492832D8CE350D75872851B578
S31502016890C177272ABB14C50245B6F18BDAD54B68F7
S315020168A0534BB5F67ED38BFB53D2B0A9D7163931EA
S315020168B059805461099260110A3BA761AC68E2F002
S315020168C0F5A5913710FAFAF2E9006D6B823EE1C144
S315020168D0428FD76FE97EFA602BD74DBDBECEFE94AD
S315020168E011220F06DA4F6AF4FFD1C8C077594A124C
S315020168F0959200FBB8045370C66E294D351D3DB6FF
S31502016900D831AD5F3E05C3F3EC42BDB48C950B673E
S31502016910FD5363A10C8E3921EFD2A78DCAB26A212A
S315020169202728F499DDD96A36753CDD4F00B964AE84
S31502016930629E90535B393A409A7E1B8616FCC58647
S3150201694051C4276A4730A3F69735E9A167726601F2
S31502016950EBDF8260CDB9FF0539613FF59FFA17A6D4
S31502016960B66CE613E5B5F260A48A44B3EFBEA8D7C6
S3150201697092A15E6F8532297AEE192DCB073FC3DAD2
S3150201698026A1C47758EEF7E14662143944FAA7E123
S31502016990A9149BFD417AF04D443288FF1E48A8880E
S315020169A01DFD2176C7E759A4B27489D494D544FB57
S315020169B0C0755BB395AA127CEA374009C046546199
S315020169C02624D4A61EB1F02E59CA25141846479676
S315020169D0CE95DB233682F54288E82DB061D7390B95
S315020169E01F4E41D27E0E555F40A9E12258A4BFA691
S315020169F0997B44FD7D2F0A050293637948449CB82D
S31502016A002C7FC65093F1E44AC6F91AC8A85DB3F0C1
S31502016A10171087463500D03977DB50A6333B7C43C6
S31502016A20B22BC5BA1DE8AF6B18D3B72D2D4099FE0F
S31502016A30CEA62B37EC7E5B2B3DC1540351AFA7F299
S31502016A40602B37AA45B1A0D770D4A3056AB96928C4
S31502016A50730146822DE4286524B51ED71455269561
S31502016A609345F15D81D803E6B7E64D0D41DF7C140E
S31502016A7050C8370473B1935226F2CC4B81E0D0232E
S31502016A8093FB9681CD45C7925B1E54596C79618BF6
S31502016A9078F921C0F04DA44072930351111DA9D575
S31502016AA0DE26CA99B777D32E6B6B36FDAC0272A17D
S31502016AB0951990D61B293007D662231859A840BBCF
S31502016AC0BB1A4D8A77559FB9F659857527B4188D24
S31502016AD05A23264DE70FC226F522CCE99F1D8D6466
S31502016AE07C57DD281956BC66D139246521EDD34779
S31502016AF0498BAFEDAC71D2491DFBCCF664FC824EDB
S31502016B0026BA1BB7B4C9AA2A6BA7AFCBDB89A08762
S31502016B106DDDDBD80791BE6C5CB970AC0FD020FF7E
S31502016B2050E1DA59C74F00BD145340BE24D1050FB7
S31502016B303332F5A9632031238A880A0A1B189F7A00
S31502016B400321571D9E90041ACF6AFD5391C20DD49B
S31502016B505C3B6B388F382C17F3332B388A05F58952
S31502016B60B4C048AD0BBAE25A6EB33DA503B5938FD5
S31502016B70E632A2959DEDA35A0156B7B4F9AA982712
S31502016B8072AD8D5C1372AC5E23A0B76161AACED2DF
S31502016B904E7D8FE984B2BF1B6165D9C7E977676507
S31502016BA03680C77254122BCBEE6E50D999320565D7
S31502016BB0CC57895E4EE1074A99F90D98CB12E44EFC
S31502016BC071C76E3C6FD715A3FD775C92DEEDA5BB4F
S31502016BD00234311D39AC0B3F9BA477C4CD580B242B
S31502016BE017F04764DEDA38FDAD6AC8A7328D92190D
S31502016BF081A0AF84ED7AAF50E55BF61501DE4F6EEB
S31502016C00B209612121269829D9D6AD0B81050278CF
S31502016C1006D0EBBA16A321196D70E085859AF31F8A
S31502016C203339E7B3D8A5D0363B458F71E1F2B94383
S31502016C307CA9274808EAD1574B038460BEEEDE6B76
S31502016C4054B80F78B6C2993195062DB6AB763397FD
S31502016C50907D648BC980316E71B028A1E7B67AEE58
S31502016C60AA8BA8936D59C1A4306121B282DEB4F711
S31502016C7018BD97DD9D993E36F40D30DA513A90E30F
S31502016C80B05AA93D236439848064350B2DF13CED5C
S31502016C9094718184F6778C034542D5A280EDC9F3BE
S31502016CA05239F677788BA00A755408D163AC6DD741
S31502016CB06B63709415FBF41EEC7B165BE65E4E85E8
S31502016CC0C2CDD096420A59599921109834DFB2722F
S31502016CD056FF0B4A2AE95E579C0C3F45DE1A43C30F
S31502016CE09B3B70FF5E04F5E93D7B84EDC97AD9FCD5
S31502016CF0C6F4581CC2E60E4BEA68E6607639AC97D2
S31502016D0097B43A15FEBB199B9FA7EC34B579B14CE2
S31502016D1057AE31A19FC05161965DF0FD0D5CF53A0A
S31502016D207AEEB42AE02E26DD0917171287BBB211B5
S31502016D300B030F80FA24EF1F09666C6B3A1296B4A5
S31502016D403859AB8085FE50A75F7AC2B739BF71F455
S31502016D503C19AC77CE037950206216906AA691FF50
S31502016D6009E0F15BAE5225F27CDF907FD885FF7D8B
S31502016D70B96F730CFE0F624F343EDEDF650DF962A9
S31502016D80AD5FFAB992C528CF104516C6F96EC899F4
S31502016D90846C254A0448D4256FB1E9C70E2368BD20
S31502016DA05D79C5C1C1B9B10EFFB1B695C4C8437902
S31502016DB05ECFBA0B62AF9F2F552B02C915447C2CAD
S31502016DC0FEB12E8141D2A0560D5EB6D7C9A12EF0D3
S31502016DD0263B32D52F518041DBA5488A693EFFA465
S31502016DE03B4095BD06386ABA5DB6D547AFE17C9F91
S31502016DF0FBD23959E587E01596145C744375201266
S31502016E000C6138DAFD3CFFDA4FC3712C2797E7E4B0
S31502016E10E9EDBD34197BC039383F96FB6E1894886B
S31502016E20D59B63DC800EA048991C6CE92B09E8A46A
S31502016E30613657CA547D095A55E7C9172B89452D1B
S31502016E40F88D308972FD33D0D98B5B52D9E92F6C1B
S31502016E5079C01CC1F1ECDB2ED2A015C7E3A416162C
S31502016E604D1D34F8B03C6253CB99E8C72953EF96CE
S31502016E70A6BA68A6BB8D4E3D5FA287D0DD0F0FEE87
S31502016E80EE343E5C5531759CB53AAB8F2E570C6686
S31502016E90B2D34C5444FC540819ADED55C5A0EB616F
S31502016EA0E63DA8F0FE33B524F8A5BA832804773B5C
S31502016EB08D7EA498B8828F6712D9067C5A4341689F
S31502016EC00B833FBB213C12CA78E2CBB1277BB3D4F9
S31502016ED046506FC7843B751D4CE93733F73BC5B046
S31502016EE0154FE1117E69B57C50C73019ACAB844BA5
S31502016EF0680464E0BF4ADD28449FCB444CB6C07D9A
S31502016F00BF5D92E3ACE1A318C457042D8634307AEF
S31502016F102E890C8AF78B494C9631A71AFB53D63721
S31502016F201864D73F3095940FB2173AFB090B20AD7F
S31502016F303E61C82F29494D54866B9730F5AFD2224F
S31502016F400446D2C206B8908DE5BAE54D6C89A1DC3C
S31502016F50170C34C8E65F0028888652349FBAEF6A56
S31502016F60A17D102594FF1B5C364BD966CDBB5BF721
S31502016F70FA6D310F9372E472D36C30DFCD36116E36
S31502016F804341A308E002DEA424B46A4245C64E2266
S31502016F904ACE770D2160D674049369029CEEF44FB2
S31502016FA04FC8F3324EBD9BF4E20FE8D4E386060FD7
S31502016FB04C81A2852BCF531946689A030A4631663C
S31502016FC061809B2FA02048A0D6C02F06A05C359DCC
S31502016FD0142E839148051E584F0881978C209526B9
S31502016FE0E10E45230B2A50B102DEEF03A6AE9DFD4B
S31502016FF04CA333278C2E9D5A27762AD335F6F307CF
S31502017000F066655F864DAA7A5044D02897E7853C9B
S315020170103864E00F007FEE1FE5F7DB03DA055376EE
S31502017020BDCD341449F2DAA4EC884AD2CDD54A7BD5
S31502017030430504EE5140F9004AA3CBBCA653D280C4
S315020170409B213838A1C3613E96E3829801B6C3906B
S315020170506FE60E5D77053D1C59C06B21406FA8CDC9
S315020170607ED8BC121D23BB1F9009C7179E6A95B411
S31502017070552ED1663B0C75381AE5229440F12E69DC
S3150201708071F65D2B3CC7C0CB29E04C74E74F012159
S315020170907C4830D3C7E221065149143B4B2B50574A
S315020170A0B3BC4B446BFF678EDB8563162769BDB89C
S315020170B0C89592E3316F181355A4BE2BAB4731899C
S315020170C0299107924FA2538CA7F730BE48F9494B33
S315020170D03DD44F6E0890E9122EBBDF7FB3960CF1B9
S315020170E0F9EA1C125E939A9F3F985B3AC43611DF06
S315020170F0AF993E5DF0E3B27700CBC2DA124A655A26
S31502017100611454FF40AE0C9575CBBA9ACAC404F306
S31502017110B6714C6A697881531A82E87E284F6C905F
S315020171209D724797792B6A8E3EF50FE1308A11C21D
S31502017130B2B9A09DE4CFA32B494EFA783128FF209C
S31502017140FA3298AFEDF53A224DC8A59307DEDAEB8E
S31502017150A21F631B8AAC1F385726F19C87750DFD4A
S31502017160290E3AE594EF2FE8E74BBB5BF0A734CC47
S31502017170A2380CA57211250B9BD25CCC8FF43295E9
S315020171807136CEA3BE51A82B41291251A0CADA32B9
S31502017190F2040035D9998D47C002BB9048D95A1DD0
S315020171A01551C20EB108E2500217F24E89226AA2A5
S315020171B00548523B3423C94DB686800F408C82E383
S315020171C0C80D9F97F7E6773FB42CF44D30DEF67E75
S315020171D084D7ABB67C79655275496CF3EBE3D33A46
S315020171E025218637A5255DD716A525A03D9473E8E9
S315020171F047C811C4B47CBC6B560DA5D4D19C6F3C57
S315020172007EABFEC6774024B62E97803548BFF96F0E
S31502017210FBAC32B3835837009D24C91C2B81B6A21D
S31502017220581F2121EE6E8662CE0EF15DB8C5B52CD0
S3150201723000AE63E259B2A603B605E5E209298D0D50
S31502017240301229C0AB78CA982723B1A96955EF77BD
S31502017250479B43817B89777CB51C33DEE2B5C1F15D
S3150201726020A4FC158E5D9F5AB132D97BF138A49FB9
S31502017270E746611CF01B382A16D2DD66529FC06FA3
S315020172804870E3C8A760E5DCFD62DFA29D9365EC69
S3150201729092D12EE5E79A867AD463E4871D9B4078DC
S315020172A09D63FBCD5AA94DAD9C9B2555377728EC9D
S315020172B0AB3012C3E906C869223FBB1474F5487B99
S315020172C088CCDCAEE4CEC768BE80ED7961932FED42
S315020172D04BBC775F880BD725DB2D3CB7F42A72149A
S315020172E00D06055A5F0C47BC2EB08125AC3E9400B3
S315020172F08F9C491F3B4B430E33A20613DEE6CD029A
S31502017300C78E6F11A2525A7B5B3B16C1F481C6E14D
S315020173104326D36006351D24C752BC0E4D40E46B8D
S31502017320F591A7B13B2346AE2BB45DD20E17EC2ADB
S3150201733094D6456696FD8D1DDEC42E9CC5A96F2980
S31502017340CBF3844FBF618BBC08F9A817D906771C0A
S315020173505D25D37AFC95B763A4B0DD129C6398D5FB
S315020173606B8624C0309FD1A560E4FC58032F7CD1E3
S315020173708A5E092E1595A107C85F9E38028F36A827
S315020173803BE48DCF023B4390432641C55DFDA1AF50
S3150201739037012F033DE88F3E94A27005B9158B2F55
S315020173A0494508677042F29484FDBB61E15A1CDECD
S315020173B00740AC7F793BBA753CD1EFE88D4C70083A
S315020173C03137E0338E1AC5DFE3CD6012A55D9DA587
S315020173D0868C25A69908D62296D1CD70C0DB396254
S315020173E09A8A7D6C8B8AFE60601240EBBC4788B339
S315020173F05E9E77877BD004099C91BADDD41FCEB4F9
S31502017400AA8D4CC73EDB31CF51CC86AD63CC632C02
S3150201741007DE1DBC3F14E243B940F948662D32F43A
S31502017420390C2DBD0C2F950631F981A0AD97761633
S315020174306C2AF7BACEAA4062A095A25B9C7434F874
S315020174405AD237CA5B7C94D66A31C9E7A73BF16641
S31502017450AC0CB48D23AFBD56EB3335F5E3B92A3601
S31502017460403DB96ED568853372555A1D52140E9E2A
S31502017470181374836DA8241DB23B9DC16CD31013DE
S31502017480B9862362B76B2A065C4FA1D791859B7C8D
S3150201749054571E7E5031AA031FCED4FF4876ECF410
S315020174A01C8CAC54F0EA45E07C35091D8225D28854
S315020174B05948EB9ADC61B243F9E5C49EED25654272
S315020174C00333901601DA5E0EDCCAE5CBF2A7B1727E
S315020174D0405FEB14CD7B3829408149F1A76E3C21EF
S315020174E054482B39F87E1E7CBACE29568CC3882481
S315020174F0BBC58C0DE5AA6510570D20DF25452C1C51
S315020175004A67CABFD62D3B5C304083E1B1E7070A21
S3150201751016E71C4FE698A16997D6A9EF13D6FC7A0E
S315020175205979061CA45AC40C96DAFAC104E16FA56C
S315020175306503E47204B7733A34472D9E6BE5267BE5
S315020175407516C6812B13C7C47FDE9CEC25955CEFAD
S31502017550AD4317E7160BC839686C821B0D6E190FFE
S31502017560DBE36049E2F01FF76C43B7237016136140
S315020175708272DA7758EAF00CEFB4164D3FDA331419
S3150201758099F857E2F8533D7C48AC5C6F0EF5C92F6A
S315020175905C744728E415827B14949654297B87B43C
S315020175A02FF404605413347DAC008E4A8E13EFC659
S315020175B05F214AEEAC5CF36DB2B8F0EF5A7B126E04
S315020175C0B82959F36E66AE0D551C426DBCF52C50A9
S315020175D07C1245D8B0BB6667BDCCD4DDA4806C19DC
S315020175E09DDDF2955DF5E6221BC7D640C7335EC720
S315020175F02F043CCB7912B57B5A94A63BD4CE32E307
S315020176005DC081E861130BDE3BED675E090FD41A9B
S315020176105D3DC6B8DAACA85D9F15703A4A66B6C436
S31502017620144E900A0F4F1976136C09A4394C61A5B1
S31502017630EDEC9F9750FFD06CF9F7BFD1DACB3D4EF7
S3150201764017576420828E11C9569D180FBCCECCBA2B
S31502017650687646D4E922481B2CD5BC68BDF2BE33F6
S31502017660F22E4869B0DB49C6EE1ACB410CEEB6B52D
S31502017670E5A71202274D295C813756257F0A36ABCB
S3150201768058790F488A221225E3B4146127055DC78A
S315020176902AFE76D925962D229DBC7C34C813AB468B
S315020176A08323C199D4E84938C94AD6874031EA4C7D
S315020176B0E79EA2B13441351F179DCB6E7B730E96A1
S315020176C0E1EA7CD64849F2FA891B5ED5B4A9E737C5
S315020176D0EB596CB43C17B75CF0ABB7828BE6894ABF
S315020176E0B9B7A69B27D91CF46F878DE110C2E6169E
S315020176F0C6091B7F0FDBAC7CCBF83B3D3BAA9F3C0B
S31502017700F93ECE857BA3BD921D8A1297FD362402D0
S315020177107DE296E93CB8057EA64DA74E2E7510551B
S3150201772022EC93F4756C5808F489E49A10C5F9A20F
S315020177308FFCE6EF56EC2C1302376F52BBD3931331
S31502017740C8C4414311276DA300C3517F05D46FEC11
S31502017750A1B7632AE561273ABC781AD9E0B26290E9
S31502017760679650C89C88C947B8705040664AF59DCD
S31502017770BFA19324A9E66973EDCAC5DC344401E1CC
S3150201778033FB843C965DED47E7A086ED7695017065
S31502017790E4F967D27B69B22564689813FB3F679D5A
S315020177A0B8C75D41D9FBA53C5E3B27DF3BCC4EE02A
S315020177B0D24C4EB53D68201497D19D241EBD78B496
S315020177C002C1585E00350C625CACBACC2FD302FB07
S315020177D02DA708F5EB3BB660D05ACCC16FBBEE3490
S315020177E08BAC4696E90C1B6A53DE6BA649DAB0D31B
S315020177F0C181D061413BE8314F2B069E12C7E89702
S31502017800D80A32294F8FE4493F68186F4BE1EC5B86
S315020178101703552DB61ECF55B9E1B35A465D3A4205
S31502017820613FF1C787C113FCB6B9B5EC6436F819E5
S3150201783007B637A6930CF86680D08B5D6AFBDCC46B
S3150201784042481A57ECC4EBDE6553E5B883E8B2D475
S3150201785027B8E5C87DC8BD5011E1DF6E83376D607B
S31502017860D9AB11F0153E3532963BB725C33AB06412
S31502017870AED55F724464D51D19FEFF2A035D74F20B
S3150201788066DB247F493C9F0CEF9885BAE3D398BC0B
S3150201789014531D9A677C4C2298D31DAB299E665DB3
S315020178A03B9E2D34581692FCCD7359F3FD1D855519
S315020178B0F60A9525C3419A50E925F9A6DC6EC0BDA3
S315020178C0331F1B64F4F33E79893E839D8012EC8259
S315020178D08913A12823F0BF059DDB89170C088E3970
S315020178E0F578E7F3252060A75D03BD064C8998FA72
S315020178F0BE66A925DC036A104095B613E847DBE5A7
S31502017900E11026433B2A5DF376127838E9261FAC4D
S3150201791069CBA0A08CDBD429D0533333AF0AADD9BE
S31502017920E509D3ACA59D6638F0F788C88A65573C48
S31502017930FABE2C05518AB34AE9C02443EECBDADFFB
S31502017940B75B953F884244059F6031EAA8AAF7DEF4
S31502017950FF7C284206E7AE6854E09D80E8E28FF696
S31502017960D1BA829C6A09BCE345BFAD0AD453630707
S315020179709E95A1DEB51F9B7B0CCC7174F1C81CF0E0
S31502017980BB829057372E24955F6BE4D3936077279A
S31502017990FB85BD285AD5132DDAB8355B06D2C5FA51
S315020179A0B74B62859A8ADAA80FCD213D91CAD2CC0C
S315020179B0580DF98BEE41836B527AEE7ACE9C01BF5A
S315020179C0D3EA54E4B6D2DEA819BBA8870B9F613C61
S315020179D0D8160956D7B51936B2C482026BF2793571
S315020179E0AEEFAF4FF292D564C0C7C8287BEDCDB7D3
S315020179F0D7A873716B7B926A56466E984FB26D1F0A
S31502017A005B10E9D12EC0211075A3C02CFF3FFFF8F0
S31502017A109225C8C6F86B2A1DEB88CE3E8640708D2C
S31502017A208CC0EE80A907E3F0DA8F780D615022ACA3
S31502017A308D470D3AA4926D05A1A53DFC96A1051BA4
S31502017A40D09EB543C2A8D7771879D197623DDA0697
S31502017A50F75323F194B4FB66B80F5CD8B9501A7583
S31502017A607B09CF8B25DCAFD169A90983A3A6162F82
S31502017A705906B0E59EFFDD14D60923F19609D7D63C
S31502017A8039D5C3E98523FBDB112455F7B002D64666
S31502017A900C3E8457050B0A27CC2B86A74006FF61AD
S31502017AA0FEAB115F9AC0CA81BB2AD15504834790A6
S31502017AB073E85A94E1BDA4199146146335E984DC4D
S31502017AC0F4231FD6A0E82F63D5A8A9120680AA4CD3
S31502017AD0D318990EFADBF948F8858A3A33B394D565
S31502017AE0587D8DE78976A34E1F358E5E459FBF73FE
S31502017AF0B4EB41BCD2D70755FC7295290329EB1C7D
S31502017B00EED00295A2CA8C7C7BE6CC1134A4BF913D
S31502017B10E731A8641948845793D56867252B7CDA1F
S31502017B2013CA224457C0C1981DCE0ACAD50BA8F161
S31502017B3090A688C0ADD1CD299CC0DD5FEFD1CFD64D
S31502017B40CE5D57F7FD3E2BE8C23416205D6BD52577
S31502017B509B2BED04BBC6413048E156D9F9F2F20F2F
S31502017B602E6B359F7597E7AD5C026C5FBB98461A23
S31502017B707B9A041468BD4B10C3F9B59D0D765BC3A0
S31502017B802151BACA700C5964094CF741938A8D4541
S31502017B90887426ECA56250746FDD43C5D852733BD7
S31502017BA0F77A9A4E62166CE99CFBCCAB27DA167908
S31502017BB03316F98253A6166D41FCCF1E0C986E310F
S31502017BC0069FD4E0C7ABB4C7618E7CC847C2D59FB6
S31502017BD0B55DB5AC5A6AD77767EDF16831FDF051FB
S31502017BE0C23B6FD8CD1D812CDEF2D204435CDC444C
S31502017BF049712A0957CCE85B63F17FD65F9A5DA981
S31502017C008156C74C9DE62BE957F220DE4C02F8B7A6
S31502017C10F52D07FB202A4F2079B0EB303D3B14C8E6
S31502017C20302E65BD5A158975315C6D8F313C3C65C7
S31502017C301F1679C217FB70254AFA6283AB20FFCD64
S31502017C406E3E1AE2D418E1572BE639FC179617E372
S31502017C50FD6917BCEF539A0DCE10F4044EC35803B7
S31502017C6085066E275A5B13B62115B9EBC770965D69
S31502017C709C88DB21F354D604D5B5BDDD16C17D5EE4
S31502017C802DDDA58DB6DE542992A234331708B61C12
S31502017C90D71A9918264F7A4A73F7D2C3741FD2E9B3
S31502017CA04568C425415450C1339EB9F9E85C4E6218
S31502017CB06C18CDC5AAE4C511194ABB14D4DBC4DDBF
S31502017CC08E4F42983CBCB2196971CA36D79FA848F1
S31502017CD090BD19F00E32650FC6E0FDCAB1D186D448
S31502017CE081513B16E3E63F4F9A93F2FA0DAFA8593B
S31502017CF02A0733ECBDC7AB4CE29D0EA80B8BA2ED56
S31502017D0006891195FC0510603CD37B419F713CA607
S31502017D102325C396D8762263B9662AAE733A3EE321
S31502017D208216D0BCDF2668B0B33F8F4B7F7AC3F889
S31502017D3073D8ADB4F93ED224080D965FAF1FC721A1
S31502017D4005E274D86A3856096F4345BD5E403F83E2
S31502017D50EFD0190B72BAA22528742F53FBA8FA1673
S31502017D6072E2A446A02ED4DB80A49E8B3B653753D8
S31502017D70033F97237294654044A0541A9CA1C0F70D
S31502017D80BB9FBD77245E1C4A7229F25A11CAE3A629
S31502017D900D9E2E3F95BB1918842E045E79BB8F4921
S31502017DA014B798769AD80D7D9562FE27A40BFB8BA4
S31502017DB024052021E782BA3641EC4542B7CB0ED6DD
S31502017DC0168734349EE89BFDDE8422E4FE0A24C92A
S31502017DD0B41D53D048F67244D54E27570A9DD6C8CC
S31502017DE0174B80603280BA45ACDF552210DA3CDF90
S31502017DF039B309272321D277D894AD64706D8A49A4
S31502017E006322F69AFDC8B5A5F441C14505EDA88CD4
S31502017E108C352D66C3BE632C75E43EEFFA31EC8DCB
S31502017E2092FD229E8AFFDB99B1CA264E59112D5126
S31502017E30B91043EC1E56DE0C6A584E5A85A95F2DBF
S31502017E407EABBE49A4F7F865D3331DF2DD4D07AA11
S31502017E50EE9DCB1B72BA5C1841CBE3F4A39D8693CC
S31502017E607E97F740F59203BF833B46D0FC0462023C
S31502017E70ED6EEC9E761AC93E6CCEBAB05FA0BF1EFD
S31502017E801E9AAF1C0C6234C91AB6821DC41C77CC69
S31502017E90EC4FF7A56AA1942DF8FB4B19B4AC1D481A
S31502017EA09982E5BAF1E3774DA072137D2E61F41E34
S31502017EB0E169FF707E868D3A58F9AF555DCD586FEF
S31502017EC0217756755CAA3EBA7D2265919923C175C1
S31502017ED05EB3F2C24313BE69E11CDE681002BEF64E
S31502017EE01FBCDC0EE718D5E8A505551BD0FDEFE34F
S31502017EF0D03FECD35333F63502A92393D43B7F3BD0
S31502017F00536E2C6B56B5217CA752783AF58FBAE59A
S31502017F1000CE8E83A577BC2836805DE2A878BA6347
S31502017F2090343394001E656332E58C28202FD8489D
S31502017F302475B536FAAB313A2E0A9C0824969E234D
S31502017F403847FE3AC0C448C72AA14F762AEDDB1745
S31502017F5082851C32F0939B6389D2783F8F788FC0DA
S31502017F609F4D40A12CA730FE9DCC65CFFC8B77F2AD
S31502017F702120CB5A1698E47EC3A11191E308D57B41
S31502017F8089749080D4902B2B19FD72AEC2AED2E7C2
S31502017F90A602B6853C49DF0E685A9B595881CCAE7A
S31502017FA00EE2ADEB0F4F57EA077FB622741DE44F7F
S31502017FB0B44F9D01E3923B4013417684D2C4676775
S31502017FC035F8F5F73F4090A0DEBEE6CAFACF8F1C20
S31502017FD069A3DFD1540CC004F85C468B812FC24DD4
S31502017FE0F8EF80145AF3A07157D6C704ADBFE8AEB5
S31502017FF0F47661B22AB15B35F4BB9374CC641EA7E5
S31502018000C3B0A3ECD984BDE585E705FA0CC56B0AB5
S3150201801012C32E1832819B0F18738C5AC7DA01A329
S3150201802011AACEB39D0390ED2D3FAE3BBF7C076FE8
S315020180308EAD52E0F8EA1875326C7F1BC45988A4DA
S31502018040983238F4BC602D0FD9D1B1C929A91518B6
S31502018050C45517BB1B87C347484FEC71975344510D
S315020180606E5D8CC97DB105F86BC6C3471AC162F74D
S31502018070DC994676859BB800B06650C8505DE6FB32
S31502018080B099A2B3B0C4EC62E0E81A44EA5437E507
S315020180905F8DD4E82CA0FE08D0EADE6876DD4D823B
S315020180A0235D684B204564C865D6895DCDCF14B57D
S315020180B037D5754FA729384743D634494393895251
S315020180C0F52212A506F8DBB9221CF4C38F876D8F40
S315020180D030979D4D2A6A6737D685E277F4B54666AB
S315020180E093618F6C67FFE840DD94B5AB1173ECA623
S315020180F04DEC8C65F346C87EC72EA21D3F8F5E9B53
S3150201810013CD016C771D0F13B89F98A2CF8F4C2107
S31502018110D59D9B3923F7AA6D64856210564A1E596D
S3150201812034DFB4A87CB84B2A438EA3E772252ADE34
S315020181306E04E5FED9ABBD3C7030D12CDDBBAE8100
S315020181409E0E5AF825432E96CBFEDFCAAA9193DEDE
S31502018150E630C252DA7F175379DEB9500697BCA7C9
S315020181609BB501C3FBA7123D8CE36AD3682E650258
S31502018170DC99615A8339D7791F7A9A9E57D5D8D80D
S3150201818072F4993F17E06FAD2A41B4FFAEB6FB67B1
S31502018190521842E1BADAA761E57B0FD2B3102BCCB2
S315020181A05F74F2FAF50CAF01C79418FF1E99258781
S315020181B06B829355F01D942F949372E126CAD53F93
S315020181C09E9289FBACB717C1D0583C0E3936164C74
S315020181D004E468D427EBA46EBDC13141F64D35D90D
S315020181E02258EC86A1948075C2F359E412EE6444D6
S315020181F0823213CBE4FC116C3717590D92D9C9217E
S31502018200D66CB4E9D241EA9BCABF890D20840EE23B
S31502018210F85FAE6E949FD9790532676835487BF16E
S315020182206CD9AA3CE8EA7D3886E3FF56FD71B46152
S3150201823099A545B7951174312475031306D65F5373
S315020182406AC2FBB0F6AD10E2AE90E9239B0A8DAC91
S31502018250F9DB2FD7084D20477F494B0DB32E240753
S3150201826087CCBCB90663F91E456F11D83409953717
S31502018270045B4001628D4605DE6732F9A965F500A8
S315020182808A8ED5C08DD7CFCE8EE218F3DCE215A247
S315020182905233639B91EE9945CE2A8C5CE972B0A268
S315020182A04B9C1E6596FCCF692BB4E742F88E32448D
S315020182B0B3DEAA22C196D95D0732F85E423CF2B418
S315020182C0B534A9C9D394F8ABF787FD39138C70D0AD
S315020182D030611617917876187C500C67F05E5B92C6
S315020182E0BF333CB942C89B813F00DD709A2E79109B
S315020182F074DC286E7A4BAD5980C9546A1DE913A400
S315020183008FD910F525774A5546620F5AAC86C26A4D
S31502018310BF25C88589A35B1009AD7D266A018F3405
S3150201832063D3B7A2C9D6582F1322074E59BA7597E6
S3150201833050A6E6F97F089D75DB5D8A9DDD80ABBFA0
S31502018340C72458905962EF16B864AB326A71FE635C
S31502018350FBEB0AE08A54615447BE3DEB62753A5F14
S31502018360B8A0BD8E5438EAF79972744531E5C30057
S3150201837051D52716E7E90413A28EADACBF043B58CB
S3150201838084E88B14E843B729DBC510083B581E2B3A
S31502018390AABBB38EE549542BFE9CDC6AD2149878AB
S315020183A00BDD488B3FAB1B3C0AC679F9FFE10FDABD
S315020183B093D62D7C2DDE68449E4619945E35BB51BB
S315020183C054C7DD234CDCE63362997F44D6B6A593C6
S315020183D063BD44FB6F7CCE6CCE0763F8C6D89A4B5D
S315020183E0280C5D43313511212C777A65C566A8D4EF
S315020183F0527324637E42A65DCA22ACDE88C6941AF3
S31502018400F81FAEBBF76E06B90F58598D388CAD8879
S31502018410A82C9FE7BF9AF258ED6C61E4F8B0A8C3A5
S315020184207DA8259E0E6600F79CA5BCF41F06E36196
S31502018430E90BC4BDBF920C2E13C1BE7CD9F6189DA1
S31502018440E4DBBF74E6064A84D6604EAC22B5F5205B
S31502018450515E9550C05B0A72355A809B43093F0CA7
S31502018460FCAB4262378B4EE84693225CF3171469E2
S31502018470ECF04E14BB9C9B0E0027F676289D3B64BE
S31502018480EB68760E409D1D5D8406FC2103434B1B62
S315020184906A2455227EBB3879EE8FCEF86526BEC296
S315020184A02CD680E814FF67E9EE4E362F7E6E2EF14A
S315020184B0F6D27ECB7033B334CCD68186EE91C5CD5E
S315020184C053A785ED9C1002CE83888058C18574ED31
S315020184D0E465FE2D6EFC7611544EAE9441B2BE4455
S315020184E06CEF5718511C545F98048D362D6B1EA6DE
S315020184F0ABF72E97A484544438B63BB71DD92C96B4
S31502018500089C12FCAA7705E68916B6F3399B616FB8
S3150201851081EE44295F9951347C7DEA9FD0FC5291C8
S31502018520F65C93B0946C814A405C2847AA9A8E25E0
S31502018530B7932804A69CB8102560643B6E422A9B19
S31502018540CFE45C389071123245EA6DDDC2FF5CA25E
S3150201855075DEA8BE10904006A04AD379D6DE7CD637
S315020185609FB34DCCC09E0BCC0F195DE356A435A526
S31502018570EF6F1FF6EAD9052E59EB1BD61A9047C49F
S315020185800A88DCE5BC191F662768CAB782546824C3
S31502018590267FE0EF8C773C2996900607709E8086AF
S315020185A08901E5E4155BD7AA47011AA21557F30714
S315020185B05E5D8112F1F3870400F21FA1D695C716FB
S315020185C0C91558B1E2D070CBB595539B2093F28968
S315020185D04F7BE431D0C2B85062498A06080C35484D
S315020185E09A2C095153D0FD6FDDC86FAF4A4FAF17B1
S315020185F08BA5DB3CB553054B79FF321BBEFC659C53
S315020186009B0FB5039FEA75EB06E6076C6C2AEDFC38
S3150201861008797151D56C1035D452C1271B2105BF7A
S3150201862039F61ABD4968C25E98AB6F8EAA2C0B5EEB
S315020186304008BD50DD8B4C053D07CF1D2FB1A0383B
S3150201864076A2F6B7A3A8604B9A4F40D325ACD5FEC6
S3150201865029C205555E2DE872C844D8F07F690B6BB5
S3150201866049CB79D95CF812BB1F0FDAC1C641A5D233
S315020186701172CE5829247C7B021D7769FDCDD90062
S315020186807EF1FB6CCD760241C72EB11C6C30454C96
S315020186906108502716BF57289E6801013F90219F06
S315020186A0051086BFD3DF79D71B0FEB3D5FEE22A103
S315020186B0D4005A484BF80D516ECA28CE293C0DF109
S315020186C03D09B6FC4045D3BA3F2DEAA2D76E42E731
S315020186D0B998F24F4E9DAF087E1F52163665301578
S315020186E0BA3D2096B8060D6679085F54BC89392DC4
S315020186F0B0D7EB78AF03534BE8BDBCBEC3A6F87245
S31502018700898E3ADC4ACA0F4F7ADFBFC7E8D4A96F0E
S31502018710B74E629B672DCF0D9C2818974947593D45
S31502018720263F5324C5F8EB1215EFC314CBBF6202E1
S315020187308E51B777D578B8206EF0455ABE41397554
S31502018740655F9C6DEDAE7CD0B651FF729C6B771165
S31502018750A94D0DEFD9D1D2176A3E3F0718AFF227BD
S31502018760691052D719E53FFD2200A63C2CB7E32238
S31502018770A7C665CC634F2172F569D8F6BF0355AD1D
S31502018780D1032B5A8B83968EC7E17A06E524FD43E4
S3150201879049A1D9C3FA7AD10E138FAC56634347CE98
S315020187A0E7EF725160DDAD3D2CA6491409C73DBB09
S315020187B0CF5D2205EBDD6D2A80EC52F445079C70F4
S315020187C0BBF67808B5E10B4728B779C89601B673A7
S315020187D09A20E511D8B6A04293A60753407FE3B487
S315020187E09567332FD714A7AB99107673A7D0FBD60B
S315020187F0C9CB7181C548DF5FC9293BF4B9B79D1D54
S31502018800758F514F4A8205D6C49D2F31BD72C0F272
S31502018810B045155A85AC241FAA05958E3208D62471
S31502018820EE20140CD1C14847A225FB065CE4FFC722
S31502018830E695E32A9E73BA005A499C2DB3EE82BA93
S315020188407CB92BF1FCC8EFCEE0D1B593AEAB2DB01E
S315020188509B8D69139C0CC03950452C24C8BBBFADF6
S31502018860D98130D0EC0CC8BC92DFC8F5A666358436
S315020188704CCE5882D325CF78689D48318E6BAE1582
S3150201888087F02B9CAB1C85AA05FA4EF0975AA7C90D
S3150201889032F83F6B07526B007F2FBF89B038C9513F
S315020188A0A7E9DF0265BD972453E480789CC0FFFFE8
S315020188B0928EF9CACE6745120DC5860C448B34DCFD
S315020188C051E694CCC9CB3713B93C3E644DF72264C9
S315020188D008CDE3BAC2701124B473C40A86ABF93F58
S315020188E035E41301EE1D91F0AFC4C6EB6050E74AC1
S315020188F00D00876C9612863F46729D739028BA7058
S31502018900C1370F86B9455CC33D7FBC4B11FFB59A92
S31502018910A1EB08CD1C92801C0CE661DC2F8BC202F6
S3150201892077E3F62868D0CDAA85069D14D501BF5FE7
S31502018930196BA809664F6929F59005ADAE29F7525B
S3150201894040E62712EA2DB0EAAEA1C870035F8A2E6D
S31502018950B78932919DC17D21E47B95F703539C0C26
S3150201896045C185E0201AC3A3500085D0711D72B09E
S31502018970DAF20BAB0E39BA0AF37B8C63FEDF9F5236
S3150201898095498B38609E2BDF4902AD1B4FB327E019
S31502018990ED74FAB9C92FC97BF9D91A802EEF979FBF
S315020189A03ADAAF79547D6983506B59BDFFB306E953
S315020189B0E0B83FDD372B6702E48508268BCAB24849
S315020189C01C4CB382EC6B28A4748FF517261A7E937E
S315020189D0A5A22CABCB1F1D74F5A78C3929A79BEE3B
S315020189E0DB49487A25A69CEBE144C57ECE29EB29D3
S315020189F0C8E236F71EA22C2317CB3F253D4261BFA3
S31502018A0014EB39FAEA3C8008AFC75198DF0286F1C6
S31502018A104B41E349A0F30004F416159ECBF535FF4D
S31502018A2045AE8A64CF5B80EEF39E3AB92B3CD7F012
S31502018A30C2A69220F20B7B09ACE1A2A7E74CE47B2A
S31502018A40B7B8D1FA3ED91F419B7C5F0DD7A1341726
S31502018A5016DB27312392650D33D7A92115AB8BC4BA
S31502018A6025BB1AD6EAEAC2A60543CBC61C6C5C62D2
S31502018A70673AEB93EA0FC97FCBA4F153941230ED17
S31502018A808737F5C8C921E6BCB9E7BE38132BCBFA3D
S31502018A908C42A89E8A7925304D77F4214DB94578C5
S31502018AA027B797786CF162BF2B52563CC0571867AD
S31502018AB01212629552A8D63C99A9EC3A92DEEC3F83
S31502018AC02FC1E862005BAABDDE8A9896FC9DB96752
S31502018AD03610665228C0523F2D9BF378DEB8D9363E
S31502018AE0ECB947A871ED427FDE3FBD79D6D11C2490
S31502018AF06BCEFB92EC4F706ABEE7C5FAB0C0334447
S31502018B00BEDC084C85AE4B729B8F9746C44CF2F184
S31502018B10C85F82626DFF0A4A015309619EFB17E92A
S31502018B20F892A00294DF02C10B1966FAF5E209BFB7
S31502018B3037FEDCE0BE091168DE0D2A78C90C9A55AA
S31502018B40858371EAB2CD1D558C23EF315B86627F37
S31502018B503D61737976A74A50138D0436FAFC189C47
S31502018B60DD9D8973B39D1529AAD0929F0B359FDC92
S31502018B70D4198A87EE7EF526B1EF8756D52CAB0C32
S31502018B807BF17A2462D1805167245A4F345AC185C6
S31502018B906930BA9D3D94414096CCEB43BAEEC0C3CF
S31502018BA0AF9CEA269C9C748DC6CC771CEE95FAD9AD
S31502018BB00F348476D9A12014DDAA6CA24377214B06
S31502018BC0CEB78A6424B4A647E3C9FB037A4F1DCB09
S31502018BD019D000984231D9124F5937D39977C60025
S31502018BE07BA43AB240513C5E95F35FE354281844A4
S31502018BF012A0594331924F1B510915899D105C3EB2
S31502018C006A69E92D91FACE3920305F973FE4EA206D
S31502018C10AE2D137F2A579B23B16698A43030CF33EA
S31502018C2059485F21D2731F25F6F4DE5140AA82AB61
S31502018C30F6239A6FD591F15F68902DAC33D49E815C
S31502018C402385C95F79AB83283DEB9355807245EF46
S31502018C50CB368F756A520C02BCDBD89EF8349877F4
S31502018C606CA47CDCF9AAF2C874B0E1A3DC4C52A96B
S31502018C707738311546CCAA0289CC42F059EF31E94F
S31502018C80B64B128E9D9C582C9759C7AE8AE1C8AD38
S31502018C900CC502560AFE2C45DF777864A0F7A0863A
S31502018CA09F7C600E2764C4BBC911FBF125EA17AB91
S31502018CB07B874B307B7DFB4C80DF78D328CC3365B9
S31502018CC0B4A40F0A7943DBF65ADA01F7F95F64E3D2
S31502018CD0A42B17F317F3D574F55EF7B1DAB52DCDDB
S31502018CE0F565B016CF957FD785F0493FEA1F571430
S31502018CF03D2B2B262136331C81CAD96754E56FA831
S31502018D00378C292B757C8B393B62ACE392086DDA81
S31502018D108CD9E94745CCEB4A771AD205725A1753D1
S31502018D20D434B9D32244C0B0DCEA5DDD4BF2D9AD0D
S31502018D308CFF109FE6464F0745A459A004B2E90DE0
S31502018D400FAD174BAAB45CE157C5791F52ECBBE1D3
S31502018D501B0871D0B9F1332610998B017741FBC1FA
S31502018D6040E10F6CDC20EAA6FFC65443E7F361D665
S31502018D707A40A3F1E672CB5EFCDA4F2223C893D086
S31502018D80C6A3E402FD2EC9DF19C30FF175C2C63AA5
S31502018D90F63AA25F0845386AA924DC9F3BCCCAF39E
S31502018DA01D6679671C3F749ECE710EBD5FD9ECC0FC
S31502018DB0F6EA79FEAD703E42A69131CAE06BF6271C
S31502018DC00D25B3839E3672A06310B3114CC85D6242
S31502018DD0BD1D52E8B5BAB1694EFB59221BA315A5B1
S31502018DE02FC5CA2B97F36009CB54348DEC2FB5ED01
S31502018DF019C076C420272E389769E8E806E1EAFE0B
S31502018E008393D0987F336398EFEB06AA0E4870944A
S31502018E10D0C2C5D498688B03A650CE8A1DC591F3DC
S31502018E2048292DAEB9D0423180CA247F1A5A4DDB68
S31502018E30A80E25598BBAAE21892EFE63EA859C9C22
S31502018E40EC12940E91AF1BBE7BFEFB868AAA7B8F28
S31502018E506C8B96EF9F7FB10F4EF66F707666A159B6
S31502018E603DA5860DDD53B910960B5CCEE6E1485859
S31502018E70680C7812E7788B2D2B90C3AF2EC6D57965
S31502018E802807E88952213A77B92001E140E68AC3E7
S31502018E906D1A2B7B7123AE0943B1B1A55C00061D88
S31502018EA0A2CDD17FB86B4C6DE7FFFC537696F56E7A
S31502018EB0A51ECEC1E8297C093BA5F543B9EC3C5C6C
S31502018EC0F28DC0061DA6C99C475489859A63BACFFD
S31502018ED0D59FF00DE85A845ACA94EB5DBE7DE94CE2
S31502018EE0489C708C38A4D03897D069A1D4CE3EC4A0
S31502018EF0C387E5F7FF49120A81E4D0004E0658E519
S31502018F009A38BFD84E1A13428E60D175EB28DEBB52
S31502018F106911492851B8493336A5070DEC1A9B59EF
S31502018F200C893486D006E7797BFB7DB8A13D1419FD
S31502018F30088C4B8D61F6786A9BA15320DFEEB01740
S31502018F40FA1F0B334BD8587C24DEAAAD7BDB53AE1A
S31502018F50F5C07879A4A70535C9016D271B07F0125B
S31502018F60708CC486C5BAB8E7A9FBD6719B120853A1
S31502018F7092B73D5AF9FB885D10B654739E8D400B2C
S31502018F806E5BA85B53326B8007A2584A033AE6DB53
S31502018F902CDFA1C9DDD93B17DF7258FE1E0F502BFC
S31502018FA0C11839D42E58D658E03A67C98E27EDE64C
S31502018FB019A39EB113CDE106236F166F51ADD040B1
S31502018FC0BE6AAB1F93328E118E084DA0145EE33F2B
S31502018FD06662E1263560803053035B9E62AF2B47A2
S31502018FE047048D27900BAA3B27BF4396465F780C11
S31502018FF0137B838D1A6A3A7F0B803D5D3944E6F70E
S31502019000F6ED01C955D5A89539632C593078CD6845
S315020190107E30512EEDFDD030A4625D3CBC31F04074
S31502019020607AF0CF3E8BFC1945B50F13A23D189815
S31502019030CD138FAEDDDE3156BF01CC9EB68E689C56
S315020190406F8944A6AD83BCF0E29F7A5F5F952DCA14
S315020190504182F28D03B4A84E02D2CAF10A46ED2A22
S3150201906083EE8CA4055330465F1AF1494577219167
S3150201907063A42C543009CE24A732EAC73DB1F59830
S3150201908098DB167ECCF8D5E347D9F8CB52BF0AACAA
S31502019090ACE45EC8D038F308A164DAD08E4AF07522
S315020190A04B28E267AF2C22EDA47B7B1F79A3348286
S315020190B0678B01B7B0B8F64CBD731A9921A883C361
S315020190C07A0C32DF01BC27AB637077841B333DC157
S315020190D0998A07EB824A0D53A2B8243B9A25E65C8C
S315020190E0B8A0AF45CC7A57B83770A08BE8E6CBCC9F
S315020190F0BF097812513C143D5F79CFF16261C8F51F
S31502019100F257EE2619868C117835061C852421170D
S31502019110CF7F06EC5D2BD1365745157991276D1216
S315020191200A3A78FC5C8FE4D5AC9B17DFE8B6BD360C
S315020191305928A85B8817F52E4A0D1ED18C43BD8886
S3150201914008F3CC430D61CB30CC7B9391370E9AE079
S315020191500C72B1255B135945E9A16D7C8336A41EB8
S31502019160BEBDB91FAF89C1F955D15DCEFC01303003
S3150201917052BE57BC9EC9A7289D9ED1E89993FDB8B8
S31502019180FF232496CB918190A342C747D748B9B210
S31502019190C444FBD72632F337086E5FB56787AE0D37
S315020191A0023A205BB3B3434A798CAF806E5A72E3BB
S315020191B0A3A75F70D17F7A0F1DB121C853259133C1
S315020191C0DF01E341C242ED66FD22421011CC6F0678
S315020191D08F1692C1413B7A30E05CB56E075DEB8E2C
S315020191E05A920DAABF36C52FE8C6B6DC0F8381BED9
S315020191F052AF7B8245706C55B7D8E90273512B8EFB
S31502019200E81487246922E5E3B560A94C77BD4FBD11
S31502019210A9ADECC599414B6F0644F42B02904BB9AB
S3150201922034B590FF7E23D4AB3A6DF8FA60A9007685
S31502019230E32E32C2DAAB452F6A8AEFC81249AF6111
S315020192405E6EFB43FEA48FE5CF27D46F5DCCAFB52F
S31502019250EB111E1E2893536A89EED1A53951DAF311
S31502019260886993FF7C454581C488E100ED2F623F01
S315020192703D5A8BDB1538510FCF439414FE04FF0F71
S31502019280D7DD5C86D9C6CA53B7D11E53035B3831C3
S315020192909D03D1AC7CA246581787B01EACCDF54FC3
S315020192A0BCE9F29095B2E86799FA7A235E3B0944E2
S315020192B0B2B80887ED4B410D8CF7D8409E11304666
S315020192C0110E713CC59B1AA079DD1089252B6D48BB
S315020192D0E52403DBB3476C1EF2C8A9C4BC34216A78
S315020192E0372ECE8A1CFDF8FBBAA0119904E30A00B7
S315020192F09E9BC86B613A6E04BE0639F04254E6146F
S315020193002ABE62E3549D014AC730C28DECDFCC68A6
S315020193101C866BAF3F7EFB7CDCAE588C4E97374684
S31502019320A441F0ABFB22EFB98A7180E956D985E1F6
S31502019330A6A843B1FA781B2F512F5B30FBBFEE96DD
S31502019340B8969588AD38F9D325DDD546C72DF5F002
S3150201935095003ABB9082965701E1200A43B81AF763
S3150201936047ECF0248D6593F3D1EEE26EA80975CF31
S31502019370E1A32ADC353EC47DFF2A4FE316AFBDA623
S31502019380A64FE837CCE9A10A3130AD862E312E9AA5
S31502019390A5300C130570FE64653DE2AADBE7EB0E10
S315020193A068D83508DF6FFF784F2616C09B242644FE
S315020193B049219DDAD95F8D738CD5DAE8DD96CED552
S315020193C022492FB210DC7E1427EB1CAC0285728275
S315020193D0DF097BE33BEF8431C3D97D8865669685D8
S315020193E05553B04B319B0FC9B17920EFF88DE0C6C9
S315020193F02FC18C751620F77E18973E275C2A785A5C
S3150201940094FD4E5E99C676353E7D231F05D82E0FF5
S31502019410990AD5821DB84F04D9E307A9C518DFC138
S3150201942059634CCE1D37B35749BB01B2344570CA95
S315020194302EDD309C3F82797F0BBA87C8AA2D07D3CE
S31502019440EE62A5BF052926018B76EFC0023054CF05
S315020194509C7EEA4671CC3B2C3144E12052350CCC40
S315020194604151B1090795650D365F9D201B62F59A3B
S31502019470D3557761F7BC697C5F29E804EBD7F0071E
S315020194807DF3502F2518DB10D7981717A3A951E999
S315020194901DA5AC22739A5A6FA279982E427C19F6AF
S315020194A04736CA52D4DD4AA4CBAC4E4BC13F419B8F
S315020194B0684FEF077DF84E3574B951AEC48FA2DEFF
S315020194C096FE4D74D373991DA84838870B6840627E
S315020194D095DF67D17924D84E75D9C56022B5E3FEE9
S315020194E0B8B041EBFC2E35503C65F6A930AC088884
S315020194F06D233905D2922D304BE23D48AD47585383
S31502019500E63234245690DD85EE9944FB5E7B5BD3CD
S31502019510AF234D597592CB5606781FC3033F1810D8
S31502019520E74ACC139B80CF304B5FAFF19408639B24
S31502019530C9FFA4E8F6A5DA7FF372E6AD32E9FB11BB
S31502019540026CD71641C67B301F0E35F60EFA6B9F9B
S315020195500DB49C8D1B4C41157CFB3ECB3F02594CF5
S31502019560942A3CC699CB2F6C84E0C7C3E29041BAD8
S31502019570D97418A5AE5D540E303CF50D8B8B7B95D7
S3150201958098F0608E0A771C2ADE96573470A6C7BBFE
S31502019590C99BC9909A8FA42258AC3F8DDCC07D6BC2
S315020195A0FD2BE4E66CCD975405D300F41B7D2F54B5
S315020195B036918D047FF45941321EE3390866AD2096
S315020195C050BE0584D51B1EF869BCDAF4564006F86E
S315020195D075B971CED43DD2143948D2BBA81585745A
S315020195E0552BB0AF478312777FA1A249C62ABA503B
S315020195F0F130D73A51250506827FA28A098E39F2C0
S3150201960024B0A189BB82796D4CD24D21844069FA7D
S31502019610C30123A36F96AB71431ADC5E5E5804B293
S315020196203CC79758EE160E9F3C48704EAEC0825B01
S31502019630BEF9DD2B0E174A6297552DFA8D4F3F253E
S315020196400C137754409CE42502116B99E552C00034
S315020196504A6CBB336E96CB330969117F0428705964
S315020196606744561E1CC48A82877321E6BD7D4170FA
S315020196708443ACFBAE271672076EBDB487E16770F1
S3150201968074FED1C703028F6E305AC8382FAAC69309
S315020196908AA7753D1F7D29768C30C88ED3F37E2B22
S315020196A0AB94EB71ECD78F82BD2A06C5363B7C8023
S315020196B04141A931B84CB60C78634C5333FC303076
S315020196C061E841E55C5C63B928C7B2D9BEA9D9157F
S315020196D0CB5D77F3A33E234931FC0B44CDD93783C6
S315020196E0D78F31AFA12C9D7270202C77A4A440A0F4
S315020196F0BE49733AF02E00468814E3C0C67518486F
S31502019700B43420E2B2299421653B28318AC92372F5
S31502019710F97722340BD62034F765FEAFDE3AA2FA88
S315020197204C76E05BD41E26780344162F1E0A1C448F
S3150201973095D3877A568EEA5A3D28A4BCA2C11378DC
S31502019740D93D86A191F062ED86FA68C2B8BCC7AE70
S315020197504CAE1C6FB7D3E51077F1E0E4B66FBC2DC2
S31502019760936ABDA429BFE104E8F67A78D466195E44
S3150201977060D026B45E5FDC0E678EDA53D6BF5354D1
S3150201978041F6A924EC1EDCE9238A57033B2687BF4F
S3150201979072BA1C36516CB445A17F4F31BF2A40A91A
S315020197A050F48C8EDCF157E284BEA8234BD5BB1D47
S315020197B03B71CB6DA3BF7721E4E37F8ADD4D9DCE5D
S315020197C0300E6276566413AB58990EB37B4F594BE2
S315020197D0DF291232EF0A1C5C8FDB79FABC1B0837D0
S315020197E0B3595FC21E8148608724839C65767A08D5
S315020197F0BBB58A7D3819E64A2EA34453AAF6DB8DF8
S3150201980078401BB4B4EA887D600D134A97EBB05ECB
S31502019810033EBF171BD9001A83FB5B98447E116175
S31502019820363196712A46E0FC4B9025D44834AC83F6
S31502019830643DA45BBE5A6875B2F261EB3309966E5A
S315020198405249FFC9A80F3D546965F67A107572DF50
S31502019850AAE6B023B629551318D5D1ADD7DBF01830
S31502019860111FC1CF88789F979B751471F0E13287DA
S31502019870013ACA651AB8B579FE832EE2BC16C7F556
S31502019880C18509E819EB2BB4AE4A251437A69DEC1E
S3150201989013A6901505EA725911788FDC20ACD40F04
S315020198A0A84F4DAC94D29A9A340436B3642D1BC098
S315020198B0DB3B5F90959C7E4F0D22706241A02A810F
S315020198C04E5B24F9FA895A9905EF7250CEC4ADFF5F
S315020198D073EB73AA0321BC2377DBC7B58CFA8240EB
S315020198E055C134C7F88686067EA5E7F6D9C8E629A4
S315020198F0CF9B63A708D37304059E58032679EECA44
S3150201990092C4DC4612424B2B4FA901E674EFA10227
S315020199101A3404DEBF732F103E0DC27E0CD5A2B5DA
S315020199206372C9A06EDD4BC64D73FFC15290E856F4
S31502019930BAFA2F2BF7C629494762A393A2CB8E35D2
S3150201994065FD68B262988FAF891CA068997E2F4126
S31502019950244575CD12F386572C0314CAFF88773333
S31502019960E31E7F44281092F3ADCC1B231F07148BF1
S31502019970834734F24B7B814C836638372BCD822762
S31502019980B64F69E49C60AC087C1DE15AB2495B663C
S31502019990631903B57C5F1F30456C19571ED2D2CAB3
S315020199A06B797B7479762D3969DE890F6F51A350F4
S315020199B03179C5BCFA30242F2944839A8C64501319
S315020199C00BAC56ED53CCB376CD82D7F00498E8DFD3
S315020199D02757A9728A324D7C6EB971288553F80FC1
S315020199E0BBF1C360AB9F3EE1024434255359FDEE00
S315020199F04B74B77570C3370A84440BA457A03B4115
S31502019A00436A5F4F1A2E4CBA1CD6E1AEA5A04B6132
S31502019A1053DC058B1A53A1782B56D03A70F1BD6CE3
S31502019A20A32125C93048CF8EE72484FD03D3EBDA7F
S31502019A306FC55E2EA482AD72A3D9EA5361CB20C74C
S31502019A406E632B517FC9B255B19002D45F5BE3B10C
S31502019A50E20E533BF1CCD92F9417C3437DBA059D30
S31502019A6026253293FFC8702438741916C8DE23835B
S31502019A70539B568198705228B896F7475B47BD07A4
S31502019A80548F2C5413B0C7D27EF8243BF423BD2D38
S31502019A90D601097BD7AF5165C3553F8B5ACC998CF9
S31502019AA0A0D2DE3F25D71106360AB736FF9529ED34
S31502019AB019268AD7549A691F11FA0753AFF5661404
S31502019AC0F20A6CED7DCC7F81FBA3A4C34EE46D0A41
S31502019AD00B7D92BC751407748AEAE773F39272E7F7
S31502019AE0315A04CBD2376529DE4F27D33E65D01BC7
S31502019AF06629BD76442C9A2FCF376B9A83F9FB15CB
S31502019B00993ABF8E93E7DF432B6ABD5381F0510D1C
S31502019B10CDCB35AE40A3224138E3D7205DC1A6386D
S31502019B2043270B1E97A5DC37DC7FAB5B312285F819
S31502019B306ECDDD840DF40C0D09D60B9564CE10960F
S31502019B40F2288CA9AEDCB4CE25E83782AA2D9AE397
S31502019B50BBB1FC6054398E11C645577FABB918EBC0
S31502019B6090C68757EE8A3A02A9AFF72DDA1227B7BE
S31502019B703D015CEA257D59369A1C51B5E0DAB4A25B
S31502019B8006FFFF2B2960C87A344250F55D371F98CC
S31502019B902DA14EDA25D76B3FAC5860107B8D4D73E4
S31502019BA05F90C66F9E5740D92D930292F9F866646B
S31502019BB0D0D660DA19CC7E7B0D695C693C37C278F6
S31502019BC06E904206662E25DDD22BE14A44441D954E
S31502019BD05639740176AD35429BFA7CA7514AAE6D70
S31502019BE05086A3E754362682DB822D8FCDFFBB0931
S31502019BF0BACAF51B66DCBE03F57589070DCB586239
S31502019C0098F2899154422949E46EE3E223B4CAA047
S31502019C10A166F0CDB0E27C0E6F13F426A46B00B9F7
S31502019C203530E0579E36678D283C464FD9DFC8CB83
S31502019C30F5DBEEF8BC8D1F0DA0137273AD9DAC83DF
S31502019C40982EF72EBAF8F69F5769EC43DD2E1E3190
S31502019C5075ABC5DE7D903A1DDC81D03E319316BAD5
S31502019C6080341B85AD9F3229CB2103033C01280198
S31502019C70E3FD1BA3441B0100161EE4C5C649065497
S31502019C8035773F333064F80A46E705F3D2FCACB2C6
S31502019C90A7DC56A229F4C016E8CF22C4D0C82C8D5F
S31502019CA0CB3AA1057B4F2B076FA5F6ECE6B6FEA3D1
S31502019CB0E2710AB9CC55C33C31913E904394B6E95F
S31502019CC0CE37567ACB94A4B84492BABAA4D17CC8F8
S31502019CD06875AE6B42AF1E6343AEF6AC28BDED832B
S31502019CE0B47A5C7D8B7C3586442CEBB7694740C0E0
S31502019CF03F58F6C2F57BB359C6BAE6C480C276B3FB
S31502019D000B9B1D6DDDD30E9744F90B4558959AB001
S31502019D1023E2CD57FAACD04871E6AB7DE4260FB605
S31502019D20373A2F6297A1D1F1940396E97ECE084282
S31502019D30DB3B6D3391412316EF3AA633C7EA9AF11B
S31502019D404E4542445DBA7F2C41E49547A07AA85D0F
S31502019D50F5B0E0A4E1513041BE8B573DFDD12D85D1
S31502019D60086128C372CE652B7322CEEAF4078C658D
S31502019D7040AB38EC04F833097664498D7969ABA7AF
S31502019D80C8ABB5FCDEAA21817294537BEF12DCA526
S31502019D901A35455E0647FD07CD2B8D253D3C58C834
S31502019DA03FB760AF4D9A021781376A41D6C90FFA9A
S31502019DB023FBB338BA5F1E1CC3E7E89A551142303A
S31502019DC0A582489429B281F2E45082372EAC138AD5
S31502019DD0F448BA5409FA4A016C66B31B009731CBAF
S31502019DE0B9ECFF4B526000333C23881A991137298B
S31502019DF064D34E3D36841829FAAB4BDC05683C0325
S31502019E00C1EC96555EBF152C3B1D9BB52406C71B9F
S31502019E10C50E9FA15098DE3EEBB61ABCC3379DFB19
S31502019E2040A2574D5314BE02F6E1A5F81534D7F4F4
S31502019E308881CC0C30F464590068092D15234AE453
S31502019E409669867059C5085C6EFBAF460AB62DDF68
S31502019E5089FD56F8C1559157EFC9E012DD4E32968A
S31502019E60970242F28D878B46BE73F5A476379A190D
S31502019E702AE9918EF1BC7F1EA6E71708636BF1B53D
S31502019E802610353C23698C8001F2CE543B984A3226
S31502019E904553484A0892C053BFAFCBF18114D4D27D
S31502019EA0E5746171B62D1D23985CA5E256767D0B8C
S31502019EB0F695A42AD85C953EEB951B10363DF973AF
S31502019EC086446F4F7933EFFA62E5158F5F73515608
S31502019ED0A10DB45890F1A37F9E699D0562C83FA06A
S31502019EE0699E619AA1CF7023EB3D822F123BFEC47C
S31502019EF04E84F0A76F051B1D1FF66BE53146C61B87
S31502019F00A382536E10AB79D38D1640057EC5584D8B
S31502019F10E4D8428462566256F67F26F6DE99E4B9A1
S31502019F2043082C747BCA7277B1F2A4E93F15A023C8
S31502019F300650D0D5ECDFDF2C4086F31FD69C49DDD7
S31502019F40A0253606C39BCD29C33DD73D02D8E25192
S31502019F5031923B207A70254A6AEDF6538A66B72A10
S31502019F60A170D11D584242306101E23A4C140040BF
S31502019F70FC498E246D8921579624843C0907DD66A6
S31502019F800A1A12A9426EACC7FD6224FB3832BB55CE
S31502019F90D3ACA74D66635B591D927A175CDC068BBF
S31502019FA0940F36AAB6A5DF60AB67F63C86B2876E1A
S31502019FB05C9EB3B436326319ED0712766F6AF93BCA
S31502019FC0EBE034C54DA29FD120148C68333C916FCE
S31502019FD0595B29CEC8FDBC69AE1B18FD17556E0B20
S31502019FE0B463B92B9F62229025460632E9BC095514
S31502019FF0DA133CF674DD8E574EDAD0A191505D2804
S3150201A000083EFEB5A76FAA4BB39393E17C17E563AE
S3150201A010FD30B0C4AF35C9033D0C2B49C6767299E2
S3150201A020FC05E2DFC4C2CC473C3A62DD849BD2DC4A
S3150201A030A2C7880259ABC23EEEB8A8CBA35135C41A
S3150201A040165F11B21D6FA26550388CAB524F0F7657
S3150201A050CAB81D413B44433034E3D6A14B095B8068
S3150201A060193F350977F13EBF2B702206CB063F42D7
S3150201A070DD4578D877225A586289D433825F8AA11C
S3150201A0807F2578ECB5C49866FF413E37A56F8EA74A
S3150201A0901F98EF5089275676D68379755D3469669E
S3150201A0A0A611AA1711EDB6628F125E985718DD7DB9
S3150201A0B0DDF626F6B8E58F68E46F3C942999ACD8AB
S3150201A0C0A29283A361F1F9B5F39AC8BE13DB99266D
S3150201A0D074F005E43C84CF7DC032474A48D6906C81
S3150201A0E0993256CAFD4321D5E1C65D91C328BEB355
S3150201A0F01B1927737E68396782641657B707512978
S3150201A100D0D277552EAB04FEAA9DBCD5A14F102005
S3150201A110865592AE700A9B69ABC74122DDA8BB4B3D
S3150201A120BC2B61F176316ACA829B16E42A33BEA838
S3150201A130719E865B7BBF0F10B420AFB76A3BF31CDF
S3150201A140C61739519618D0065E59300F69E314ECD9
S3150201A150DF759A451A136D74CF140820EAC5659FF7
S3150201A1604017A369E1360584ADB4C82539D10E8BF2
S3150201A1701D3636E9AFDB80001F97CBC9D0AAE58C25
S3150201A180294AD59FA9AA5611789BAF157024F74182
S3150201A190AA490F42A8CCE81F2AC80C3C8F84A17297
S3150201A1A0549E7C87C260C538404155CE28E2045090
S3150201A1B0719D4203A11824045FFFF3AB51EA9D8905
S3150201A1C0BAD8C22F67A8939B5CBD6EBE97CB382CBB
S3150201A1D05D3B269784574D11476281206F4CE858A3
S3150201A1E093D76FE3B6B2B28D854D481D56827197EC
S3150201A1F0D7AB32864F022208A3EC1B6B7CBB01B3A1
S3150201A2007513EBC66D3F3955EBE4B69710280D91E0
S3150201A210A39E479D8D54D41ACFC530EF83843DD674
S3150201A2200CCC612396B4D44CAC2684A400E590EE02
S3150201A230EB4EC1187D1DF50A9EAEFC1EA0A47BA5A0
S3150201A240948A30DCEE4B9F762ECB0336EB0EF1D1A0
S3150201A2507812447E5ECE9940E921518A4F8EC91AFF
S3150201A260E02FFADB4495AE7DF90D43D60DAA208384
S3150201A270B52F4A2C6582726655079CB93BB2E78CAB
S3150201A2807A0FF5C4EDD6C535C3509BEDD22E1E7E8F
S3150201A290A14D93E8165F3036687CB7CBBB005BD91C
S3150201A2A04978F1916A84BCDDB3D928BEAE00F77C48
S3150201A2B03E1FD3855C28E15CE8BDB0982D97B63187
S3150201A2C05BDEA6AC0607927D9F658A90F81073E65F
S3150201A2D03502DFEFA6C2FA502D79896BC2DD11A3D1
S3150201A2E0642651DAC6B4301B590815CF4C7BA70C2C
S3150201A2F00894001BDF43E41DE0E636CC7A3A798EF8
S3150201A300ED6E587DA3B7FAF9E4F4E1BA92964F3AA3
S3150201A3107E445FFF3EB0141C9152A814D17B64198E
S3150201A320AFD33410B26CB757FA6D9D0F44DB296374
S3150201A3309314576A583EF45EA6755638142078EF80
S3150201A340E8A9FDAA309F64A2CBA8DF5C50EBD14CF1
S3150201A350B3C04D1DBA5A1146C01A0CC89DCC6DA682
S3150201A36036A4381BF45CA097C6D7DB95BEF3EBA7E0
S3150201A370AB7D7E8DF6B8A07D76DAB5C353190FD4BF
S3150201A3809B9E1121736FAC1D6059B2FE2160CC03F5
S3150201A3904B4B67837E885F5A113DA170CF01638F54
S3150201A3A0C4D00D3515B8CECF7EA4BCA4D49702F77E
S3150201A3B034144DE456B66936B943A6A0D328969EFF
S3150201A3C06420C3E600CBC3B532EC2D7C8902539BD4
S3150201A3D00CC7D1D5E27AE34333E1A6ED063F7E38D7
S3150201A3E0C03AA199511D306711382636F8D85ABD9F
S3150201A3F0BEE9D54FCDE6216A5FE646300A17C6F1B8
S3150201A4002435D2002A2A715855B7828C3CBDDB69A4
S3150201A41057FF95A1F1F96B58E3B29966122941EFFB
S3150201A42001138D704708D371BDB08211D0325432F7
S3150201A430368B1E00071B37450B79F85E8D08DBA6A6
S3150201A440E5370961DCF07852B86EA161D24903ACF5
S3150201A4507921E59037B0AF0E2F044837C1550596DD
S3150201A46011AA0B82E6419A210C6D487338F7811CB9
S3150201A47061C6025A67CC9A301DAE750F5E80405195
S3150201A48030CC6226E3FB02EC6D3992EA1EDFEB2C3D
S3150201A490B35B43C54433AE44EE43A5BBB989F29CD3
S3150201A4A04271C95A9D0E76F3AA60934FC6E5821D83
S3150201A4B08F67947F1B22D562BCE79A084585E20A1B
S3150201A4C0064D7F1CCFDE8D38B811480A5115AC38BE
S3150201A4D0E48C9271F68BB20E7227F400F3EA1F67CF
S3150201A4E0AA418C2A2AEB728F92323797D77FA129FA
S3150201A4F0A687B532ADC6EF1DA79551EF1ABE5BAF62
S3150201A500ED157B9177128C142EDAE57AFBF79129F8
S3150201A5106728DDF81B207D466B2EBDF772EE0679A4
S3150201A5204EBF9A10D670D205A4A841B945FE5C8DDC
S3150201A5308742971C6718C24418C36B29569D5F74DC
S3150201A540652E15D8D4803599CEE939583FB1E5B093
S3150201A550C02139D4282BFC518CA9E29517D18F1B26
S3150201A56091626B2BE15E4E1C72B5247410E7305B6F
S3150201A570C64A4F4CE89D6B6E58EB98D135A5BEB1D4
S3150201A580E31B3E866836B01CBC3B19914AD70F586D
S3150201A59069BC0024B59AE971BF5769CAF5115EFC17
S3150201A5A0AA5787E4E85D73BBAD51F3540227E875F8
S3150201A5B09120BF40F85F6C1E0D21DE80A05666B168
S3150201A5C055314531130975451BF0FBB9F22E8B2620
S3150201A5D00705C68A0E23567751E11D4BCE5FF2DF80
S3150201A5E025401CE1C7C041D8879C7454C8B3542581
S3150201A5F0F90D8E905924292D88B00CF8105F7C6BC9
S3150201A6005121E456DC546B73C499EFC6A520B6C238
S3150201A610426FA0C32C804C5FDA52077DF1C8659B5D
S3150201A62000E87EC738E31C88E3F9625BF014B5C320
S3150201A630480DC1BED55DED6687B210DC35FB6D797D
S3150201A6409DF27F5CCD6B17270549B2C7E8433D7F73
S3150201A6507642C591A1F50403EBE4377F6BE054CD55
S3150201A660CA6CE9F5875FC18CCE7D59D3B08B24B80C
S3150201A6700C407460A0FF6A242153E4FB688ED8372C
S3150201A6803250D7C048750986350D4A89EF139B4E5C
S3150201A69025D35357AC3CA825610D35154BDD46270D
S3150201A6A0B72195EEC8CB3FD0CA7286135A366EE8E9
S3150201A6B0E2897D7E7F980E517C07478E637D5ACB58
S3150201A6C059C0A1206153B78DCCFDED8B4D1E9E5411
S3150201A6D09D173B50B7530108E3D33E0A939DA6DD6E
S3150201A6E022A760CDF16E383DE64EAABD58AD17C818
S3150201A6F02A37E74F558DBE239B4E785AE5DC441324
S3150201A7004A0B0E4F3D4D6C9BD27BBE39B82558661E
S3150201A710E9FE8AFF91EEA8745F4FDC2790B7DAED66
S3150201A72065CEDB7FA17654B6CDB12A5804DE6E79A9
S3150201A730D05670E7DBBCA3565A325ED0876BB21392
S3150201A740A82135B7384D687767628D49DE7F5C741B
S3150201A750B6009198D114E96BAD4FEF749A91FE95BB
S3150201A760A208A3F6EC7B823A017BA409D3014E9699
S3150201A77097C7A35B4F3CC471A9E77A56BDF41EBCC9
S3150201A780BD9844D6B24C623FC84E1F2CD26410E427
S3150201A790014038BAA5C5F92ECD749EFAF66DFDB6FD
S3150201A7A07A26AFE4BC7882F10E99EFF1D0B35582E5
S3150201A7B093F2C590A38C755A952446D91027B7A250
S3150201A7C003507DD5D2C6A83ACA87B4A0BF00D4E346
S3150201A7D0EC72EBB344E2BA2D94DC611D8B91E08CF1
S3150201A7E06630819A4636ED8DD3AAE8AF29A8E6D41A
S3150201A7F03FD439F62780730ACCE1FF572F4A0F98C7
S3150201A800439883E10D0D6700FD15FB494A3F5C1034
S3150201A8109CA6265163CA982644C597464B5DA7C78F
S3150201A820BFFF0FDF48F8FD155A7846AAEBB968282B
S3150201A83014F7525B10D7685AF30E763E5842C7B5E3
S3150201A84090B90AEEB952DC753F922B07C22714BFA3
S3150201A850F0D9F06F2D0B4273061E859ECBF62CAFF7
S3150201A860C43822C61339598F73F3FB9996B88ADA1B
S3150201A8709EBC34EA2F63B53D2BD745808501846999
S3150201A88051062FCFA2FA224CC62D226B65361A9497
S3150201A890DEDA6203C8EB5E5AEDB1CCCF24460EB6C0
S3150201A8A095035CBD92C2DB59C98104DC1D9DA031B1
S3150201A8B040D9565DEACE733FC68D4E0AD1BFA7B7C0
S3150201A8C039B3C9447E0057BEFAAE57157F20C1601F
S3150201A8D0DB186226918805263D2B15615279EDE535
S3150201A8E0D1D7DD0E7D356249714C6BB9D0C8827400
S3150201A8F0BED866A919F9592E7428B6AF3628079219
S3150201A900A504E179855ECD5F4AA130C6AD01AD5A96
S3150201A910983F6675503D9161DA31321A362DC60D70
S3150201A92070022094325847FACE94953F5101D802CB
S3150201A9305C5DC031A1C2DB3DEF81FB4F0AA5503FF1
S3150201A940BF20F43B0935E0B1D02CAAC61C8EAA9BC6
S3150201A950407A23FA61982332D1354A00C25A73FBEF
S3150201A960C307663A430FDE3199D528C5BF91857B68
S3150201A9700C05BBF5259ABE55BF3DDB33CD5A000DFD
S3150201A980E235AC807CB31101EBEB886F6CD6924851
S3150201A990CDFB0865B1AD0E77DD894E5EE0F95184D6
S3150201A9A0373979BCFF0263C05C49A6569574225DAC
S3150201A9B0FB0356A05C75A609B97150A081B6D3F105
S3150201A9C03AFF92359A6507220EE481782969015F79
S3150201A9D04E37BA860EDDBE16B537272C4FCCCC5E66
S3150201A9E003B7CC2D0C9EB743F33DC44EBC08E033EE
S3150201A9F0C06675F040B8C10677F888A3C6A5887601
S3150201AA00ACB6B2DE146CA902F82A8C1B43F3C964F4
S3150201AA10D6EEA154554328365C80029B7F9EEE6991
S3150201AA2040167D548A82FFCB680943B269A8933DD9
S3150201AA307269E23FCDB8B746E0EB7EFE862081E938
S3150201AA403754512FE76BBA4CE9FA6E518B16041D36
S3150201AA50B92C98431039A15EE12E70F49C5C12491F
S3150201AA602DB3258B1FB720457EEF1F502630193394
S3150201AA702BEBD2C897896D6502B0D3D5E43B2B6F18
S3150201AA8080C8096AD933ECAFCCC4BCA8A4735F03EE
S3150201AA908B19624628B9C52239893D43FEC858CB6E
S3150201AAA0507E8D6A2ECBA0895ABEFB095395CA796F
S3150201AAB006C17FCD1666620CC6F90C12C641BB21D0
S3150201AAC09BA5CDDE12AAB2EA348BA40A022DA7C136
S3150201AAD0683B7DE8274D5D21050B5A69E50831B4CE
S3150201AAE08BA337ADE80EB06C817353A3EED6DA5E53
S3150201AAF02432DCB6D402263F9CF1CA5BB647B2C801
S3150201AB0052C6B2B1C39D7749E2E2ECD5BB80A189B7
S3150201AB1039E0C8CEA398F0134BC55ECEF90FDC9A85
S3150201AB200D132F8C6B2A9C031595F8F0C70780022B
S3150201AB306BB304AC1483967814BB9627A257AAF377
S3150201AB4021DA079BB7BA3A881C39A03118E24BE5DC
S3150201AB50F90532D838FBE75E8E6A4441CBFD8D5347
S3150201AB60F9374943A9FDACA5788C3C268D90AF46B1
S3150201AB70090DCA9B3C63D0619128F934F8D2C66E9D
S3150201AB80583B6F20425108FC1AA069C48AB07CA9BD
S3150201AB9015EEE46064659F27B0F51270B668C01AB7
S3150201ABA04AB1F5A9261EFA3672CE5A161519BE3BB8
S3150201ABB06B06B4B587EF56064B8354CB40140E0E83
S3150201ABC0BDFA2F0353EA5AD46CBE629EAEA351C09C
S3150201ABD0AD580B518BFB0E566625DBFF3549746367
S3150201ABE0BB680B78896BBDC503EC3E5580321B6F82
S3150201ABF0F5D7AE47D85F966EDF73FCF8BC28A3ADD6
S3150201AC00FC37F0A65D6984EE09A9C238DBB47F631D
S3150201AC10DC7B06F82DAC235B7B5280EE53B9D29ACC
S3150201AC208D6DDEFAAA198FE8CF820E150417710E01
S3150201AC30DCDE95DDB9BBB979930A2359758AFB180E
S3150201AC405DF4E660698F161DB53CA91445A9853ADE
S3150201AC50FDD0AC053708DC38DE6FE66DA5DF45C8E9
S3150201AC603A48402C00A552E132F6B4C763E1D2E973
S3150201AC70651BBCDC2E45F430409775C582276D8570
S3150201AC80CCBE9CF9694513FA714EEAC073FC44883D
S3150201AC9069243F591A9A2D63FB93E587F5626CB1D4
S3150201ACA0713E5DCADEED99496D3ECC14E0C191B4A7
S3150201ACB0A8DBA8894711F508226206630EFB043355
S3150201ACC03FBAAC87890635FBA361108C772419BD7F
S3150201ACD0208683D143AD5830D06376E5FD0F3C32F1
S3150201ACE010A62EA238DFC3059A4F99ACBD8AC7BDFD
S3150201ACF099DCE3EFA49F5426674086DE62D4D46BC7
S3150201AD00880414868E6E1516F5F418FD7CE0EFFCA8
S3150201AD10DCA0AFB6DE4CAB2AA750BBFE5F8D8669BF
S3150201AD200C64CE546B3E74F0D49F9FBB8B095A813F
S3150201AD30838C0C628658E0165A688AEA12B05FB2B0
S3150201AD4071B96070B3CDA06EEADE16F189D394F2C1
S3150201AD500BE06FDA2B161D12898FCE87D7388B73CC
S3150201AD608DA87941E25826B66D3151F19C8C73302A
S3150201AD70C97572727F8C1249B99653F717BCDB04F7
S3150201AD804667F8D2D7A2E669C6AB3EF5999D40C69B
S3150201AD90D2252E33F6756160DDE740F50E37214087
S3150201ADA0A5D0F1A1F5D6100907B8065BCDAA34469E
S3150201ADB035F2446935E6396AE7F390DF4056CD96B6
S3150201ADC0EA25FADB0E763A6CC43CE35909EFF32421
S3150201ADD0582E0D537E9E88429D9E04745796A11D40
S3150201ADE02B35FE98A16ECDFBA63652CC50CDCBB1FA
S3150201ADF0E246983F3DC85E1F75CB8C32C323FB8E5C
S3150201AE00E96E87DD07A242AF96E7FA5DDCDAFB203F
S3150201AE10519FBF066B241E24FE18DC558CE2640A80
S3150201AE20DDEB9933999EDFE352E6E2702343AC7977
S3150201AE300ECCE43AC37FFF35A9F7D82DA5A6139CFC
S3150201AE40BFCAFD3E8C1FBB2DB5F7085E40321E966A
S3150201AE50E5C9E6BB21A1C848456464597C5A41FC4F
S3150201AE6015B628C1D7B224D212B9FB05C9C93560B4
S3150201AE70AB9F427412A9D7429466535F8942D2D2DA
S3150201AE802C9B9342C5A233CA5CB9DDC7A6AD6F98A6
S3150201AE905D2D712F042C155A21693437B73C84393B
S3150201AEA04794C83807FB47A77E3045A231808DCB30
S3150201AEB068F0826D8E0F8167B47D28D2BC8FEB3E1E
S3150201AEC0933EA001A3D3C7725A2698BD8CE8735448
S3150201AED003B4215951AA2473A137DE6290AAC5840B
S3150201AEE0E1961D0D00A51D42D942926A30868278ED
S3150201AEF0DA100D694A465E3C6107B15A47D87EE5CA
S3150201AF004637D16F205E4371325602CD4E822F34BF
S3150201AF107B1E79A81E28164B8133810BD501C1D11F
S3150201AF202868EE76110FE6DE09643F389388B60C7F
S3150201AF304A48FFF665C58361D6F96B1E465A1D74EA
S3150201AF4081A57777FCB30523D9D37464A27455D44A
S3150201AF50FFE00164DCE126196E663FAF498546DBF7
S3150201AF60A50E4AF104CF7FD7470CBAA4F73FF23DAB
S3150201AF70853CCE32E1DF103AA0CE17EA8A4E7FE057
S3150201AF80FDC11F3A4615D52FF1C0F231FD225317E5
S3150201AF90155D1E861DD0A11F3298597D945580CC10
S3150201AFA02055F137DA56461E2093054E74F7F69967
S3150201AFB033CF756ABC633577AB94DFD100ACDC382D
S3150201AFC0E90D08D1DD2B712E62E2D5FD3EE9137F33
S3150201AFD0E5019AEE18EDFC73B39C136308E9B10619
S3150201AFE0CD3EA0C567DA93A4328963ADC8CE778D0B
S3150201AFF0444F861B706B421F011C91414C26C9EFBF
S3150201B000252CA217B8B7A3F147140FF36BDA7558BB
S3150201B01090B0311D27F51A4E5225A191C8357EF100
S3150201B020769C5E5753816BB73E729B0D6F4083FAD6
S3150201B03038E4A73F1BBB760B9B93927FF9C1B808F5
S3150201B0406EAB44D4CB7167BE1780BB996364E522AC
S3150201B05055A972B71ED66D7B923DF350E8C1ADB7C5
S3150201B060CFD58C604FFA9879DB5BFC8DBD2D96AD01
S3150201B0704F2F1DAFCE9B3E70C7D201ABF9AB3057F6
S3150201B080183B1440DC76FB1681B2CBA065BE6C86FA
S3150201B090FE6AFF9B659BFA5355548894E9C8146C62
S3150201B0A0E5D4AE65665D3A84F15AD6BC3EB71B1845
S3150201B0B0501FC6C4E5938D395F131799427D848368
S3150201B0C0D7037D561F911BADD1AA77BED948777E8C
S3150201B0D04AAF512E2EB4585401C391B660D5417070
S3150201B0E01EE7D7AD3F1B20858555331163E1C21695
S3150201B0F0B12808013D5EA52A4F44070CE69251ED9F
S3150201B100101D42742D4EC54264C8B5FD824C2B35C5
S3150201B1106486768A4A00E913FF2B036C55B5B5CBD3
S3150201B1203A7A2929B79171DFBB81EDAD2673FFC149
S3150201B130F503BE68BBE8AD717C466B80C584621EB1
S3150201B1407B605DE77B99F6C562D278B358D9678B86
S3150201B150708BCD816AD6883D89D74E20937A768BBC
S3150201B1602AAEA09FCBCA2F768748CE6DCCEB1F772E
S3150201B170B35FF08F15623034FD7C84D6CAFA66BDA0
S3150201B180481DC8A0BE6C3A6042DEAE06910CA9C546
S3150201B190B5C02CD2A23B5E724AC4FE01C7A00BE81F
S3150201B1A0940FD515CC1807D75B3BCF283BA2D9699B
S3150201B1B06ACAB5B2200E785DA9493220C9E961672A
S3150201B1C0EACD0C2272B882DABB785808CC5840ED27
S3150201B1D0331A40F9E043BB7B49BFF5E1A7A15DE024
S3150201B1E0926073D46D7D4526F632CC7377B0DC77E7
S3150201B1F0CD5FDD9C96945D0AB4317B2A0719E2FC88
S3150201B200168057AA75DC7A4D24934787A676C20E15
S3150201B210EB4BDA1F5D9D6D6D8381B0E98AA5B12283
S3150201B2208B385CC171D095FD17050A85762381A9F4
S3150201B2305E337FBBBA4C3833B4CAE81A7368C9F6AF
S3150201B240C5924FCB1E74205E3EBCCD8CE53BA52D2F
S3150201B250F70D9769A2FEDD2DA842B33D31CEAEBEF2
S3150201B260EEB72D845B63A3CBEF137F8120668CE857
S3150201B270C6D5764EAA38941B1A036F167E77508A64
S3150201B28028A3B70FF1397B0676BD0F01A6C9251989
S3150201B290050974CC75B5F96D0F0302A97FB0A8AE85
S3150201B2A043D163F46A768CF8607A783C6683B0158A
S3150201B2B0A8A4678214B1EA08ACD002D09B40C1BDF2
S3150201B2C0A6D9CCB545026666EC85DEFAC47D318225
S3150201B2D00DDFD76A4B93FE0274EAB7CF00F15CEF3A
S3150201B2E0AC42CBA133768922E285F2CE540CCED47E
S3150201B2F0556A148A048C403076FFB73E19FC5139DF
S3150201B30063482F704C1BF885D50EA6C98FA3276CEF
S3150201B3109027748BCB65B240A47B8F4AF439EDE654
S3150201B3204D78B9F4B45A801EE0F6D057902FFDE657
S3150201B330D8398E3B2EEB604AFE44535D2362668604
S3150201B3404968B9713FE9740D903228F6D4BEFA6D97
S3150201B350F370F9C59E242D3BDBCE2F8345889D7361
S3150201B36063F86BAEC9D638FAF7FE4FB7CA0DBC32CF
S3150201B3705EE4BC14887E93737F873B19C9002EBB9A
S3150201B3806B50DCE090A8E3EC9F64DE36C0B7F3ECC9
S3150201B3901A9EDE980804465F8DF47B29167103B95D
S3150201B3A03468F0D4223BD1A9C6BD9646571597E11A
S3150201B3B035E8D591E8A4F82C670F110787FD936D3F
S3150201B3C049B5387CD3094CDD866A73C24C6AB17CB5
S3150201B3D0092A25586EBD4920A26BD0177E48B52C85
S3150201B3E06B1950391C38D224308A9785819C65D7CE
S3150201B3F0F6A4D691287F6F7A49EF9A6A8DFD097D67
S3150201B4000BB93D5BBE60EEF0D4BF9E512CB5214C0B
S3150201B4101D9445C5DFAA1160A279913FD23927460B
S3150201B420CFDDD697311283FF8A14F253B5DE0713A5
S3150201B430DA4D5F7B6837220DCA24517E1631FF0928
S3150201B440DF45C7D98B15E40BE556F57E227D2B29FF
S3150201B45038D1B6AF41E2A43AF505332ABF38C12C39
S3150201B460C326E9A28F3F5848EBD24955A2B13A0801
S3150201B4706CA387466EAAFC3264B084AB5CFB852D55
S3150201B48014BCF389D21078490CCE157B44DC6A4789
S3150201B4907BFD44F876A32B12DDA253DD281B34541F
S3150201B4A03FFC42DF5B9017AAF4F8D24DD992F50F11
S3150201B4B07DD38CE00F62031D54E5B4A2CD3202C2E4
S3150201B4C07F185D1142FDD09ED979D47DBEB4AB2ED3
S3150201B4D04CEC682BF50BC7024F32C75C5A568F509C
S3150201B4E022A906E5C0C461D019AC455CDBAB18FBE9
S3150201B4F04A318003C109686CB9AECEC9F15666D725
S3150201B5006A65E518F8155B1C34234C843228E72654
S3150201B5103868192F776F343AC86ADAE21251D5D2EE
S3150201B520ED51E8B13103BDE96272C68EDD46079679
S3150201B530D0C5F76E9F1B91052DFF37B656D7DCE9AD
S3150201B540C4F087C98F344CECB7C7FBF38592D5CECD
S3150201B55087EAE19347350533949FFEC58089C10188
S3150201B560C8D56F71696765CD86A095D1C3456081DE
S3150201B5708279CC66327F2B6E8F56C3F7682480CCD4
S3150201B580B34C971982BAE99D6013B8B59C22B7AB41
S3150201B59062BABE6F7A01E24474B7DA5443A7C2C4EF
S3150201B5A01A03AF4E3C4C5D8E178F8342D2236CB782
S3150201B5B0EAE4DC688F099A74CD6ECAB6F32CF88771
S3150201B5C0C2A0F4183E890F5857E5042607308905AB
S3150201B5D01D9CD156C26AAB6C60DEC12CA0E0DFDCD9
S3150201B5E05B57C551FF652603EBBE3A07F1320C2CB8
S3150201B5F006867BCD1420886AB57F74A4FE922AA59D
S3150201B60089ABA51F49A412DCCEA447B84BA92DD8F4
S3150201B6104ECC1295CEED774D6EEB4FAF7CD111D15B
S3150201B620A3A43AB342BA0B05306CB4EE3C4C5117A3
S3150201B630757DC21B8BDBBE549C18E27745E1C87748
S3150201B64045C499FF6A6FE4A34353336DC8DF44319E
S3150201B650A916427C9E55963AEED22AF4370D551218
S3150201B660F5FBA19804E0788BB24C89338207535DCE
S3150201B6700C8D493E4E4EC80252AABA80688993443D
S3150201B6800E9485F2C4AF984CB64854A49BA74AEFD0
S3150201B6907FAE7AA510C57852940B4C2974D04DA56C
S3150201B6A0B6FF18DFB8465DF56683AE8DC5EC6FF061
S3150201B6B065D19081665786585C1E904FA4FE1F0C79
S3150201B6C082B78421B76F0B2B88DB140191FF87E5C3
S3150201B6D042A18547360F13379F35580D5C50151217
S3150201B6E06BC428FCC713202A4E66EA89AFA1A0249F
S3150201B6F01F0E13A138B60044C319ED9664B7013A79
S3150201B700307232EDB00AE031B115CA8357880A5256
S3150201B710C7BECC5A87B9AA06BB0EDFF5839933C1D8
S3150201B720AC4C2C518F75F3C0E198B30B0A13F12C73
S3150201B730620C27AAF9EC3C6BEFEA2E51F3AC4953A2
S3150201B74049CBC11CD341C1208D689AA9070C182483
S3150201B750172D4BC6D1F95E5508BD733BBA70A73694
S3150201B7600CBFAFA308EF4A62F24609B498FF3757F6
S3150201B7709D748133E14D5F67803AC1B64650757556
S3150201B780B943ECA0012F55CC49084A85514B8FBFCD
S3150201B79065C08C9AEC5BD436BF75249F8CCD78E854
S3150201B7A004F7281611AB3E7DFADFD5C4CCED781D20
S3150201B7B003684B3A7BB1E6512E6C55863F70586F42
S3150201B7C0BCCEF83B78933B6673AA32FD3C51FA8BA9
S3150201B7D0DD939B698EA3E452FC82176B03522C0EF6
S3150201B7E0B483AD6C816C81643E076469D9BDDCD0DA
S3150201B7F020C56401F79DD9131DB3DA3BD9F62FA1F2
S3150201B800FE2D659D0FD825078794BE9AF34F9C019D
S3150201B810433CCD82B850F460CAC0E521C35E4B01F8
S3150201B820A2BF19D7C969CB4FA0230075181C5F4E59
S3150201B83080ACED559EDE061C7CF5C9824D6394B241
S3150201B84036459324E1FDCB1F5ADB8C41B34D9C9EB9
S3150201B850FC194445D9F34000ADBBDD89FBA8BEF115
S3150201B860CBAEAE61BC2CCB3B9D8D9B1FBBA7588F2C
S3150201B87086A61251DA7E5421D38659FD39E9FDDEB7
S3150201B8800C380A51892C27F4B91931BB07A42BB7F5
S3150201B890F44D254A330A5563EE8A94084D86F4B06F
S3150201B8A06F1CBA91EE19DC0758A1ACA6AECD75791B
S3150201B8B0BBD4624213610B337242CBF993BC68C1AA
S3150201B8C098DBCEC71F71B8AE7A8DAC34AA520E7F01
S3150201B8D0BB557D7E09C1CE418A806DA2D71996F7E5
S3150201B8E06D159E1D9ED41FBB27DFA1DB6CC3D773CB
S3150201B8F07D77281FD94CB4266BE0B54B7E144F9544
S3150201B9004EBFA8CA49F66764A07045F0079213BFF5
S3150201B9100151CE547B37157EB411B6083520C922A2
S3150201B920BE382D4CE4B00494B5D96F46594C349FB8
S3150201B930716966826F777B18BD7EA5D4A50458F41A
S3150201B9408C37DBBB8679FFE4242E860812339E925E
S3150201B950D84353E08A78867AD8A63A3935900A309E
S3150201B960CDB12BA13111502B22C293F077F61F7B59
S3150201B970AD2BB8CAF8C10943375F28B02D8444AF4D
S3150201B980DFC8EF47901853879A9720F891E074958C
S3150201B99079556169608D370E555A07837191FAD9C6
S3150201B9A0DC9F006BD25ADB4B0EEF3DD62CAD2978CC
S3150201B9B07738FD7549C58F072D8F872814BDDF8717
S3150201B9C0A121941EDD364613A341732551C9174F92
S3150201B9D0B86C29AD4B8DF95D8AA933B85B4B00E290
S3150201B9E030334C2DEC5D774413E9AC7E0644A23A22
S3150201B9F0A9008ED5E3302627540BC9ECD08F67F305
S3150201BA00993504129B4501F09BB85837BC5F7226E3
S3150201BA10AE19A773AAE42543A03918203FE1D4BF82
S3150201BA2061F13D3EE2FFEFAEE31F5D6BF0045BB6F3
S3150201BA30C0FB622BFB85E0521AED929EF8435D181C
S3150201BA40C61947FEEA1E4AB04F3FF0A688BE9F4975
S3150201BA50DD9B853C2F0D8B5DBAF24CA5EA7940122E
S3150201BA60E7261B00EB6524D7FDF77AC9FDBC4368BF
S3150201BA7002CDEA552BB42405DB5353D746B38BCB00
S3150201BA80221E51AE4BB2FCFCEFE60AD5408DA4CB89
S3150201BA905DCBF7F4E5BAE32612FE458DDE3CDA8488
S3150201BAA0D2E244E418C242BD98357E1F789651A867
S3150201BAB0B2E216563FC94276E4F89545A7DA232340
S3150201BAC0B4BE7A858B8C68DE6E32591C968EC43F63
S3150201BAD0BAB8C915CA732E0B56C8D3BFDE84ACCB0E
S3150201BAE044F25FB348C3241607AD9C5DCA8DF8B70D
S3150201BAF0E8EBC2A24D570E3B843031A59125021DBA
S3150201BB00720827D6AE4A2DCA20FD0B2F852BA18698
S3150201BB1048A77DAD39C4E656E6BABD4249FF04C718
S3150201BB20791FDEB2E2AD215ED8FA5256F3B35DE970
S3150201BB30C1EB088F37B522087574388F4748F05123
S3150201BB403CCBBE9CF4BC5DB255209FD94412AB9A44
S3150201BB50D6A5101C6C9E702C8303736293F2B7E117
S3150201BB602C8ACAEBFF79524B1413D4BF8A77FCDABB
S3150201BB700F61729C1410EB7D7AEE66876AAF62CB17
S3150201BB800ECD535504ECCB66B5E40B0F3801805844
S3150201BB90EAE22CF69F8EE608AD30C14B0A50AD346F
S3150201BBA09CD40B3D49DB388DBE890A50983D5CA277
S3150201BBB0093BBAEE873F1F2FF9F2B80AD5092D2F95
S3150201BBC0DF2359C58D21B9ACB96C767326348F4AF8
S3150201BBD0F519F738D73BB14C4AB615E5758C84F79A
S3150201BBE038904ADBBA0195A5501B753F3F310DC20C
S3150201BBF0E82EAEC053E3A119C305FABA60751C7DDE
S3150201BC00615EE5C6A0A0E1B37364D6C0189752E39C
S3150201BC1086340CC2116B5441BDBD96D5CD7221B489
S3150201BC2040FCEE984345E093B50941B44753B19FB1
S3150201BC3034AE660299D36B73B4B33493502D5385E4
S3150201BC40736581604B11FD4675835C42305F5FCC43
S3150201BC505CAB7FB8A2952241E9D67EF5889BC919CC
S3150201BC6025C8F86D26CB935373D20AB31332EE5C11
S3150201BC70342E2DB5EB53E114C6EA93E26152652ED9
S3150201BC80DBAC332103925A846B990079CB75094651
S3150201BC9080DD5A198DBB60078A81E6CD171A3E41AE
S3150201BCA084A069EDA96D1557B1CCCA468F26BF2C62
S3150201BCB0F2C53AC39BBE346B0F3AD4A05E27BF6767
S3150201BCC0BEEE9B08348EE6AD2EE779D44C1389423B
S3150201BCD05454BA32C3F9620FE121B3E3D0E40462E8
S3150201BCE0951EFF287A63AA3B9EBD995BFDCF0C0B7D
S3150201BCF071D0C8643EDC224D395F3BD68965B4FCFE
S3150201BD0061CFCB573F6AAE5C05FA3A95D2C2BAFE0B
S3150201BD10361437361AA00F1C92D67CBC497454E7E6
S3150201BD20DF3DF7E6AABE9A0F297E8300A71CF04AD9
S3150201BD3083C11B3F5D1BAB63AE3FC554E8E51EC124
S3150201BD40F43F4F2BC1060B6A727AB6E0800F543369
S3150201BD50EFE307CDC38FF1158CF428B06307753273
S3150201BD605F066A5540070206585B49C312D83BD59E
S3150201BD708D505F869B6C7008CC58CC38F290B621F8
S3150201BD8072FBCC1E99F742FC5F97CF3771ED696062
S3150201BD90742D6A82B26FEA25677062FD2400BFA024
S3150201BDA05A40C0BC5E0F6150DADD96EF262891F942
S3150201BDB0BF0C70A5ED3BC47602A66CE1E849BAC296
S3150201BDC09C15DB0AF8613C8259121E8C1641B2920D
S3150201BDD01371BFC277E53F74FF3D343DABA27CF3DD
S3150201BDE017C6AB802D6A8C1ACAFFCCD435E0498EB0
S3150201BDF0B9D1A1BAEE6BB4484612B438411B99CCFB
S3150201BE006BC29A6F529C3B24BDABCBB74D49EFB97E
S3150201BE1000ED82D03D43BA5FD01A94C955E3499CDD
S3150201BE20848F4974DE4A73B95C3E6666D0FEC341AD
S3150201BE30B310E7E8F8EDCF0E74E2550D4D40978445
S3150201BE40532BADC4D963666C3457A9ADD9B02FEC67
S3150201BE503CF7B8CD20E11726F67D77DABF2DD83B20
S3150201BE609E36980BCC77B17199360C8563840E1D7B
S3150201BE70F1D1E2485B94715A424B5B40D53D206F4A
S3150201BE800945B21004C67E3246882AAC3072349C09
S3150201BE906AEBFF11FC29DE77744CE23FB2EFB97E01
S3150201BEA001BE51169FF4503EEA8D8521DC32A73E32
S3150201BEB0F910B85BD77B3717F6F90E63712E302866
S3150201BEC0E0CE642B03A2D4C2BE92624B3020080993
S3150201BED018DF2AA87A74CA5FA58E255CC3032A23B2
S3150201BEE0F10CCB6B2C3AF2866621442E0D8DAD3DBB
S3150201BEF02B8676AB3C93A804CC1359F1ED3C2BA3CC
S3150201BF0089BDF06F75BCB3CC635F17BCB7D632344B
S3150201BF100232859B92BA1E0E9563942C6D7EC47E67
S3150201BF20310236A3E74CBAFFD10FBAC50757214AE8
S3150201BF308743F3E61759C626E2BE87DD1B5643F051
S3150201BF40E8DADAB1D27DF12CD495617349CBE11DE0
S3150201BF502C085C1E4B823939FF3D9422B604C6D2A7
S3150201BF60A0B3CF44CEBE8CBC78868097F34F255DB5
S3150201BF70BFA61C3B4F61A30F506A938C0E2B086917
S3150201BF80B6C5DAC135A0C9F934B6DFC4543EB76FB6
S3150201BF9040C12B1D9B410540F082BEB9BDFE03A0E7
S3150201BFA090AC443AAFC189208EFA5419919F49F84F
S3150201BFB042AB40EF8A21BA1F3EF5C8FA489454AB08
S3150201BFC04137A67B9AE8F681015E2B6C7D6CFD7486
S3150201BFD0426EC8A8CA3A2E3994017B3E04573E4F97
S3150201BFE07FAFDA08EE3E1DA8F1DEDC99ABC639C891
S3150201BFF0D56177FF135D536CAF358A3EE934BD4C8B
S3150201C00016E887584481072EABB09AF2769C31190D
S3150201C0103BC10AD5E47FE125D554EBB3788373A7F7
S3150201C0207C3C55A566D3691DBA0028F962CF260A5A
S3150201C03017327E80D512AB01FD66D2F6E791489C96
S3150201C0401B7807039BA144073BE261601D8F388879
S3150201C0500ED54B35A3A63E12962DE34190188D11AE
S3150201C060485831D8C2E3EDB9D94532D87142AB1E2F
S3150201C07054A118C9E261394A9763AA04E1BF296149
S3150201C080CBFCA7A40800968F5894907D89C08B3F5C
S3150201C090A991B2DC3EA49F70902702FDEBCB2A88C0
S3150201C0A0605711C40533AF89F473347DE392F465A5
S3150201C0B02B5A5154DFC5B22CCA2AFD638C5D0AEB99
S3150201C0C0FF4E692E66C12BD23AB0CBF86EF3232707
S3150201C0D01F13C8F0EC29F0702E34C549AF92BC1A71
S3150201C0E0D0FAE6B211D8EEFF294EC8FC8D8CA2EF2A
S3150201C0F043C54CA418DFB511FC75A9428ABB7BBFA7
S3150201C10058A3AD9677395C8C48AAEDCD6FC77FE20D
S3150201C110A620BCF6D75F73196642C842D090ABE33C
S3150201C1207E54197F0F8E84EBB997A465D0A103259E
S3150201C1305F89DF911191EF0FB96E1CABA17C50B1F2
S3150201C140B387B6163E8F44BDAB917A2C7FFB55342D
S3150201C150C1DE2A2F9E227975B7161C5BB8DCB56A39
S3150201C160A5277B3CE8FCC094BE1755731A1CB1A4E3
S3150201C170AAAF0EBAD0389249578BBA7A526EF4ECFC
S3150201C1807B64D18B478CA015EF6F705FA6C6F17ADF
S3150201C190D5303AF078FA4563A1E715105FF902DF67
S3150201C1A06302B4A91DC40E790711EA33A10E3A4DF1
S3150201C1B0C9F83AE3E70BF754A4F0D8BDE9CBD39318
S3150201C1C0027317FD1B2C15DB75A8177F6DDCBD7D70
S3150201C1D0FE6E428FCC711A3E62BDBA90E3A33CC891
S3150201C1E033C8910267E3ED80C40079D3CC3880C8A5
S3150201C1F0A11FC31E23C05F2C4F8B03171791BAFED3
S3150201C20081EFDEC9213712E534880D5DE7E4971C1B
S3150201C210C63BDC237AAEAF68656E4502D1E422C421
S3150201C220917BD4CAC14A4187DDFFB6A2BBE2921510
S3150201C2300F10C2F5BFD2D9751CE8263676B4D95B82
S3150201C240DD2EA0BC36699689B377F0613D19410AA4
S3150201C2507154CE0042A297304CB8F8C73477425790
S3150201C260E970B2013EA141F1A664E5B4FEADD10287
S3150201C27048BD83CE923DB24B86C4956624E762A140
S3150201C2800796A83534631D13372AD1A0611552309A
S3150201C29063B3AFA6AD4B7056B912F952A74A6CAF4A
S3150201C2A0C87067D86C5F665E58CDC8A383AC354C3F
S3150201C2B07E8AA510C0297A2B026C992799F4D19D01
S3150201C2C052174DE058B0B30C3E2CD07F96887E1F94
S3150201C2D0B13E8BCB6842962FDA2A8F21A05BA97BCE
S3150201C2E0CAB90F338722F4CF07D9C6566D49DADAAE
S3150201C2F054EEBEF496C280530A8D896604274F9D79
S3150201C3007A3FFF0A9987093D45BADA6762F39ED0F9
S3150201C3109C661C7B5E45617739B4447E09FE6812D0
S3150201C320D77D085783A84FE33C9BAD315795CB3454
S3150201C33098EE8D7CC068906C9161CE4D015C68D59A
S3150201C340FC9D1F498A52E469DF060C82292189C6AE
S3150201C350AADA7EFC8F5BF81368F556D9BA6C5900D6
S3150201C36047DAB1600A1917C3CD50DC87C70B768944
S3150201C37079FAA2C1A45EA33145995CA2494C8D17F3
S3150201C38082F76AE4D1C4616CE35E09B84AE880784F
S3150201C390AB983D52CC93BE13C4D8D9C178B39D0E86
S3150201C3A0B133B3B2263636B88F236E67EB28D7BEC2
S3150201C3B0BDC1BC8E08B5C915AF66893EDB3EDF132A
S3150201C3C05F2EE3C27628B49CE7A1EE42C0FD12CEEF
S3150201C3D03CF0C148622FC1466BC0E6272AFF01899C
S3150201C3E0B184BDF02AA63E06E5A99BFE965D22AF63
S3150201C3F00C937B132733B37C6A0851B58FDA774FD7
S3150201C4001F3AE72DEE098C6A163A882C22AC86046D
S3150201C41036FF2436074CBB2375DC037A3C13EAC587
S3150201C420BD77AB8841A1022C5BA19F2209019BC862
S3150201C430BD8D906D474DAD4A4000000044C40102D6
S3150201C4400000000000000000000000000080000063
S3150201C45002000000008000000300000000800000CE
S3150201C46004000000008000000500000000800000BA
S3150201C4700700000000400000080000000040000024
S3150201C48009000000008000000B000000008000008F
S3150201C4900E000000008000000F0000000008011CD1
S3150201C4A0000100000008011C010100000008011C36
S3150201C4B0020100000008011C03010000000C011C1E
S3150201C4C0040100000000011C050100000000011C1E
S3150201C4D0060100000400000007010000000C01171C
S3150201C4E00C010000000001170E010000000001000E
S3150201C4F0080200000000010009020000000001001C
S3150201C5000A020000000001000B020000000C0117E4
S3150201C51000030000000C011701030000000C0117C3
S3150201C52002030000000C011703030000000C0117AF
S3150201C53004030000000C011705030000000C01179B
S3150201C5400603000000040117070300000004011797
S3150201C5500803000000000113070400000000011493
S3150201C560080400000000011409040000000C010681
S3150201C5700A040000000C01060B040000000C01066F
S3150201C5800C040000000C01060D040000040000006A
S3150201C5900E04000000000113000500000000011353
S3150201C5A001050000000401070B0500000004010754
S3150201C5B00C05000004000000000600000008011C32
S3150201C5C0000800000008011C010800000008011C07
S3150201C5D0020800000008011C030800000008011CF3
S3150201C5E0040800000008011C0808000004000000FD
S3150201C5F009080000000001130E08000000000113E3
S3150201C6000F080000000C0104020A0000000C0104DC
S3150201C610030A0000000C0104040A0000000C0104D4
S3150201C620050A000000000000060A0000000C0105D0
S3150201C6300E0A0000000C01050F0A0000000C01148D
S3150201C640010B0000020403040404000008000000B8
S3150201C6506CC701020F0000007CC601020300000044
S3150201C66064C6010200000068000000680000008044
S3150201C67000000080000C0022000C0022000000686D
S3150201C68000000068000000900001090D000000682A
S3150201C69000000068000000270001020D000000688A
S3150201C6A000000068400000020001010D0000008048
S3150201C6B000000080000000900001090800000080CF
S3150201C6C0000000800000002700010208000000802F
S3150201C6D00000008040000002000101080000000085
S3150201C6E000000000000000900101090500000000A1
S3150201C6F00000000000000027010002050000000002
S3150201C700606B0000400000020100010500000020EC
S3150201C7100000002000000090010109040000002031
S3150201C7200000002000000027010002040000002092
S3150201C73000000020A06B000201000104000000229B
S3150201C74000000022000000900001090300000022FF
S3150201C7500000002200000027000002030000002260
S3150201C760F80B0022A06B0002000001030000006822
S3150201C770000000680001000D00000068000000686A
S3150201C7800001000D00000080000000800001000889
S3150201C790000000800000008000010008606B0000BC
S3150201C7A0606B00000100000500000020B089002036
S3150201C7B001000004F80B0022000C00220000000315
S3150201C7C03010002234ED04220000000300000000B4
S3150201C7D00100020008001000200000000300000012
S3150201C7E0E4C7010200060E04070100004275696CE6
S3150201C7F07420776974682052656E6573617320418E
S3150201C8006476616E63656420466C657869626C65FF
S3150201C81020536F667477617265205061636B61673D
S3150201C820652076657273696F6E20362E352E30005D
S3110201C830362E352E3000000000000506F1
S3090201C83CF8B500BF83
S3090201C840F8B500BF7F
S3090201C8440D78000260
S3090201C848E577000285
S3090300A100FFFFFFFF56
S3090300A104FFFFFFFF52
S3090300A200FFFFFFFD57
S3090300A28000000000D1
S705020132A91C
