path	bytes	sha256	reason	role
.git/COMMIT_EDITMSG	24	1F427B5E83671DA0D14010E191613BB2360A158BA188CA8632F945FA79C3953A	Git internal metadata	vcs_metadata
.git/config	560	0EE86373BF68AFC37A725589637FCA27AC5BB4939B17D718B3277418DBAE6CDC	Git internal metadata	vcs_metadata
.git/description	73	85AB6C163D43A17EA9CF7788308BCA1466F1B0A8D1CC92E26E9BF63DA4062AEE	Git internal metadata	vcs_metadata
.git/HEAD	21	28D25BF82AF4C0E2B72F50959B2BEB859E3E60B9630A5E8C603DAD4DDB2B6E80	Git internal metadata	vcs_metadata
.git/hooks/applypatch-msg.sample	478	0223497A0B8B033AA58A3A521B8629869386CF7AB0E2F101963D328AA62193F7	Git internal metadata	vcs_metadata
.git/hooks/commit-msg.sample	1972	EFC1401B0E99D1FF51494D154D98B46C1E99059BCD8BF9F73CECDE19FD3EB23B	Git internal metadata	vcs_metadata
.git/hooks/fsmonitor-watchman.sample	4611	9159720099AD5595B8E66645CBFD47763C1E920F46E0B50AE75E642BBEC57EF0	Git internal metadata	vcs_metadata
.git/hooks/post-update.sample	189	81765AF2DAEF323061DCBC5E61FC16481CB74B3BAC9AD8A174B186523586F6C5	Git internal metadata	vcs_metadata
.git/hooks/pre-applypatch.sample	424	E15C5B469EA3E0A695BEA6F2C82BCF8E62821074939DDD85B77E0007FF165475	Git internal metadata	vcs_metadata
.git/hooks/pre-commit.sample	1649	57185B7B9F05239D7AB52DB045F5B89EB31348D7B2177EAB214F5EB872E1971B	Git internal metadata	vcs_metadata
.git/hooks/pre-merge-commit.sample	416	D3825A70337940EBBD0A5C072984E13245920CDF8898BD225C8D27A6DFC9CB53	Git internal metadata	vcs_metadata
.git/hooks/pre-push.sample	1374	ECCE9C7E04D3F5DD9D8ADA81753DD1D549A9634B26770042B58DDA00217D086A	Git internal metadata	vcs_metadata
.git/hooks/pre-rebase.sample	4898	4FEBCE867790052338076F4E66CC47EFB14879D18097D1D61C8261859EAAA7B3	Git internal metadata	vcs_metadata
.git/hooks/pre-receive.sample	544	A4C3D2B9C7BB3FD8D1441C31BD4EE71A595D66B44FCF49DDB310252320169989	Git internal metadata	vcs_metadata
.git/hooks/prepare-commit-msg.sample	1492	E9DDCAA4189FDDD25ED97FC8C789ECA7B6CA16390B2392AE3276F0C8E1AA4619	Git internal metadata	vcs_metadata
.git/hooks/push-to-checkout.sample	2783	A53D0741798B287C6DD7AFA64AEE473F305E65D3F49463BB9D7408EC3B12BF5F	Git internal metadata	vcs_metadata
.git/hooks/sendemail-validate.sample	2308	44EBFC923DC5466BC009602F0ECF067B9C65459ABFE8868DDC49B78E6CED7A92	Git internal metadata	vcs_metadata
.git/hooks/update.sample	3650	8D5F2FA83E103CF08B57EAA67521DF9194F45CBDBCB37DA52AD586097A14D106	Git internal metadata	vcs_metadata
.git/index	268712	C491590282F8B5641FBE887E8953AF2D491FED2E0C8FB34256CDB40525FCA95C	Git internal metadata	vcs_metadata
.git/info/exclude	240	6671FE83B7A07C8932EE89164D1F2793B2318058EB8B98DC5C06EE0A5A3B0EC1	Git internal metadata	vcs_metadata
.git/info/refs	57	403A060EAA7EF57BDFECA7BD2AB8E21AD9FA3E53D085FF114A73DF11E1BB1B93	Git internal metadata	vcs_metadata
.git/logs/HEAD	170	7EA1623BA3FC43995FB0BE4C3B08C71A80E74FA2D3DEB1265CB361496282EA13	Git internal metadata	vcs_metadata
.git/logs/refs/heads/main	170	7EA1623BA3FC43995FB0BE4C3B08C71A80E74FA2D3DEB1265CB361496282EA13	Git internal metadata	vcs_metadata
.git/logs/refs/remotes/origin/main	143	7CC7C147B051E1EB943A3A19D00EADC1710032C055660A613764C46A308DACEF	Git internal metadata	vcs_metadata
.git/objects/00/415b858c5a9f7146de3835c747ede1290997ad	5578	92897ED3A42414A6BF4BEA15B18D4E1CB6668FE26F328E04A64DCC58C82F2437	Git internal metadata	vcs_metadata
.git/objects/00/673c9b63d0499c8b28f719a4a6bc2ae6931126	158	801DE24444B7ACDFE79143F3860017D8C9B09F8F95909E205A80340C92F331BB	Git internal metadata	vcs_metadata
.git/objects/00/92c3c3ce5e610f12cb44082499b511e3d6b0d1	1658	A936FABFD45D0FBD452866AFD445D8BB4CC0462617E2BA72C0A5D5AC97AA62D8	Git internal metadata	vcs_metadata
.git/objects/00/e3caa7eb8efd5fb9bd075bf9df12c3c7c1f028	1535	9B86E218A47FB7863E77D49E4D73C20A1940856B8ED48E7EF04287EB96968122	Git internal metadata	vcs_metadata
.git/objects/01/ad348392dc353ad6d5d68a45ba6cd591137e1c	5620	9DFD1EA825035D38F1041B93B3A04023241DAA1145DC75D5527BAD512EC695DB	Git internal metadata	vcs_metadata
.git/objects/02/5f3cd5f4185b52a81092e67419b5244e966c19	354	1CE876D30C0AC083759883285313BB4B2F16EEE377ED541255D0861AE1C0C77B	Git internal metadata	vcs_metadata
.git/objects/02/931fd29047149889e4e41cf1c9631b50765dcb	734	60E4E0CE5E60837178638CE81A9DD31EAF7F9FE22554D4AB898E437074A4D815	Git internal metadata	vcs_metadata
.git/objects/02/9e599bfba98df5bb5dd1801280a6a1414b91ec	278388	514F56EC8A542D58C402EC75F58E1574469CD6C1FC7839C223C673608FBB1733	Git internal metadata	vcs_metadata
.git/objects/02/cc4bd3a1f8b4d9321842db009e4fa2d8f917ca	28758	6232A7046CEF38689642C2DA5E77072DA01EC8D63B892E521F41CD183560FA3B	Git internal metadata	vcs_metadata
.git/objects/03/6adfd3069b166d4895d9fabec33a29e2cc832d	6775	48263A645FC7650F7504192B131FC5650710A6168A9D214ECEAD327D4AB800A2	Git internal metadata	vcs_metadata
.git/objects/03/f3e6cc9a887e936292566d3c5f50c3477a5713	2986	8A545288FDD1503DAA7B2A798D2040FC9B677C76D04D4AB13F0CFA1CFCF38982	Git internal metadata	vcs_metadata
.git/objects/04/9d950fc886cbce1464c886014a6a0cb606cc0d	2508	A55594FEBFFC4271DC2F688EA011C95EEEA5ECC9B48DA5E23C7AE97B26AC2123	Git internal metadata	vcs_metadata
.git/objects/05/0c7603934e7ad9ec97ca25224ecccbaefa82f5	8152	3EFE38326A699B389130BD72637D601B97FFB3C1822271D3BC777376132E38D2	Git internal metadata	vcs_metadata
.git/objects/05/b95073ec51b4e4973e1e1647eb0939ac4642a0	89	AE5A5993489E7636B7186BD3BC9166FF479E59F7AF10EED2C881129860903C59	Git internal metadata	vcs_metadata
.git/objects/05/d43328884760788e0d535cfdd1ef3bee75ecbc	2858	7A2FA0621EEAEE1498A0FF84D05092D4094022DE2CC55325CE37A6F9FC996042	Git internal metadata	vcs_metadata
.git/objects/05/ff6531249a0f317264a24c42898854754bebe7	13491	626D13A0777823E460D87F26A6E6E5F20F35DE673DB5441AABB24D152063081C	Git internal metadata	vcs_metadata
.git/objects/06/edf9aa1f6d76755cbcd83ff5cde9e0028d01e8	3293	64CC48764034419EE3DC787B5DDFDC093C8B4588DFDF97FE68CE9D46611AE914	Git internal metadata	vcs_metadata
.git/objects/07/cfe149627aa07bce707ccf888fae0498d5d605	215	156CFDB5ECC9597A581D41C2AF90DB420F75F6337F672B95096FE41C8F362234	Git internal metadata	vcs_metadata
.git/objects/08/4b8a3b2da7fe5849861fb5c0b4529b406374cd	35741	79CE31090B079E0A48C99B104D2E4BC8525109FF3E42CE495E8F04F29DDDA872	Git internal metadata	vcs_metadata
.git/objects/0a/56ada825f1139bf7d37db3495526d140c33636	2822	EE7A8BC96F54A8206898826B3760F249401AADE9E987492777847653A886D56C	Git internal metadata	vcs_metadata
.git/objects/0a/90155e7845b2181a79c9fa2cbca3f3f7078d37	13276	F1FB7B3DEB19F5CDDAA5F4B8E89E2FA40675FFF265B66E2463223712F24364B0	Git internal metadata	vcs_metadata
.git/objects/0a/c5842f4334a2ae8bf04b2ed0f3abe01526b519	5606	65CEDC61433E3AACE1D22D7B1742E82567A8DE7792D825F9563A9644D5CEB84F	Git internal metadata	vcs_metadata
.git/objects/0a/d730014ec5826881a8fca9047dae4ad5aeba98	398	41ED2EA42CCA713E3DDB2124E3ABAE7B32E791C4851B6E55CA9476A29E5192AF	Git internal metadata	vcs_metadata
.git/objects/0b/ff94a0e32305e3ad33d942791788002bb2b833	3219	423EC4E7CA18A6C28BB849D745302464A33A9ED07B57BC829B89A1783D6D72AB	Git internal metadata	vcs_metadata
.git/objects/0c/89f13dd9072013c4d80fa972e87bcf2e36658a	12485	BABBB039A2E0C4EE41213CEBB8A65D2D64DD130664661A5758458DAAA89B18D3	Git internal metadata	vcs_metadata
.git/objects/0c/d08e369a0ed2f34cbf96b48e2e7bf4e524ae88	893	7D0E1A028AE83904FA4DF3A9765F1E7DB2411565C0648649893157F5B0E1EDC8	Git internal metadata	vcs_metadata
.git/objects/0d/085c9da1d152808620b1ff82e84507fdee055e	188	492BE2C007927AD7D00EBEBF009767CCE39B8626BE2A804F936A5C838D89B367	Git internal metadata	vcs_metadata
.git/objects/0d/29701acf2c651886f7f8c0e36400fa19c6b10a	3349	3CA29D1971C5F320C19A4593A915D8D94AF851504E74A9EE4B2850DFBC6B354B	Git internal metadata	vcs_metadata
.git/objects/0d/3831ed92a5fe432343ec8774ab897a9bc79cc3	170	08B8705F346ADF8D6ADA9BA44053C17490B6BC65165DFEF1DD5C0F734DF80F4E	Git internal metadata	vcs_metadata
.git/objects/0d/b4ffa19e9a5823759e3e9b877fbcc3c8224d82	191	CF298EE3F898BD8D4C3E166DDC20A1FE70D283CB8771BB57315FEC7D958E15DE	Git internal metadata	vcs_metadata
.git/objects/0d/fdc7be685090ac6ac1671c330e8465667991fd	252518	146879D9A9CBC4071E7E7E16B0917E0C32C0B95C52C7458BE7C079C7C5C7D9F1	Git internal metadata	vcs_metadata
.git/objects/0e/06ae15503b993c96a203bf109ba6f934c715a5	145	E9AB578BAF47177DB51915C6C2EA4F8452C00EF9B64B43B5BAAFB625B114FB1B	Git internal metadata	vcs_metadata
.git/objects/0e/60376dddf7c7df61ba37f9a3e6d0a3cbddd419	45	C2DEE281A0BE1C057A38C337014D9246BA5062F7F7F6C9FADDABB8E395569B1E	Git internal metadata	vcs_metadata
.git/objects/0f/04613f2811d426cc73235ef18ffb2cec2a0495	1679	B414CDF62872ED9BBB8A92CF738213B524B5BE20B964E384D43BE3EC0F4EBE71	Git internal metadata	vcs_metadata
.git/objects/0f/84a36c30be8e9a6562641155c9a65e8115e557	7820	6B5EA5195563ECC72F828162C74F9BC5880EFBB19A06ED99AC1CB0160B160C14	Git internal metadata	vcs_metadata
.git/objects/0f/9f5d0f5aca299ed522f126b35726026192c93e	15447	4A6365C7AC5889E4F29257F4024C77B3E52F3D63FD088AAA1CCA348BDE544DE7	Git internal metadata	vcs_metadata
.git/objects/0f/c6a83f51b89617acc9cb789dc2e0220a236caa	223325	74C89F042E78C8587CC4D278F2A7E495E8795AADDDFCF85938090587FAE5E909	Git internal metadata	vcs_metadata
.git/objects/0f/dd53b7cdada4fa2d01d8973640a04756fe2601	867	245828561D7E196C3E10A5B33EA9EC42274E6BE5DA78F4D89C5FE30D2CBF15DE	Git internal metadata	vcs_metadata
.git/objects/0f/ebc42cad08a59b3134cff41a8991be0bf464fc	243892	2D1E15BAB15093377C709C10C2DEE3D0B9E47AA2F69E5C79A3C347CDA7E33214	Git internal metadata	vcs_metadata
.git/objects/10/6ffb9fee7f2490539f78ff49026eb79d7de39c	1288	DAD697044E1E55A98D2F52BC3E6B7AD1DD25747CF5AAFD5B67F5A7776477E206	Git internal metadata	vcs_metadata
.git/objects/11/03c4c010b73f208f4e098911b14a5a4a8a295f	1068	2B1DDB80B77A506A879315FF0DEEB6A5D1FA233E855500971F3AA26B0C89BD66	Git internal metadata	vcs_metadata
.git/objects/11/398d11785aa465275632233a642e03766fd502	6073	086D6D3E85BEA0A0F519FF1FFB68F83A7E5132F30C14FB15C2AD5C9B51FB4A6E	Git internal metadata	vcs_metadata
.git/objects/11/423cb509fcb91acb18c6467b735f7ce37bb303	1231	4CB15378EB152F3C2ED132273A96479F420E6E5562E0D69BD284122AF5D135D4	Git internal metadata	vcs_metadata
.git/objects/11/79df878c1c9928bf5597837f01d4975345adf3	5062	D3B9A70D46179EFFFAFF4EB6234A131C6702CFB7B7919049B2E03FED2F232328	Git internal metadata	vcs_metadata
.git/objects/11/84ae7f9f9bfc6b196e1ac526b074746f01fe2b	97	0C231012E38E2D2C9FA3B6B3F159EB23590366CEF15897D04D9CEF1DBE34F64A	Git internal metadata	vcs_metadata
.git/objects/11/a28b8fc936fcafe6f76192d3c7dd7007e72c95	16580	09C26181A1FF1E9D0777BF1C3331027FA73DA9298997A31E944E6D8B80073742	Git internal metadata	vcs_metadata
.git/objects/12/11f70f95f26547deedb9aef3ba8dfefbcf0bf0	63384	A863481A75D822FE0C175F083B8FBE6536F070DA4E3EE975CE7EC5E23817BEE0	Git internal metadata	vcs_metadata
.git/objects/12/6b37c41988d23ec67682321b0f61f85e5cc250	681	275E04454EC1DA1A74B5AF739F74096BD31B11859055399E004A3ED63160BC4C	Git internal metadata	vcs_metadata
.git/objects/12/af91b37c4981cc5644c7863e3a6889722c069f	6181	61B8F0BC7B6A97C622811E16EE24E2A029ACCB10FC5DFC7C1C48117D1CADC885	Git internal metadata	vcs_metadata
.git/objects/13/6ed2f747ac403f6723c881c0b0dd20a5b98bb3	98	71442B4D6FF1C335DDE7FEE6260E8DE864FF6596D0C5E1EBFF11373F258C1FDA	Git internal metadata	vcs_metadata
.git/objects/13/ca3b7bc7f073680ed7a94dd54003845b8bf303	74	E38B9AA8895DB0AD9D99CD1071ECC54189A37F77FCAF5DFF099A6E4DD00A5787	Git internal metadata	vcs_metadata
.git/objects/14/d2d645ef3311586420cdca094348f2edfe0e54	12514	BB0A9E37A3025CECF64F963CC1CE26AFFEEEAD6A828B52D946223D11A13078C1	Git internal metadata	vcs_metadata
.git/objects/15/4fbda0615ba3071944c038a3220163065902b4	2165	5988F7750B6292DE36DE9F621957984AC1584431715F47CB85E5D8EC2C556A0E	Git internal metadata	vcs_metadata
.git/objects/17/4d53757be5c05ba9a6051e79c13c6b02824c70	353	159D07358199A0B107256F24F654B9CD8CF47316DBACD66917EBD445D64F6713	Git internal metadata	vcs_metadata
.git/objects/18/c423bb28a32a2d90766928fa6dde9732230498	32704	77BC0F0A01EE367953075F6ECD13D52DC1E3CC3CA6DBCBDE886225E5663EB9BE	Git internal metadata	vcs_metadata
.git/objects/19/c7670ae235f4f4698becfa543c57ec74a71f48	2357	568CD68C4F506300116F5288281E0FD95BF5B84013825B68FA45B9A2AAFD23E2	Git internal metadata	vcs_metadata
.git/objects/1a/3401f21996ea1e2a2440f871313204aa934cfb	2383	13B9BA7118FB4EFBA2CFC51CCFE30FCA3EC6EB3D938C42910F310AF52E9DD9D5	Git internal metadata	vcs_metadata
.git/objects/1a/c832e0881dcbb299e7c91f0b7f468c2129a416	3770	531502A35CE88D88651477D5CBB95777CCF05073B2AEB28686803F4A27838292	Git internal metadata	vcs_metadata
.git/objects/1a/de3c675e58712c27c5a1daa1d42b739a752b2b	1288	2A0EE499D42706C5F72F6752D51F778D17EB1AEB48A1BF50550E5CB2F6755F4B	Git internal metadata	vcs_metadata
.git/objects/1d/ae272259c644efe8a65f3c26863c74b90b0044	508	CFE0BFB85EC7518817E1278B2DE3189F1A205A7373261F6E48EE83130BF906E2	Git internal metadata	vcs_metadata
.git/objects/1d/d1d345ef5bccc5c29fa04e1739fda4851ee698	61	04C575EBF9852143F916E6971161EC26A126CEC9974C2CC677221DE9F8786466	Git internal metadata	vcs_metadata
.git/objects/1e/2fd3a3603e3225a360a6216aca2c5644b40980	243078	F24B416687315C1E5C695F2D45F6697872975BA6F9A79DA8FCF033CFE4980769	Git internal metadata	vcs_metadata
.git/objects/1e/35d90a825da12fdf805ffedb14c1edd6641915	246027	9EF3F3DF1E7AD85E2FF5F9BD4612CC594560C1522A5E4A0D6B2C5BFE6561A40B	Git internal metadata	vcs_metadata
.git/objects/1e/6eb3cc487615263ed6a9ebf0b19b90fdb1b02b	569	B867E5EF7911EE6A4C3C20BDEE8FBFE5E491AF89EBF9E3735D8D49EB32289CFD	Git internal metadata	vcs_metadata
.git/objects/1e/96ae9d1dae29cc3533339d0a682f9a148cd689	2297	BBE18D36CE6F92A61992CE64D05BFA732B4D30CD5A94A99BC5CFA34BA26BB0C9	Git internal metadata	vcs_metadata
.git/objects/1e/a73ca2082437c856ceca6b0887e0a779b0787b	147	B4CBC90CB80D526A6993149EC3BDB550FF31FB9F15309E3A6ECBC0A046A42DDB	Git internal metadata	vcs_metadata
.git/objects/1f/18152a27a5bb210750816b91595350d5697b31	5723	3A18C31AF951F9F5C3CAE02F5EC962F47633A79C445F4694A373A3E890C5E37A	Git internal metadata	vcs_metadata
.git/objects/1f/3b4924de3b8e24e761576cc3951ebfb59612f8	248788	0D632FE111E5B2101F8ED37130C70D48621F6BF8AEB81785EE97D463FA002546	Git internal metadata	vcs_metadata
.git/objects/1f/a9387088fc1b45a6e3184c919ff32e70296e51	379	7B6CDF82C5C476883F33B07674305918C8E2F5EB8696D2B5C2772C105A46E388	Git internal metadata	vcs_metadata
.git/objects/20/24050cf232adf3bdf75b8f7fa250b5e135cfa3	6241	6BE55903E458B120093E1A73A7E42604832EF6404D0ACE48A1DA8B4BE5316BAE	Git internal metadata	vcs_metadata
.git/objects/20/3f75c1d279f1ccb230e701d7e8b2871b06bf90	284060	8C8248B17907E887028F58F88E4B2B9F48F41428AAE824D366D1079B43540E35	Git internal metadata	vcs_metadata
.git/objects/20/4e58a888d6a182341e586d18c808dd2f223e5b	634	1BEA2C92BAC618390FA1EBA73673206C31757CCEE88A4B7D54F52F6B6C772717	Git internal metadata	vcs_metadata
.git/objects/20/865f7911b391a9aa72172703ed3806e1da2493	744	37B6F5A30281D87DF0EA737145676640F97E58D72C48E2762CF8C4A252A0E1C8	Git internal metadata	vcs_metadata
.git/objects/20/c43cfdf8bcd71921548b755c27171b869ee3a3	253064	8486E285748EC809A19F18F73E740DD2446E77A3DF49918D356462872B8B3E3A	Git internal metadata	vcs_metadata
.git/objects/21/111c4e1046a02ddcd4135db0295258068f34f0	36279	D46A813D023FA9E302948099CDA48F97A961EE23986426EB4DA0B625BA89DB10	Git internal metadata	vcs_metadata
.git/objects/21/2c0eec25a6dd48ca0347135da9f9b09569edb4	222313	DD73CAAF816F8147A2B0F8228490AA72EDFECBEB726580801E71C4A05CB723EB	Git internal metadata	vcs_metadata
.git/objects/21/342227173451ada6947d3c925766a23359cf1f	2985	8412C07AC9AE92F383D56DE9A94C16F36533345A0C89B3B8E9618D17788FBA01	Git internal metadata	vcs_metadata
.git/objects/21/ee68eacdd178c26a5b21b0af62cf57bbdb0ae3	3209	46C11BBC2AAC97FDBFEF94FC630FB11CEB3FC51F717C1B221DE16C4C9C16A3A2	Git internal metadata	vcs_metadata
.git/objects/23/27f5c45d1e3075fe4383c64fe69a9e2e822b1f	312	EDC8CFCBDABE24CDB0DFF6323A2A06A9C91D3D90F85A6C6347FBF4B19E7C5FEF	Git internal metadata	vcs_metadata
.git/objects/24/503b847c36bfb0fca7681f245ea2ab2f9acad1	189	5172B7E892839191B9AA36467F4347A82075A3DCD7BE550E8ADC711A51B50DCA	Git internal metadata	vcs_metadata
.git/objects/25/b745d395930942a45ab8a97492fa885c25a296	115	94B644F2052277DFE378DFF4BF81A895DB599773C29DB6DA5F4F01F36CAC5B3A	Git internal metadata	vcs_metadata
.git/objects/25/c22cfbd9ebbbea50396e0df5678e6320a515f9	10638	4C739CA0DE66FE4C75911DECBDB646963E9B4E9905BAFFA2840484C5F3A37E38	Git internal metadata	vcs_metadata
.git/objects/27/1fe51c53100370935f70abedc288968c0740a8	1783	C3C8E9204E4BE9F83E640813F440CAFA3CB00117723A80E10EF244ADE6A9A246	Git internal metadata	vcs_metadata
.git/objects/27/4cae940ab2791f009dfa7b8ced63d1d4e0c6b3	280092	5502662B52B571FD54A01EC9718EF4B5B01850BCBD72C216CA310B376B8D108C	Git internal metadata	vcs_metadata
.git/objects/27/c48f3cd8c825e135aed7d838debd80113ebc42	7057	7A7987955F56571A87C85B655BB9CCA30FBA53F6C5034E8D27AE80374391AC9B	Git internal metadata	vcs_metadata
.git/objects/28/1547029049ce87392d1af4b0b8befa578ba16a	1136	FE7AF39F370DB06195833A26BFA797C9002A10627A595A4350E96A4183969715	Git internal metadata	vcs_metadata
.git/objects/28/36fbf8148e635f3b9e7a0ffc3448805083f10d	557	58A02C9146A1504F89E56FAED41AB3FC7045C21E55EACDE61A0E0EA834E9FB81	Git internal metadata	vcs_metadata
.git/objects/28/d3676df16f96820367e48fc7f5db137ba96358	5665	2CDDA6F3FE5370C76DF39ACFF4CAC0A7B324800B4F8CF3DA7120E00827DDED81	Git internal metadata	vcs_metadata
.git/objects/29/595972d03e62acc21df6a2f665ce1ca64c23ee	6219	E3E0482509A1FDD86D5F748E3E83F3B5070BA223C21814B53C5964F9F09CFAC7	Git internal metadata	vcs_metadata
.git/objects/29/8fc5dda6eb998834c2c544035ae39f9dca1710	9082	BC87395B630128DE35690FA8A8B0B6D3C7DD2E8427A95191AEFACE2499D27B88	Git internal metadata	vcs_metadata
.git/objects/2a/3cfdf59b4094760933cf677acf9a08ce2d5131	1291	51D8937BFD2FFA8DD1918F83D4696B1A2EA3AA95F46B1FC6B3FF4769122866B5	Git internal metadata	vcs_metadata
.git/objects/2a/4c2aab1fbaf4be2dda0a2ed301a071eb6f9887	2188	9A697D67E903F36C2B97FC693F5B968C832E5E84949A100F761FF2839C94441C	Git internal metadata	vcs_metadata
.git/objects/2a/719c992e2e9b2633215ca84146ec7c680b0fba	43066	9F4BA9885CA1463D96D4B7DBE3D7826BFE9644995FEE1B4AC8BC03DCEDDDB53C	Git internal metadata	vcs_metadata
.git/objects/2a/98d63ef25b8ad022f76717f21fc170bc8efc6d	685	448B34A0D8D1966B39C78C750899EB720F394ADE05C8731C473DD1BEB177090D	Git internal metadata	vcs_metadata
.git/objects/2a/ba7527b8ea4883380cda1fd41c816a7475af7b	2620	D464B3FEB41C415B828ED371464FF65D410B344D1383BB6478BBF77D89651734	Git internal metadata	vcs_metadata
.git/objects/2a/f9c42b2d98d0676b1ba89a79295ee9653d6782	576	8BB54056FCDD57BFA88A1F385CA8EFC3EE57E139C7107979532E8A924E46A405	Git internal metadata	vcs_metadata
.git/objects/2b/1c1009f0b228889162eac9c238a43bdf1178fb	5559	A3F65DAAC5621895411C5242FFFD31674C2886197338722E7F8FD786130F3504	Git internal metadata	vcs_metadata
.git/objects/2b/5eb5e069ec0b05089591e6dc222cbd141f26f6	251	2D25A60F3B96FE6375B24EC90822BF0D751135F84F9320B50A4A25438761C580	Git internal metadata	vcs_metadata
.git/objects/2c/273f6feee1fb197b86899e8481f814661ab0fe	920	871E8FD7855C5CF6FE18412B546F79F61AABA486D8F9BBBEB1149134B5EAFC9F	Git internal metadata	vcs_metadata
.git/objects/2d/1893664c8d56c469af85e0404d2632c885286f	132	D826D80B35FD5C2027FBEBCA8AFAA998A0A548351A2BC9DDF5200546874B78C2	Git internal metadata	vcs_metadata
.git/objects/2d/445e386738a25979e794370dbb7f5cfbd24ab3	564	F9935DCC0358BBFFC2F843C992DC7F9D180C9C6D0B5040D89EDDBCB58A2A32EE	Git internal metadata	vcs_metadata
.git/objects/2d/8b52bf0c399a354833d9df470e490d68d6e285	1289	D2D58F56B1A743AF96F46846C30CC67877CD13F8F96D756B1FC064B019F936DB	Git internal metadata	vcs_metadata
.git/objects/2d/8dcd87d6318f404076d89752a647f3e6de50de	15971	9A00EFACCD3B3CA90F6AA36F25FF373E24BD92070E865339389FFD02DA8D7ED1	Git internal metadata	vcs_metadata
.git/objects/2d/c2af9ab419573bbb9045378a4b6841e5c5eee6	15666	A658DB6249C7519D6FE0E70A295C24BB7CF766E91D38820E6C58F58FD4552551	Git internal metadata	vcs_metadata
.git/objects/2e/020d51db804c3ab14170e2e12b49c8eba5904d	1536	A327E59241168A206BA1ED5B289E9D87DBFF192B1AA080102C60DFE855E689B0	Git internal metadata	vcs_metadata
.git/objects/2e/700eef80cb6568a4f4a6bc812512c94efa3330	1512	E1C54B29FB79ABD82E6537A3883F0155E4F80132F7B7CE9C4E121085A97E8056	Git internal metadata	vcs_metadata
.git/objects/2f/e7a483876817d4e1eb311194c80ae498e909b2	978	6B4C83A04A6AE3D838DD841047DD788BC05E893796BE884489938689BFC563F3	Git internal metadata	vcs_metadata
.git/objects/30/26c7a1ab43fc4e20fe3105d6478a76319c83fd	33264	A641ED8DC9198124160F58403A27B6CFBAAB88B2C81B244ECFA03D765764E198	Git internal metadata	vcs_metadata
.git/objects/31/54358174257c5c024f469ab6a6d53a8fff09f4	47875	44FC249830A23D9DCC9132FED2D3CB3BE38E415B043674C804B4A0B5E0878A68	Git internal metadata	vcs_metadata
.git/objects/32/09f39c986ec87d82ba4e1bed6df6bcd5beae36	173	7E7278B82C2FE43EF3A9D04DEDAB39A80E4AE9E2F5DCF3114E4FB032546985B6	Git internal metadata	vcs_metadata
.git/objects/32/5aab1ac15cc5c22aab437f676fb5e218dd669d	5385	294DD17502DFBBA246B16F73D11E861B5B6814BDD129EF735D619CE320728D6C	Git internal metadata	vcs_metadata
.git/objects/32/7a08ff3b8fb121366ee9c15e83fdd62297adc4	7792	A84E8F1783987780F4033002AD1D7322982F7FA595AB5C993313AEC9B39D05FF	Git internal metadata	vcs_metadata
.git/objects/33/b7d21899106be0d9ee87ff381d230aee8ce63c	1711	F931DE4F9279AD60AAFEA9F00B357AA366DC1D23C93699A2A801FA06BBC4968A	Git internal metadata	vcs_metadata
.git/objects/33/fd18dbca76a0e889098eadc88ef5731aa33260	1287	6BDD194EBAD96A3327FF92600A4C3B8FA793BBB8CB8C314B99A47542AB13BBBF	Git internal metadata	vcs_metadata
.git/objects/34/dece19b5fb9717f0d13e2d4eeff1253cc2f006	27811	254739FEDA9F37DC3AEDEF36CFCEE2E0F47D4305863AC9270A4D9043BB33A03A	Git internal metadata	vcs_metadata
.git/objects/35/3d6b3313738fcccf8127c0e2635e5dd43ad331	135922	556100AF03CF16C77BF117C8FEC21F5BCA534648E601FCC21B3BECA0DC469E38	Git internal metadata	vcs_metadata
.git/objects/35/9c760e05e73774c8b23452abe739fa0156238d	831406	2260341C9A9A0BF091F5A883D3AFC204F92934972E6DE769991CB50E1907BCFA	Git internal metadata	vcs_metadata
.git/objects/35/de2242afa17d8ad6d0a7bb97352f60079c349b	3508	E97C425BDF197E0E52C71D8EAA1CE8971CABEA6B8D2AEA18BD5F68385F8E5CC9	Git internal metadata	vcs_metadata
.git/objects/35/fa8cde0487c9228f7c0a1b8d568b05c5ac7a79	805216	F72BC596B30750F096337BF24E066F08EA5EC6216C6B11D14E50F757588D496F	Git internal metadata	vcs_metadata
.git/objects/36/465f399662dfcc3f82eb4636de415ae57d63aa	712	39EE30DF0B51AE0F25491329255FBDBA9B686278E1BDB041EA18EE6CA3DC9F06	Git internal metadata	vcs_metadata
.git/objects/36/a0eef5434d6bf670fd1f20acc805a84787d2d0	85	BF87E27B33CB420E53AAEF332F449CD7754CAC06614C4AB386ACEB118C803A0F	Git internal metadata	vcs_metadata
.git/objects/36/e0896547f242d9056eea1acc1d99e22738e15a	131	4617FAEB9FC31D624F9AD610A5B826C9473D4400C016CF61E5EC79F224AA9E52	Git internal metadata	vcs_metadata
.git/objects/37/a11bee4d66d5eb5b708ce138c45d18472a71fa	624471	C0E88B4065963FE1F558E6E641F132866E558617D46DBE9215B1A738CC030B86	Git internal metadata	vcs_metadata
.git/objects/37/b961ab8ab8fa6dd6fb1ec816e85ff953997f44	987	CB2E27302709546B33978ABE8A8CC5619909405461B02A1B9E57117FD96F5963	Git internal metadata	vcs_metadata
.git/objects/38/a3fde9680ddc00cfce69e0b461ce4db8a62a95	12349	1E60C76B87EE10E31B319F0DD1904B926BB0DC0A8EFDF541A09BA21BB65FC92F	Git internal metadata	vcs_metadata
.git/objects/39/58c38e29c2891f0b0c636f101cd04e4013ddd6	4618	B98EFE0C330B21703EA20F24A89954DF4A3140CA6D196A51CDD2C2BD4CE1C56F	Git internal metadata	vcs_metadata
.git/objects/39/f43f7eae1f2e54c28e068ed5cfcce23b448e63	435	506287956550ACA953C3DBFFDB079F221318EFD75C07BD4A802C8069C83DE733	Git internal metadata	vcs_metadata
.git/objects/3a/1a6bf99eb03e5896e665963da5fce632388abd	12299	07791785DF13B72EF11715416C629E48F50025D33AA6F1256CE1E659DB3D3DFC	Git internal metadata	vcs_metadata
.git/objects/3a/1ae90e7521f9e600aea04fcdd7d825509188f6	1762	A146FC738F58766968A570C03BE3C84CE981214899E122F95CFAA0C368B1D9E9	Git internal metadata	vcs_metadata
.git/objects/3b/25c3eba7c82325b157a5449c799349c11c459e	3760	ABF8E509CD2963B50D4E6975B06C44B5E9434AE0305C02863E55C153F90F2267	Git internal metadata	vcs_metadata
.git/objects/3b/ee6ca327a2d8dd7a89e15dab2a5be07c023e30	241	B1C2D26031CA73B2191A93EC6409CBD0CF3F54F7F08D59DC4BADA6F4F4EF1D61	Git internal metadata	vcs_metadata
.git/objects/3b/f5fd0be041b28388d42439dfb2968df30f1ce6	297605	DDFD1C91935D5CD11F1A8CF0CDE1642CCEE1995A7FDD533E64038865D9614167	Git internal metadata	vcs_metadata
.git/objects/3c/db9e7b5fb711e71c00aec8e9aac23e6f81969d	62	9955343D0D373A050871E50ED9F57FE3732DB0C55FA66301BC90F3014642D21C	Git internal metadata	vcs_metadata
.git/objects/3d/35fcc8a7aa5ca7336fa09c6389b81e144e7743	13362	22DDC88612E5A80FB538C6280809E23BD642D41892FA1DCF5968C95843C0A40A	Git internal metadata	vcs_metadata
.git/objects/3e/0dfb16bb378531f29da18ba9abb31b558212c3	9075	875C5F0CA5F93D39F3A8220335BEE724A62D69FE0A32388D3DEE779E8350D8E4	Git internal metadata	vcs_metadata
.git/objects/3e/3c47aab0b882395eb3692f59c02355260a62e5	1740	278E9FB6BCF8CEF9F421F0831D90E221E9F207CA5BA146BD0D22C14142F9B99B	Git internal metadata	vcs_metadata
.git/objects/3e/74e6a898b838cabfb81e0fac8a241b3d203894	85	F903340F469902EA332112354232B43F18FAEADAAACE4F01592569E8CC40B392	Git internal metadata	vcs_metadata
.git/objects/3e/c581c5a7476fc1816458e10dd91f21d46c6ac1	1428	0F50A4CE7B8151211BF1792FDA64D55F2F5F56EB3AABB0D613B634DAEC83836C	Git internal metadata	vcs_metadata
.git/objects/3f/d395879ec5e683fc44a25c51dca7a1db2a782a	2100	C53AB99F8450D0B5FA054D88CCAD930EA5148F884084D355F943EF104F360C6C	Git internal metadata	vcs_metadata
.git/objects/40/2b74044cc0aa355a4f23cfcf80e9b6c0ce9182	22896	82D58336F963BE5979B94BA43295F638EFBE6444A64354ABECC244CFC83BC797	Git internal metadata	vcs_metadata
.git/objects/40/5c40138d0cd4a1b0e09ee9912d2a4690310be8	827961	74E0249EC351D4251592B759296405671930E887D5F09426101BA8A222C57C02	Git internal metadata	vcs_metadata
.git/objects/40/ca69c32778919d6d0081c1159b74dd7023d6fc	2814	8F1A07180B9566B1B2EC59BACA09639A5E5C70488947DD0457F2BDF79008ABD7	Git internal metadata	vcs_metadata
.git/objects/41/5f21280f4a654a5e89c4f25cf2c0aee0771819	87976	2BFFB5A6A6475629E727A425CEE4A3E1D6BD4CCD08F1939319643DBBC994B1E2	Git internal metadata	vcs_metadata
.git/objects/41/667a87cfa164803c046a05d55e6df28b79220d	3743	79609F31B455E472B82D25DAA4F594A5FD43A9C1318D40F0748E93573FAFBE10	Git internal metadata	vcs_metadata
.git/objects/41/d2f43b11a93dbfd51b55b9e86a1d714ded6f51	1289	BEB4E14BD5CB63101B4D4CD662A6B99D16FF77DE35A7DC63B7F44551DBF34FC5	Git internal metadata	vcs_metadata
.git/objects/43/5b60a7a396ad03c9f62f5891e11c176ed59ceb	38808	1548F2693885CC62C6D104DD8959499DECE22E83E5BF8E0956E30D62667CCEFE	Git internal metadata	vcs_metadata
.git/objects/43/828f0f1425ef5d38e1ad52e79d5db3369245c1	48831	84805B00573E06871C7DCE111DF019E931A3D498E612750B857A6B021D4BE33E	Git internal metadata	vcs_metadata
.git/objects/43/87451fdaa2f68df86f667485ba4ac242d3c3fe	21166	D988992A26297FE8D5A5F296B3A5B9A4E1DC667D9EF049FEAAC112D9B8B58A25	Git internal metadata	vcs_metadata
.git/objects/43/966fb2912817e097d4e3bfd3d49635032e9f9d	664	FF62AA2E08158072A872137346B208179DC05F611EB7CD3FDE85ADEF63CCAFA4	Git internal metadata	vcs_metadata
.git/objects/43/997d3942dfa3e60b12c5a6d9b29946939d7bde	1735	F0FAFEE2622E62F49B373BAAAC427548A6C4BB3A0C5F261F25EDEBE41F1ED4C6	Git internal metadata	vcs_metadata
.git/objects/44/67dbab8f77bdfddc3826dfcabeea9da30c7e3d	12512	FAB7C881CA1003EFC2A75216DB57D78DE569DB28EDCE1545A8585883AA8D7A48	Git internal metadata	vcs_metadata
.git/objects/44/762d89ea7c18227e73c55d67a7a8715bbf6358	220	8EEFA6D64C1E2F7B1E30537427731B9DB404A2FD8B36613BF7BC71F81683602D	Git internal metadata	vcs_metadata
.git/objects/44/b2cb633ab8880941e24ba989052e6deb4bcd09	1351	75F37ACB72E87717714D900F449DC51BACE1CC5AE7DE8C49D81F652152AB8FE7	Git internal metadata	vcs_metadata
.git/objects/44/c19df6c4c5f5edc3b154c2a2f87c9326d69ee5	1249	9775930C8F36950500B30730B78D5CD1C12CD99A95C42392125EEA0C3990CC92	Git internal metadata	vcs_metadata
.git/objects/44/cef43bb241f1cb8179317d00e338ee872a2c83	891	5AB07E20B3A3933D9A7BE1742AF615EE1D9EBA57025A43337417809364A6412D	Git internal metadata	vcs_metadata
.git/objects/45/f183582b6c94ff026335a10e7a9b59fd4de924	3049	D03E0A7E199C01870540DA60915310CCBAC465E667F3B2C6085754CAEA0401A6	Git internal metadata	vcs_metadata
.git/objects/47/2ffdded2e47f2bdf3052cc26cd24e70062d121	254	F936427EAEB92AEAB8DAFC34941372507B74B0DC95FE4556AB9C831794E92152	Git internal metadata	vcs_metadata
.git/objects/47/971bfed105ef736ba6794c7ebf28df2f973f70	243743	E2F42DCA1C2434290217468647EF03D2FA34B01F1E691196E9D695315F0C584E	Git internal metadata	vcs_metadata
.git/objects/47/aa4c2dcc187a17fd4fecd2999a08e9bb2283dd	1605	CC7AEFD8174DA236CFC6C8CF1D29FB57577231E4B582829098D394A2EC583F5E	Git internal metadata	vcs_metadata
.git/objects/47/d14c2a11bc8410e9c29011759da3753aa85e00	5686	3829C7448E86D2BEB5E62EC092327798256B917C552F8C66D0D6D786EF7E7AC2	Git internal metadata	vcs_metadata
.git/objects/47/fd61ce08d4e7e9f656859df508581419e67437	15668	AE821110B6F22624DB9C7FC077BCB0799AE82ED224CD93CF04A3A227DB5F89EC	Git internal metadata	vcs_metadata
.git/objects/48/0cf8df819d1578ebae79445a6a9f4a8347081a	492156	4AB3B9AD89E5892D47345B349041EE295C41F7E671179A71D36D948FAFA60A4E	Git internal metadata	vcs_metadata
.git/objects/48/72aac991c50835ce8dd3d0ab184c506a0cbf21	184870	70AF669F9A1B1F2F80DC0898304D35D6B261973DEDE83A219668F96627AF317B	Git internal metadata	vcs_metadata
.git/objects/48/dde955d3420a4e24862329f9c24cb6d7de927c	417	1F108F09D1C1F1F3269CEAE5E7268AFEF03C21853BD6FF73FB8E2799353EE560	Git internal metadata	vcs_metadata
.git/objects/4a/0473bf5a788b91cd4dd4881f91ae6c3f1b54ef	215	88738ADAC7B8D28E250F2897518C77D59CB986151DF43B4B1C9A0D8AA13526FD	Git internal metadata	vcs_metadata
.git/objects/4a/3ef3ddaf25a255a77cd98806176148b6d08ca5	2189	BADA9CCBFE5452688F96761790EE20B8A9E14A9C16647D6A3BECA8C636A25F91	Git internal metadata	vcs_metadata
.git/objects/4b/c798f5cdbbb4d58943a713b8769e2018f2b375	74	B328E44DC166332BFA483DB816FC40B04518D73596EBD4B56FD308E8F70F7BB3	Git internal metadata	vcs_metadata
.git/objects/4c/18959a96ac0bff6d9cd044ef953fd5ba1c9536	1814	0556CE2F0754C522D9B8C0AC77ED1F94DBDEE6E573B0D22681C140147B5A26D8	Git internal metadata	vcs_metadata
.git/objects/4c/6f41f0b1c7784f21335a389112cf8977de37df	1076	1C44E297E3E7A67D2289770E71E25CCADA34C75682E2F2196ABFC2D8D3A1D29C	Git internal metadata	vcs_metadata
.git/objects/4c/d09a1b4d5403acbc9f6ab665e1b293a0edf77a	33212	EA9290139A160C98046759FA7BA6283EFA1704994B30B360C2C4FDE6D1537B76	Git internal metadata	vcs_metadata
.git/objects/4d/b40d9418f0de8e3449addf6ca68ac9565651f1	93	66249D9A6FC1FCB31AD2DA3C605FEC62A536988082DE5C22FA40CF32D0C5659C	Git internal metadata	vcs_metadata
.git/objects/4e/70e10fc11cfb4c78e61c6be04c8e7e6bab5de8	20650	5ABA2896726C5320C12699D91A9520E57F6C5E59FA36E0FD6C809AA962D5B323	Git internal metadata	vcs_metadata
.git/objects/4f/7bcd3969fd449e897d70a4dbf4ee0ff3fdd83c	312	A6136AE989047A471C18B45A45DF073C109883440EDB3B37A7656C70E67C79C3	Git internal metadata	vcs_metadata
.git/objects/4f/8c5a6c39bc2054c90b0e1542ef73ee35ab1ed7	2033	15A900EF547A85FCF5E84418395DC818006801B778D8D0EC981BF4037413BCE0	Git internal metadata	vcs_metadata
.git/objects/4f/a79ee2c391d1c573193af05331c7c109e658b1	7162	E7CB6AE4944564868BDF3B5802F943AA85606D114BE1A3CF257557836EC8068E	Git internal metadata	vcs_metadata
.git/objects/4f/f6d473bf321f91f7052d1b150c87e7f26f2980	17044	C0FF4677BFEDA76D621D24C6474F2B03394E1CE30827FE0C74A4CE969A985E7B	Git internal metadata	vcs_metadata
.git/objects/50/9477178cab7911fb20656f08f6447baf2a017f	1712	38BDC480784A32D522F46CFADC673CC0EF45090C97AF99C86227E8F63A763505	Git internal metadata	vcs_metadata
.git/objects/50/af459762e5295098a90636018a6c4bbf758621	1326	4FB23D6CB626E088C268CCD26360068E501422B11ED4D457F85735710D816A9E	Git internal metadata	vcs_metadata
.git/objects/51/e0c3d6e5e52e82ac8d947ab3892f0bcf4ddaa9	2437	90A9A1B3BE7FC6B3D6341E87E49CF688E324D56AF3344EA49FF3EC32A8FB4CC6	Git internal metadata	vcs_metadata
.git/objects/51/edaa6b445565017468ce5c425bf42328dc5980	6293	C464C6C65493CA6774C7F7E37B79EFFC9EE19BFB7075B7A3672D2B3E685A1691	Git internal metadata	vcs_metadata
.git/objects/53/4333eb9a9d3204394917f8dc74c1fd6af64999	2848	416706A57AAD76A4B77A2B52DFC992078D9CE0A95B49060C85459F0EBBE3BB5B	Git internal metadata	vcs_metadata
.git/objects/53/bf5aa1470c361b5bc5a710c53ce9385d8486ec	245055	08009E1445828260213B005A5FC3D2C0F6FAB3D7979B50EBE1C246688B291206	Git internal metadata	vcs_metadata
.git/objects/53/e1b59669e54c6b1842c74e3d199a8d5e1340e3	144	D4DF2170E62825B08E842655A2EBEAC51F15151648A03B3E2CD1F07C57C88DFE	Git internal metadata	vcs_metadata
.git/objects/54/4932a2dd7db9fdb0a8b917d158a29d056937f9	294	AF53583E557005AE72637260B25F708DFA8242A167D5A76D66A924F91E2781A0	Git internal metadata	vcs_metadata
.git/objects/54/6f2d90b75087ce0eb21aad0bd84f11393ef770	1573	BF520C0D46B1B688ABE8B471E8EE312741B5345126F64E3C0E60CDD678BD337C	Git internal metadata	vcs_metadata
.git/objects/54/878b1ac6ee084ffa8489f34cb730908c137055	154	57C950B14E5A1518D98125E0C2AC173BB5137D2EC74CDF5AECCA042E1C81DAD1	Git internal metadata	vcs_metadata
.git/objects/54/ec2f29b5428ac4c8a72c969c88971760b8cfc8	19342	5A06D3F26DDB2D0F8734D430711D939AEA211C461F7B4262371288352CCDC20C	Git internal metadata	vcs_metadata
.git/objects/55/0ea2258246207796d60dff3f94cd882edcf696	1087	F40EE0D229F36073BA57D5A99ED2C7B81C5E436437A5130B79A98F9C2B6BE0AE	Git internal metadata	vcs_metadata
.git/objects/55/3e6161c471c371390e43a810b5f788bf82cd47	1789	BD2F75C33716001D5C6E3227BB61F8D93A4FC34A1FE5FED4F5AFF3E149361E61	Git internal metadata	vcs_metadata
.git/objects/55/6a1d2f553021c350feb5233bd90bf1158d7565	3793	428A02694FC7345D96B3C7EE0DCE083DC9FAF174090ECABBA63D253252FC1FA5	Git internal metadata	vcs_metadata
.git/objects/55/ae28da0da60f507881644fd9bc0c6a4ee99c5a	12823	D8415ADE393B48CFCB7D61C3331F2C5BB9EC54C0780B0FA3834964AA419EBCF9	Git internal metadata	vcs_metadata
.git/objects/55/def4b0632ae43814eeb59a0d49451cadd20c7a	217598	F6A8B9EC624C49B58E807A6D706B8A3BEA8235DA6A15308FF37A8ADC32DEC6F3	Git internal metadata	vcs_metadata
.git/objects/56/170e3afda1f891e95ee50a35c7ef09daae3488	821291	952DEBCE14BC42960C9D78DEB2117335E78C1AFC2A8285E27385AE3320F2395C	Git internal metadata	vcs_metadata
.git/objects/56/26e9cc0804c541ea02e8c7c62c334e0366e822	941	3E039275068018809F947F8C9788FBFA5009A8476E2C00846AE81598878B8250	Git internal metadata	vcs_metadata
.git/objects/56/5430be6328a45a8e66dc951a192dae40e1b4ff	62	163BBBBC48ECE580C4BB9A93FFD7C77F830C66ABA8F94F6C855C497B91FA6D9F	Git internal metadata	vcs_metadata
.git/objects/56/5a9c6873162c31d8da2d04fe953b470ebd3afe	3333	D8C0ED20C5DD868C6402AEC77F710E5520CF6DDC17C5074BD3C5CCF9C26A4CF1	Git internal metadata	vcs_metadata
.git/objects/56/637da32b6bfcc80ed142a8202fd5b8984d9573	1196	ED59D86B2A80B565C6AA3165DA6236C6C6AD9B777B3B8E819438251751EE107B	Git internal metadata	vcs_metadata
.git/objects/56/768684841e6d0785a3d49ab36610be3ef28e31	2919	972D8618F5956F94EAC7FA056D0E5EAC8D742A1E2C43DF672014AC3642880B36	Git internal metadata	vcs_metadata
.git/objects/56/a362e0b49d7d27310f6190c51e317804b32ec0	2780	AFE347471AE1C2E0A86BDBD2DC88282E5BB6F4B3B71E0509584848CFED77D954	Git internal metadata	vcs_metadata
.git/objects/56/f2e3ed5e76effa65e17fcb9e4e7bba627dd27c	2987	AFA09C76E2B044697F43D612F21EF6A6365AA3788831799B7BA969EE5F72F538	Git internal metadata	vcs_metadata
.git/objects/57/af983a9dd25873444baf4501559cb34b43ecc6	13494	B452ED641F5BBFD0828BF346AEC2E06BA4B7E5D4C2E549687D9FAA42066743B8	Git internal metadata	vcs_metadata
.git/objects/57/dbf2f45194d07ce8736ab909bdcc94447e7ea9	189	9251B4B850DCBF8C6ED6327995C326426523D3C35B73BBEA0A4217A6FFAB930D	Git internal metadata	vcs_metadata
.git/objects/58/f5299f2f2fc88e38d23d424d957c57294e1eaa	111	5A7E5A9A006D16832527D5655492BCC176DFD8DFC27A026F05C803896C43D1DE	Git internal metadata	vcs_metadata
.git/objects/59/21f7b4bf81be70d7ca0a6566ce049e95e8cb2e	3366	D9C94C235E57D1DD5E95332B2E8B70DC7AA7891176F412ECC905852823513C78	Git internal metadata	vcs_metadata
.git/objects/59/9b743dba75e595704707e59ce7290e837aecaa	100	586BBA332A0BA59737A546C135EE3BA72FBE38DEB02C42F16FB427F84E85F765	Git internal metadata	vcs_metadata
.git/objects/59/e3e8f83f78645d0c4ad2f01e05ac1bd0c04ca6	4708	1648721EB74EB783FDBB7CE7297B767A50BDAD12486DD2C63B91AD65B080C884	Git internal metadata	vcs_metadata
.git/objects/5a/446822df844b80b9af21bd96e15b78611b43d4	85	EFBF419FB06EDD8F4780AFC750A0090B17F69912F289FCD41169DEAE4EBC6F53	Git internal metadata	vcs_metadata
.git/objects/5b/5d832225474dd31f4688091bca61ad3c18a568	5019	CD983073134D7A0EC107762408DE6D18D7DED65282AB4DDDCC0E154BB0F78B07	Git internal metadata	vcs_metadata
.git/objects/5c/0271fc37c27b19726a2e59e17a8d65058cb867	32046	0D51A79F49D9A0D5B3F32D5609E6B9272274CBB4E44E129E400B2ADAB217055F	Git internal metadata	vcs_metadata
.git/objects/5d/1e2946f42421d8358075a7110a8dcce54eac3a	145	3AB28D811378A859A40F93440E5ACCA4F852416EB24B90D27CDFF6072B9BCE32	Git internal metadata	vcs_metadata
.git/objects/5d/575d6117b06a31dc1ce19cfc4b0dff726f6bd2	1198	4CE1C9C2B61814BE1A7F09046C3BCBAB4929264E3F859E5D6BA852986D82125C	Git internal metadata	vcs_metadata
.git/objects/5d/bc1ddc4556e53e03d608cb13c7646bba9b49a6	2055	C280D7047A2359EAB2F17C6D55864DC3039E2A5B73BEA5635284BEA11DFAD9B0	Git internal metadata	vcs_metadata
.git/objects/5d/cd1a69a65a6712adbc5dd7791005f204935b44	30353	CEFBBFD2003C5755420F802AB02EDBD4770706B4597E969712A3773619872B03	Git internal metadata	vcs_metadata
.git/objects/5d/d8c2072a82d57b47c8e8eb44955a7cbfca8d2d	282531	56E9039BCEDA947F420AF60A3358BE1B7AF34043B0FC7570A8CF5EF75140BFA3	Git internal metadata	vcs_metadata
.git/objects/5e/5a9b51dcb38b17556a87b3c1841fa6da0be9fc	35064	C0F621A8DF1EC922092FBBEAA219198FFEB19EEB1232154EB7405E3DCF61F703	Git internal metadata	vcs_metadata
.git/objects/5e/d9bfc242c89bbf53613f6189a33488de391b2e	11846	1D61FD853866AE340B2D097FF0DB009448601D7D7E0597F1C9DA101D08965BC4	Git internal metadata	vcs_metadata
.git/objects/5e/eaaa04a0569c456ecd02cfe3acdee954c85f8e	814501	A7EF7B6FE0C077FFD2C3514A09C40B397C5B82A0C869BBA9C11B3163513A74B4	Git internal metadata	vcs_metadata
.git/objects/5f/0a1bba5200774d54635993afeec195bfd08b08	35065	31B7C7EF56637DD86C0B8885DAFA5E950720E3E2722A31B8E1EE109A7CE070C1	Git internal metadata	vcs_metadata
.git/objects/5f/15fd5b5a6d6f27bf5e29dba300117322372e0d	15968	6D99CC3DB74267581B949D91EA80E001D27DE9F84B5D4B576AB81BE3754F26C6	Git internal metadata	vcs_metadata
.git/objects/5f/34c5c8908fdba291b67c7e32797d58d2309ce6	252	73C48DC954CE8DF81A631D7A07BEA962EB7FC8833D6EDCC3E8A3C8FFB1CDD66A	Git internal metadata	vcs_metadata
.git/objects/5f/502e4f4cac452673e2beb98bcd180fcd67f972	31941	B417C333EE88465ED7B39E6388A4A4AC1846C31625BB0A7CAE898449F4D34EB0	Git internal metadata	vcs_metadata
.git/objects/5f/fc8758b905b2fc467b2485f05b3d71123e51f6	1077	B21E3BC46DBC659401CFFA15475DD385F5D394C4CEB6EF8DEC5404A6A1017A9C	Git internal metadata	vcs_metadata
.git/objects/60/ea541ad0f42bd89df7d56949d6c42650f2355f	10564	045996A956851BEC37AE5B311BB9080CDA402BA946BCDD4E0E3D643F9EDD8467	Git internal metadata	vcs_metadata
.git/objects/61/347d3165da1403cb8d4aa38511a27bbf63938f	353	D145351BF0AAC95AEBC7F0497C15F8D3BFDAE79968391462EBDB271CB9A42BAB	Git internal metadata	vcs_metadata
.git/objects/61/6126338933bb50c8414ecb8c3ce15b2806049d	35043	09ED6FD5A85CB1F97070538F3A36FB0233E6CB42E61BF55B0FF8BFB3FB302A34	Git internal metadata	vcs_metadata
.git/objects/61/781f5cec27bd9edd9fffb7a6b8b84733de1bed	136483	5CEB1FF8A75668F3F0035CEB17B1A7208B63E4637B374F43284910EC6A217815	Git internal metadata	vcs_metadata
.git/objects/63/091ac6f364c771d1d0a31935b92bda099733d0	12447	C58DC8EF7805784EC34177CDE381ABDAE031AFE83C0A2D4738772D1FE9B6E026	Git internal metadata	vcs_metadata
.git/objects/66/6934cbd46e76eebabf813c6181625a483681c1	97	44DFD1BAF0E7CAC0187DF27750DF024743DBFE26794DD018BFB82634070252BE	Git internal metadata	vcs_metadata
.git/objects/66/777b55e7c1959b4b30ae4ee3d0a96cfbb92130	31915	D8BC52D280BE3194E3B923461FB17AB7A08F39779236B1269C39CCD59C404B0C	Git internal metadata	vcs_metadata
.git/objects/66/9b72d58733c40d6e25ec0b7c4ef302c6784403	43468	F8D2F6F2229D6CDAF111EEB5F6DB83037FE7B86F750212DC74D8EB109F89084E	Git internal metadata	vcs_metadata
.git/objects/66/b3104370dd5467cbdf8a9ad40921d6c297da7d	35867	61667FD02DED7F7A86940179860E84D8D7A0087F4D0B39EFB6B8C26A25C6142C	Git internal metadata	vcs_metadata
.git/objects/67/2ecbad4aaa671e46121c6a93cbe3f149ebac54	5970	8706553782C6F71F2E51B2FA19FC273F936B14EAB60D1ED509240E9330EFFAE6	Git internal metadata	vcs_metadata
.git/objects/68/779a0d065f5d06be12608d1545c2920499eab6	4560	BB174EB23C12C9A811110CB93E764E9CF941C69FECFCE920229526471322456E	Git internal metadata	vcs_metadata
.git/objects/68/ccaccc356f5fdfe631a914844af8c283457fc6	16294	966CB22C2F28721AF91B2A9692C90365CE50105D4E2C470BE3D7E4D8C15FBECE	Git internal metadata	vcs_metadata
.git/objects/69/122bf5b889b65984752569d4aa9707e7d0737c	2993	4FFDF6687F83348B1AEC037DEF689EF49EBC29404B9957230F7DA5FB7BC96B30	Git internal metadata	vcs_metadata
.git/objects/69/b6b05ce5ca96fb2ef0c634886a0f6e1abfe56e	1559	BF3A2A54A7CB7344C2544AC98618859E0197DD902F9733FF539BE5104F807DA8	Git internal metadata	vcs_metadata
.git/objects/6a/a64e8898d8094a27fae17ed36e3159aee2d526	3606	AFD38BDDC08314B3707459D1053E9C304F05B2EBD8D0C23C22F376438711F481	Git internal metadata	vcs_metadata
.git/objects/6a/cfc914f860da974dadc322e7fec957e4523724	283791	A75BFF3C545F289A9BD2510CE0A3F2ECA08DE5DA4D04F94B2ABC392A4ACE55E8	Git internal metadata	vcs_metadata
.git/objects/6b/4329ec19f04098269cf7308bac1046ff7aec25	488	0D104FD4139833A3C2CEF25E3FDD0E1FD1D2605CD428D2F910D2B8BB14E9A5F1	Git internal metadata	vcs_metadata
.git/objects/6b/9a70b44eb363b5b35de8851e9ef97c470123dc	206	928447089CE325E68BE469F841A9719C2701C14FF8A693F4BD090788C7E4DB02	Git internal metadata	vcs_metadata
.git/objects/6c/34f942802b88beb55c642201379cda5c0f0d92	44626	AE70E9E93D1A3D3795FA4B77A616EFCF2F07B54992B929ED7FE338E410AB8B0D	Git internal metadata	vcs_metadata
.git/objects/6c/a00b1d17a91ee4d9c3f63ccb2fb5fc32a5f48e	794677	3ED246D2BAA7CDE3028171E9FC983C3FD34A242C8E991BED455F697860C3D11C	Git internal metadata	vcs_metadata
.git/objects/6c/e441d98e2c014fdabfbd89ddf27e19e6dc7c47	2276	936B0EF64F3AF3E849187315A67B6D6B5D89788C04BA1A814C47F7513C8695DB	Git internal metadata	vcs_metadata
.git/objects/6d/6228c812c9d11417aae64f4f768083c638ac83	1571	F56669A1D6B440096428A76229E9A3B22A640DD1C82FE78EFA78506ECCD1F52F	Git internal metadata	vcs_metadata
.git/objects/6e/1f83351298534c2c422ac645ee43dd7a1abf9d	2813	166859B718E5FC9C97B6EC4F5EB02D8DCD497802B3D675B35C158F0A9ECE480A	Git internal metadata	vcs_metadata
.git/objects/6e/4143e2d4e9988db9565ef6c31c204ac93efde6	2912	D96749C93F89152281F7C1671C8EC02B7ACD479DA1E4395F54FB381DF43F98FD	Git internal metadata	vcs_metadata
.git/objects/6e/8ef12202922eafd35a2e9d434ae56688a85abd	21269	E6C533A01464EC8F0BD4F1A4C6323E85F8762665C3B6A94FF32421CF832767B6	Git internal metadata	vcs_metadata
.git/objects/6e/a032c5e047f5e9cbb5706b28be6a541d8466b3	1520	9476C9A9DD316CD8E91A0DC1C0EC57020639D0D44A90DD8B3DFBE855E2962C5B	Git internal metadata	vcs_metadata
.git/objects/6e/b04805c6000f34bc7b6494ba28bcc067e6ed59	634	68262E0BC3C924ED0E7B40C8A87D98587965EE44F9D7FC577ADEAB290ED79B0C	Git internal metadata	vcs_metadata
.git/objects/6e/dfbf23ec8f60394a5586eddd0cac3f33540e9d	768	6E3ABC5C34F2D9DC37E9A32609278B2AF48BAA674200ABFF2EED2256644C1F2D	Git internal metadata	vcs_metadata
.git/objects/6f/425d9eb4b5bc6a928a162365196e5280900502	184	BC027B313377730F97F357FC6B8E5567EF1172D9EB457FFEA3A9FCB909E9D2AD	Git internal metadata	vcs_metadata
.git/objects/6f/8cc311b9b06df9aa7b0c9bb39154e4b9cbbe7c	1912	333E2664E60072EC72EBCF2FF0B03548C285833920FE59985682DB2865FE520B	Git internal metadata	vcs_metadata
.git/objects/6f/d8709c480523cf462ac364af94722b208f6640	493	946F3ACEDF6BC4A0EE103DD844D48F39120A44C1481BBA9A52C4CC3CDCC36F24	Git internal metadata	vcs_metadata
.git/objects/6f/ed5b35168fcc85bc6b1f189cdaee3c2b432848	2446	E8E7229B009241031473178CE0BFDCAD8F3A0C6E95B2BB2B691BDC3A7C0FAC81	Git internal metadata	vcs_metadata
.git/objects/70/1ded2cad55fe8de3da62d2ed12f9132f638b81	2121	8332DF0E83847A1CF5D899466CA026EA23BEDB5F6C2E246A2107BDCF699AB177	Git internal metadata	vcs_metadata
.git/objects/70/f7ef9a3f833e12a42defbe3fae12b1c2029c15	19327	0BF7A35CFCB006DA291D714BA38B13C70D5E9FDA8181B8588CE6F0B3416FCDBF	Git internal metadata	vcs_metadata
.git/objects/71/7838994e0dee96764c0c7716dd45c7b583466d	48538	3A61359A875BB705183A056A6D0C4F0C8EA1FF49353429175DFFEFD90B7A7B0D	Git internal metadata	vcs_metadata
.git/objects/71/7bd7f19b11c1c7b54a87fced29086cef86082d	3324	9CBACFCBACB42B55D246DB6D90BF4C157E37470D7622EC9F88E61FE3497D0D4F	Git internal metadata	vcs_metadata
.git/objects/72/be1e8d9f451d0c0dfe1b5d458f9f15317bfdfa	446	023E75F55FBF3E3169FF23C339233926AAFF8702A0266ED6AD2F62D2659DCA1D	Git internal metadata	vcs_metadata
.git/objects/73/7069da74db4540e5d0b7b5c937bb555b270544	10546	C104577869F06672821085CC2EF2C0F8B86D342DB4D9D1784E72FCBCB562E529	Git internal metadata	vcs_metadata
.git/objects/74/16a7733bfef662a3bbd5dbf33a954931a13a32	106	70BB5236FBC17E63DBDA7653DAD2C3A71EAF093F5D43AC382C93AA645DFCA071	Git internal metadata	vcs_metadata
.git/objects/74/c641eecfa777660b29929952524efc1d1aa920	7118	0CB4E56CF2C80A49159042C12D73C7AC1E2F6FF17EFCC42AD5803369A9CCB5A2	Git internal metadata	vcs_metadata
.git/objects/76/2e406a287b04c74fdfb7ef2be6bdf81f671835	5603	BD022C857C22E6F4036C1F5341B54F8527276E1BF0CA9F4B3BF6A3C8911D4075	Git internal metadata	vcs_metadata
.git/objects/76/3282ab9f44263ff2fe56be09ac8841e7e660e0	1492	D8608CAD420206780003054D7D0EB82D95ECCF5A3B92CB4396269B4E90707546	Git internal metadata	vcs_metadata
.git/objects/76/c98a73bf1a341421a74d0f43cc08540b59f3e4	5823	8C4D5D2615CA919D4E70846BFFDC213D1FBBEB1F81A8E5D9C0401CD065AF1C92	Git internal metadata	vcs_metadata
.git/objects/77/1a75f131587db9e923ee683f09e63708b4cda3	5591	8D14A35B4C2072F9F80797AD1192B6A3C7C68FE5AD91C455482D3C73E709694A	Git internal metadata	vcs_metadata
.git/objects/77/3849a0c6aa4063ae62e10eeff7a04ed0cd4225	366	65BCA3A9D49195DD280E1E6A776572B9BF3304076FBDB591DCD0D8709B7D1FB8	Git internal metadata	vcs_metadata
.git/objects/77/ebc4c3c4e60ba741ff78553915c45b51bbeb95	3040	12C6F039387EB6C7617CACAEE5CF11DE6BC00456C270426242D87CC0B39528FE	Git internal metadata	vcs_metadata
.git/objects/78/1ad970d16a96651da7ef3d328cc533ff9080aa	215	DD4E0A189A214D03A646A1F818A9ABBE9A76957567D14D65A1EB4FACEEA2ADD8	Git internal metadata	vcs_metadata
.git/objects/78/81452686bedd4150f045762c9a84cbd7d0c65f	177005	2DFA54CF7E89C3AB6DAF4A9F3EB99DD7186344272943885CAC83E77D7EBE10EC	Git internal metadata	vcs_metadata
.git/objects/78/fdb6305a3156e6add4b5b75d6a8e9fc1ed6f57	6589	C0E9A963E883485B7981364995181A34608022455659832A4F39BDBCB717598D	Git internal metadata	vcs_metadata
.git/objects/79/1cd25ac2edea237b3c7f6e3e42889c9ec41ad0	262190	FD2864132075C14E96C61144182F79FD30CD5F99FF2E72372E7EE401D33D5B93	Git internal metadata	vcs_metadata
.git/objects/79/29f119948a345e925cd08592fced88213bffdc	2446	47AD723BE581506741501F4DEE687B66CF234DC9DAA4E9354C0A37A7512B927F	Git internal metadata	vcs_metadata
.git/objects/7a/5f544bba46b456bd696a9db5db3e428644f111	434	EFCA07680703022305D8C7E1C5698F9638C8C2091BC0CF108BF428E1CB02CF68	Git internal metadata	vcs_metadata
.git/objects/7a/9488ddc46756d2bf872e90092df7d3dc99365c	33151	87C077065245997677A077B66C91E9DF743293C55F050EB6D4305214868352A2	Git internal metadata	vcs_metadata
.git/objects/7a/9b446cac6dd79044388c139afffc744953ef74	6176	0C4363B68B2BFBBD536A8D3F7D686452A4840DB70F1DA28978329FE1146442E5	Git internal metadata	vcs_metadata
.git/objects/7c/b10f9ac2deb10d45075f8756eb1d605843b940	17640	2057C9BEC44A17D84F321CF6F5D7FE977E2B4CD62C86B2443070733DCC395C01	Git internal metadata	vcs_metadata
.git/objects/7c/cb29a5aa787508a416bbaea9e3b0108f1a6bbe	302	0BF13181D690AE3895103C8FE8542B3DA1AD49D3BB510A336AC262C37E5D9E43	Git internal metadata	vcs_metadata
.git/objects/7d/63c492d92fd1aa5db77c3f18b469e1c359ff93	8303	80F7A5066056AFF9C6890F8F5D57A29715244F2BDF32C2333E5BB265BF55D5DC	Git internal metadata	vcs_metadata
.git/objects/7e/89c7ff059644d0f5f775f106ad1e9ec8de846c	1901	151CF09EE4F441894966C3DBC7B2FEC8970917F00BD14EB18C61CF5D2D777C2E	Git internal metadata	vcs_metadata
.git/objects/7f/99e9cab31270978077547f3b2f86f70c529253	4875	F56D65A2EE2294D8C85A8095439B07A2CD7BBCE9A6D6BCE8E707745C16A254EC	Git internal metadata	vcs_metadata
.git/objects/80/3a66fe0d9c8702a3a38b20970056597be77af9	392533	8FDFBB529F54949A9A6293A25C4F6056A71A4D648C8F9D6CC5BB6119EA10AB5D	Git internal metadata	vcs_metadata
.git/objects/80/498c6f034a20fc32c2ba1d450a4562ec3ced32	385	619CA0BF58CC70B46FABC6FDA81A5CA2703AFFFBF8CE4F18F1D0CE7E1279CB85	Git internal metadata	vcs_metadata
.git/objects/80/57b1fdbf6f703fe060817b0f4752fdbb9e351b	217	5D6373655657782FEFBEA068CC28A7941A905F08F0D13684269354ED3998949D	Git internal metadata	vcs_metadata
.git/objects/80/abccaedc2a4bdcd6dcd43ad290e4fe0df1a9f1	4633	B4A91152BE1034B52824F8917A7A4602C145E5393F6FFA54633E3D92389FF31F	Git internal metadata	vcs_metadata
.git/objects/80/f5e933414bdcfd93f232bba72211c5e4aff5e8	1512	635BEF98BC319B851939AB0FC804119AEACBD2076F7DD84FE8B02B266C01C7B2	Git internal metadata	vcs_metadata
.git/objects/80/fd59c7bc1590ea58da7ce7a421399726033262	264863	614E3433A8BCC4057A61BD7CD59BBB835A3A7D350C20E3E40BEF5A3E5CC71E6C	Git internal metadata	vcs_metadata
.git/objects/81/8eb34e77c5acac7bd6941084f0c57e99eaf4dd	1027	E5DA3CC64EDB89187909622C02CDD96BA0DAFE3C8916122350A6CD2FA51CB3BF	Git internal metadata	vcs_metadata
.git/objects/81/e676c829255eda8b3cd01b66486ef984dfba7c	1753	902551AC1FBD8DA386FF38B2BA9FE45D84C90287298E29167E03F8EA96692D69	Git internal metadata	vcs_metadata
.git/objects/82/145b10237aadc59feaf105e1584b0cb6b6f53a	2584	056F5C1FBE9A758FC8448F6BD927B7B239FF0AE4C8D10B68D66B66FCF4DFE8A1	Git internal metadata	vcs_metadata
.git/objects/83/314f756f6b1c75ba1a12ca92ade7355a8679fd	6805	FE2FEECE2098DD868E7489A5228E00568FA773286C0239816BC57C990A63D9D7	Git internal metadata	vcs_metadata
.git/objects/83/407aa4c60c79a3ecbcea755a389e7d53f47f3e	218493	384907848FC7595714E2C2CB4CCE8BD6F7776377A425F25F8FA9495B4F3CF45E	Git internal metadata	vcs_metadata
.git/objects/83/531ffc6c98bd836e1da8c065007c5ac55a7b40	66460	85F82EB13ECD110B18F90111BC797F65A44824A86AF535027B6A77CF33D763D3	Git internal metadata	vcs_metadata
.git/objects/84/72633157ca18a488015431a3c763b7a404029f	1867	96AD98C3E93C0BB2B6C540A5B6B82F5C33E52B67FBD790DBABA56B3F9122BAD7	Git internal metadata	vcs_metadata
.git/objects/84/b6869ac1a01007202bedba4fdbad917d0904f0	3088	9C97AF870C72EE958CCB20949F697808D91EB4A6E035E2CEE6B56EDF33F29811	Git internal metadata	vcs_metadata
.git/objects/85/0c037daf198bed25a594f45f0330d0604c9766	155	6FFD7930B0F168E5B95CA919E8DA6B8DB7255AFA4C4C02D52CEDBB7735A8317B	Git internal metadata	vcs_metadata
.git/objects/85/28f96801240acfd43a288ab2c7ef6e9dd3bb68	571	BF335A929825E307CDA8680FED06078636F0F9E1721DF55D620204808BBE5547	Git internal metadata	vcs_metadata
.git/objects/85/2f6946557e2f7616495f78121736f3c7dd6bae	1523	7EF5C322BD8E47E1D97190CAF38C147FEEF838F029FCA9EF94379BB78F0F21E5	Git internal metadata	vcs_metadata
.git/objects/85/69a1109fe0fd4d7e3f28c7eb828f9ddb77610f	306	B415A6F46E0A20A901FD8AEA0F92CA234D245FD32478F548B91372E172451124	Git internal metadata	vcs_metadata
.git/objects/85/885469bee25d4ce8c4268210a0b0b7858e2a37	35407	00B2C6991DFC6F4E832C45DB0670C92AD1E46FDFFECDFDE59A7514A49D7650B8	Git internal metadata	vcs_metadata
.git/objects/85/95c965f546ca0fec404aa2895a07caabececac	246099	D40C90D935FDD6F439FEB585AA925128AD9B6581AEA68192CF92C4E7311AF04F	Git internal metadata	vcs_metadata
.git/objects/85/dcf36a6c29873b4cd5dee82ce00701a5b2463f	522	5011B21ECCABB98CD628BD5E663B5441F15F164E9141677EE7BB7FE5281D8EDC	Git internal metadata	vcs_metadata
.git/objects/87/85193d12cd19b7fdeeaaec35b3e43d1ee52b75	40274	E1FCE32DC51534EF9CD0FD590B8E8BAD9E0DC57C128DC503A9499412D1FAD147	Git internal metadata	vcs_metadata
.git/objects/87/b2b950d5ef6b4c40bff8ec3beffd9acbb84f52	26384	D110B7656E9E4F6746281A0CC95D527B24BD3A0196921F594EB93EB05FA038E9	Git internal metadata	vcs_metadata
.git/objects/88/1b55e81775da6a58e11e8c0e4a04992a9a2cde	1708	668D53FA479A5703370EB47336EE15FD3844CF30E76ACC5ABEAF0D2761B96C6B	Git internal metadata	vcs_metadata
.git/objects/88/a23e77763fcf832a0ae51e783cf82943881870	22373	BFAB10EBAB5E8D435AC0BD488F339CD6E59570147C8E59FB2302992ADFC631B9	Git internal metadata	vcs_metadata
.git/objects/88/b71ebd770d2b21765141f18af5843d3659aa0c	3271	641DCEE2F24BDA1A7D319FBF9E78A4ADF698953473CEBA470AF19784C61797DC	Git internal metadata	vcs_metadata
.git/objects/89/2169ca90cf477c9fc1b3ff0b84ac37f12b0c79	33196	4933404F5217330BA577745EA5A4DEE1E4C991D15CAD326F83EA1B260F173A91	Git internal metadata	vcs_metadata
.git/objects/89/80bc7c487c22a1a76eb3023e3d341d39bf6d41	427	435F8CA09DE1AE08A6110D31F969AFEE506E80937DA7847EFED088194805F367	Git internal metadata	vcs_metadata
.git/objects/89/b31fa75ad7d74d0e0fa13a2430ce7ff11dc319	32731	C42158CF7ADE574D251D77ED74AB450A9702F1F0D22231D781D85B34601C98FE	Git internal metadata	vcs_metadata
.git/objects/89/dac9d75ab94a209cfdb08032e529432eb7c5f8	1512	53E2BAC13785A8B49E39FE927D1FEE65251B4F4056B27DF9DECD7866A35D61AF	Git internal metadata	vcs_metadata
.git/objects/89/e21534b50f23b6136d0f1fb3e1f112696f0f0c	270	5BB9A8C541CAE52434A087C9D6F9611F508067B46ECC89505984A41E19712FEA	Git internal metadata	vcs_metadata
.git/objects/8a/9ba3aa26e2cf75da15a29861a1799f530c52d1	73	8265AB219091E6554A1C7239C4A6873E0D34040E32F4F3299F32E40C5EB10A5F	Git internal metadata	vcs_metadata
.git/objects/8a/9dded5c195efd10da927ada3f9c901ca6f65d5	19534	7688D5BA37F270A88EA05B70EDFBCF54ACBF995C2D1CE47E3034E7135C90663C	Git internal metadata	vcs_metadata
.git/objects/8a/b3e57ef8b78b8c86315d8265d4412db7174d4d	180	2436E5D60FB3787F5163DC83343D9C64D87BF032E28E1421B64EB125E707E5B5	Git internal metadata	vcs_metadata
.git/objects/8a/cc8de796584169c66b13542139591d4a6dcbde	324	2C4F2AD76E0C283B47EAED563AAE639A93BB4D16AC698680DE8E3B22BFDB09BC	Git internal metadata	vcs_metadata
.git/objects/8b/c3b02b222315be89fdd817df0a46f07e440b37	1842	04CC719303E1C3F95137219F67B7E91DC75D56CC00CF3FD1BC0EDCD9A6FF3D13	Git internal metadata	vcs_metadata
.git/objects/8b/f32baba5ab04836b0cbacb1349f0f2c85815aa	33240	8D54E5DED93141F11FED8805310B086EC3439F7950E8C55E4CF5A022FB9C347E	Git internal metadata	vcs_metadata
.git/objects/8c/2beada3c5de00898fd4babd5a8912e6a9be73d	140	C4EDE3BD48657791D47CA3B31ED5C7D818824696D507168FE7410D2EB0784A46	Git internal metadata	vcs_metadata
.git/objects/8c/b67b180939d6ed08b06f822920c0f7e0f6991a	1291	D0552B6D6F0200C612708F68FCD3600E60760E2DC91AB925914F30FAD8BF3C76	Git internal metadata	vcs_metadata
.git/objects/8d/0e58bae6c67b9d87f0a0f0463b9eadc8f5736e	367	8E9E4C17E6B9D19D21875AAC9EE3E45E7FAC1BDE6F1AEA48C9F5C1CD33CB487E	Git internal metadata	vcs_metadata
.git/objects/8e/050fa85cae43ac72ed1f41614c1b7169d0d275	1160	0E9AA0670B1FF8D53C684F6F89979F57799BF5FF9AC6780A05D456D631F2FD72	Git internal metadata	vcs_metadata
.git/objects/8e/1d0111b17f1019551828b60b1c0bec397beef4	100	5AF847063FBEDA0CA25C6A3C52F6E594A10FC2FDDDD7DEA67565A58CDDA6F074	Git internal metadata	vcs_metadata
.git/objects/8f/83fb115e9ab3b661bd661301f24e60e2c22ade	145	98A08E4FD2045500907348E4AA353E9F126BB0331788BA3A7857A1AD9D6524AF	Git internal metadata	vcs_metadata
.git/objects/8f/949d17a4cebb232ca13a2438a89d70769ae30a	335343	BC19250A270274032983AF815B7C9278B23501F8626D687F4DDC60E7D4D71B25	Git internal metadata	vcs_metadata
.git/objects/90/1ffbeca56b1476dd032dbfb145f5197b4bf97c	746	7F214F427526D7251D9581CE15613245388294A1EFC07BAFA2F951EE7C0CD627	Git internal metadata	vcs_metadata
.git/objects/91/483f383b439df0b53abc1df54be885dcb94a9a	385	C780272BB62655FFDE25749D7DE3D565E78B17C8DECDD7A282723584328BE3FF	Git internal metadata	vcs_metadata
.git/objects/92/52d1ef634d64fd5e2417bc5b34942251158fee	12768	24B4CF8E2E9C62AE14F94D7549EBB6D89C4786EBCA7360811669C166EB725EC1	Git internal metadata	vcs_metadata
.git/objects/92/cbc80889e1e1e0b2afc1ebfa9c5d1f71824511	138428	031CD96A991E5388A63B21F7765B24058A3A2D7FF725AC37D91A598048BDFDE3	Git internal metadata	vcs_metadata
.git/objects/93/31924cfe1e16e3fde1f1c80a73dfdfc280a019	1447	BFAC58FF2885FC2A5F4591E8241F46AD0C7B9B3DFBDD36DDE0D1D187F68D6FB3	Git internal metadata	vcs_metadata
.git/objects/93/92ba433302ac800959553b1c61ebe9e262baae	251	3B799BE878827D1F3CB4B1ACBFDF76C744F8F6D78FC9F12AEA2CC2A34F6A48A6	Git internal metadata	vcs_metadata
.git/objects/94/151b39c1f27d5ad4364ef285caa74f4f5b1405	1309	88EF5C7060B504CC15E8FC18F9E3B209552805F6B4CE26669EA5C8E9F62B6235	Git internal metadata	vcs_metadata
.git/objects/94/4d09a6bede37f6706116addf4043a0264e9f90	58211	AEA6BA3F960BA1D906E33FF893711F9D6F0D9CC1627E751808351E5691CB2A5B	Git internal metadata	vcs_metadata
.git/objects/94/661f257fe39bc6166fb0b8c98beb4317cb7ca4	1514	FDA0EDF5EB09652B68F4DCBF0EA7248BC63BA1BE64823A9C1C97ABF14106FB07	Git internal metadata	vcs_metadata
.git/objects/94/f483d00d401e99e089f3e3a5b159ac50fbe53b	19983	32DEABB126B3FA888E673A3BB143CE50BCA00615635CDB57A2B6F60727FFDFE7	Git internal metadata	vcs_metadata
.git/objects/95/3d58d9b66049e4af900cd5701bf2280ea95e1e	1513	2976ED6E5C9C9FD18FEC0D7CB50000FB2379458AA61D7D40563FB1B4A21F3D51	Git internal metadata	vcs_metadata
.git/objects/95/ab598b448415628727223e23ee6c48c4164acc	3340	C09C0FBCE0686562590271C52A2B212C5CE6FB19650E787F40312559596BFB24	Git internal metadata	vcs_metadata
.git/objects/95/b092fdd8d0ff32bd2733567dd1af0cd5a38d08	33238	3F647133EF6431DCD5F06B4B37890BE6E27DCAB71725F30231A3874DFC6B0193	Git internal metadata	vcs_metadata
.git/objects/95/c82a44461c3a09332304057cf78520d92462dc	1026	0B18992C7815D8ED547C417F38D7C0F71575C40AB567F41CB6AAF0D48D6DCF5A	Git internal metadata	vcs_metadata
.git/objects/95/f7c00ef5c8024460161e966c1ccc42809ffad6	381	A889224BB648DF49B59954CB50860845A3BF2BDB5061C448E28C3D25C0076830	Git internal metadata	vcs_metadata
.git/objects/96/91b610dfcf107af738546c4b11f5cdde7e40e6	297	4003E0116AD9AFFBD7E8D2B7338FD9290C5C78062954C593B83F4D8C61C4139E	Git internal metadata	vcs_metadata
.git/objects/96/cb861aba7cd4587665d803f3106479c89d59b8	819994	C618586CF88A83FD156631A11E7BBEC06115B3D34311202789283B73B70F722F	Git internal metadata	vcs_metadata
.git/objects/97/6a45bd6b0cf873d172dd0845a77814478eb7d0	4375	C086809B3DD9D959140A4179631D47B1DAE44CC9087CAA6AE771E112A31E0902	Git internal metadata	vcs_metadata
.git/objects/97/6a78a212a13e806154baa2d675a66618af3116	93	A409EDEC22AC910E1690DB911854308F5FD3F01993F33CC30B4E75CB5A6D7C9E	Git internal metadata	vcs_metadata
.git/objects/97/7500716bbdcd8d00c84e79b607241109feb559	4231	4E7146C50AB43E54D4B48742337F1794AD8EAC78964393030758D94DA74DCDE0	Git internal metadata	vcs_metadata
.git/objects/97/9fbee952b8385b2047c6b801476b7056cee1e4	48	44FEA167EF0EFA0BA97B5458DB718FF818F94B924FDD81EFD23D24199E53AB37	Git internal metadata	vcs_metadata
.git/objects/97/a328741a7156c3a2e99db93d4135db78afa6b3	243192	1A8DBFABF9AB06F388B741C1894EF2B2411E79D72CBFE78734F218B38D91735F	Git internal metadata	vcs_metadata
.git/objects/97/afc3753309d95965001cc890ace137a01fef57	525	D39EFCEB301F6F6AB5A16AC136F67DFD20EE86B764383D221C99698EE52C6A7A	Git internal metadata	vcs_metadata
.git/objects/97/dfd291b4d72eb8db4d62b578620108dc9bf040	3684	B6D46EFA8FC4030D23DFEC7DD6E1FEF387604CB57794859AAD59E898E83CA5A7	Git internal metadata	vcs_metadata
.git/objects/98/25f049ffbf2d57dbd100b3565284c030926257	7270	83D6427A44F844D28C7C1104F71D8B45C8CCC70899CB7956E984A165D03DB08A	Git internal metadata	vcs_metadata
.git/objects/98/52d414d4870cf5af8c636f9da2ea8e58a0ae66	2913	E265CB98396D2BCF83921B8D2E40A0C2ADB49A9979202582E526F3B7EF8F2FD8	Git internal metadata	vcs_metadata
.git/objects/98/9e3e05a8c8463eb8698a3ffaa4da1f0e455abb	2111	BFA889A1CE00FEAA134665F6D924DE4309EFA4D1CF0EFB62B31C43FEE6FAD05A	Git internal metadata	vcs_metadata
.git/objects/99/2a78d8d174f94aa9c5b6e1cedd03144a4c882d	45	3F27EAD5AE530894710D7A354C7CD77BB45C5134D5505E3AC71A11381F5F7CEE	Git internal metadata	vcs_metadata
.git/objects/99/52dc1b2c99fa570eb8d6140c68ea59b2a3d86d	650	F8EB252E169569073456848618F84CD6E1910813C9508F2905347C541DCE175F	Git internal metadata	vcs_metadata
.git/objects/99/536c245c7b1ab612f0e5a20bd123632306de27	1658	FA9AD8F9D06DE67C965FC54D4499EBA519B95F0C1B96546A3A9D37DC5E124498	Git internal metadata	vcs_metadata
.git/objects/99/d925e55803e802603d66144dac06874170b5bb	120	7DE2A1CB2808E5BFBB38350653240B293DBE5333FB5469131CB0033CEA5BBAFE	Git internal metadata	vcs_metadata
.git/objects/9a/3b2abef14bddff0f6afcdd2495b3ec63548830	356	B4B21DD9F8EE06D34576E07E0C6D033FF6D313869DB1B43D3E06DB33E5B05AEF	Git internal metadata	vcs_metadata
.git/objects/9a/ae06a39cd0159d5e2bf88f21c60dad62e530c8	3775	511CFC9380021873196FAE1F1421BE0D423BA355B29BF7EE02182493F211A8EF	Git internal metadata	vcs_metadata
.git/objects/9a/b1af2bd68baed940eec81939b570e95e130233	665	0F6E07B7A9117CFA13F8EA2D4251815EBC9C2E85FA1963AFDA746B8A7B4C2B58	Git internal metadata	vcs_metadata
.git/objects/9b/7f2aae2f3ea321997d9bd04032edf6a8ae81e1	255200	B1F3B83CC8FDC732D784370F9F979EF26CDAC759A0E4301FBE650BF74410A4B6	Git internal metadata	vcs_metadata
.git/objects/9b/9a62803ad775b9acbc49526e907849cec0b39d	2826	DF640E43A70FF8ABCF5503FC247EA9AB8DD6CD0449C90064FBFDC127D27535AA	Git internal metadata	vcs_metadata
.git/objects/9b/b0a14b18ae54c4de44acc01e040c27a68eada9	1102	59E8F1850D98AF6FCF7130A04CAC1CD8F86188B0E0523373A05CCFF60ED17435	Git internal metadata	vcs_metadata
.git/objects/9b/ba6aace726c289921c567f6a46dc535ecb033a	136202	AD49A7297081E116B158AC063EBD8AABDEB3ECFBB2A660AFF3E0A850F1C0AEEB	Git internal metadata	vcs_metadata
.git/objects/9c/785caafd30dd71369dea3ef8b52bfdc08adfc5	1352	A677E0B56B1DC0BCFDC618710B1C239AC832D97F5D6B172B86FE41136D2EB8AB	Git internal metadata	vcs_metadata
.git/objects/9d/5a86d7ce5d78112e75d94ad505e944a3cc9312	514	4A7274EE7598571C40B164E153AE2E304BE529CDFE436A94202922685A7708F3	Git internal metadata	vcs_metadata
.git/objects/9d/7d3710b91ff04a7bbc1d4cfc3789b7c315f828	2568	FCEFFE7268D66F0A0D196787A5796F77AB47195B9476A52647778E524FF6EBA2	Git internal metadata	vcs_metadata
.git/objects/9d/94c35e0e0a73d770f4ddc6198d2968a678df9d	416	0680972A87FBFED2859BD836E09FB48AE1D89AFA5A6810160B6DC9AD061BF0F1	Git internal metadata	vcs_metadata
.git/objects/9d/cfa662726179a0a83aa72b0e05dce9bc53b55a	668	FA13069C7FD8D090741D81B83B1E31E44090932DED49AB1E3B9CAE5F580C94D1	Git internal metadata	vcs_metadata
.git/objects/9e/5887d707703f47ff7f7e4c38870e6bfeae787c	2345	811BAE248DA17BE89836B74DA2FAA308CEF12B3083A7D51C6EB44DBF0EE4EC58	Git internal metadata	vcs_metadata
.git/objects/9e/7e469de5087bd762a1f252fce4cff11928be56	265	6F90ACECD94DBACD262102CE3DB9E852D4D4AD0B287D657A173F8BC1E7D7B97C	Git internal metadata	vcs_metadata
.git/objects/9e/e9aa43b8e124712e83127f1dfcd2d006f75d73	15000	7C6C61C27495AD50102199A58CC17CB78CB011C1D876B2AA03683AC353FA9F8C	Git internal metadata	vcs_metadata
.git/objects/a0/ddd8714468e55bdcef23015e1d2d110d9eda2a	3172	6CEA78322AB6CFD19EBBDF6F530E6B508AF8F3756F8296CCFA963044B940BD3C	Git internal metadata	vcs_metadata
.git/objects/a1/ab5a6eb28ed9367d38858fb8dd9801bab7ec6d	1651	7DF5EA3CC5940C9268208CD7D1E9473E8F1866C6068D2B458FB3A7A1AF0252BE	Git internal metadata	vcs_metadata
.git/objects/a1/c558dfb0069b099242b25fe8c08eaf08350bd8	1342	27074602CD2D411926C9D6368D846F4EA520B5375C33A4FE1F68351B2623EF42	Git internal metadata	vcs_metadata
.git/objects/a2/255340c3d42b4ebedb5a8a994f8e5a31d5555c	2366	57FA726575377CE39D47C60A4437DFB0AEDC80E197DC041E0BC48E06C7C73457	Git internal metadata	vcs_metadata
.git/objects/a2/3786f09c0a9e538d5aa29c6bce0f92e77b302c	3350	1CD717D1B1C33F4D9DEC664A7A0EFB814113E0FBC07A4A04E7D6B85F63568F19	Git internal metadata	vcs_metadata
.git/objects/a2/f91598919a105e517307e4bc0fb4f966722eef	421	5151F2DCD1B50B3C4A0D9647806708580ECFBBCA330AA344280105EA62EFB920	Git internal metadata	vcs_metadata
.git/objects/a3/2a553c6db9cefd67a10d61ff8254e7baed41dd	3742	06DDC082AEA74C5FD7242545AA1C04829D836EEC5DBA212B1D5A43A9F79FFD09	Git internal metadata	vcs_metadata
.git/objects/a3/5dddc34f73b9f946c910162da7dabd21144212	537263	8335720B0198EDCEA93DD6DB6C157C8436B8D4E9E6103144D5B7AD7BB2FDAD8B	Git internal metadata	vcs_metadata
.git/objects/a3/66f574826ea8952b315741b73b1b14f2cdc3df	1972	E95ECEC1A4DE7C9FDF47C20E84AE16AA6BD93F07D62222A5417438452FD8E05A	Git internal metadata	vcs_metadata
.git/objects/a3/e908d8cf33d94032a6508c0268333a3feb6a41	336615	314199544211940AEE70B3FC65B4E36BAE5711A15B3120049D24B52519C6FBEB	Git internal metadata	vcs_metadata
.git/objects/a4/933cc5d43b0717000336c336292f12192a5eac	604	D84CA0F1A085516D51C3066D8690D0BB60521944F658A6DD7138E7FD2F2E8293	Git internal metadata	vcs_metadata
.git/objects/a4/9afea7947e70b094126d2d36addf01c0ef0302	313	5E6FE1B716B7DB09C87AE6DCC95FCD61EA776F5B2FC47F174303320088986461	Git internal metadata	vcs_metadata
.git/objects/a5/1aa5ef290902d8bb6b6d8fe689538e33ba6b3d	2351	A5180868619FF78FC44B1460D27FE452A8FDC167C4CFC02ADA34D1775FA70023	Git internal metadata	vcs_metadata
.git/objects/a5/3c5492db585debea1c09cc932490f39b356efb	1274	CC58D24498F1FB7852F95563BA197C65E6770A0B72870CCE3672E72A430B1216	Git internal metadata	vcs_metadata
.git/objects/a5/9c2984cdaebbaf75fd285e0df19ef9d55dd516	8306	014780FCC05D0C3E88828172402D0A88B5F8897F465C58B1D1B72820F5F4CD2E	Git internal metadata	vcs_metadata
.git/objects/a5/b96a4240eabe3e8120f83157b783b11daa2a04	127	6BF0D0263F8448A0053F9CA83B05D63DAB10C811FED47163EB51D8C2BA6C958C	Git internal metadata	vcs_metadata
.git/objects/a5/ce2811e2b6dc7c4418207dfe7790338fa6cbe5	825946	60FA7FB33CD1E0022A67D8433F05BBB53E70105E8AFCE00969855193629CBEC4	Git internal metadata	vcs_metadata
.git/objects/a6/233b38ebe4852e9eee5579ed48fb4ab09f1dab	1519	3915BA52517F0EF16CE59D18A80AA1B4BDA953586BF3C805AA7750D842807379	Git internal metadata	vcs_metadata
.git/objects/a6/98f3b7e477dab16350ac5d0d3c4426b9377eff	3171	3A6D3EC0D8056F3113145D65985C83648BC512E9C65DD1E84EADDE30C4126564	Git internal metadata	vcs_metadata
.git/objects/a6/ffd2c26baf3107e0e365ed068027fab460674c	129	517C4F0A19D71C528CD9F9886DDE27E6CF2B5F8A4C357DC5380A2D9FBFFA6611	Git internal metadata	vcs_metadata
.git/objects/a7/3a9e24bf2ed088c4d6e05b3f45405add8532d4	115	0253AF38F17D83D59B03D97D1939DD8192E5072B6ABC875541346773BDCD116D	Git internal metadata	vcs_metadata
.git/objects/a7/4553a82ce8e60692098fd7894ab5b886f9803c	12092	5A3E0714B333197BB8CBBF31F629D0549054A2E01B3841D84314FE8EA3AC4FDF	Git internal metadata	vcs_metadata
.git/objects/a7/c455f0808c766e3155ba4e09ce01a55edcdd88	295629	84F5F21D088C10DA4CB5B5BAE7060469B4AEB77802CCF04CB05EE137996DAC52	Git internal metadata	vcs_metadata
.git/objects/a8/2eac41b1655fa6507f2ae7aef61fdf3c731cca	1907	FBD32A9C067B9A389F11CE3F3E3B8B54F7B7AF9B52593C6FA8EB047B3B5CAF62	Git internal metadata	vcs_metadata
.git/objects/a8/914043912f76b6cc32e021391373d71a5bd100	3397	C2CA00C77AE1565027452A431466C6A460CE10AC352A2514198B1A2E9464F8D0	Git internal metadata	vcs_metadata
.git/objects/a8/ccc95e4e04b006091f518b780a6498b3076d72	3074	1B97B5B5AEEDA3682CA2E13C66323C44F7C81FED08136DF7784A07577BE6247A	Git internal metadata	vcs_metadata
.git/objects/a8/f4e86b12ee7fa38d001f442af2d3f0830e5de6	496	C9C8F590D5743AF3846C12624CCD0339BFD60DD4DCDDBC3205211CA35EF4AB1C	Git internal metadata	vcs_metadata
.git/objects/a9/4b2cf710f32ccbbbcbe3af8d435fcd32fc9635	2821	E6044EE18E7E7676CCCF47C7C9C88ED37DE84A5E6A818F413D5A88B291B17A4A	Git internal metadata	vcs_metadata
.git/objects/a9/b2e1c6666c63290ab6f33a51d090619a793a97	33846	3FD26899C7791B33C6EA20E7DB3539F7137687F855807D0913FBBC33AFC740A7	Git internal metadata	vcs_metadata
.git/objects/a9/bf8f5ad5a580f32bed0c3191440f7ce85988f9	1151	08FA37ED5BA9AACE82315A44BE9C61D20264BD934A4702F4C14903B56C98A219	Git internal metadata	vcs_metadata
.git/objects/a9/c17df29598b5f2bc6512304e8988f9a5199026	73	5CA9A6766F684169AB6AD3BF5C21FCC17098E3E118036B25DFFBB836E8853DF9	Git internal metadata	vcs_metadata
.git/objects/a9/d2fe3788694e785d7064305189f3b5d49c8171	4993	7728E73A7833C2DFCE8B487D59ABAAB470C7EC8850A07719D45D663D3D800D1B	Git internal metadata	vcs_metadata
.git/objects/aa/66727712061b143d0cd68decd9a80266bbc857	3212	3625BD82E0BFCF9B7B08F42E34DF9AAC2621C8D6EDFFAD12A26442CB85592781	Git internal metadata	vcs_metadata
.git/objects/aa/a6207f8cb46b923fb3750304ec179e885b1379	532	B2295F50544C15B3F1B970E1CCB7E4F7A97BF20DF40460B1B90AC3C27A79C174	Git internal metadata	vcs_metadata
.git/objects/ab/a1465c4d0d0a58ab5de55b50fbaffd63abc4f4	412	892B333EAD7CC256DD721249DA17E368EB3F6C7BD880CB48E6CA3D091E5F33EF	Git internal metadata	vcs_metadata
.git/objects/ab/beb308901928252a1828b04fb07bd1ff2ff5ca	443	E0733269DA39F9EB32C7716F526D42EED1975796A64C167E22C84119C8E813E7	Git internal metadata	vcs_metadata
.git/objects/ad/607c9a929b8e7a0556ba83ebb91814a24ef3ee	10620	96C13D735166DA4659192F3ED989B7D2CBF175063871FCBE74750249C7ECAD3E	Git internal metadata	vcs_metadata
.git/objects/ad/67d4986157f883ec07b7bf9f83458f6d760f69	7850	EFC3C8267E12732C0CA9E0D9DA6AB41FCCD5D7DBE97F04ED8C2E7A733F2DB440	Git internal metadata	vcs_metadata
.git/objects/ad/e558756f6d8785b4d52b00b2b9159d1e80aafc	310398	C19AE431B54494FF0281D6E1A2BF4253EB3E489450388B37550B45E0A51368CE	Git internal metadata	vcs_metadata
.git/objects/ae/a9e3005cd6328caf1a5884e10f288ff2205ebc	1348	5A9E3A2C1E49ED606765A2038017B1EFC29E96EEAA2AFDB67A2118721E908248	Git internal metadata	vcs_metadata
.git/objects/ae/c2a71e960867c881151a7fa59c7bd626171293	74	1B4CE478713B5095EE332DDD9097D4C89F1148DE23E775A82AA723DBF18F911D	Git internal metadata	vcs_metadata
.git/objects/af/70617721c8f0693172fcc4adf4b3feba5b23fd	15453821	E3BAA07CA6175B1E8166F5E638212827373E11281DC3A9B7346BB9742F6B89A1	Git internal metadata	vcs_metadata
.git/objects/af/a0610bbd63039bc892fa10fe9ec6fce575af4b	2904	4939E26BE260B5617335E674EAD211DA848CC08855FBD8383A02A09CF31F3851	Git internal metadata	vcs_metadata
.git/objects/af/a869f67e901da8b54cd86eec8ec8df3de3f774	7100	D00596A1E7FF2E781EA28CFEF2DCC20BCC91905D5435EF342E97F4C482D8662B	Git internal metadata	vcs_metadata
.git/objects/b0/5a070c51c5f3729e92eccd34a457e876396dcc	279627	319CD4BB835FB6AC9F55E24C0E8079E383D831BE276E550428BA3902237A9D5C	Git internal metadata	vcs_metadata
.git/objects/b1/04810013331896351aa81ead02513443d48969	81	6E8F32E21954E513860B686111A8EAE915E426DCD50A3E4FA0075F1BF6D89798	Git internal metadata	vcs_metadata
.git/objects/b1/c82c5ff5ae9983d9c8498ef2d250f6ebfb707c	1759	DCDA94AF2A957826C3B9A9CFACCB097B905D804B3A93A479D2E48AF34B527AF1	Git internal metadata	vcs_metadata
.git/objects/b3/368486c21c09d91d3b7c47583a5e7984e0d768	2167	B3AC9684C3A27588AFC8976151538F4AA9E0B24FAEBA1922589DA914ECBD5564	Git internal metadata	vcs_metadata
.git/objects/b4/978df2aed4dba6b66cffb5f01421d78990d3aa	7448	814290DE02DB619B6D535A56F3B4E429273FF7B54B79A4E1885EC5A6A70D2832	Git internal metadata	vcs_metadata
.git/objects/b5/67e7e653e94e67e60a3f1510a1d8d7ed02d8af	19217	08D46FF9E74825F86497EF4056A7162E09450A5FB84A6DB035E48C0DCF4B6507	Git internal metadata	vcs_metadata
.git/objects/b5/71d7f7ea407b04a87d4aa782908680f574bc6c	66547	C6A06DD937AC0C4DCC781E618CF69F21ED970B1AFC104F494AD046CA855698EF	Git internal metadata	vcs_metadata
.git/objects/b5/dda3437f595da089dbc0192238a851f7f474f4	1714	1A2C8E3F54BF18F436D4B45D2B4997A0D360C4B6B935ABB7197F9404FEE8DA64	Git internal metadata	vcs_metadata
.git/objects/b6/07724aa58a55d06ba2cec87d9b297ce1ee4cf7	712	90A18BB2406431C3093CB7A32D169AD05BCDC4D2BA60798E5817BE24710E461C	Git internal metadata	vcs_metadata
.git/objects/b6/536bb5f3706e5644de3677bdf40e3c9f9cf05e	6830	74F5B4B784AAEDDEB19E4D5DC5FE712DE315D9D008D384A613BF4E1D7F3BD80C	Git internal metadata	vcs_metadata
.git/objects/b7/249a6c7bde4f5d443f7bd36e433af5e3ba5021	10680	E45DEE2E585B89867EFA1E975B3188C681F5964A98B85D2D8730DFEFBFE818B1	Git internal metadata	vcs_metadata
.git/objects/b8/3cb08989f88a3ef23f94d3e397f85b3a932ece	817150	6374E22825C910B270E833377BB3ECB255FDE9367CDDA4A07BA7BED85E4E26B5	Git internal metadata	vcs_metadata
.git/objects/b8/a0c48fc7c29c10d52c2c362e10ab27964941e5	112	F9916F90CA8A4F8E3DBD50CB51A25DB2346308F0BDA9093BC2B3034DD87A451E	Git internal metadata	vcs_metadata
.git/objects/b8/c09a12591961825d6a2c162dc9c5ea9e79ba59	890	902A715CF36E689FF28A1ED6E7EE6E90ED620977A6421965A46A80735A027F4E	Git internal metadata	vcs_metadata
.git/objects/b9/39cd07d6e4bb2f53ebe434571216e6b160b063	301	BD321204B3E691F0ED6122B0B3989D1E28845BB217BDF1BB2CA8209A4C80B3BE	Git internal metadata	vcs_metadata
.git/objects/b9/86a3b56e6ead8a8d80bb13d3aae15ffa29e277	15690	A9B1816391D65A7BF15C121726C8FE139D27C1E5C082FA6313201191E294F351	Git internal metadata	vcs_metadata
.git/objects/b9/913bba5b4b4bf9ae582a273d35b8b91dd8230c	2084	1034C589383091389954801C5ABC623F15253F8B9AAAEC5B3912D5153DA3396F	Git internal metadata	vcs_metadata
.git/objects/b9/979b9cef0f81408a08078435eb4cdc6432d1c4	12504	D2F4938A1CA80D1CC2B2490E7B835225C725B0B2A5F4C76BF55DA0E4F28F86DB	Git internal metadata	vcs_metadata
.git/objects/b9/b9552a85deb1c186d2c041cfae6c808d8114e8	2034	BB14D7F14C4242E459EC1936F1D4562DDB3CFFE5E4D6545C01946568B5F7D2E8	Git internal metadata	vcs_metadata
.git/objects/b9/cf639554ac361abd280db5b2c9c90ad1b34532	788033	F5395783B70D1489CB0F02D142CAB999B538E74FE7879D90D9491CA9A05C514F	Git internal metadata	vcs_metadata
.git/objects/ba/be4f5dbc8e125c96743f27435d1be7716a5a59	5663	A7AF53E44E0EF476AB733FF3B5635E842FAA75E872A12A60D6AC00DE34DA5296	Git internal metadata	vcs_metadata
.git/objects/bb/23c0284f25f532e05f9b7b334428965fdb3c01	983	445ECAE3928D8447EBA373A65331B43A447B6094EB3434969950314A6BA90438	Git internal metadata	vcs_metadata
.git/objects/bb/54bac61ee7e586c8318c8d45b36b56fb026107	11776	157282E6C2D902875443DEB6EB0C87711F524E5CC2787358C69FA26E14F048F7	Git internal metadata	vcs_metadata
.git/objects/bc/573b6ec792872fbd45a0e54d847f009afe85c9	4721	B6A6409C4B2CB5A1DE8D643E4142E6C5E33A98017B9F4BA6AB4387E525491B45	Git internal metadata	vcs_metadata
.git/objects/bc/5a1e2646711dd799a74f9168cc5bcd40eb9504	44781	A3E436FEE9D13A307FB4DE42A8EEB2E0FF6377E05E221CDFBAE3D9DCDF62ABC1	Git internal metadata	vcs_metadata
.git/objects/bc/8837497121791c69b292f6b210105c273c51de	315	A77674A37FE355CEA752EEA9F2D8DF98F290A6293CAADCB366CBB70AA6A9AD64	Git internal metadata	vcs_metadata
.git/objects/bd/f224f8e108bdacad38bcb5078e839cbf11fd58	85499	43929741181277B812FDC8F1419C2FFB8C5E8160919B396B127C710B8216C90E	Git internal metadata	vcs_metadata
.git/objects/bf/278119b25b4f9d2595882f2051905ea8efdb04	4145	FEAF753A25CE8D2FABF83FEEA7BC3A022C9CB0EC0EF78F72623005DF895A8710	Git internal metadata	vcs_metadata
.git/objects/bf/a1046d84145230d96ae4aad54bb4b1691e15ad	23760	CAD7814417339CFB5863C19FFEBA8292BA618B7EBA5ED42B9614D6616E603ED0	Git internal metadata	vcs_metadata
.git/objects/bf/c46699dfec39b6442f31655530a733e95699d7	1636	CF460BC1DA77AC2BF50EE7D245900A504121B2129546C6C70E43CE4B83D84B0E	Git internal metadata	vcs_metadata
.git/objects/c0/444aa0b673420c2b1f20534820e2dc57f61e52	4711	0C544217CEABD8F03744C6D795B8FCEBF348FE5ACF4F204DC8FE0CF4959430CB	Git internal metadata	vcs_metadata
.git/objects/c0/f4117a1db36585cd4fd5a9510ef290f7005d51	1665	1C4FC6774E6E1FAFB8BF074A76C404AC22CC6BB090F371A98626180726A6DA29	Git internal metadata	vcs_metadata
.git/objects/c1/22f5aa2dd70342f4ec04ddc4564035c2e18a15	650	0AB45698D7A206AC3E9AEC50F60E8642F69E8693F25033A2C1DFBFF2A38F88D5	Git internal metadata	vcs_metadata
.git/objects/c1/6fa25c2c33ecce55076b2b3a402f20632af5a0	834327	EEBA02CD54CE484E64FD021F3BBF876E0160892D93B34CBA96396E69C9EF4900	Git internal metadata	vcs_metadata
.git/objects/c1/b1e48293d0a673741408f2eaa2c2970022b350	659	AC6E193B5FEA4693687A98F3DC373CA1E527D8C96D3F7BB265AE24F1A105A2C8	Git internal metadata	vcs_metadata
.git/objects/c1/bae7bad5eb5102cf550633b1f5856727614b55	537	2E607CFB2EB992AFBB18D90AEA65EE5E2DA59382727536E12C0CE5E21A518F77	Git internal metadata	vcs_metadata
.git/objects/c1/d809df6b1e6bd57a919fdf244a249641f0bdf1	3844	2155F479F442214894AFC7A8A68CBDAFC2838A0CAC4D72B6C73916045C8B9636	Git internal metadata	vcs_metadata
.git/objects/c2/016dd100a532539c71fb234097763fe1d31b9d	8280	A6B2FAB6ADE0BC0541CC8CC041B5EB4EE5F341749771896E4A687BAB5CE847AD	Git internal metadata	vcs_metadata
.git/objects/c2/2a72f55640738b60bba97c5a042f85d720ff61	394	FD6FBF788FC1DDF8E07AE1C9479EA8A9AB85120A33469C072342CAAC1B07E17D	Git internal metadata	vcs_metadata
.git/objects/c2/f06a66ad893fdd1d26afc0910b545d275a116a	193	AC4F7857F76A85CC0BD115608BC0B5A0247859A0EBE928ACCCAC641DD5B1DFE8	Git internal metadata	vcs_metadata
.git/objects/c3/154d8df6da2211879168d24cb6c78d22690dfd	2023	A59C647C3C3B716D98CE919D17CB68B4C5415EDC23AFFC3D230C544BCEBEE741	Git internal metadata	vcs_metadata
.git/objects/c3/4639866ccea7cd9fcec71646d4a819dad65269	1563	A9E96D12AD6450C23F51F6B21FF7C6761B1C58B365F0245457618BF985E59E34	Git internal metadata	vcs_metadata
.git/objects/c3/79b9413811771ac7f347324dd1c5fa1b9ca9d1	88506	B22A4CB19BB279FC1C41EA31097695F2F07F93FFFD821281217D961130157DAE	Git internal metadata	vcs_metadata
.git/objects/c3/89d3dfd1eeb3cf254451ce8338e5297ed3b408	633	C578F06DD073E358D5B1CE96FDBB891BEAB2C5A7BF425294EA446322D5A5798A	Git internal metadata	vcs_metadata
.git/objects/c3/ed201a151b319bb72930ee68f8e56759f0a549	32403	330704B3FDB9341D4F2ED2F75326103C924B6BAD21848DA3B0765689F570782F	Git internal metadata	vcs_metadata
.git/objects/c3/ef5e4630af532eb432a3ce095c97b64c963413	1468	1FA6BFCA391EE518C31C6A6FEE9FEDAD0C4765432343ADD2AEDEF194A00E2AA9	Git internal metadata	vcs_metadata
.git/objects/c4/a35c2b272192704a60421ef1b689b17beb3aa3	12361	0233F196A2A2592905B7E9A39BD046065EDC8ECBF007C441C11CBBC2919D732E	Git internal metadata	vcs_metadata
.git/objects/c5/6962ea42cc55f580cde72ae96a35f9191a2e1b	110	CC84E3EBA70CB4C9173D932B0CCEB4DFE9862A5776838BF84201A19AEDF5D180	Git internal metadata	vcs_metadata
.git/objects/c7/876a01c3b116006b0dab29a61f5d355e321de8	235423	0A53428BA7D0E37B4F31D8E11A6955B789C8C3DB0BAF6BD6031351BC05B91684	Git internal metadata	vcs_metadata
.git/objects/c7/de2baf61cb80f2b955575c42e9d7e3e3562b91	159	B58F37D7BFDE2A7718A6334C440D867BAA777CD09CE912023CBBE8B6172BC1D8	Git internal metadata	vcs_metadata
.git/objects/c8/81a210c58553547a8fe1336e6f5707648e7f90	5582	128D598827878048DF0289BCFFBD66E49A75FCB1714DE19301193401F9C803A3	Git internal metadata	vcs_metadata
.git/objects/c9/72a20455064bef6f929ab7031acc4f58c53e7e	4243	7B4FD7EAA3529BEA55773ABA0A742F51A784F6733062DA64AC65548AC9020BB7	Git internal metadata	vcs_metadata
.git/objects/c9/c970529c1cb80a320c393b5550a60cfc3bd3eb	85	E00E3D3767CF28819F59CDCC728D1A506A74F4952380D2F824E4A7BE7A11E01C	Git internal metadata	vcs_metadata
.git/objects/ca/1d394d6dee7f3f3c0706299ab696a483d535d7	336197	C19CAEDC16089A70B60427CB36A37463AF872814EC62D58126EA7FA45F17B663	Git internal metadata	vcs_metadata
.git/objects/ca/9e84b23226f46899595ae85cd4172d29eaf078	3775	5DA15A9BA10C68656ED2A07C6DC3322273F692A8970A67FE869B3BDF5E4EF1EE	Git internal metadata	vcs_metadata
.git/objects/ca/f2bc37b339c37066181c24d13e259d343ebf31	12344	0B6A45D463809E943E1969EEF160ED29F6A5F47D238CB59C7BD312F6557A8A65	Git internal metadata	vcs_metadata
.git/objects/cb/6cb92bd15beed1d31d00bce803c2443295c5df	1288	B5243CFC7E5223A4C9D8A88954398016BC20A60C5E2313F39C673642AD207965	Git internal metadata	vcs_metadata
.git/objects/cb/7b589505595483249935bb8e99cb040d9e32f6	1295	8603D70D21E42ED102FF87AE73691B5DA65D9FD3D808D75B2B3032A84C8B4A3A	Git internal metadata	vcs_metadata
.git/objects/cb/81457af7776bab50ef531ffab4bcfa9c11e224	3784	A3DF3656FD589AEDC1454439D658945990883D1024D1948C6074B3C92B450241	Git internal metadata	vcs_metadata
.git/objects/cb/aa8d526d0ac8cc88fca7c350a270365c6ba80d	1140	FE485294528884FC51265FDE77FFEE780AA5451F946A625C96A7B3BB58965F7B	Git internal metadata	vcs_metadata
.git/objects/cb/bf359fab0253a0f735e74361e4d1bdab2bfa24	273	0CA998C886D3C5F0A9429969D8408927A4BE8DEF14229CEA2146DFFB4FBC559A	Git internal metadata	vcs_metadata
.git/objects/cc/7c6b8f54d7dc5d62d5232735555fa4448ab403	353	4F1CCD1556B9D753F3F1887C71ADEB4BADB1C067F170B5A64C22E2BA3C69BBA6	Git internal metadata	vcs_metadata
.git/objects/cd/07c82fc8284f8f7357c42eb3e5fe69b6d9aca2	1335	613F454F64841489EF0680E76CD13AF2D1A8C7E3D4F43A452FC5E3F9B3E81C5C	Git internal metadata	vcs_metadata
.git/objects/cd/72f51fb363ebf3e58f56986b397f7d454c1c7a	1452	E38C37C3BC9F5C508B33892FF8AD3FB0CB7DB46893E1E66C9E267E79B1909E9B	Git internal metadata	vcs_metadata
.git/objects/ce/22da5cd3f1fdfe70b4f87aa748c4c6badb17b0	888	DF0A099700640A293FB8AE20D64AF754E90EC7E3B69D11D6406A7BBEB9A5D07C	Git internal metadata	vcs_metadata
.git/objects/ce/4bc010e367f60f825e3d7205cbe69ac4ab7598	331454	AFD97ABB9052F4FAB57C56E84C5C4FA201700D6A023C716D6C48B19A9B7C5046	Git internal metadata	vcs_metadata
.git/objects/ce/74779ecb1574b6f2360eb7c277135052989398	634	FC995438FF6DB2DD0CBB9F8B99770604F8F7B9C577A64E8230742C6580E7D7DA	Git internal metadata	vcs_metadata
.git/objects/ce/89f86be9b2b659aaeb845e4d90286c42899150	92	2A897F26D327A012EE5B59F86882A0EF82B765C6B52C1AAA5C97783EFCA2D43D	Git internal metadata	vcs_metadata
.git/objects/ce/c17703f3ad35f15da0fc24a0daecc2c9c195d5	137	FB0F55570D6663672D8B3AABD7CE555097B8A4F5DCA8DE50D6462093623E740F	Git internal metadata	vcs_metadata
.git/objects/ce/c8291b4d9993c7096bddccc76ba0e2268502b3	3771	E80E6DC1588E63E23B5934291D20036D02F9960E61C14ECCE89DC234DC1A3ED9	Git internal metadata	vcs_metadata
.git/objects/ce/d53141a0f44083367a5ae9fdc54ac65716b1d0	197	84157EEB2AF8391524B0ED9B4DC0D2F6A64350F375CF37C2D07398F00568CF32	Git internal metadata	vcs_metadata
.git/objects/cf/d54b832608783e2d7478760eb0c9747804c104	9686	AAEB45885F8AAFE5A6BEA33702DB4C686E9A012435C495FA43BC2C449024B4AA	Git internal metadata	vcs_metadata
.git/objects/cf/f69eddf1ba7321bcb6824a7ac5c8f73d363607	12466	028AB4EFEC6CEFDF577E8020F4DED50D792E01D9057A8C28B6051E41253373CE	Git internal metadata	vcs_metadata
.git/objects/d0/541f60fc8ed2bc33e9065fd7d55c60de6cee7b	233386	7AED24F79A35A43C98C1B6E7ADF15E74E9F6EA3A2BED9CE1D512B415D9DB9BD9	Git internal metadata	vcs_metadata
.git/objects/d0/87862c3f253f3304f976d9140ba0f871d9b9e9	2320	C3E40608AE39ED5A8506EA237DE06C534C8F2FF49FE31C518CD5EFBF44EA0116	Git internal metadata	vcs_metadata
.git/objects/d0/8fb566d00a698fa8f6580a0e10497e8fc35842	801699	1B1DA5E160A08AC510B871F59E2D137F7AABB4B180110865396DBFEE6444AAE1	Git internal metadata	vcs_metadata
.git/objects/d0/f33df4c9cc9f16d58f695bcaaf21ccbe482e50	820040	BA74EAF2343593862DCF0119247F97C83A327E76FCF27DB1958A801C555528F8	Git internal metadata	vcs_metadata
.git/objects/d1/17b87a37f584acbedc84a75b1c85bf74b0eea8	190	5CE7D125036707AE8161F772C972B2F40AADC37F9D169C90CA4164B06DA019AA	Git internal metadata	vcs_metadata
.git/objects/d1/19112ed2e8a129698c4d57a9e39f28b3686ba4	6323	85A9090C6704EECC0145D2423A22335BC03FD1D557963B8F78631C18C69AF2E1	Git internal metadata	vcs_metadata
.git/objects/d1/41457a6f34dd8e8b44bfbdb8a191ac83725704	1184547	B89F4CB0D3D7070F3098ECCB5AD35514B78B681B0C4BA67499B5D8B6048AC2AB	Git internal metadata	vcs_metadata
.git/objects/d1/ded34443dc593310161afd04467b1f28703e31	109	A6C8597357D6A326BF575D4424C89CFC218D5A8CA2E7C200DDC6CF408FBE0B0F	Git internal metadata	vcs_metadata
.git/objects/d2/2973c10a77f0db25f0a33c1643e046ee6932a6	445	E747C596A385C620F1D70E9D5B410EA289FA897043C691483E3C56A689A65BD9	Git internal metadata	vcs_metadata
.git/objects/d2/a52db22d61ca7dc6a3aae07067e61d2feece08	1664	72CE6FB7DD14189A064A21BCA0590C50B283B0B74D7F082CD3640036F8A5553D	Git internal metadata	vcs_metadata
.git/objects/d2/d451a050d2bc9eb72088f2cfd591ba5cde6225	386	2BF7B4378A9CA6A3EAD8A83F862C04B32415CB363CBF010CCC1428E85A7B1DD6	Git internal metadata	vcs_metadata
.git/objects/d2/eacb0cfb7b6116a435830eb0a1079f8c17631d	5544	7FACBB9BA7680612A4223FF89B383986B43B555EB8D08BE8F083613489CB1133	Git internal metadata	vcs_metadata
.git/objects/d3/b848f86e22c43bfa0683b9662919d8a8283e3b	44475	25F95EF8B8D1D0AA2FB40A5E3F36B4D429D3FF4FAC467789C53305DB6F76CE6A	Git internal metadata	vcs_metadata
.git/objects/d4/2bb7e92b599adb04af9b6e70f880dbce9a0be7	4336	48D42450BB9D96C1A0A1EC48B6A745D468184152EC369FA8BDD742DE10D3F768	Git internal metadata	vcs_metadata
.git/objects/d4/38b0fdaa553a37203662dcbf4e318d6537b4b9	3565	20C92770B54F26065FB8DD5DA7191BC79F5695FF32E94123BB3D4699731C467B	Git internal metadata	vcs_metadata
.git/objects/d4/3af59534045698c2aa810b417722cf796f03fb	1659	3580A20847D99AE2584570E531BF57F1B573EB8F61FFA437A0DE0B8808E16380	Git internal metadata	vcs_metadata
.git/objects/d4/8eed6af5b46a7bac4abe263944eb0d7816ffef	687	1EA9F91C964ECB09F23C9B7766C24E6EA617F14791F118F0CB2C3C0D35E3401E	Git internal metadata	vcs_metadata
.git/objects/d4/91e2a87076aeac011fbcba4e760044a8836fed	4025	2F610EC2A3E9F908F9BA1381CA19E037B41F51F8FE33C55E1B61D71DD3FA137B	Git internal metadata	vcs_metadata
.git/objects/d4/d0bd1b6b8e8a1cc6689cc940193044e8497115	1013	FD1867D966EF15A472B539B90C54B99F762D68296A3C3E0CCFE5B2DFEA02AD55	Git internal metadata	vcs_metadata
.git/objects/d5/5a6e4e8305c5e6c0d8d3e4692fb9646c6448c5	17458	661BBE54313E38FE44EB1168D194BED766D954FBFD4D59E2F03C704C25BE30D6	Git internal metadata	vcs_metadata
.git/objects/d5/88b03e6d56276b78452a17148fd6eca3f262d3	699	30D21016B39B04A2C95322D610DB4EBCAC33D574FAC0CF5AA47693C6F42437D4	Git internal metadata	vcs_metadata
.git/objects/d6/1bfc5f51f74ea7d068fef258c400b306ad6894	6058	A4D581A79FA221BEF8B7F8AEE5CF06F3B5BD3943977F1E7845EE517139C1A39F	Git internal metadata	vcs_metadata
.git/objects/d6/55723a91f1873ea2c67a9ece15a95b5265f077	221	82EE7290C2D2587119FE921081E0883585B1A00267FE021D294F263E0E09087E	Git internal metadata	vcs_metadata
.git/objects/d7/5d5c47a959bdf752271db7397a6cb8e01e46b7	5776	EEB085A7E69359F20E5C9AC0ECD902E84603211016AC4455902D7A5916000C0F	Git internal metadata	vcs_metadata
.git/objects/d7/9caea2c8bdf549221191d03be49e2b2e9fa30e	3355	E1FC059C9AF426A38201CA78162C197500D3E595ABCAAF0696CF3C6AB23EC4E8	Git internal metadata	vcs_metadata
.git/objects/d7/a10b0b15ceebd870192eae5c903767aff67793	2308	CE7A56C0C4EE3792077F3CD5E0B8E625D56ADFA2C050F5C2EC8EA8B4BC8FC609	Git internal metadata	vcs_metadata
.git/objects/d7/b5fc43be731cd8ebb29890beeaeb6c4381d3b7	1580	D5FBB71FD17C8434C8EBCAED884373E02FEF4899CD34F5A403EA0D12788B73A5	Git internal metadata	vcs_metadata
.git/objects/d8/1c7d17b61212fe8f0ba18505723ed448b3f3f4	1288	D583BF9205740D4276B3F1DECC34BCE35A7DA80999BFF2C20670E990B9E85754	Git internal metadata	vcs_metadata
.git/objects/d8/2e640f4c0bbca7089e5070815a215439d08101	441	0453A06FD9A3C999C5CC2E82A07DA1E5504FEA3A2E6D9A55BA86079BCB21F61D	Git internal metadata	vcs_metadata
.git/objects/d8/5e2bd01f6506151b4ecdbd749fae6aef8cd7bc	650	2F790748E96AE3C878E25E107670C6BB892382119C7CE7E6951B3015616C8AD7	Git internal metadata	vcs_metadata
.git/objects/d8/76351fd861e2aa9684bd58c63e102246902fd9	22371	99B724BE3B48D4651E7240397FF97E3FA85531EF222E3BD3E1BAFC3B1FEE90B0	Git internal metadata	vcs_metadata
.git/objects/d8/d4e21fd360aa65312a4973029d01448cd0e3de	543	64FDED2E0A8DF5BD491F28EF447E5A984DA5467C542B74CB82F09010E06A196F	Git internal metadata	vcs_metadata
.git/objects/d8/f33b2bdd21097e45ebd42d0d11b0455e9f8d44	7762	D4C4D7F98E49467A4446B244906F80F9EAAB6CF5C23DFFBF9A0679E9A5B1A7C9	Git internal metadata	vcs_metadata
.git/objects/d8/fe10fb32edd5c1303d1e2fcb5709d78400fafc	32002	3BCC5251348B0DD506C5153CBEDBE962F1EB8E5A805FD39EF70A09AB9ED9D4C0	Git internal metadata	vcs_metadata
.git/objects/d9/320aafe305e4debd4d756a2bb12febf13cab5d	846924	589B8015DC27A2EF4113E6A6ABBB1F65F86F159486F21ABFB2B38E26F95A51FB	Git internal metadata	vcs_metadata
.git/objects/da/26fcf21a1e419aab64f562b4020089e1ad89c0	2490	B533A973C1D161EECC1F61B1D5024998221261F10CCABBD56A09D7ABC96AB955	Git internal metadata	vcs_metadata
.git/objects/db/6efe50fa052d834739b1aeaedcf83538009a11	57	B56F074753072500F9699DBA6547C9957E1DED7A9632A80AB646DBB6C540FFFF	Git internal metadata	vcs_metadata
.git/objects/db/937812316fcc799086963a77c8b93c265d1f68	242	A67022FB116802D3E2334D4B5F61E83B243D988E8FC4472E164BA06F1C748A63	Git internal metadata	vcs_metadata
.git/objects/dc/2848c410b4b6506d316e3a95cb36f795a3d3c1	681	8BA768E70E793CB3CA28BCAA29A9485DD55CFAC5D1846375A6D713618F275BB1	Git internal metadata	vcs_metadata
.git/objects/de/02de0ab796198885d02ea54875370c28a54ee8	3456	67CA3D41A5705D709B83FAA773E380E2EF540A65FBB7065FF809E6E23D2B1CBB	Git internal metadata	vcs_metadata
.git/objects/de/19b9de3196151b4d14f37f10ccea2c8411393e	495	E23CB7FB5533E1065A0584A88EE87503B8FD9B46BD4A1D1EDB8ACCBA7171EBAC	Git internal metadata	vcs_metadata
.git/objects/de/2b3b8726800c79209685dec4f6e37e2455684b	13348	AD873744CE5243E9A20653742B76BDBFA917702B1264B5C930A6B2F13C377372	Git internal metadata	vcs_metadata
.git/objects/df/03453a514a8f8d0696e2791189e79417d4b314	46	716B4B709D4C1227BFDBFBF817EAF00FF7F2E1B931D048573CB03273B9D75BFC	Git internal metadata	vcs_metadata
.git/objects/df/575aba0c08d996c34713bd94e2d911ad953343	2177	4E3C3E9C2F908EFE165E683CCA220677BF30D2B3133F0AA32C1179E6B5C60C32	Git internal metadata	vcs_metadata
.git/objects/df/9d571cee356f94eab2f07ad4e6d0666ddd958e	3672	B27836742F589942048CAED3AF8D11C90906795A87CB167C1903281745AB75F9	Git internal metadata	vcs_metadata
.git/objects/e0/a79055d11d5d729fa1e6823379f42667b654f9	1513	F8B3714F0808282BD21DB92E071DE1909F22B1E96AD1FBBAA18D3F5D2965238F	Git internal metadata	vcs_metadata
.git/objects/e0/cedb026572b8f9e481fdf6a6c0c202a1b40f78	3555	04D9E3CDD78B89973D97BD5D5D1D3D82269A0413463C78A97EBC4DF4954CB83A	Git internal metadata	vcs_metadata
.git/objects/e1/146e2331373518f443db9ae815a6ca8d7ee9d4	248	AA6BBAE4D3548A17FE28D424E3B72CD932DF9305287B689C5B73E050F1027CDB	Git internal metadata	vcs_metadata
.git/objects/e1/7d168e63f3d1ceacee79749b64d2a50a1aaa24	28129	F63E06D97E8B44536B5201A640D468155FB6BA00B2B4E0E4C846441524A3E5CB	Git internal metadata	vcs_metadata
.git/objects/e1/a96c0df9befefe31e1773017012e07091c49ad	3796	0F1E07CDE7B86C7A6A688A55AE564536017CF35F5FEB0ED1F6D1135518CECD15	Git internal metadata	vcs_metadata
.git/objects/e1/acc8d772c060c00b3e01242fb41d42abbe626a	654	3C278B0E236F779CDBB98F55B15BB2EBC713088B02689F0B513A07436616681E	Git internal metadata	vcs_metadata
.git/objects/e1/d0f36f6f09f0d176369a47be0fdd1cd59e8fca	253025	51FBC9F096AA6A2CE93D7851B47A61335E3DFBE900F07CD7717312C43B1BE476	Git internal metadata	vcs_metadata
.git/objects/e2/e5d7720432c7c50f4c4571bf3c1ab70c3464ea	143251641	1CA38935B52FC8E909FBBF878D976049434DBFA49D943A82343F830B6A79B64E	Git internal metadata	vcs_metadata
.git/objects/e5/34c216ac614fe2f1a7eb31afd202bcaa6d9a9a	33207	97C3CE70FBBED986CA44E7A7DFB377CA035333ED130D4885C667E615D6CC62F9	Git internal metadata	vcs_metadata
.git/objects/e5/f0e3993cb2906f167383e16491e95edc1eaca8	817	EAE2BD423C9E2A379A980ED6DDA7C8C0A46E81BE2641A3E5B287B061715B47E8	Git internal metadata	vcs_metadata
.git/objects/e6/5be6ee3f12ac49d0d2d94e906ae99a71df71c0	611	AE2D93C789C78E0151FD0251C4353811A120A5B2B49CAFF68D5C6F835988F331	Git internal metadata	vcs_metadata
.git/objects/e6/67443541a88b021a30c9a4c6b34787fdc3c515	3791	E8E73EEB5018A21412B6AB87C110F8A1B1BE9E037201FC3211D12F8DE5C25F90	Git internal metadata	vcs_metadata
.git/objects/e6/9d17fde94c1a8790513521352a83c44ead7bbd	5894	55D77625690F37EED12DE034B3181CF503A035100D353F6872B80EB540BEB1A6	Git internal metadata	vcs_metadata
.git/objects/e8/59ba2ce303147e3477b8224a2cd7dc229e24bf	20650	71446DA112A6F1AFD47557ECC683896193091F21ABBCEB8D1F6B29BD2C1BD97A	Git internal metadata	vcs_metadata
.git/objects/e9/22ea7c84d2033c4ffcc1d9488d013a13f036b4	2432	E83111493D9C84FC094734967B3FA39F5B0ADE8A39859073498CF6346EF78EB2	Git internal metadata	vcs_metadata
.git/objects/e9/83d912f183c670a56f06b6994879498e6da2bb	787	F463B4C52E67603FE629E9F3C9243BA17925C508886510821A2A071D28196063	Git internal metadata	vcs_metadata
.git/objects/e9/926e23a90d5e10e5507d94508335817cb04fac	353	808BFF909FFA087083689F03169A1D629F89DFC8134D38832137D3BEBD684163	Git internal metadata	vcs_metadata
.git/objects/e9/a2f2476dc0e1355a67cf58a8845dff3674d52b	17461	C88AFF180483EFB8983BBEC6BDC957CB7891CB5E34BCDDC0AD87BC3534963352	Git internal metadata	vcs_metadata
.git/objects/ea/58de28c0a475e452907ea831b255df8b0b481b	3356	649AF003559FA167864CB1B13361650F9E60DB0C1290971445BF7626B668FFAD	Git internal metadata	vcs_metadata
.git/objects/ea/8c0613f7d6ade963288b99491b8c8488a6db47	3335	A1E7AD02CCCC3418F26A7D45CF6855438408AEDABEC4C062FE3A98FC4AC5371C	Git internal metadata	vcs_metadata
.git/objects/ea/b70141bec0538c9e2440e27a5c3ea243cb3d5b	4812	72C587893AB6A2E4EFEC1386FFE52FDBD6599D3A5877269DE48C41B80B20BDE5	Git internal metadata	vcs_metadata
.git/objects/eb/30b25cf28ba2774bccee81bf5d7fb11d12944f	35065	2F4E963B9FD7D578905ED0E2E132158589166DF92789E437656EEB78511122EC	Git internal metadata	vcs_metadata
.git/objects/ec/3ba7041485934988118f99056e9a5a7dc182aa	1534	F9B4DC5D50CB15B2D788F6A38A83D760CD3A10B3305D65A7958C5D3AC0DFD15D	Git internal metadata	vcs_metadata
.git/objects/ec/91e2a8d7a274432f13f3c175f4ceb420a54c0d	789226	D9D5E9C6E08E91FB71E94A5259FDFE3861DF650CAFD7817248F67C7AD6CEF2DD	Git internal metadata	vcs_metadata
.git/objects/ec/b43401f5145eea54fef670c5123cc01c1f4c02	927	8B33D40B51E7DDB20FCEB7C0A4BF1F23CF7A9C079E8FCEEC9C805FA90E9BE793	Git internal metadata	vcs_metadata
.git/objects/ed/4a36a8b9f73096b8424abc4b1f2316e876f9c0	803173	0493A13D8C3844FC80FFD0AD7C8CE4F7D4CEAAF038F4AEC6947D2E61BDCD602E	Git internal metadata	vcs_metadata
.git/objects/ed/61ee530537b21dc3b5ed941fe8799b6d2d2319	1997	D563A866B8AFE129B67A09C39A39582B2CF7086401C240F7608BA7A5F4C935D2	Git internal metadata	vcs_metadata
.git/objects/ed/d088281252efb51368f3a2adcf8409a0ca1e8c	368	56394BDCA5B71547238442721286E398A9F0E6180A1034B16AB142A1331998CA	Git internal metadata	vcs_metadata
.git/objects/ee/4e43342befe9e17567dcea380bf3edaa33b411	2736	93F690D012DC2451C406B38EF8CC645BCA27033C6EB04BFDA46A1F6B59BF28B4	Git internal metadata	vcs_metadata
.git/objects/ee/6a8f162cb4bd5c5adeeec1067fa0f287b5abfe	5045	20350A2CD5872AFB69AF014A4E8AE23242BB7B4C6D4A27741EBDD13EB55A3C2B	Git internal metadata	vcs_metadata
.git/objects/ef/4e4c8db9a2251ec8b2daa547030d063234047b	118371	FFA5FC5BA5D84BFD66881EF8E868628101EE9247A221431AA5C6B769600FFEDF	Git internal metadata	vcs_metadata
.git/objects/ef/6c811cdac5c4886e17251b83f483bd9a603dda	6561	D8C996C6DFE35D3919CFE83E7A64BBE4065CDC3D9BD1BADA4CB053B692C42AFA	Git internal metadata	vcs_metadata
.git/objects/f0/55cc7f86eba5b8daf9b85165fc030c2cadde8a	2910	9DE0CEDE40E5FB6BA43893A60B9BDE9BA50A40A80B22E473EFE65F92490067FD	Git internal metadata	vcs_metadata
.git/objects/f0/60a45ad4f378ee07c16bcc20eb2fa7de49e4cc	300	C5AF186462839276248A9A1400680C92128220070E01700712FCF82987D269C0	Git internal metadata	vcs_metadata
.git/objects/f1/72894d0abbbfcc7c4d2abc5fccc91a4cbf5341	247475	DD6B15E00722978AF846F49107A3953504558B05E734442411175C5B25D6B155	Git internal metadata	vcs_metadata
.git/objects/f1/ed938999203b63e3c009e5f29809c5c7ae13a1	601	6E156CD571E04A453849BB9BEA4D15EE9190A71E30DDE051CCC6E964BCE81EFA	Git internal metadata	vcs_metadata
.git/objects/f2/b3296284adb44dd5459ad254bb794fcdee48dd	818917	67BB1C3261F4444D6AFA4C8B9D807996CBB75ECB2304307CB7D7BE28220FC35B	Git internal metadata	vcs_metadata
.git/objects/f3/5040c55988552adadbf2722ced14bb03e19ac3	3656	A1F03888D349FB0533D34D920FA5EE47DC6875FCF9AFB89510E248FB8447ED1E	Git internal metadata	vcs_metadata
.git/objects/f3/5e46e7e2c262b728bead8338190bf442c10512	19817	319A83ACB08E6F2B4E278B1D670E4C09151ED042E95E4AB9AC7E237D22568CE5	Git internal metadata	vcs_metadata
.git/objects/f3/d3a6427ac2aaeac845e5a033b9531da30d0815	35064	6235F165156FE0F856E2A38F7D74F32AE0EB5C23D67A9E32168E6B6ECF938C7B	Git internal metadata	vcs_metadata
.git/objects/f3/f411205b242f92efe25cef50115a285aaa76bb	3899	93073DD5D7D5EFBBA165C6F1C70F72B1F7E588AFF2398953046AA5DB05BA8EBB	Git internal metadata	vcs_metadata
.git/objects/f5/257bf094a09628fb29092176921e6909d71666	6226	5D663F1BFE77D8C2B701E90B6795E831F0657CB3A32829082CD4C62563CE74CF	Git internal metadata	vcs_metadata
.git/objects/f5/4b0afe5a8026d232dbbdfc5e98fff97dd3e24e	287377	0B080DCFDEE63AAFE3716668E50D6955A39DB4E0CC28799E912884C720CC139D	Git internal metadata	vcs_metadata
.git/objects/f5/b171528f47465afa62ad87937e8a503cd92d59	8639	5D70FAE2414C0BA6D1CAF7C2C6ECBF489B0BE038B45319D116AACB4C79668BC2	Git internal metadata	vcs_metadata
.git/objects/f6/0fb76049fdfe261540de18ad782a52ffaeccf5	2051	E55E052AE6E7C6E1492385CB3DC06B3350334E215697C55D5EC806BBFCE85227	Git internal metadata	vcs_metadata
.git/objects/f6/81e238e232bf6d57a715c30d02011298af4d0b	620	0B5DF22064D7C6825EF41E26DABB4E23CE3AEEDF0F22135C8A29E76D61EB4DD5	Git internal metadata	vcs_metadata
.git/objects/f7/1b5c56df1e78dfb5950e886ac16759c90e6ece	3268	5AE7896DC5748268BE07A97599B34CF12C3BA1265396A68F86F93E507CFD85DC	Git internal metadata	vcs_metadata
.git/objects/f7/2235e10fd7a72029169127a77bcbe4c5dfe74b	12113	01D6A3F8EF98BA43DA882F0C03F2256FCC9651FF25DF31B6ACE5B6428DC9BC12	Git internal metadata	vcs_metadata
.git/objects/f7/c2171e2817536de241878d19e1ed7a87ce0dbc	3249	F1F4C6B9637FFE4A3CF10A673F0A405DA9EEC659D22885D51D7B09872F18B107	Git internal metadata	vcs_metadata
.git/objects/f8/bc8d127f46bbc43443f3670116f69dd42e5951	29219	AB16F24748FC98A7FE7182F48B89D2AD88BE65D46867ADBC55EF99BE517176E5	Git internal metadata	vcs_metadata
.git/objects/f9/d64596d543b124b320835d3a442c454b271dd4	4139	75334971F98D18BD9E264A2CFA3AEA2C271B242627BF8F386BF760EC607FB9C4	Git internal metadata	vcs_metadata
.git/objects/f9/f80be94edc20e03cd908718b0aec5ad434d242	5502	3E9FCFBD951EDD3693E2C8F8D0A9DF00DEAD5D2D3F148B9DA245D56546F19EFD	Git internal metadata	vcs_metadata
.git/objects/fa/034c245fb56cb20bbab2d79de7071a621945f6	3235	1FA0C1814A599121921F10BF5D95776ED8AF68C9220284572C1100CEC0CB89D7	Git internal metadata	vcs_metadata
.git/objects/fa/82d1a2f805c2c9ac978d41aa05a2668e6a20a2	1513	41F89AEE066D4EEB9008CE98D780D6733120741E2C9F30D4237A9A1A2BF89507	Git internal metadata	vcs_metadata
.git/objects/fb/e5cc2567274c8b0e59658c5a8fee4dc66da277	342371	63E4AB6D7E0FEC91BC74C5D1C309CB0375A4625A0A6873B22942EFAF4F563D90	Git internal metadata	vcs_metadata
.git/objects/fc/068293f3b44fb2eaf6c54b427b51ca92531113	3821	AF8F9F1B315916ADB745C5275478BB9002092CA5E590B3EBC7A2CB92414A1EE0	Git internal metadata	vcs_metadata
.git/objects/fc/6ab7c72dc80bfac23ba9309c616c12278fe214	207965	CE203CE6C9E6C5F17F33081998C75A17D066E229282741B940263E596B997975	Git internal metadata	vcs_metadata
.git/objects/fd/b7fa91fabce420de594398fb40f28afd61a609	3856	4007344D64FF56840EB4C379B0E5879713BD25E6202FA8AFC148AA8150D0D8F9	Git internal metadata	vcs_metadata
.git/objects/fe/81c68c2517ae15bed4e695b03d144616ff1f2c	42809	71F52AC42B8520BCAF22100CC2CE218DD1A9E5BC2E8C3637CC79E665F26888AC	Git internal metadata	vcs_metadata
.git/objects/fe/89e1639657f59125198067a7ced50ab27ef375	13397	87B1C83FEB41C950BA47F0202B87FD3999B7D5B56A30DDA3EDF1944974677C5C	Git internal metadata	vcs_metadata
.git/objects/fe/e36df94b8a328911cf7980271b43608f5fbbcf	1289	326C014D1B814BE564636FAB8716F69BC7F5A711A3CD1E8ECB87AF6EBB0A0B5C	Git internal metadata	vcs_metadata
.git/objects/ff/1172659c4f1c2a67556aa5061bbc2b82f9f22d	283421	0528CD95DFBAEC512C36734445451AF136550A4AC369F4C34641498C19BBA303	Git internal metadata	vcs_metadata
.git/objects/ff/4a88cd056e9733e82858de9e10d10282afe8ff	3275	6BC22EC3C57EACEDFEF93BCC958E0A4CDE495D81C110734D2E00ADA8801AF96A	Git internal metadata	vcs_metadata
.git/objects/ff/a5d7bbd1e504cfbaa4929b5924a1144d9bfcc9	632	E2C8354C75B0AED3EB57574A80A6E9EDE69821DA1744AF0F2443788313F1DF0E	Git internal metadata	vcs_metadata
.git/objects/ff/e44c52c174d1b4a26852a13194eee34b33579a	4703	59F3B3849FF9787175633AFA07FAFCEC49EAF3879AE7BE077C3AE08CF6774359	Git internal metadata	vcs_metadata
.git/objects/ff/ea61a59ff6e75e1b1a18262bd375620dfdb247	2823	FC069D2117E193A1848CAD0FEA1A1262852FF53DE05CBBF9B8FBFB651C993367	Git internal metadata	vcs_metadata
.git/objects/info/packs	107	F86F079FB3D7983713797DEFAFA56FF85C0A6C0B58EC260CF4FA57DBACB1888D	Git internal metadata	vcs_metadata
.git/objects/pack/multi-pack-index	36216	4E4B37F66A129E2A0DCE6E44519AE552ABBDC922D2A4817625611B800F651E46	Git internal metadata	vcs_metadata
.git/objects/pack/pack-3f934c3fd9a762a1cc8ba57dd02eb6fd1986d87d.idx	36044	2418187DA8D5FB38A34B4954248B3484390CF48C92DB8E2AFDFCBE39806B418E	Git internal metadata	vcs_metadata
.git/objects/pack/pack-3f934c3fd9a762a1cc8ba57dd02eb6fd1986d87d.pack	41171997	37558D0E34E4F2C267A5B9882CA3D82850A3746EB7E256845B749D2C7B961C6A	Git internal metadata	vcs_metadata
.git/objects/pack/pack-3f934c3fd9a762a1cc8ba57dd02eb6fd1986d87d.rev	5048	8DDECA399577DCE589FA81BD4778B223E1E5AE310DA795EBED88CADE88CBBDEA	Git internal metadata	vcs_metadata
.git/objects/pack/pack-90896c7dfdda5eea2f7543867c9f1eca34e7d454.idx	1100	5484C78A6DB22478237E3F729294B55DD1AD59D6D433C73BD8A38667FF6094BA	Git internal metadata	vcs_metadata
.git/objects/pack/pack-90896c7dfdda5eea2f7543867c9f1eca34e7d454.mtimes	56	D1D60445318562E79BA5838A55E0BD33189E371D80ED980E6F76D44457E19AD7	Git internal metadata	vcs_metadata
.git/objects/pack/pack-90896c7dfdda5eea2f7543867c9f1eca34e7d454.pack	136	372110709875C44A3725D6D4D8E4026C38968ED3D06610CC36EA2517C5DEAB69	Git internal metadata	vcs_metadata
.git/objects/pack/pack-90896c7dfdda5eea2f7543867c9f1eca34e7d454.rev	56	089556B0BFF7E54B0AE0BEE0EA680B7ED9FDE01C8702BCFD7117A3D5503CC87F	Git internal metadata	vcs_metadata
.git/refs/codex/turn-diffs/checkpoints/73810ac7d6a6cb00f530bc95e5488186c1485f6e381732bb0aeef7943b21589e/79b1ce522c6c70996b7a6c1e8cfba71b010215de47c285aa99bd9f71b2ddc50c/1788111420362/554f8411-e2dc-431b-828e-8eb0dd433358	41	4FFE6A0A8FA2166A30F2D21F3B839E8A483279A1CFB0F02C9803E36FF19D867A	Git internal metadata	vcs_metadata
.git/refs/codex/turn-diffs/checkpoints/f00ab059ab61e719bb46ce3ddfeab2c37e83772c911c1d80696796b2def64921/d110cf5cb6a12ebb990f5f542a30c1cd95c39a07eb1c2d689333a986e39c26ff/1788158507056/f0d8bf1c-da22-4362-997e-2b93aed23fc6	41	794ECBB084BA4D9B5450558BB29B068115E9B447237C3D917D3CC08596A92DBA	Git internal metadata	vcs_metadata
.git/refs/heads/main	41	65D3DFA22F3BCCDD0C4A0AA1B93FA444D206CF3526429DE07076035CA09F28D6	Git internal metadata	vcs_metadata
.git/refs/remotes/origin/main	41	65D3DFA22F3BCCDD0C4A0AA1B93FA444D206CF3526429DE07076035CA09F28D6	Git internal metadata	vcs_metadata
measure-harness/__pycache__/harvest_ra8m1_expAC.cpython-314.pyc	68923	AF8F9BF2B7214A3D033758442CDB879C9420D56D2F7BA95D8B65B980B1C0705C	rebuildable Python cache	runtime_cache
measure-harness/__pycache__/harvest_ra8m1_expDA.cpython-314.pyc	11247	A487CD0D285F87B0FEEA90DFEAF5AEF5B91BDC8D58DDD70577035C5F7A14ED5D	rebuildable Python cache	runtime_cache
measure-harness/__pycache__/harvest_ra8m1_expDD.cpython-314.pyc	12609	0391AFAE12FA7518576CC3FABB55AEBCC8CA2975D399D6C9B9142A4C851BA211	rebuildable Python cache	runtime_cache
measure-harness/__pycache__/harvest_ra8m1_expDE.cpython-314.pyc	12729	8362A067987D7684AA7A360A277FE779CA805BC96774616572B32AD6CFB3F512	rebuildable Python cache	runtime_cache
measure-harness/__pycache__/harvest_ra8m1_expDJ.cpython-312.pyc	3042	099BBB70B46A7AFEADD41A482218E232BF82CD0E27EE3205C5B05A3B300ABA77	rebuildable Python cache	runtime_cache
measure-harness/__pycache__/stitch_zip.cpython-314.pyc	22037	A22BD8F1F8EF72AA87FF56D2A15904A8F366452194A7544F44CEC1B2AF81BCE8	rebuildable Python cache	runtime_cache
measure-harness/artifacts/2026-08-28_expCS/__pycache__/gen_exp_cs.cpython-314.pyc	8106	E5A6F35A065CBB6F8FE3BBFE686CF33ADE5492CCF49B1B10919A3631316BCC43	rebuildable Python cache	runtime_cache
measure-harness/artifacts/2026-08-31_expDJ/__pycache__/harvest_ra8m1_expDE.cpython-314.pyc	12810	F90370F637D9E1E5BE259B4779D70C480FB6013A0DEDF168D7FD8895275053E4	rebuildable Python cache	runtime_cache
measure-harness/staging/2026-08-31_expDJ/__pycache__/harvest_ra8m1_expDE.cpython-314.pyc	12810	F90370F637D9E1E5BE259B4779D70C480FB6013A0DEDF168D7FD8895275053E4	rebuildable Python cache	runtime_cache
paper/__pycache__/build_data_catalog.cpython-312.pyc	46669	6420C366FCCB6B1CDF5DCE3513C6A7BE9C6343F34CA5CC44BC13348437611DED	rebuildable Python cache	runtime_cache
paper/__pycache__/package_all_data.cpython-312.pyc	10840	8BFCF0CDA9411D228A2B10782A770640ADC98D2EA3DC9A94DDAD9C60579290E6	rebuildable Python cache	runtime_cache
paper/__pycache__/verify_all_files.cpython-312.pyc	14822	7F80B3345318FDFCAE3A1758AC78E633ED15D7799B7CF6EA0A51FA8847FA1B68	rebuildable Python cache	runtime_cache
pqmx-mve-ntts/.git/config	421	E456DBC08DDFBAB92FEDA5F77E030BD63CCFE3711327E74D8405AC19A23590EC	Git internal metadata	vcs_metadata
pqmx-mve-ntts/.git/description	73	85AB6C163D43A17EA9CF7788308BCA1466F1B0A8D1CC92E26E9BF63DA4062AEE	Git internal metadata	vcs_metadata
pqmx-mve-ntts/.git/HEAD	25	C31AB35A461649B7289E9DA73A9C5410BB67A254E95F08A11B3686BD0E1D189D	Git internal metadata	vcs_metadata
pqmx-mve-ntts/.git/hooks/applypatch-msg.sample	478	0223497A0B8B033AA58A3A521B8629869386CF7AB0E2F101963D328AA62193F7	Git internal metadata	vcs_metadata
pqmx-mve-ntts/.git/hooks/commit-msg.sample	1972	EFC1401B0E99D1FF51494D154D98B46C1E99059BCD8BF9F73CECDE19FD3EB23B	Git internal metadata	vcs_metadata
pqmx-mve-ntts/.git/hooks/fsmonitor-watchman.sample	4611	9159720099AD5595B8E66645CBFD47763C1E920F46E0B50AE75E642BBEC57EF0	Git internal metadata	vcs_metadata
pqmx-mve-ntts/.git/hooks/post-update.sample	189	81765AF2DAEF323061DCBC5E61FC16481CB74B3BAC9AD8A174B186523586F6C5	Git internal metadata	vcs_metadata
pqmx-mve-ntts/.git/hooks/pre-applypatch.sample	424	E15C5B469EA3E0A695BEA6F2C82BCF8E62821074939DDD85B77E0007FF165475	Git internal metadata	vcs_metadata
pqmx-mve-ntts/.git/hooks/pre-commit.sample	1649	57185B7B9F05239D7AB52DB045F5B89EB31348D7B2177EAB214F5EB872E1971B	Git internal metadata	vcs_metadata
pqmx-mve-ntts/.git/hooks/pre-merge-commit.sample	416	D3825A70337940EBBD0A5C072984E13245920CDF8898BD225C8D27A6DFC9CB53	Git internal metadata	vcs_metadata
pqmx-mve-ntts/.git/hooks/pre-push.sample	1374	ECCE9C7E04D3F5DD9D8ADA81753DD1D549A9634B26770042B58DDA00217D086A	Git internal metadata	vcs_metadata
pqmx-mve-ntts/.git/hooks/pre-rebase.sample	4898	4FEBCE867790052338076F4E66CC47EFB14879D18097D1D61C8261859EAAA7B3	Git internal metadata	vcs_metadata
pqmx-mve-ntts/.git/hooks/pre-receive.sample	544	A4C3D2B9C7BB3FD8D1441C31BD4EE71A595D66B44FCF49DDB310252320169989	Git internal metadata	vcs_metadata
pqmx-mve-ntts/.git/hooks/prepare-commit-msg.sample	1492	E9DDCAA4189FDDD25ED97FC8C789ECA7B6CA16390B2392AE3276F0C8E1AA4619	Git internal metadata	vcs_metadata
pqmx-mve-ntts/.git/hooks/push-to-checkout.sample	2783	A53D0741798B287C6DD7AFA64AEE473F305E65D3F49463BB9D7408EC3B12BF5F	Git internal metadata	vcs_metadata
pqmx-mve-ntts/.git/hooks/sendemail-validate.sample	2308	44EBFC923DC5466BC009602F0ECF067B9C65459ABFE8868DDC49B78E6CED7A92	Git internal metadata	vcs_metadata
pqmx-mve-ntts/.git/hooks/update.sample	3650	8D5F2FA83E103CF08B57EAA67521DF9194F45CBDBCB37DA52AD586097A14D106	Git internal metadata	vcs_metadata
pqmx-mve-ntts/.git/index	60221	F6CBC1A8049171952792793705F5ABD50D080498CBAB966481A522472643E19E	Git internal metadata	vcs_metadata
pqmx-mve-ntts/.git/info/exclude	240	6671FE83B7A07C8932EE89164D1F2793B2318058EB8B98DC5C06EE0A5A3B0EC1	Git internal metadata	vcs_metadata
pqmx-mve-ntts/.git/logs/HEAD	185	8BE778DC4C901C59C5C7F1BD94B4C560F8DDC12626EECE24649ABE9872F8FA58	Git internal metadata	vcs_metadata
pqmx-mve-ntts/.git/logs/refs/heads/mve-ntts	185	8BE778DC4C901C59C5C7F1BD94B4C560F8DDC12626EECE24649ABE9872F8FA58	Git internal metadata	vcs_metadata
pqmx-mve-ntts/.git/modules/helight/config	335	66B43A1EBD73F2E3D02AFD48749F3C9C1EF736FC96C4AA633621246A6642E508	Git internal metadata	vcs_metadata
pqmx-mve-ntts/.git/modules/helight/description	73	85AB6C163D43A17EA9CF7788308BCA1466F1B0A8D1CC92E26E9BF63DA4062AEE	Git internal metadata	vcs_metadata
pqmx-mve-ntts/.git/modules/helight/FETCH_HEAD	131	23A054F017FD39B204CCC25DA5999AFCEF546296D94AFE2447EDEF47AC85B095	Git internal metadata	vcs_metadata
pqmx-mve-ntts/.git/modules/helight/HEAD	41	59976023B5ABC3EB3575B490AEEBBF87798E750C309545715A0F3E3A6AD9748F	Git internal metadata	vcs_metadata
pqmx-mve-ntts/.git/modules/helight/hooks/applypatch-msg.sample	478	0223497A0B8B033AA58A3A521B8629869386CF7AB0E2F101963D328AA62193F7	Git internal metadata	vcs_metadata
pqmx-mve-ntts/.git/modules/helight/hooks/commit-msg.sample	1972	EFC1401B0E99D1FF51494D154D98B46C1E99059BCD8BF9F73CECDE19FD3EB23B	Git internal metadata	vcs_metadata
pqmx-mve-ntts/.git/modules/helight/hooks/fsmonitor-watchman.sample	4611	9159720099AD5595B8E66645CBFD47763C1E920F46E0B50AE75E642BBEC57EF0	Git internal metadata	vcs_metadata
pqmx-mve-ntts/.git/modules/helight/hooks/post-update.sample	189	81765AF2DAEF323061DCBC5E61FC16481CB74B3BAC9AD8A174B186523586F6C5	Git internal metadata	vcs_metadata
pqmx-mve-ntts/.git/modules/helight/hooks/pre-applypatch.sample	424	E15C5B469EA3E0A695BEA6F2C82BCF8E62821074939DDD85B77E0007FF165475	Git internal metadata	vcs_metadata
pqmx-mve-ntts/.git/modules/helight/hooks/pre-commit.sample	1649	57185B7B9F05239D7AB52DB045F5B89EB31348D7B2177EAB214F5EB872E1971B	Git internal metadata	vcs_metadata
pqmx-mve-ntts/.git/modules/helight/hooks/pre-merge-commit.sample	416	D3825A70337940EBBD0A5C072984E13245920CDF8898BD225C8D27A6DFC9CB53	Git internal metadata	vcs_metadata
pqmx-mve-ntts/.git/modules/helight/hooks/pre-push.sample	1374	ECCE9C7E04D3F5DD9D8ADA81753DD1D549A9634B26770042B58DDA00217D086A	Git internal metadata	vcs_metadata
pqmx-mve-ntts/.git/modules/helight/hooks/pre-rebase.sample	4898	4FEBCE867790052338076F4E66CC47EFB14879D18097D1D61C8261859EAAA7B3	Git internal metadata	vcs_metadata
pqmx-mve-ntts/.git/modules/helight/hooks/pre-receive.sample	544	A4C3D2B9C7BB3FD8D1441C31BD4EE71A595D66B44FCF49DDB310252320169989	Git internal metadata	vcs_metadata
pqmx-mve-ntts/.git/modules/helight/hooks/prepare-commit-msg.sample	1492	E9DDCAA4189FDDD25ED97FC8C789ECA7B6CA16390B2392AE3276F0C8E1AA4619	Git internal metadata	vcs_metadata
pqmx-mve-ntts/.git/modules/helight/hooks/push-to-checkout.sample	2783	A53D0741798B287C6DD7AFA64AEE473F305E65D3F49463BB9D7408EC3B12BF5F	Git internal metadata	vcs_metadata
pqmx-mve-ntts/.git/modules/helight/hooks/sendemail-validate.sample	2308	44EBFC923DC5466BC009602F0ECF067B9C65459ABFE8868DDC49B78E6CED7A92	Git internal metadata	vcs_metadata
pqmx-mve-ntts/.git/modules/helight/hooks/update.sample	3650	8D5F2FA83E103CF08B57EAA67521DF9194F45CBDBCB37DA52AD586097A14D106	Git internal metadata	vcs_metadata
pqmx-mve-ntts/.git/modules/helight/index	65903	E35621908B655500C478FE5D8DB3F1B36269B74EE3B0F3B2C31BEBE98738E99A	Git internal metadata	vcs_metadata
pqmx-mve-ntts/.git/modules/helight/info/exclude	240	6671FE83B7A07C8932EE89164D1F2793B2318058EB8B98DC5C06EE0A5A3B0EC1	Git internal metadata	vcs_metadata
pqmx-mve-ntts/.git/modules/helight/logs/HEAD	382	AF0C959EFE263ED22D80E41577DBF2D98A298E0C77B9CF7870E9B056EDCCDDCC	Git internal metadata	vcs_metadata
pqmx-mve-ntts/.git/modules/helight/logs/refs/heads/main	183	1BF19C4EFC13892FC6270ED5234CEE16759DF5730485A33F5FDAB567A19862FF	Git internal metadata	vcs_metadata
pqmx-mve-ntts/.git/modules/helight/logs/refs/remotes/origin/HEAD	183	1BF19C4EFC13892FC6270ED5234CEE16759DF5730485A33F5FDAB567A19862FF	Git internal metadata	vcs_metadata
pqmx-mve-ntts/.git/modules/helight/objects/00/d823ee4ff1b97f8c8a5f80ad07fe0e43f90c91	237	B83EF40397E9CD56505C08919F7C50A59B1961CB18C58848A16971A9C00E2637	Git internal metadata	vcs_metadata
pqmx-mve-ntts/.git/modules/helight/objects/13/fcbcbc7e1c77da2005d3446dee773142ab8659	236	6B66CD78BB5EA7F28620D0F266B78078EDA1723AB2144AC597F5CD41A8CB5272	Git internal metadata	vcs_metadata
pqmx-mve-ntts/.git/modules/helight/objects/15/ef867acee6ec88768dd72f47b5eee589af668e	636	25A0D594D58332603B582DCB0FA8F7200C8B3A946D4C80AF82FDE1990574E5BC	Git internal metadata	vcs_metadata
pqmx-mve-ntts/.git/modules/helight/objects/16/5fcd3f5ba4a1d535187d500a8f22a25c338513	144	592ACE5771F7FC2F3BCFBDF0E289EEDD4840BA62FF5C3FBD7DE2730ECC8E63B4	Git internal metadata	vcs_metadata
pqmx-mve-ntts/.git/modules/helight/objects/16/c1c0f9530638d988d2bf125db03e39639661de	235	4C4C2B06D852F2B081A0D7A9453149D427C8EC0C10F3FCAA1809897E66BEB0A8	Git internal metadata	vcs_metadata
pqmx-mve-ntts/.git/modules/helight/objects/18/0183ac15a1506b82da353dc3cf9b4e95c7c26a	217	5E9872BFB4EEC8D5399337D65354BA413E69EB1C4FD36B0CD8F26DFA648ECE4E	Git internal metadata	vcs_metadata
pqmx-mve-ntts/.git/modules/helight/objects/23/7bac18a3ba0c246f6b01e7189c0fede1ed3a8a	10743	41EF961600E2B9616350F3E3840A22EE161F9107C49EC8B3E28A55B1F93FDA87	Git internal metadata	vcs_metadata
pqmx-mve-ntts/.git/modules/helight/objects/24/b04f3c1e96e8cd87c2c561eab1b3c25bdcc990	235	C677E8ED49C661771719418DF60952B5EFB0AD8BE1E8BE4C2A0CDD6F4D8DFB0A	Git internal metadata	vcs_metadata
pqmx-mve-ntts/.git/modules/helight/objects/31/439fdee636c8751f01e8f377cf1d9d0188580c	10544	E5F9F69119043E76E1AC539D44CA5C91F1BF17B316FE1070D8005A8C9AAF7431	Git internal metadata	vcs_metadata
pqmx-mve-ntts/.git/modules/helight/objects/31/68e077339f546c995338385a5041ccdc0e6e0e	9150	65A8677B6661B58E352419A78EE4BA5D6C40DF00E773F0C4E3EBAC4DA622B0B8	Git internal metadata	vcs_metadata
pqmx-mve-ntts/.git/modules/helight/objects/31/e57a6c5ff675b8c1bf5851c88f2785fcec3a57	106	0386446C7C6307699BE87F13DF70AB8A9D5B243B85B1802A83F779AEF48A6907	Git internal metadata	vcs_metadata
pqmx-mve-ntts/.git/modules/helight/objects/32/120ed390c0ff971ec31ca0ac4a52f33c5980a0	236	449554167D224374AEC6D1603B77810235894B9F37E9DFFA9598D1308A9593B7	Git internal metadata	vcs_metadata
pqmx-mve-ntts/.git/modules/helight/objects/32/2204e540dfb472a90d179a60dc882f5f01993e	2106	FFA08A48B7CB92702C61C99311EE225B7198CF238C02DB5AE726F72DDAD9FE3D	Git internal metadata	vcs_metadata
pqmx-mve-ntts/.git/modules/helight/objects/36/c634d888610621eaca70fca21dc309338409ff	2587	F508037F1575BC7466F9513B635B073E8DE2F55E6D003B5E1976F6B2C2BCB32F	Git internal metadata	vcs_metadata
pqmx-mve-ntts/.git/modules/helight/objects/40/35ab73e66d11b9057fee5f2da2518e41083193	147	2AA586BCFC1497765310662CE03666175C74A574C9102BB742DD32335C85DE38	Git internal metadata	vcs_metadata
pqmx-mve-ntts/.git/modules/helight/objects/46/ec59e8fc30df9b55d4d723060314a2c59e9ad3	503	7C122E67F8158A87C8AA9A4C45A6C5E4962BE1632389E98B2907FB344AFC0EA3	Git internal metadata	vcs_metadata
pqmx-mve-ntts/.git/modules/helight/objects/48/1e5f6865e7d60eeab4f94d06866039bc31890e	201	E31366BB49E156DC1B9722CC854430915631FBCABB70DD784B13DD02A97744FD	Git internal metadata	vcs_metadata
pqmx-mve-ntts/.git/modules/helight/objects/4b/9c4acab5596ffa7697017551ad1761c20e5c14	434	3103C15CE28D5691E2259D4441E057EB2AB46222953083DEB0B7DBC32537F8A7	Git internal metadata	vcs_metadata
pqmx-mve-ntts/.git/modules/helight/objects/4b/e14f32e8c1df1759f74b99e0816c1f1c5188ca	636	4E09D97F3BD6D02FD357D0D51C21E3B34D26BEFD9181DEFB1FCE7861B9CEF02A	Git internal metadata	vcs_metadata
pqmx-mve-ntts/.git/modules/helight/objects/4f/9e76550ba0ca677eddfc545d1f7e506652c824	403	067C3A9226FA7C0A2ABF52BC91DCEC2B5DA3CC75B4D7FFDA66DBE11E133C528D	Git internal metadata	vcs_metadata
pqmx-mve-ntts/.git/modules/helight/objects/50/6e072c1077100835c607b4b7ad7edd71d07e2b	2481	072E08791A78E46EDB97614C4B8CAD2F6B8C736CC940AB8E93C31E92EA18BB99	Git internal metadata	vcs_metadata
pqmx-mve-ntts/.git/modules/helight/objects/5b/2507f36b1ea602961b35f4e2c74a1a11f3facc	402	ABFBDA2238B8BD64BB2374D9F8DB8336295D81056FFDFF078F36F0AC50CDCEDE	Git internal metadata	vcs_metadata
pqmx-mve-ntts/.git/modules/helight/objects/60/72b227536ecb4e601bc880f30d8eed5f05afef	146	04EBE9DA4DB8BEFDEB93187981CF0A396D46F208C89D11CE4BAAA15BA0C24888	Git internal metadata	vcs_metadata
pqmx-mve-ntts/.git/modules/helight/objects/60/eec39ee163740751d3658a8791b6ed0ab6adde	146	6A5CBA81A05960C403B77E518698F65B29E433CBDA6254D3391148218B4E1AAC	Git internal metadata	vcs_metadata
pqmx-mve-ntts/.git/modules/helight/objects/60/f3743ee84bb0b2095c6877e83456fd73bab367	235	52679BAB71D43AB7E0412482159DE28DF9611193D3BFC5B83E766D6E57A57EC1	Git internal metadata	vcs_metadata
pqmx-mve-ntts/.git/modules/helight/objects/64/ca19f89c644ce578f491463ede9d6789368756	143	2BD0575F646555D321C33A22810E77B1F8DDD20B483F9B26AD60D1C98DCDEBA1	Git internal metadata	vcs_metadata
pqmx-mve-ntts/.git/modules/helight/objects/65/40e928d9279926b21a1cb45aec234dbaf113a2	235	B241DAF1EACFFDE2E877CBFFD9D447D9C7DB538A679470DFD16D3623E52A000C	Git internal metadata	vcs_metadata
pqmx-mve-ntts/.git/modules/helight/objects/66/666cdac01b1f9fed10cc677ab19777c90854a9	2582	A1BCF614BB7E4A349B038FF18DFFDF81A780EE6E0E08D1F9269B24DB57275822	Git internal metadata	vcs_metadata
pqmx-mve-ntts/.git/modules/helight/objects/68/8eac3931e72731f68f897cfade96a399fea5f0	355	FD99CCFB10919111F98EB09FB135C066122CCBC26885295822B25890C13AE9A1	Git internal metadata	vcs_metadata
pqmx-mve-ntts/.git/modules/helight/objects/6b/572f5efd5a0664c7829bcc0d43dcc69142f277	2486	FF6E9134D212A0BBA804403BD2F6FFC11D38BF952F1BCE9B301F2C77E16B5367	Git internal metadata	vcs_metadata
pqmx-mve-ntts/.git/modules/helight/objects/6b/dacc608a927dc1a159b2440b570edee25b8a62	143	55AFD342D53E56696D4ACCBFA0CC8C5944563A012601E723B9E2F9E7CB77CAB4	Git internal metadata	vcs_metadata
pqmx-mve-ntts/.git/modules/helight/objects/6c/42e5536e6574e39c5caa57c27d395dc24cc236	143	776F8B605776CC8CD83CB939C9124D73C0B8CFAD51727D4CE05C1139C4E4EAB1	Git internal metadata	vcs_metadata
pqmx-mve-ntts/.git/modules/helight/objects/6e/43df9221225de7a4caea619d83ff5c4c7fbef4	236	387DC2DC21668BA1F545B94F2284D69ED4CA5CC0889F27358D90ED42BF851CEC	Git internal metadata	vcs_metadata
pqmx-mve-ntts/.git/modules/helight/objects/79/cd05dfe917ac91d916db09cec2b8bd3a7df223	430	123F727D60AED82C4D1B9220E37C2997E137A97DA06E33BA5C2FBA16DA295D69	Git internal metadata	vcs_metadata
pqmx-mve-ntts/.git/modules/helight/objects/81/90501c86738b4ccdcee65663a0e55052613855	205	B42C150FF80D340DF1CA1A259A561CE01CD432F9D6CB136F5B91EB428B039173	Git internal metadata	vcs_metadata
pqmx-mve-ntts/.git/modules/helight/objects/85/1c7261f75d00b137eb56e025e28abb61be057d	106	B7EC7F0ADF97221380A97E47D20BED05BC4BFEE8DE301F56CA71D7B9266E4CD3	Git internal metadata	vcs_metadata
pqmx-mve-ntts/.git/modules/helight/objects/86/152a3e1fca596a9e1f73253388a8036bfe2675	10621	2BB25B007C198F3FF64A77E35F65710B6EB00917545B8CB72F8DAF761A2907BF	Git internal metadata	vcs_metadata
pqmx-mve-ntts/.git/modules/helight/objects/86/600ac7f5ce8f3f39e433fd31d9fea8bad9da46	636	1BA952B06AAAC732FF10A6BD4CD8C5B759EDA36C3AC8153B3D26C2CA16F43192	Git internal metadata	vcs_metadata
pqmx-mve-ntts/.git/modules/helight/objects/88/1bb81b34ad42dbd5cc149bfdc397a2442c2162	10143	A5660D60006F5475DEEDC3C9221D31055BF89FB7DDCFE307B6472E40FB550E6A	Git internal metadata	vcs_metadata
pqmx-mve-ntts/.git/modules/helight/objects/89/21209e1dd448ee4de385d0baee5a98fa33dc51	143	4EE09FDC817714C6880BD913CCC062D6498986EB12EA1DCCB965BCA03F363908	Git internal metadata	vcs_metadata
pqmx-mve-ntts/.git/modules/helight/objects/89/47d823f59f6642b562c54755755a9abbe083fc	144	47F064C2648DA04D435187BC7DF2A1C43D0437FB4470AE729784EA6902A8D4FE	Git internal metadata	vcs_metadata
pqmx-mve-ntts/.git/modules/helight/objects/8a/10276b48dc773060ad77dd4748dea2bd4f00b0	106	A21FEAE3254D777C33ACECC80195B6294EA4AF049E43DFAC4BDAF5FEF7B3CE82	Git internal metadata	vcs_metadata
pqmx-mve-ntts/.git/modules/helight/objects/8a/ab290892f81c7216dcb82189570718f2f577af	236	7B923C5F12641B870FCE5EE18761828845F905EA13E570AB6945BD7044312CA4	Git internal metadata	vcs_metadata
pqmx-mve-ntts/.git/modules/helight/objects/8c/8f1d3b1198b35aa0e13bc095b9aae473daa0f5	10149	83DF2475EB676C2154EBD593F17FA41609CA657B9658B8A8EFF878167AD49F7C	Git internal metadata	vcs_metadata
pqmx-mve-ntts/.git/modules/helight/objects/8f/8425e40052e3b40bfcac702733557a0ff38887	146	4F15AD9337932B0A387FB7190AA8B463DE5B751DE5EF7507A39254BE70AFEF8C	Git internal metadata	vcs_metadata
pqmx-mve-ntts/.git/modules/helight/objects/93/d20ea34aad4e7ac09668b5ee85dbe7ff64007b	147	316239DC69B8F221746A7AC0ADEB62556499C815B0EB731E887932EDD28D85C1	Git internal metadata	vcs_metadata
pqmx-mve-ntts/.git/modules/helight/objects/9a/124f259bfdb35e2d769878deebd6dc8f20d16f	379	BCA4F5F3D478B940CD8ED0FBE1927FFD8028AC1D1E5F8DC6951A15AB96D57906	Git internal metadata	vcs_metadata
pqmx-mve-ntts/.git/modules/helight/objects/9d/86ccb277e6369a303b3c8053ad5f6944f8a130	195	A885874DAAB8637E8973575E18B75E982F8798B4F872D0F7D559DE95E53F875D	Git internal metadata	vcs_metadata
pqmx-mve-ntts/.git/modules/helight/objects/a1/07a837fe8677792fb4790b45429125ffabf8d6	146	A52535C0A27F9DABB3404C0F416FAE4F251F02F60376452A7AD51EE3EC0F8453	Git internal metadata	vcs_metadata
pqmx-mve-ntts/.git/modules/helight/objects/a3/10aeef0ad2f743866a40d4e861b06a76d35055	2384	54B75E47A47FB16F4D636B8837F24B6773612FB5C29CA082B885071A2C330BC2	Git internal metadata	vcs_metadata
pqmx-mve-ntts/.git/modules/helight/objects/a9/ad22ebb55248ae88510eb9b974f8665415ce87	10325	B86E8BF87BFD906BF3D523DC1E10916B3F8F3E4A88B7F578449EED4A0D62A443	Git internal metadata	vcs_metadata
pqmx-mve-ntts/.git/modules/helight/objects/aa/8c332f8500a3ac62f460f8f9ed8e361c4ad894	503	1149F3A200844E5E0842B2FE5EE496709638ED142BB3FCD52CF91E2807F1FA33	Git internal metadata	vcs_metadata
pqmx-mve-ntts/.git/modules/helight/objects/ac/80e394482e800fc928b53e432dd484eb6688a3	376	AED34D3B590FC4F785365572545E13F6590E8A2122560A3D8C44B844C43691A6	Git internal metadata	vcs_metadata
pqmx-mve-ntts/.git/modules/helight/objects/ad/c9efbee87b59a36f4ad7f857e818f1527559b2	3897	F02625745DE6EB2AB328EDF1385E3ACAA355ED9A29BDF8D709A7EA89E0D4EF61	Git internal metadata	vcs_metadata
pqmx-mve-ntts/.git/modules/helight/objects/af/f172d76dc0b9dcaeed6eb1e1b0f0a1a8193f99	235	B9299149637116D0E1B8B5565529991E92ED235BB2D6C5049954303A4DA0565A	Git internal metadata	vcs_metadata
pqmx-mve-ntts/.git/modules/helight/objects/b6/96e569d0c41344a282b4d884106b6b4af5a23c	636	ABD43A8D5F417D285CE2C0B21FBCF53BBE3F0686C36BBA485081296D0EA388BB	Git internal metadata	vcs_metadata
pqmx-mve-ntts/.git/modules/helight/objects/bb/5e44141bb832f3b869236ab510ed8fe0770c15	144	7DEDC471B617BB1703C4CF62CD7BB7449DA19CDB687D30C8BEB328D573ABBB83	Git internal metadata	vcs_metadata
pqmx-mve-ntts/.git/modules/helight/objects/c2/b3b2a651cdfa9f9e9573587b7f36ac4d5e6463	636	51B8DC16633A06CFCBC0623147B39C7A2F9D3846A48986F63BFF0BAE112CF9C5	Git internal metadata	vcs_metadata
pqmx-mve-ntts/.git/modules/helight/objects/ce/74f5929d73a0a757654471df854a365d3a1864	235	0226DD8399E7A34D83942C8268D1DD45B1BD9229CB67108717C4025D52802DD5	Git internal metadata	vcs_metadata
pqmx-mve-ntts/.git/modules/helight/objects/cf/bd8a2426d328ad4e68a587369ce376f32ba292	237	49CF543F094A59BC2CE46DE2855013F1B8E5CEE209257F1C44859F4FDDCB4E65	Git internal metadata	vcs_metadata
pqmx-mve-ntts/.git/modules/helight/objects/d5/39d18ad9f4884424796a36649e02998824509b	355	43DFB9E66679FFF526CD7898DE6E11F91FA75629E3911E5C59F7B596E431386B	Git internal metadata	vcs_metadata
pqmx-mve-ntts/.git/modules/helight/objects/d5/501c01d069aa432de5f602cdbdfe11580c26c3	355	3BEEF184A986C3CB059E9B657BA2AB3DEFC96022FB5A1A78B4A50FA6ADB6FF59	Git internal metadata	vcs_metadata
pqmx-mve-ntts/.git/modules/helight/objects/dd/6b258d924413dbe3314ac0847864dfaf0890fd	105	FE379BB5322220DA07D818F9C4C20701E69159C0B19BF86B6B1CB922AA107055	Git internal metadata	vcs_metadata
pqmx-mve-ntts/.git/modules/helight/objects/dd/957fe2987e298d44e328d7c751c429f7fa4827	9219	D17B8838F5442931A20AC528301B2A6747EB9FE28BC25713CB09A57B2F5C34EE	Git internal metadata	vcs_metadata
pqmx-mve-ntts/.git/modules/helight/objects/df/741a14c234c727b8f069073b2eae5399a59b47	192	D79278CEC7141B07D435222E322DEEA80B0D1F29454FEB54059150C5A006EBF3	Git internal metadata	vcs_metadata
pqmx-mve-ntts/.git/modules/helight/objects/e3/38d954b94a0180fcaa7995dc699c1240edda34	106	7F8CF1134139209060D0C18AC1CAE0CCFA59778F0E32A78509DD7A7F7CF68A54	Git internal metadata	vcs_metadata
pqmx-mve-ntts/.git/modules/helight/objects/e4/15c715d569803286f2bd93a38f8cebd1be8d7c	2404	45805E49AAD974EFBC8323A747CE75D19583448857CA9823A776FACD7A266D4E	Git internal metadata	vcs_metadata
pqmx-mve-ntts/.git/modules/helight/objects/e8/5f628901043261c442534db2b33a9b1d0752a0	2412	2DAD8D85FEE41AB959392011D7D637F1C2B6FB200912C6BDD7C3B4D6CDC64919	Git internal metadata	vcs_metadata
pqmx-mve-ntts/.git/modules/helight/objects/ed/3b034b3a3fbf06530784dd01a7622d4f6cf0fb	199	3DD1B472317904F67FE2A12176DD7F5C5D7AC5B656F1D352760BEC84F65411BB	Git internal metadata	vcs_metadata
pqmx-mve-ntts/.git/modules/helight/objects/f1/1002e3d30051d6369412ea06c01a27581f5ddc	403	724847DA8716E1DE2032F77CB2D85278CE03CE067B7FCF34E5DD82CB7A4E93AE	Git internal metadata	vcs_metadata
pqmx-mve-ntts/.git/modules/helight/objects/f5/0af8a39570f51691de1dcb8d7e8b9f10dd93f8	636	445E936818C6E6F6605527146C31B563506047A0FBC780E12B15751340202D9F	Git internal metadata	vcs_metadata
pqmx-mve-ntts/.git/modules/helight/objects/f6/d001bbecf0fd85f50a158536f33f6861a6adae	635	46A428BC501B2CA479A14EC6B45BFAB8DB5875F5F5C92C11B156DAE2607E96CB	Git internal metadata	vcs_metadata
pqmx-mve-ntts/.git/modules/helight/objects/f8/15d652294b5c146ff3595c0dee7f9409b1471d	211	B0BAE73AF1C951DA5F9A5D05A2CFC94E72B63809F4401474D927E77165800847	Git internal metadata	vcs_metadata
pqmx-mve-ntts/.git/modules/helight/objects/ff/d8b946145678f774c2f27b2b3b1506806c533e	146	8C910FB211B28A447AE1E779242AE1C317D84CAF59317227DFFFEF34175C4E64	Git internal metadata	vcs_metadata
pqmx-mve-ntts/.git/modules/helight/objects/info/commit-graphs/commit-graph-chain	41	F81C52B18A9235830F1FD8DC6F00759AF3078E09ECF0FED209C82243E0188C47	Git internal metadata	vcs_metadata
pqmx-mve-ntts/.git/modules/helight/objects/info/commit-graphs/graph-3ce405b05355db937e47f618113f5f59a6d13e80.graph	74252	025F594028C740024A5911F9608E7A18700CE4775CA450513573FF66A2F0900E	Git internal metadata	vcs_metadata
pqmx-mve-ntts/.git/modules/helight/objects/pack/pack-7a64b1d121cebda5138f81e295a72991aec074ce.idx	230420	3F50A39A1018573F476BD7502E5C9C683BBAE1245F88B1B81953A82B913226EA	Git internal metadata	vcs_metadata
pqmx-mve-ntts/.git/modules/helight/objects/pack/pack-7a64b1d121cebda5138f81e295a72991aec074ce.pack	12187714	0EE186568B1EF375DEC0185CF752FA74037AC7B39564D692A1AEC1B55F9FD624	Git internal metadata	vcs_metadata
pqmx-mve-ntts/.git/modules/helight/objects/pack/pack-7a64b1d121cebda5138f81e295a72991aec074ce.rev	32816	30F2403D0F590217861A7502F238037026E647AA7053C25780A157F300ADC96F	Git internal metadata	vcs_metadata
pqmx-mve-ntts/.git/modules/helight/packed-refs	1084	83B7B8BEA1EEEAE5016BB7E510DCE4900CF72B18F8E32CF84E7C763F76987A8E	Git internal metadata	vcs_metadata
pqmx-mve-ntts/.git/modules/helight/refs/remotes/origin/HEAD	30	2BB6A24AA0FC6C484100F5D51A29BBAD841CD2C755F5D93FAA204E5DBB4EB2B4	Git internal metadata	vcs_metadata
pqmx-mve-ntts/.git/objects/pack/pack-ef11215fe2e9c691bf0088d8ab516bc8c54d81d8.idx	18236	60703CCFE3A0672CF2AAA0D157A0DE070A474F4C9351C712551DFB3CBC3B2834	Git internal metadata	vcs_metadata
pqmx-mve-ntts/.git/objects/pack/pack-ef11215fe2e9c691bf0088d8ab516bc8c54d81d8.pack	1764952	8B2471AFDE609041599E2A815530D08B4C9AD00D600F088ECAC415B3CD1E0BCD	Git internal metadata	vcs_metadata
pqmx-mve-ntts/.git/objects/pack/pack-ef11215fe2e9c691bf0088d8ab516bc8c54d81d8.rev	2504	C3E0977BAC8887DD6FC71B5BF9884466C1C2F5197B38F6848DCB703D4534F965	Git internal metadata	vcs_metadata
pqmx-mve-ntts/.git/packed-refs	116	95CB223842ED93B9F7B18F47D932B2ED2F6278F0482AD629E25E83A61DFC61BE	Git internal metadata	vcs_metadata
pqmx-mve-ntts/.git/refs/heads/mve-ntts	41	443528B5A5A1CF3772032F20881490B5BABE9F86D398166C609B1CBE7BFB8D32	Git internal metadata	vcs_metadata
pqmx-mve-ntts/.git/shallow	41	443528B5A5A1CF3772032F20881490B5BABE9F86D398166C609B1CBE7BFB8D32	Git internal metadata	vcs_metadata
pqmx-mve-ntts/slothy/.git	32	55EA1CB681A10BE96FDC3F1633091131F48EA86891796E67CCF66EAD9CBCCD99	Git internal metadata	vcs_metadata
pqmx-upstream/.git/config	429	7BFB782D3B310AC5B23171AC51486F5B69E41AA6D99E7AE8C532A1E9308849C8	Git internal metadata	vcs_metadata
pqmx-upstream/.git/description	73	85AB6C163D43A17EA9CF7788308BCA1466F1B0A8D1CC92E26E9BF63DA4062AEE	Git internal metadata	vcs_metadata
pqmx-upstream/.git/HEAD	21	28D25BF82AF4C0E2B72F50959B2BEB859E3E60B9630A5E8C603DAD4DDB2B6E80	Git internal metadata	vcs_metadata
pqmx-upstream/.git/hooks/applypatch-msg.sample	478	0223497A0B8B033AA58A3A521B8629869386CF7AB0E2F101963D328AA62193F7	Git internal metadata	vcs_metadata
pqmx-upstream/.git/hooks/commit-msg.sample	1972	EFC1401B0E99D1FF51494D154D98B46C1E99059BCD8BF9F73CECDE19FD3EB23B	Git internal metadata	vcs_metadata
pqmx-upstream/.git/hooks/fsmonitor-watchman.sample	4611	9159720099AD5595B8E66645CBFD47763C1E920F46E0B50AE75E642BBEC57EF0	Git internal metadata	vcs_metadata
pqmx-upstream/.git/hooks/post-update.sample	189	81765AF2DAEF323061DCBC5E61FC16481CB74B3BAC9AD8A174B186523586F6C5	Git internal metadata	vcs_metadata
pqmx-upstream/.git/hooks/pre-applypatch.sample	424	E15C5B469EA3E0A695BEA6F2C82BCF8E62821074939DDD85B77E0007FF165475	Git internal metadata	vcs_metadata
pqmx-upstream/.git/hooks/pre-commit.sample	1649	57185B7B9F05239D7AB52DB045F5B89EB31348D7B2177EAB214F5EB872E1971B	Git internal metadata	vcs_metadata
pqmx-upstream/.git/hooks/pre-merge-commit.sample	416	D3825A70337940EBBD0A5C072984E13245920CDF8898BD225C8D27A6DFC9CB53	Git internal metadata	vcs_metadata
pqmx-upstream/.git/hooks/pre-push.sample	1374	ECCE9C7E04D3F5DD9D8ADA81753DD1D549A9634B26770042B58DDA00217D086A	Git internal metadata	vcs_metadata
pqmx-upstream/.git/hooks/pre-rebase.sample	4898	4FEBCE867790052338076F4E66CC47EFB14879D18097D1D61C8261859EAAA7B3	Git internal metadata	vcs_metadata
pqmx-upstream/.git/hooks/pre-receive.sample	544	A4C3D2B9C7BB3FD8D1441C31BD4EE71A595D66B44FCF49DDB310252320169989	Git internal metadata	vcs_metadata
pqmx-upstream/.git/hooks/prepare-commit-msg.sample	1492	E9DDCAA4189FDDD25ED97FC8C789ECA7B6CA16390B2392AE3276F0C8E1AA4619	Git internal metadata	vcs_metadata
pqmx-upstream/.git/hooks/push-to-checkout.sample	2783	A53D0741798B287C6DD7AFA64AEE473F305E65D3F49463BB9D7408EC3B12BF5F	Git internal metadata	vcs_metadata
pqmx-upstream/.git/hooks/sendemail-validate.sample	2308	44EBFC923DC5466BC009602F0ECF067B9C65459ABFE8868DDC49B78E6CED7A92	Git internal metadata	vcs_metadata
pqmx-upstream/.git/hooks/update.sample	3650	8D5F2FA83E103CF08B57EAA67521DF9194F45CBDBCB37DA52AD586097A14D106	Git internal metadata	vcs_metadata
pqmx-upstream/.git/index	62689	ECD2427F00263E04C4220F13B7BCC4AC801EE2E7D390034BA2CB04B13F1447EF	Git internal metadata	vcs_metadata
pqmx-upstream/.git/info/exclude	240	6671FE83B7A07C8932EE89164D1F2793B2318058EB8B98DC5C06EE0A5A3B0EC1	Git internal metadata	vcs_metadata
pqmx-upstream/.git/logs/HEAD	185	077C4D79C775B81C8AB533635045FA7AB8B39178E24FD30F27AC7E48E87F11F8	Git internal metadata	vcs_metadata
pqmx-upstream/.git/logs/refs/heads/main	185	077C4D79C775B81C8AB533635045FA7AB8B39178E24FD30F27AC7E48E87F11F8	Git internal metadata	vcs_metadata
pqmx-upstream/.git/logs/refs/remotes/origin/HEAD	185	077C4D79C775B81C8AB533635045FA7AB8B39178E24FD30F27AC7E48E87F11F8	Git internal metadata	vcs_metadata
pqmx-upstream/.git/modules/helight/config	335	66B43A1EBD73F2E3D02AFD48749F3C9C1EF736FC96C4AA633621246A6642E508	Git internal metadata	vcs_metadata
pqmx-upstream/.git/modules/helight/description	73	85AB6C163D43A17EA9CF7788308BCA1466F1B0A8D1CC92E26E9BF63DA4062AEE	Git internal metadata	vcs_metadata
pqmx-upstream/.git/modules/helight/FETCH_HEAD	131	7D89E4D50D5D564525E3691AF3F0AEF204F959BF96DE8944B31926826CC57AB7	Git internal metadata	vcs_metadata
pqmx-upstream/.git/modules/helight/HEAD	41	B5E292F28FD6B72B358ED21EA87B2E781BA465CF70278D524DC96087AE61F1C8	Git internal metadata	vcs_metadata
pqmx-upstream/.git/modules/helight/hooks/applypatch-msg.sample	478	0223497A0B8B033AA58A3A521B8629869386CF7AB0E2F101963D328AA62193F7	Git internal metadata	vcs_metadata
pqmx-upstream/.git/modules/helight/hooks/commit-msg.sample	1972	EFC1401B0E99D1FF51494D154D98B46C1E99059BCD8BF9F73CECDE19FD3EB23B	Git internal metadata	vcs_metadata
pqmx-upstream/.git/modules/helight/hooks/fsmonitor-watchman.sample	4611	9159720099AD5595B8E66645CBFD47763C1E920F46E0B50AE75E642BBEC57EF0	Git internal metadata	vcs_metadata
pqmx-upstream/.git/modules/helight/hooks/post-update.sample	189	81765AF2DAEF323061DCBC5E61FC16481CB74B3BAC9AD8A174B186523586F6C5	Git internal metadata	vcs_metadata
pqmx-upstream/.git/modules/helight/hooks/pre-applypatch.sample	424	E15C5B469EA3E0A695BEA6F2C82BCF8E62821074939DDD85B77E0007FF165475	Git internal metadata	vcs_metadata
pqmx-upstream/.git/modules/helight/hooks/pre-commit.sample	1649	57185B7B9F05239D7AB52DB045F5B89EB31348D7B2177EAB214F5EB872E1971B	Git internal metadata	vcs_metadata
pqmx-upstream/.git/modules/helight/hooks/pre-merge-commit.sample	416	D3825A70337940EBBD0A5C072984E13245920CDF8898BD225C8D27A6DFC9CB53	Git internal metadata	vcs_metadata
pqmx-upstream/.git/modules/helight/hooks/pre-push.sample	1374	ECCE9C7E04D3F5DD9D8ADA81753DD1D549A9634B26770042B58DDA00217D086A	Git internal metadata	vcs_metadata
pqmx-upstream/.git/modules/helight/hooks/pre-rebase.sample	4898	4FEBCE867790052338076F4E66CC47EFB14879D18097D1D61C8261859EAAA7B3	Git internal metadata	vcs_metadata
pqmx-upstream/.git/modules/helight/hooks/pre-receive.sample	544	A4C3D2B9C7BB3FD8D1441C31BD4EE71A595D66B44FCF49DDB310252320169989	Git internal metadata	vcs_metadata
pqmx-upstream/.git/modules/helight/hooks/prepare-commit-msg.sample	1492	E9DDCAA4189FDDD25ED97FC8C789ECA7B6CA16390B2392AE3276F0C8E1AA4619	Git internal metadata	vcs_metadata
pqmx-upstream/.git/modules/helight/hooks/push-to-checkout.sample	2783	A53D0741798B287C6DD7AFA64AEE473F305E65D3F49463BB9D7408EC3B12BF5F	Git internal metadata	vcs_metadata
pqmx-upstream/.git/modules/helight/hooks/sendemail-validate.sample	2308	44EBFC923DC5466BC009602F0ECF067B9C65459ABFE8868DDC49B78E6CED7A92	Git internal metadata	vcs_metadata
pqmx-upstream/.git/modules/helight/hooks/update.sample	3650	8D5F2FA83E103CF08B57EAA67521DF9194F45CBDBCB37DA52AD586097A14D106	Git internal metadata	vcs_metadata
pqmx-upstream/.git/modules/helight/index	81433	CC45B9C45418AEA47ECAC29FA53E049A77A1BD8C41F29909E0C022E62AE83BAF	Git internal metadata	vcs_metadata
pqmx-upstream/.git/modules/helight/info/exclude	240	6671FE83B7A07C8932EE89164D1F2793B2318058EB8B98DC5C06EE0A5A3B0EC1	Git internal metadata	vcs_metadata
pqmx-upstream/.git/modules/helight/logs/HEAD	382	8380350F7F983550C189DF72BE8106C592E73981DE84B979B2ED86C9618746F9	Git internal metadata	vcs_metadata
pqmx-upstream/.git/modules/helight/logs/refs/heads/main	183	C0FB2E3545D26E8435AA2E2B70CBF101273E33C7444EC95DC2F67DB87F66E3E6	Git internal metadata	vcs_metadata
pqmx-upstream/.git/modules/helight/logs/refs/remotes/origin/HEAD	183	C0FB2E3545D26E8435AA2E2B70CBF101273E33C7444EC95DC2F67DB87F66E3E6	Git internal metadata	vcs_metadata
pqmx-upstream/.git/modules/helight/objects/02/4625e5f57ccf0bee7c97a4f68ea24783aa7257	767	84009FDCF74FD68FCAE36A4C46CE3BCC4C95BA0F085D9D5AAE9D266D6A702945	Git internal metadata	vcs_metadata
pqmx-upstream/.git/modules/helight/objects/06/a668c1b9d76612009bc457a1f91c762a924dbb	172	0DB017C8B2B715897710A25464613115E6EFD17CB2E59E6F5E4C0D03BD2FD0D6	Git internal metadata	vcs_metadata
pqmx-upstream/.git/modules/helight/objects/18/6dd22a178d87ffef56d264e2ed947e3e271afe	13409	3239DED1467A2E65BE50E66E90A4F51D306B1B132F0CB1CB7C6B9E58552DFAA4	Git internal metadata	vcs_metadata
pqmx-upstream/.git/modules/helight/objects/26/4125042c444389cd978cf794fea5cc65827443	1751	72635A53C46BFEBF8C26A7B523C03E79CFF75674021D79F457F5DD464C32DF69	Git internal metadata	vcs_metadata
pqmx-upstream/.git/modules/helight/objects/49/12a3365ee4b6101cfb9995cf042a8c683744b9	633	B93CFF422A70722083B3728051C9DEC222EE07F7F46FBD6A1D55A2D6220CF610	Git internal metadata	vcs_metadata
pqmx-upstream/.git/modules/helight/objects/4c/7aacb9573835574288446dc0903edc056266c4	323	A59EAA2F41596C2BFE60076DA63C9E098791DAFF9DB8E49D7318FB1219607761	Git internal metadata	vcs_metadata
pqmx-upstream/.git/modules/helight/objects/55/983e6760e98aece5359055085a7def96c688b7	913	D7445DE96BDD22D8BF03DFEFE9BDEEC73F92CC7861AF242148831A254354671B	Git internal metadata	vcs_metadata
pqmx-upstream/.git/modules/helight/objects/60/661aca0d6ec0ced1dc6f0467bd172eac36f061	275	738C783A157AC653E31AED0CF64EC1759C818A3A2720F7D903157FF2B0778195	Git internal metadata	vcs_metadata
pqmx-upstream/.git/modules/helight/objects/67/0c1cfd8f1c52cb17cf569d48cfce1385480c41	23985	195E0E68C529D557F4BE05938B9FDC9A3B4A25351F59934548C0CE4929401435	Git internal metadata	vcs_metadata
pqmx-upstream/.git/modules/helight/objects/6c/5d54b9d336de69dc367f39f116f36fca8f44a6	123	AB738E235068524F7E0D054BA2BD60D4B5A3DE3A14584D6C324E59BA211491F9	Git internal metadata	vcs_metadata
pqmx-upstream/.git/modules/helight/objects/80/31707ad87b672b6b0ba85846b92658eb3afb18	127	B065D72AB939CB40099594E61151962E0A5EDC1B449C2A72422EEC023A550409	Git internal metadata	vcs_metadata
pqmx-upstream/.git/modules/helight/objects/81/62460f7a4e41cd2d1ed784d03727cee3e3d6f8	213	BB918DB63F2C94D32E97665F1B8F4C2A3E47E38FF05F9678605376CB824F457A	Git internal metadata	vcs_metadata
pqmx-upstream/.git/modules/helight/objects/8a/c154073af8a6e9b28f47426330be50fbcb7629	5138	D7EA2FC45DB9C54E79DA5DB55BDF5549926FBE4F2B2693CED345D904ABE79E7B	Git internal metadata	vcs_metadata
pqmx-upstream/.git/modules/helight/objects/a3/bcb062e8a366cece3a02bf47bde4ecba42b9ec	293	038BFEB0894B2E29CCB20BB1411AFCF84CF9685E1F6F6E39926DB05B599DA7D0	Git internal metadata	vcs_metadata
pqmx-upstream/.git/modules/helight/objects/a6/11d25d9059d8e67c3143f150230cf2135d92e0	235	61D28C239EB013410FB4A4DA3E4C979AE8DA28EEFF62B50C65C7F406D5D19680	Git internal metadata	vcs_metadata
pqmx-upstream/.git/modules/helight/objects/a8/6b84d41f97e1d2eda2f79584137a51a3376afb	1436	EA526D1B964888A9E96714B74ED30E9EFA0704E28B113D6E4B86397BF0681B14	Git internal metadata	vcs_metadata
pqmx-upstream/.git/modules/helight/objects/aa/2cb5cea898c4f0c03064359e91242856d59691	134	D38477270CDDCF0CDBE6D8AE3F722DF675C63E59BB2F54691C7DC7279B899817	Git internal metadata	vcs_metadata
pqmx-upstream/.git/modules/helight/objects/b2/cf68d5822a739db8cc06d54b960798dfcd883f	13731	7BA109927019B5207E07C41AAFDCD73EBBB5BC2A9582C8330654EC7D47425896	Git internal metadata	vcs_metadata
pqmx-upstream/.git/modules/helight/objects/c2/b42c0c20e4de014cdd6efc397527ba22a12109	1745	41D8623ECE4534BEA5E33558AC023354327D749839FB8D99F121C35E91F5FF59	Git internal metadata	vcs_metadata
pqmx-upstream/.git/modules/helight/objects/d7/d503b98cc162dc1ff74f11e2412066ed177489	5441	C92192D45BCF1CA597DC3D3CC0FF6EDBB29E1DB74D3B26E9836CD7950F98D7CE	Git internal metadata	vcs_metadata
pqmx-upstream/.git/modules/helight/objects/df/57f7d46b480b58eef504c2fc1ad6afd25cbfdd	176	8A9356CDEA7B7F5EC2B3CF07FE9A4B23042CF447912B74618EBBED96EA3AE042	Git internal metadata	vcs_metadata
pqmx-upstream/.git/modules/helight/objects/ef/8fd625c69bd55f514c1f6a566792d82d983599	315	9D5FE2C2F89A7A79AC52284A7ADC5454730E76C793373C0F4DE4E8E363849BE9	Git internal metadata	vcs_metadata
pqmx-upstream/.git/modules/helight/objects/ef/aea4b3afe6b29cce6452d59e8e479fd1ca208f	199	679F814EF40CA785C1FB8A2971652BC5223A072EDD01DF61771D0F0CD04702E5	Git internal metadata	vcs_metadata
pqmx-upstream/.git/modules/helight/objects/f2/c6552bd69205c98719be19b207c3678d9813e4	868	E20CE48E27972BEB241FB49ED200E6C46C2204165BAA60E805B46B049C8C0DEE	Git internal metadata	vcs_metadata
pqmx-upstream/.git/modules/helight/objects/pack/pack-e5a2f7ede250231e4045502da7d873f735d95d61.idx	20616	61F5BB4829A39BCD6FC87141A3F9C5A2D98DD0DA6D786E0BD6CDC1F0914C565D	Git internal metadata	vcs_metadata
pqmx-upstream/.git/modules/helight/objects/pack/pack-e5a2f7ede250231e4045502da7d873f735d95d61.pack	7164041	0AC586A29E339E9E293C1BAE7B7CB1E35661352231D9D0AD249C4DAA50938B8C	Git internal metadata	vcs_metadata
pqmx-upstream/.git/modules/helight/objects/pack/pack-e5a2f7ede250231e4045502da7d873f735d95d61.rev	2844	BD3F879B1116ED434050D2E955FA44EE4CEA440D156FFE815D90E43949DF607F	Git internal metadata	vcs_metadata
pqmx-upstream/.git/modules/helight/packed-refs	112	F87152F9F26D9AEF581A180AF1C6E491A76C3A78B888C539E402D4DE5635D20B	Git internal metadata	vcs_metadata
pqmx-upstream/.git/modules/helight/refs/heads/main	41	21AF8FAAD286AC83D176021CC897B2567B124D4769966E6FDD712D6A9943D630	Git internal metadata	vcs_metadata
pqmx-upstream/.git/modules/helight/refs/remotes/origin/HEAD	30	2BB6A24AA0FC6C484100F5D51A29BBAD841CD2C755F5D93FAA204E5DBB4EB2B4	Git internal metadata	vcs_metadata
pqmx-upstream/.git/modules/helight/shallow	82	5530D31EE595521C186BC4A41C4DD614A829CD7553506F6800E7CB3EE1180B6E	Git internal metadata	vcs_metadata
pqmx-upstream/.git/objects/pack/pack-382c702ffbb02f7011182762c50189bc3ae17952.idx	18852	751F837DC023F377B64A9D9B9AB3EB47222CB7B10585133084B5A8634248B86B	Git internal metadata	vcs_metadata
pqmx-upstream/.git/objects/pack/pack-382c702ffbb02f7011182762c50189bc3ae17952.pack	1774635	6393855C63B44C049B3BF20C2CBB7AFE86D283D5150C7A39A18B93DCD403FE8D	Git internal metadata	vcs_metadata
pqmx-upstream/.git/objects/pack/pack-382c702ffbb02f7011182762c50189bc3ae17952.rev	2592	56DEE79EF27F46D12DCCD0C0636B72B47A5FDA1734E3F3E7114358CAF2486A70	Git internal metadata	vcs_metadata
pqmx-upstream/.git/packed-refs	112	2115972BC4D86D71B515ED568D80FE8A80725067B496115B277BEF027CD65718	Git internal metadata	vcs_metadata
pqmx-upstream/.git/refs/heads/main	41	45732DBAC66CBAF526E914FB262C96CAAB7C5E0F45262156EE21E976705DBF6D	Git internal metadata	vcs_metadata
pqmx-upstream/.git/refs/remotes/origin/HEAD	30	2BB6A24AA0FC6C484100F5D51A29BBAD841CD2C755F5D93FAA204E5DBB4EB2B4	Git internal metadata	vcs_metadata
pqmx-upstream/.git/shallow	41	45732DBAC66CBAF526E914FB262C96CAAB7C5E0F45262156EE21E976705DBF6D	Git internal metadata	vcs_metadata
pqmx-upstream/slothy/.git	32	55EA1CB681A10BE96FDC3F1633091131F48EA86891796E67CCF66EAD9CBCCD99	Git internal metadata	vcs_metadata
slothy-2stream/__pycache__/gen_exp_u.cpython-314.pyc	11277	196E61946142E9439FB27D763DAC903FDDE363BA26D77E57B95164341EB0EEF4	rebuildable Python cache	runtime_cache
slothy-2stream/__pycache__/mve_keccak.cpython-314.pyc	23709	EA32C4C677E5555D15650B354FDC8613A4168CD81F8BE1C1EF850AB472856813	rebuildable Python cache	runtime_cache
